person_id,degree,degree_centrality,betweenness,closeness,eigenvector,clustering_coef,core_number,load_centrality,betweenness_norm,ego_density,ego_nodes,participation_coef,cross_community_edges,within_module_z,incident_count,crime_diversity,avg_severity,coordinator_interactions,broker_interactions,enabler_interactions,peripheral_interactions,emb_0,emb_1,emb_2,emb_3,emb_4,emb_5,emb_6,emb_7,emb_8,emb_9,emb_10,emb_11,emb_12,emb_13,emb_14,emb_15,emb_16,emb_17,emb_18,emb_19,emb_20,emb_21,emb_22,emb_23,emb_24,emb_25,emb_26,emb_27,emb_28,emb_29,emb_30,emb_31,emb_32,emb_33,emb_34,emb_35,emb_36,emb_37,emb_38,emb_39,emb_40,emb_41,emb_42,emb_43,emb_44,emb_45,emb_46,emb_47,emb_48,emb_49,emb_50,emb_51,emb_52,emb_53,emb_54,emb_55,emb_56,emb_57,emb_58,emb_59,emb_60,emb_61,emb_62,emb_63,emb_64,emb_65,emb_66,emb_67,emb_68,emb_69,emb_70,emb_71,emb_72,emb_73,emb_74,emb_75,emb_76,emb_77,emb_78,emb_79,emb_80,emb_81,emb_82,emb_83,emb_84,emb_85,emb_86,emb_87,emb_88,emb_89,emb_90,emb_91,emb_92,emb_93,emb_94,emb_95,emb_96,emb_97,emb_98,emb_99,emb_100,emb_101,emb_102,emb_103,emb_104,emb_105,emb_106,emb_107,emb_108,emb_109,emb_110,emb_111,emb_112,emb_113,emb_114,emb_115,emb_116,emb_117,emb_118,emb_119,emb_120,emb_121,emb_122,emb_123,emb_124,emb_125,emb_126,emb_127,is_bridge,incident_bridges,constraint,predicted_role,mo_importance_score
0,2,0.005012531328320802,7.123852667359677e-05,0.21243429043504772,0.0067323666901087115,0.0,2,6.940858567412389e-05,5.656410256410257,0.6666666666666666,3,0.0,0,-0.5962694212601098,9,7,2.5555555555555554,0,4,2,3,-0.26282766,0.36899433,0.0336386,0.6050718,0.1316345,0.29086295,-0.2600903,0.0065333056,-0.3400206,-0.14408927,0.0878612,0.09522325,-0.16832547,-0.030307522,0.29841572,0.39298254,-0.7335484,-0.24652392,0.26552573,0.21326622,-0.08200519,0.34295487,-0.22224474,-0.014660979,0.2388691,-0.11540288,0.2114333,-0.4783445,-0.44616908,-0.2702117,-0.01649056,0.12383663,0.1814495,0.18156023,-0.45957625,0.34472606,0.16856326,0.0674106,0.09279878,0.43747318,-0.042882256,0.28186986,-0.33750838,-0.01673823,0.27321896,0.10289951,-0.049642883,0.33933032,0.02258427,-0.25228754,0.3371178,0.19098915,0.0005133759,0.14439723,0.07675895,0.32077646,-0.0017287551,-0.29302981,-0.60085243,0.23148967,-0.23233823,-0.10136018,0.29021174,0.4475946,-0.16390419,-0.012767935,-0.06348088,0.17857447,-0.22932346,-0.15915969,-0.263499,-0.5202307,-0.11102551,-0.14011483,-0.31506,-0.23301835,0.13712037,-0.085719,-0.06089133,0.2698369,-0.27999103,-0.18551113,-0.32153952,0.3062473,0.07373565,0.26213345,-0.19615993,0.43623623,0.31653172,-0.29084188,0.056569792,0.1710879,0.07983488,0.082745075,0.31001666,0.20467646,-0.46544132,0.07988393,-0.2336295,-0.107553214,0.011111132,0.26605812,0.5133007,-0.15174404,-0.021474719,-0.35522836,0.48427793,0.21112207,-0.06476609,-0.32205254,-0.088618405,-0.10642253,0.18072551,-0.09635093,0.073421136,-0.07605227,-0.2244662,-0.13816564,-0.213784,-0.04570902,-0.2376166,-0.19048233,0.008329597,0.30442968,-0.1245843,-0.21522379,0.0019355926,-0.16834067,0,0,0,Peripheral,0.011069866653629993
1,15,0.03759398496240601,0.01402420480889714,0.28668316864535565,0.12505564493373622,0.06666666666666667,10,0.01109830066309983,1113.535886031242,0.18333333333333332,16,0.12888888888888883,1,0.9977774737669175,15,7,3.066666666666667,5,9,1,0,-0.024446577,0.13055563,-0.12634252,0.32837284,0.25243893,0.056010984,-0.1525026,-0.08128997,-0.058741093,0.26282233,0.09485472,-0.02254316,-0.106784776,-0.09493055,0.45499948,0.16007993,-0.27007797,0.06829812,0.22081593,0.16961904,0.097675815,-0.072806835,0.072751775,-0.047960736,-0.35866374,0.1573502,0.15003626,-0.32873848,-0.25442627,-0.06516477,-0.014940141,-0.07534586,-0.23877257,0.14300106,-0.13193329,0.2082187,0.25529805,0.14536412,0.054688606,0.24627633,-0.026740743,0.18860959,-0.2418458,-0.23001108,-0.06099254,-0.09774178,0.006416293,0.15560594,-0.05332101,-0.13002685,0.092099525,-0.1377172,0.05172884,0.17012277,-0.02935527,0.04007857,0.054980077,-0.034227464,-0.14286818,0.22278102,-0.2078551,0.038220823,0.20714757,0.30402088,-0.011008549,0.008401131,0.04378887,0.0552074,0.11173648,-0.20814298,-0.05057711,-0.19583577,-0.07057249,0.13455032,-0.10419908,-0.21039917,-0.09228246,-0.025370065,-0.0751924,-0.098783955,0.049075905,0.06173511,0.028997274,-0.03495806,0.1944873,-0.14319295,0.10033647,-0.019815693,0.23927818,-0.027580587,0.11675696,0.088279516,0.2596967,-0.04527107,0.1079524,0.041924506,-0.23289356,0.061280526,-0.14093745,-0.22652414,-0.09772907,0.11632762,-0.18315615,-0.023095459,-0.13684057,-0.12269072,0.2543605,0.07386463,0.33108273,-0.14595361,0.13392451,-0.15049286,0.08662861,-0.061875008,0.047918197,-0.116795614,-0.2800471,0.08509111,-0.032029625,-0.12127459,-0.026958736,0.0047867275,-0.0068096877,0.021712705,-0.13964091,0.12467762,-0.12623739,-0.05579547,0,0,0,Broker,1.0
2,26,0.06516290726817042,0.03075308356616295,0.31938252711424575,0.1674009242443859,0.018461538461538463,10,0.032090259957706785,2441.8255882369044,0.09116809116809117,27,0.2174556213017752,3,2.193312645037188,15,4,2.6666666666666665,15,0,0,0,0.10944969,0.09372955,0.011334196,0.36363563,0.087536365,0.16451608,-0.10843525,-0.023072427,-0.051617417,0.18941693,0.17910022,0.05071696,-0.024945272,-0.31673217,0.24874014,0.14899434,-0.0868536,0.032399908,0.11461624,0.15483199,-0.0100783715,-0.13594997,-0.12637316,0.17682739,-0.044514094,0.0511558,-0.20680329,-0.1438489,-0.057571847,-0.106779456,0.18281434,-0.001585397,-0.16850074,0.118760385,-0.17646527,0.27791795,0.12522732,-0.09802624,0.25085598,0.12879683,-0.005716528,0.29665875,-0.15591998,-0.14175414,0.116492644,0.0127714,0.0558159,-0.039252453,-0.0774271,-0.100959525,0.10893144,-0.12350393,-0.15486844,0.14221573,0.0041673365,0.1377722,-0.11457933,-0.12206078,-0.2669154,0.20703226,-0.07876143,0.010710464,0.26642895,0.13646014,-0.013753172,-0.013156746,0.17349343,0.18597089,-0.02166404,-0.09979158,-0.035616707,-0.23498426,-0.07537613,0.104464024,0.039303523,-0.28408843,-0.019349493,-0.014357324,0.088187195,0.014211951,-0.12829396,-0.22473702,-0.05706073,0.01579118,0.06951551,0.16864035,0.11014727,0.03355617,0.0574381,-0.023176664,-0.034637213,-0.012598067,-0.10885118,0.0013542422,0.15635714,-0.016294459,-0.031269528,0.2988296,0.16545776,-0.3319359,0.052666605,0.017947622,-0.26713952,0.08410481,-0.2132175,0.0366589,0.07190946,0.038320675,0.21526434,-0.25980473,0.16800171,-0.11326041,-0.023718074,-0.25461224,0.0589763,0.013093402,-0.120215625,-0.10809887,0.21074192,-0.07584803,-0.40548715,-0.04392302,0.09807034,-0.052991387,-0.26449445,-0.023473319,0.015154064,-0.0913138,0,0,0,Coordinator,1.0
3,29,0.07268170426065163,0.049790244227341095,0.31504561597981373,0.19473504100797628,0.03940886699507389,10,0.04162209894292564,3953.3951818951105,0.10344827586206896,30,0.3151010701545779,5,2.32614988628944,18,7,3.111111111111111,14,4,0,0,-0.061598837,0.18119487,-0.17792618,0.20809534,0.19559269,0.10399662,-0.06321054,-0.046245817,-0.05472482,0.25354472,0.10753197,-0.017381866,0.069325075,-0.19957364,0.12276706,0.11664288,-0.11700772,-0.045754556,-0.002308853,0.19187011,0.098074414,-0.056203373,0.122623675,-0.05863639,-0.44966176,0.018399645,-0.12412864,-0.12757102,-0.14547028,-0.1074282,0.17973925,-0.026146647,-0.22618967,0.008485398,-0.17334445,0.29873306,0.08064377,0.016044589,0.22986986,0.21353553,-0.00543684,0.05052607,-0.119449355,-0.17824566,-0.017744565,0.120511964,-0.1402239,-0.038332183,0.07347918,-0.10723309,0.07302606,-0.045047887,0.030912798,-0.07395896,-0.03665947,0.078748934,-0.084286146,0.118955016,-0.05919087,0.24558909,-0.20087697,-0.10077588,0.20010135,0.29318076,0.023193412,0.19575055,-0.031070799,0.08479968,-0.06286189,-0.07136672,-0.024821742,-0.12264047,-0.030441351,-0.01973607,-0.033835057,-0.13209356,-0.05135057,0.03681448,0.23674095,-0.075174734,-0.007914835,-0.1981317,-0.07516576,0.08118246,-0.007290194,0.06268534,0.12508713,-0.21077794,0.12227449,-0.09978541,0.087159164,0.06799659,0.21182725,0.06847597,-0.058134742,0.018142056,-0.07578056,-0.05142747,-0.07344081,-0.36150312,-0.02461808,0.050589245,-0.028046379,0.13140634,-0.09576408,-0.19107111,0.007998101,0.10126869,0.16584274,-0.18539739,-0.02778853,0.15012673,0.10176677,-0.1811001,0.13765752,-0.001332591,-0.20060714,0.090873,0.016136216,-0.0429624,-0.1476564,-0.15525271,0.019712795,-0.043415442,-0.23826739,-0.056877583,0.07900575,-0.04388922,0,0,0,Peripheral,0.14412653511982976
4,8,0.020050125313283207,0.003435359666728272,0.26689566974132123,0.04689455290242556,0.21428571428571427,5,0.0067114024138801446,272.7709928978915,0.3888888888888889,9,0.0,0,0.20075402625340386,16,10,2.0,2,5,6,3,-0.3286831,-0.036151484,-0.03887063,0.34544736,0.20935509,0.054527946,-0.57515347,-0.04652501,0.027942434,0.22509438,0.0021649962,-0.23992339,-0.14807844,-0.057783592,0.05426865,-0.15195659,-0.21274039,-0.042601243,0.07657734,0.44961149,0.09157875,0.2012208,-0.058098793,0.08586975,-0.23715645,-0.15499559,-0.22940584,-0.35601643,-0.00751967,-0.038121603,0.03317563,0.09221911,-0.018215789,0.36728385,-0.078421906,0.02730066,0.15388377,0.06901559,0.093420036,0.30979252,0.03326558,0.3384587,-0.23423065,0.026733855,0.09387601,0.08415338,0.0649943,0.1916264,-0.10086015,-0.07908434,0.34663394,-0.4234842,0.05827735,-0.2682624,0.005839951,0.36803403,-0.17694218,0.073962905,-0.47707662,0.19433475,-0.16387676,-0.05983325,-0.16669163,0.533042,-0.056044046,0.10346461,0.051832523,0.15632409,0.11367901,-0.1668061,0.06770647,-0.22471629,-0.17066412,-0.055108085,0.22361758,-0.19578512,-0.0138950115,-0.0027412246,0.23301917,-0.046266288,0.1551795,-0.3493399,0.3093257,0.16783065,0.3370325,-0.08778173,-0.23708862,0.06444399,0.15355864,0.09642913,0.036567856,0.3295677,0.03730287,-0.14383987,0.21166666,-0.085638754,0.038106237,0.07583669,0.27306968,-0.09982926,0.08181575,0.041036014,-0.24468449,0.028886648,-0.072701305,0.01706014,0.11494534,-0.044089604,0.42082718,-0.06246079,0.13307385,-0.049624756,0.14356144,-0.35275862,0.09063901,0.044500187,-0.085253075,-0.19191912,0.40072614,-0.039788734,-0.316735,-0.13826314,0.17888553,0.19813861,-0.17569755,0.011545799,0.11346922,-0.17473802,0,0,0,Peripheral,0.038811551106003
5,3,0.007518796992481203,0.002612057782647574,0.20544720434863248,0.004132674798742049,0.0,2,0.004729159582373018,207.40000000000003,0.5,4,0.0,0,-0.4634321800078576,10,5,1.5,0,2,1,7,0.15162309,0.17177616,-0.20478027,0.35179073,-0.080083415,0.118657954,-0.06251746,-0.16055183,0.27338168,0.29580387,-0.2339668,-0.13553809,-0.016499547,-0.08124871,0.43275604,0.25031477,-0.870266,0.045201574,0.15777032,0.5794202,-0.11079831,0.0560512,-0.04135863,-0.08302665,0.07328497,-0.035215676,0.14326642,-0.17641933,0.21755555,-0.3217737,0.41134933,-0.23783356,-0.11425241,-0.063346624,0.0826201,-0.005834227,0.3224137,-0.105672866,0.48780987,0.15822229,-0.18710618,0.14458789,0.14202532,-0.4574183,0.1745643,-0.26896083,0.17904751,-0.25210118,-0.23482272,0.3402954,0.051227648,-0.30472386,-0.1008373,-0.15273806,0.08581485,0.2702507,-0.1414326,0.29625675,-0.635964,0.12784784,-0.22743358,0.15689994,-0.19590096,0.10015847,0.099665426,0.16644552,0.16905831,0.2621245,0.03213223,-0.022992846,-0.16902609,-0.59589756,0.10900273,-0.114551514,0.2916254,0.1134024,-0.26792243,0.037645075,0.25580826,-0.040540814,-0.04232707,-0.19787377,-0.39167854,0.17294075,-0.032866973,-0.19596559,0.26836687,0.24996983,0.59959525,0.19777022,0.29165646,0.1784488,0.31001833,-0.3363542,-0.047615964,0.22144541,0.15607171,0.021527251,-0.2977545,-0.30623156,-0.23260832,0.04083125,-0.38568044,-0.19307576,0.45504668,0.05455636,-0.24139039,0.29175994,0.5612009,-0.17946588,-0.16546261,-0.21823327,0.3818264,-0.24356525,0.41839072,0.24091525,-0.41277412,-0.34773126,0.47472778,0.14821962,-0.32950383,0.30235773,0.6333985,0.04129686,-0.26532564,0.09165511,0.18255381,0.14291888,1,1,0,Peripheral,0.02567403415797771
6,1,0.002506265664160401,0.0,0.1997613961102017,0.0028459276729731284,0.0,1,0.0,0.0,1.0,2,0.0,0,-0.7291066625123621,12,7,2.4166666666666665,0,6,4,2,0.003151881,0.17343712,0.3034005,0.2888791,0.04378186,0.128332,-0.20129277,-0.112028904,-0.19118038,-0.00011918119,0.19653147,-0.16936481,0.21205486,0.0067801476,0.17199968,0.23241957,-0.24710022,0.289175,0.051009733,0.101406164,-0.18510057,0.29635155,0.06383858,-0.49789998,-0.5189365,0.113488205,-0.10246362,-0.020997865,-0.3272122,-0.023220247,0.20874883,-0.18623,-0.0693729,0.32428256,0.2499738,-0.16250303,0.2080155,0.07770355,-0.15883946,0.54129803,0.1137779,0.2731498,0.028848644,-0.4353807,0.018819874,0.22073424,-0.2532672,0.11855402,-0.24497382,-0.1424126,0.045511216,-0.10065203,-0.2278616,0.1737561,-0.36942858,0.11784967,0.0075236177,-0.029060213,-0.033448536,0.3271457,-0.10949213,-0.11831841,0.029390518,0.35943872,-0.017673694,0.46526596,0.4496593,-0.17527057,-0.03121709,5.6819546e-05,-0.024741279,-0.36876652,-0.2377442,0.14388017,0.12679538,-0.16088177,-0.1576922,-0.47372463,-0.04157643,-0.37179875,-0.19123444,-0.77396595,-0.19012226,0.20470363,-0.11134584,0.2103519,0.15243064,-0.3015235,0.20637508,-0.23410577,0.29150695,-0.097777046,0.29526743,0.02262278,0.21231459,0.2959083,0.102560006,-0.12556662,0.33390746,-0.8655572,0.39688733,-0.0135086365,0.21078007,0.46076167,0.114585884,-0.56393576,-0.09533047,-0.041551556,0.067808375,-0.3982997,0.16472155,0.17861539,-0.21833387,-0.22896013,0.19097933,0.48565015,-0.45969313,0.39672816,0.10103031,-0.6454025,0.16985196,-0.09499983,0.12014602,0.18785381,-0.33546275,-0.04133157,0.17656597,-0.05770947,1,1,0,Peripheral,0.017944878387809556
7,2,0.005012531328320802,4.905092426405729e-05,0.20888233445349708,0.004989146686003039,0.0,2,0.00010323009624025982,3.8946924374904133,0.6666666666666666,3,0.0,0,-0.5962694212601098,11,7,2.090909090909091,0,3,2,6,-0.34167776,-0.25328952,0.18153413,0.212728,0.28060505,-0.20560156,-0.10952742,-0.15769777,0.17522797,0.098059,0.34288913,0.55655,0.24227682,-0.32115337,0.5571354,0.6813081,-0.16187096,0.2079412,0.1217469,0.25525555,-0.30943686,-0.04167054,0.12296387,0.3704614,0.0067848633,0.21316566,0.028517697,0.031045405,-0.06299104,0.003290892,0.25928134,-0.19872509,0.080332406,0.19814545,-0.38596672,0.07132527,0.1388363,0.285823,8.267182e-05,0.05617614,0.12502177,0.36816865,-0.07378509,-0.50837153,0.22710404,-0.16334487,-0.031378146,0.020518117,-0.31115708,-0.021079268,0.43348905,-0.43304083,-0.02436607,-0.004317387,0.03494511,0.17069644,-0.1273172,-0.4819229,-0.22899532,0.2544408,-0.22091426,0.27327883,0.3035898,0.13277823,-0.33046713,0.12412905,-0.28357014,-0.27645364,0.17983174,-0.093982376,0.2771764,-0.36871293,-0.38263017,0.024789799,-0.029677086,-0.100205146,0.1774665,0.2393466,0.11482326,-0.14994971,0.13254493,-0.01825489,-0.01711023,0.29347214,-0.42316914,0.10840927,0.10179277,0.14996754,0.122992605,-0.23159185,-0.3058444,-0.16306534,0.1333012,0.03787672,0.4959821,-0.044470347,-0.38972905,0.34270576,0.26460955,-0.4872353,-0.143278,-0.48531583,-0.07695723,0.3568717,-0.09264557,0.16120203,0.04083427,-0.035322294,0.55697006,-0.1971792,-0.040817045,-0.40192142,0.08358406,-0.2701494,0.115230195,-0.0005005565,-0.14570439,-0.3018605,0.109299794,-0.3488811,-0.61409765,0.083329685,0.33483395,-0.10029685,-0.2208417,0.29799813,0.12003816,0.028025368,0,0,0,Peripheral,0.010791938495908171
8,0,0.0,0.0,0.0,7.590317288714358e-60,0.0,0,0.0,0.0,0.0,1,0.0,0,0.0,5,5,2.6,0,2,1,2,0.003646575,0.0034739934,-0.003353512,-0.0026614312,0.0045080837,-0.0046468684,0.0032509426,-0.004440006,0.00079680886,-0.0040397774,-0.0047708517,-0.0032694107,0.007762545,0.0013130223,0.0028218506,-0.0052264873,0.005204456,0.0022463826,-0.004034465,0.0019556526,-0.0077923704,0.0017986828,-0.0028255796,-0.0007155016,-0.005949013,6.8196096e-05,0.0076639,0.0047319653,-0.0042970004,0.006388273,-0.005037248,0.007795766,0.0034763068,0.0068071084,0.004178917,-0.0038179234,-0.00278165,-0.0009695357,-0.00023665093,-0.0064254953,-0.0064104227,0.0017718012,-0.0012929142,0.005274087,-0.0054681497,0.0053417003,-0.0065328646,0.0034006545,0.005214175,0.0032289512,0.0075389594,0.007704677,0.0068481145,0.0018861592,0.0072123287,-0.0032656612,-0.0010787137,0.006160929,-0.002091947,0.0037940182,0.004532706,0.0021883454,0.0022140313,-0.0038900273,0.00020972919,-0.0011155996,0.00041672774,0.0021480564,-0.0037583644,-0.0005212752,0.005034459,-0.0011149244,-0.0006174585,-0.0077094072,0.004882914,0.0032527,0.00165495,0.00657411,0.0029766066,0.0055850456,0.00011671055,-0.0063108997,0.0018941732,0.0017721262,-0.000965748,0.0069269976,-0.004931216,0.006072156,-0.0042347107,0.0019324329,-0.003215746,-0.006756262,0.0072749723,0.005073162,-7.1618706e-05,0.0039707012,-0.0025770413,0.005033468,0.0018532807,0.0015274184,-0.0062611625,0.0067020776,0.0025462173,-0.0034432681,0.0057543907,0.0031921687,-0.0077014705,0.002208123,0.0037225634,0.0041737743,0.00244804,-0.005449795,-0.0026692366,-0.004620444,-0.003976116,0.0028979145,0.003339897,0.0014215745,0.006455997,0.0076121567,0.0046744635,-0.0033314507,-0.006545414,-0.00016559567,-0.0016003931,0.002361672,0.0068854215,-0.0072427,0,0,0,Peripheral,0.0
9,14,0.03508771929824561,0.004362241446166525,0.28097926477092383,0.12270311138051365,0.15384615384615385,10,0.0033290599150030925,346.36633306706824,0.26666666666666666,15,0.0,0,0.9977774737669175,11,6,2.5454545454545454,4,7,0,0,-0.1422483,0.08908077,-0.15177885,0.17897011,0.3115316,0.11546199,-0.037338782,-0.017274352,0.09019944,0.19801645,-0.030393936,0.09407882,-0.13792312,-0.11891618,0.45905504,0.1283157,-0.24709138,0.069692604,0.15372805,0.10639687,0.037719198,-0.048268646,0.1406664,0.012262693,-0.33666167,-0.010263904,0.10677759,-0.2317799,0.098314375,-0.20418249,0.14199941,-0.22997929,-0.17882988,0.24112484,-0.11898806,0.16320167,0.20840228,0.095733285,-0.019347765,0.09753828,-0.12331206,0.22980858,-0.22704169,-0.09316077,0.09088315,-0.12359114,-0.054496292,0.022561574,-0.035646867,0.0314313,-0.011667256,-0.0032440529,0.01256023,0.0584654,-0.19947425,0.06646807,0.17727041,-0.27259725,-0.11242066,0.10745827,-0.26972502,0.07324695,0.18742688,0.22276321,0.030938247,0.13754408,-0.012138961,-0.03322226,-0.11159219,-0.24466705,-0.0005547104,-0.23524642,-0.05036166,-0.10191319,0.004075398,-0.32822728,0.11472338,-0.123513795,0.03185643,-0.14487398,0.043412406,-0.26936257,0.04186148,0.004450874,0.05720922,0.009220909,0.03711835,-0.06599792,0.2620959,0.005777289,0.111439794,0.22397363,0.18314679,0.07362551,0.10124901,0.03186809,-0.024198316,0.19152541,0.09083235,-0.23490345,-0.0010134359,-0.09814518,-0.28585425,0.039364103,0.10090546,0.06574234,0.123234555,-0.17540085,0.08397007,-0.1763509,-0.0399415,0.0009814962,0.07252028,-0.20750672,0.07907349,0.08007035,-0.1624676,0.056171097,0.079662204,0.06374025,-0.24338366,-0.061732784,0.16829352,0.13141993,-0.27223834,-0.09338238,0.05364465,-0.10041203,0,0,0,Broker,0.917025916233819
10,1,0.002506265664160401,0.0,0.17691287041132242,0.0004956397553272734,0.0,1,0.0,0.0,1.0,2,0.0,0,-0.7291066625123621,5,4,2.0,0,3,0,2,0.188692,-0.2519699,-0.036473937,0.32063994,0.33574328,-0.29605466,-0.017610442,-0.50094086,0.11722689,0.39637592,-0.014034725,-0.041293178,0.03628863,0.11840378,0.02397083,0.3840722,-0.21700047,0.32168287,0.27799222,0.062523656,0.77737,0.5428769,-0.4543634,0.05697615,-0.2599558,-0.62071055,-0.6158264,0.062480677,0.4329261,-0.33921582,0.1598947,0.26146796,-0.2885202,0.05914705,-0.11650308,0.49352512,0.53818506,0.40579656,0.2810467,0.46255845,-0.33442235,0.4172979,-0.22855525,-0.49134207,-0.024014447,-0.19083615,-0.11832672,0.30262995,0.20410563,0.13467376,0.5231332,-0.48359138,0.567666,-0.10232673,0.027041126,-0.11715085,-0.198529,-0.15358028,-0.826807,0.60107857,-0.35547158,0.09846951,0.011226303,0.120876394,-0.11246498,0.28087226,0.23746514,0.14454149,-0.55938333,-0.27167326,0.023319783,-0.06476277,-0.25686622,0.017713211,0.28151074,0.12764281,0.02720334,-0.12905435,0.20581661,-0.020697176,0.22069778,-0.22447242,-0.36054486,0.32833278,-0.1237871,0.15429753,0.0041583343,0.05474231,0.7877476,0.18752056,0.37632522,0.47853652,0.044716593,0.046101697,0.29489335,-0.05289225,0.39630875,-0.12816365,-0.28590485,0.14659737,0.278125,0.25865206,-0.57934,-0.12443913,0.3568193,-0.2006522,0.32702905,0.04419281,0.16301835,-0.1714066,0.10330069,0.2537171,-0.0447521,-0.57432795,0.069578834,0.3403579,-0.36796513,-0.03516088,0.01595816,-0.25961676,-0.5475694,-0.3182652,0.5810398,-0.18375003,-0.3823635,0.19227688,-0.24282672,-0.37205026,1,1,0,Peripheral,0.017577641762941246
11,3,0.007518796992481203,0.0001637855765304153,0.21091690264622595,0.00474890582464726,0.0,2,0.0004614463993596498,13.004738562091504,0.5,4,0.0,0,-0.4634321800078576,8,7,2.625,0,1,2,5,-0.3233667,-0.050146125,-0.19487815,0.14490913,0.032624338,-0.19852841,-0.43338364,0.13710801,0.2301947,0.36292082,-0.37378472,-0.03775466,-0.08887039,-0.39836013,0.04058652,0.42257473,-0.52456087,-0.36509576,-0.0242438,0.44267812,0.27345446,-0.23572904,0.18396464,-0.096323,-0.3031345,-0.16682687,0.34123728,-0.2451984,-0.5443178,-0.16668685,0.21181445,-0.1093088,0.281827,0.14425232,-0.25618967,0.1830653,0.15925947,-0.32711226,0.09702697,0.007910153,0.37055326,-0.051510897,-0.15755764,0.09973614,0.12781094,-0.44923162,-0.077295996,-0.17716864,-0.10367903,-0.17516486,-0.3189247,-0.09664258,-0.26867324,-0.32568985,-0.26561832,-0.14426029,-0.18101075,-0.14962098,-0.43567646,0.3325105,-0.15949199,-0.20696591,0.168935,-0.069374375,-0.0881738,-0.059929386,0.014829819,0.14363584,-0.30573398,0.008428576,0.02925294,-0.30757666,-0.2757894,-0.23252355,-0.30923185,-0.13733152,-0.45218685,-0.01975749,0.16902322,0.0014809065,-0.011464866,-0.09909165,0.09702146,0.31634882,-0.21287225,0.19659531,-0.09933788,0.038661055,0.4837514,-0.008974112,-0.03521121,-0.072386056,0.09567262,-0.16574857,0.19362879,0.026337536,-0.48488867,-0.49372375,0.035273656,-0.42485026,0.12763338,-0.22825281,-0.015715847,-0.34669387,-0.30536643,-0.33203676,0.049794517,-0.39230835,0.40113413,-0.12296675,-0.08721505,-0.016244693,-0.020548392,-0.6203721,0.13470249,-0.56368864,-0.101034746,0.19483781,0.0793793,-0.5384331,-0.62402105,0.009224818,0.13486622,0.08535167,-0.6651478,-0.07756239,0.24903026,-0.29743108,0,0,0,Peripheral,0.01265810555090423
12,13,0.03258145363408521,0.004107637420842376,0.2783307884106152,0.1167235850862521,0.07692307692307693,10,0.0032172347355704607,326.1505188523054,0.2087912087912088,14,0.0,0,0.8649402325146652,11,7,2.727272727272727,1,7,3,0,-0.008311209,0.07661033,-0.13614438,0.18835807,0.13448673,0.12010326,-0.20740245,0.11089006,-0.058753386,0.061558906,0.009940918,-0.036373466,-0.06810224,-0.30431214,0.21191065,0.023298457,-0.29816148,-0.007171275,0.07990788,0.20002292,-0.0042520263,-0.039272867,0.2111882,-0.08193264,-0.15023233,-0.07481645,0.13770023,-0.15082422,-0.09301826,0.025204051,0.045698706,-0.069837876,0.004391629,0.24987748,-0.15180278,0.2497193,0.22206405,-0.09582263,0.22308074,0.11893986,0.045261826,0.26138654,-0.21933448,-0.18392648,0.09948916,-0.0848037,-0.09654461,-0.013371954,-0.046162948,-0.053344674,0.02956056,-0.031009799,0.035934832,0.14209966,-0.062557265,0.115110844,-0.13847528,-0.09146414,-0.37346664,0.028710324,-0.21744929,-0.072223045,0.15230767,0.18092825,0.016844165,0.19590573,-0.07268483,-0.08228716,-0.08821313,-0.024477093,-0.043948453,-0.33378813,-0.12127752,0.07994543,0.042275913,-0.10702775,-0.1315914,0.081605166,0.033750005,0.09587641,0.056011476,-0.124569856,-0.018860986,0.10354314,-0.12918906,-0.014142085,0.13085572,-0.07236249,0.24669208,-0.09979951,-0.011709632,0.17373125,0.26672238,-0.094198935,0.11000191,0.14333083,0.0020176922,-0.11923459,0.032047346,-0.37321338,-0.029059205,0.0018549946,-0.24593338,-0.124700695,0.0997627,-0.13448137,0.008866801,-0.089872,0.1904837,-0.036918424,-0.10399387,0.002464401,-0.005415574,-0.23166469,0.21333063,-0.09777596,0.010668146,0.09992679,0.018357458,-0.019338334,-0.31590235,-0.003459668,0.38988385,0.024499794,-0.28735095,-0.057797104,0.122792535,-0.08811532,0,0,0,Broker,0.88314638368242
13,3,0.007518796992481203,0.0004203315761104706,0.212573318112034,0.005502734552969333,0.0,2,0.000656160635332812,33.37474747474747,0.5,4,0.0,0,-0.4634321800078576,10,7,1.9,0,1,2,7,0.07390226,-0.00502927,-0.2713735,0.40641007,0.21773778,0.21393003,-0.11678752,-0.19994767,0.14397462,0.43831837,-0.24643897,-0.18853258,0.1413692,-0.08919447,-0.00023564363,0.37237814,-0.30341342,-0.061911646,0.2502596,0.4673963,0.09666787,0.430175,-0.12579285,0.31599414,-0.0024544604,-0.29577124,-0.40223747,-0.35630763,0.2671678,-0.24239649,0.002539548,0.04246951,0.015819525,0.008847061,-0.0034437247,0.11687225,0.34266433,0.09818307,0.18901847,0.33993804,-0.40961096,0.23257583,-0.34800795,-0.35115018,-0.020223185,-0.19469011,-0.017335217,-0.2923175,-0.16583265,0.16678202,0.6451665,-0.7258426,0.17006554,-0.4308871,0.10993442,-0.077860475,-0.25877377,-0.13769859,-0.50540566,0.39021432,-0.11549132,0.08435564,-0.15358144,0.22990836,0.010852056,0.17586215,0.14222376,0.2509539,-0.10717744,0.05179274,0.06820707,0.0776211,-0.05067045,-0.02417243,0.3914573,-0.045784883,-0.19287153,-0.08688652,-0.051877297,-0.13098928,-0.09351584,-0.41521442,-0.031447973,-0.06947454,0.45177317,-0.08817729,-0.07413843,0.44553027,0.49734664,0.29469067,0.35500115,0.15674582,0.18093772,0.16472262,0.5666793,0.05962886,0.2491747,0.14206746,-0.13114113,-0.36260587,0.20016675,0.35510018,-0.47486293,-0.093768485,0.4330511,-0.08333909,0.2545626,0.25880426,0.49646118,-0.20241222,0.08686437,0.13936517,0.08716348,-0.5487083,0.07367993,0.04913988,-0.3846235,-0.21070026,0.5292914,-0.38998514,-0.45984226,0.026490763,0.3750129,-0.21988373,-0.443039,0.12439116,-0.07988165,-0.14758854,0,0,0,Peripheral,0.012840029839380698
14,13,0.03258145363408521,0.01723797896590271,0.27856949406105314,0.1129182635586905,0.038461538461538464,10,0.01608125877352813,1368.712767871641,0.17582417582417584,14,0.0,0,0.8649402325146652,18,8,2.9444444444444446,3,13,2,0,-0.023268923,0.27184564,0.018428288,0.29666898,0.09819251,0.37015286,-0.010537382,-0.15746252,0.08991282,0.08766974,0.14762844,0.17629287,-0.07470205,-0.20706005,0.39066076,0.044338696,-0.4837721,-0.11537673,0.12610522,0.23649462,0.092803575,0.05657148,0.25831512,0.066485435,-0.22268806,-0.07586451,0.028161049,-0.16338255,-0.116230495,-0.061262444,0.19415225,0.004905719,-0.13165347,0.0076531013,0.020705706,0.0027447804,0.12518702,0.012902115,0.27485177,0.26166672,-0.08311439,0.2564423,-0.15520443,-0.07542124,0.067581445,-0.19594042,-0.17209667,0.028119506,-0.13561957,-0.22083892,0.0049111415,-0.24547434,0.294606,0.051625695,0.0946932,0.089405715,-0.26257634,-0.06482478,-0.17899781,0.21948418,-0.2779497,0.033710755,0.2748915,0.32426852,-0.07845231,0.28018382,-0.15725008,-0.03545231,-0.01847608,-0.101117454,0.13796736,-0.17596076,-0.12785612,0.057389595,0.005321382,-0.4317955,0.025129762,-0.12791826,-0.16937047,0.082279034,-0.05254558,-0.14007093,0.082956254,0.15785815,0.015874617,0.09494667,-0.03906956,-0.094156645,0.19476229,0.058378063,0.14911754,0.15453832,0.24168204,-0.23612949,0.075869635,-0.04081206,-0.10195856,0.06118005,0.21444029,-0.2140745,0.12906028,-0.1111954,-0.22482204,-0.006445465,-0.12121325,-0.048258618,0.19992496,-0.01924739,0.10712042,-0.10090918,0.09390687,-0.0793803,-0.14216016,-0.13276981,-0.12287806,0.0017257843,-0.06171584,-0.06506432,0.09754819,0.009335622,-0.09909759,-0.11233531,0.097409,0.17866616,-0.30604407,0.06767233,-0.11039803,-0.07844422,0,0,0,Peripheral,0.07757884752052754
15,15,0.03759398496240601,0.010169169852871075,0.28693642232790456,0.12796192235319945,0.10476190476190476,10,0.008676129431167875,807.4422554878162,0.21666666666666667,16,0.12888888888888883,1,0.9977774737669175,12,9,2.9166666666666665,5,4,3,0,0.047901895,0.10056822,-0.33102608,0.17041187,0.16402267,0.2513119,0.018662345,0.08136763,-0.043735087,0.17989384,0.17968826,0.06552186,-0.07839739,-0.24256392,0.27064452,0.18141156,-0.33652762,-0.06571611,0.15604015,0.030868815,-0.099389076,0.098665446,0.28677887,-0.17341524,-0.25001752,-0.03300481,0.06096019,-0.06138916,-0.16969578,-0.04246756,0.010188457,0.010401984,0.0024680393,0.18530342,-0.033879768,0.34499943,0.31944832,0.06724109,0.160171,0.12530766,0.053233452,0.10385069,-0.2801838,-0.075906366,0.021086833,-0.0668496,-0.23813888,0.1614425,-0.0653902,-0.14239296,0.19823553,-0.25300542,-0.09620108,-0.0470179,-0.0880899,-0.04052094,0.09779178,-0.053113043,-0.30069607,0.15526912,-0.2503469,-0.09136238,0.08245239,0.27808297,-0.088501096,0.23929776,0.07379721,-0.011731771,-0.15682307,-0.28898236,0.024560142,-0.3809231,-0.20133285,-0.014162872,-0.0121820485,-0.015298792,0.027978914,0.0075932587,-0.091114365,0.17030971,0.05123043,-0.04486833,-0.06506692,0.11499291,-0.05496447,0.087006114,0.08819156,0.040696487,0.02061759,0.044003595,0.17645358,0.25496006,0.07805409,-0.15725249,0.093308926,0.05181303,-0.019097898,0.09437791,0.039735436,-0.14661056,0.047393303,0.035278603,-0.027042145,0.07647537,-0.12628224,-0.21425919,0.1501993,0.064403445,0.14025502,-0.1577463,-0.105079226,-0.12131457,-0.15128727,-0.20714925,0.14727993,-0.114340365,-0.18635589,-0.05710936,-0.06347334,-0.07037548,-0.2095416,-0.057600684,0.020598328,0.11659465,-0.26026917,-0.011376601,0.1826782,0.011020924,0,0,0,Peripheral,0.08503730096495365
16,11,0.02756892230576441,0.013534481851553735,0.2523791997476208,0.05608321896849881,0.10909090909090909,7,0.010501270970025569,1074.6513934952181,0.25757575757575757,12,0.0,0,0.5992657500101607,14,11,2.357142857142857,3,2,5,4,-0.054729402,0.089908175,0.029682936,0.42290363,-0.08008948,0.34200293,0.07924973,-0.17577127,-0.42836902,0.42863536,0.23100281,0.06283968,-0.0038647093,-0.20029163,0.10000229,0.092202544,-0.24615632,-0.04738231,0.15339223,0.17291948,0.15072502,-0.1482939,0.36360478,-0.12727715,-0.07430267,-0.14005472,0.059260625,-0.13608088,-0.0732743,-0.3287219,0.33303294,-0.06344444,-0.1392544,0.3512461,-0.033685356,0.095470145,0.19822733,0.22786708,0.091267146,0.057502013,-0.19954231,0.14917774,-0.24270006,-0.08051922,-0.19835578,-0.17134498,0.026885668,0.07342483,0.13712698,-0.043135703,0.13417432,-0.04785075,0.10428827,0.2656924,-0.067614414,-0.03182221,-0.25695693,-0.104280375,-0.285335,0.27654523,-0.47475967,-0.04526053,0.4043415,0.33716443,0.04397769,0.23531564,0.049359664,0.12066563,-0.27787802,0.026582321,-0.0057804207,-0.022383858,-0.44274083,0.013888378,-0.088636175,-0.4018327,0.092612855,-0.29422474,0.0059879445,0.13209823,0.07505848,-0.059889965,-0.111912996,0.050701737,0.3672337,0.12541635,0.24183697,0.022263356,0.08024174,0.072148725,0.21016094,0.15137045,0.039995715,-0.3532892,0.09284162,-0.08460238,-0.06687196,0.24955907,0.13597359,-0.4134199,0.0947053,-0.06501614,-0.12903146,-0.10960931,-0.23190111,-0.11215248,-0.17681392,-0.13852727,0.3439041,-0.20955499,-0.15163173,0.28719282,0.1487905,-0.0012645804,0.36032897,0.0036757684,-0.20988837,-0.2168317,-0.023158167,-0.29878685,-0.0463891,-0.19614992,0.08933248,0.078090966,-0.2008771,0.13847563,0.35355443,0.353158,1,1,0,Enabler,0.4117528018320616
17,1,0.002506265664160401,0.0,0.17077393799957305,0.00031559671488461913,0.0,1,0.0,0.0,1.0,2,0.0,0,-0.7291066625123621,11,7,2.272727272727273,0,1,2,8,0.2656996,0.40477312,-0.21204157,0.32213172,0.047597498,0.33468008,0.22353636,0.20244128,0.119753845,0.3910589,-0.30481946,-0.15647532,-0.12601697,0.26384425,0.21455017,0.307719,-0.89703053,0.067136884,0.21843536,0.3540537,-0.01793427,0.09632619,0.3025532,-0.10533153,-0.15265349,0.09561186,0.09409751,-0.78885996,0.2358659,-0.35511932,0.4182968,-0.30662698,-0.3901822,0.06384781,-0.002921596,0.021860437,0.084733434,0.021540508,0.0013974026,0.10095009,-0.39791113,0.0928106,-0.18784621,-0.2719409,0.38956138,-0.5944987,-0.2972575,-0.24450493,-0.051357623,-0.12146679,0.6149284,-0.5583468,-0.25356376,-0.21918248,0.12465418,-0.19941288,-0.00043480462,0.21922964,-0.3670103,0.4569547,-0.50280476,-0.2706015,0.34669277,0.6622876,0.15448737,-0.113594994,-0.14657351,-0.1570801,0.11989298,0.19209313,-0.02834082,-0.12699269,-0.4958688,0.05984134,0.053656805,-0.4895654,-0.2955471,-0.25186923,0.05862004,-0.297743,-0.1358047,-0.103846334,-0.14013591,-0.12009637,-0.36872765,-0.1548146,0.2616771,0.2962378,0.61930656,-0.06004468,0.3811621,0.33691937,0.63058513,-0.21346882,0.10460433,-0.12034066,-0.18832707,0.19906424,-0.09212492,-0.21050219,-0.0225806,-0.006833646,-0.10513354,-0.056735482,-0.024029696,0.016169494,0.04213159,0.08479538,0.48521212,-0.325971,0.15807985,-0.051653672,0.18313141,-0.008802451,-0.14793862,-0.011465507,-0.6022894,-0.28241,0.36037204,0.0066838088,0.119179815,0.31777126,0.25928736,-0.11735787,-0.59989995,0.1781526,-0.21203294,-0.16362734,1,1,0,Peripheral,0.017549509720902152
18,0,0.0,0.0,0.0,7.590317288714358e-60,0.0,0,0.0,0.0,0.0,1,0.0,0,0.0,16,8,2.5,0,5,5,6,-0.0047673453,-0.0050991783,0.0034038061,-0.0056959772,0.00069931336,-0.0013621356,0.0042425655,-0.0068216324,0.0013724118,-0.004513083,-0.004595224,0.003341429,0.004632148,-0.0016190093,-0.006628613,0.005224826,-1.9622035e-05,0.0066882838,-0.007578073,-0.0044782627,-0.00581891,-0.0040119104,0.004965892,0.0027834298,0.0031199707,-0.006114424,0.0007536588,-0.0038632927,0.0056539653,0.0006463267,8.004531e-05,0.0020947764,0.0035958765,-0.0031009289,0.0035446798,0.0065890206,-0.0010619471,-0.0073513184,-0.0056430353,-0.0008047465,-0.0062275585,0.0072766766,-0.0006105285,0.001937055,-0.001966496,0.0032039406,-0.005764205,0.0049835285,0.0071640424,0.0048841806,0.0027745925,-0.0023442293,-0.003877379,0.0019177143,-0.00085143186,-0.006812728,0.0006749043,0.0029371465,-0.003774058,-0.0010431521,-0.0032913685,0.001935632,-0.0034224717,-0.0051688217,0.0061462596,0.00474401,-0.007296157,0.0037952801,0.0065534357,-0.0018002419,-0.0050335666,0.006334072,-0.00016958266,-0.0052647544,0.004566512,-0.00035648607,-0.0014259256,-0.0053773895,-0.0033026394,0.0070326207,-0.005328616,0.0020312434,0.007367622,-0.004081092,0.004838868,-0.006337193,-0.0048643546,-0.00014655106,-0.0011803219,0.0058415895,0.006767432,0.0048651285,0.0062129125,-0.004899062,0.002360967,-0.002394354,-0.0018797088,-0.000894757,-0.002145186,-0.0057281246,0.0027963007,0.001564797,-0.0014930647,0.0028300798,0.00379131,-0.001739868,-0.0038414374,0.002212138,-0.0015009092,0.0049773613,0.0038281353,-0.002980614,0.0073917257,-0.0071101096,-0.0047538597,0.0050042225,0.0004132716,0.0024103858,0.0060990416,0.0057472307,0.006761927,-0.0012890855,0.00063876715,0.0069720317,-0.0038322248,-0.005999594,-0.005342692,0.0050557097,0,0,0,Peripheral,0.0
19,11,0.02756892230576441,0.03261474441628834,0.2673350041771094,0.05911931082133984,0.14545454545454545,6,0.018392524251629763,2589.64332139771,0.2878787878787879,12,0.0,0,0.5992657500101607,22,9,1.8636363636363635,1,1,14,6,-0.06887403,0.29882687,-0.14792246,0.049662452,0.15412755,0.34024596,-0.08050276,-0.009703503,0.2090632,0.23673625,-0.054492965,-0.0066035115,-0.2559594,-0.26526216,0.3726572,0.06552455,-0.004024738,0.12508808,0.25792092,0.23179854,-0.080563605,-0.13094802,-0.023915056,-0.33221495,-0.1463337,-0.1846401,-0.02348001,-0.16958877,0.085092805,-0.4179739,-0.12543161,-0.033293717,-0.087789394,0.16352282,-0.3902109,0.13856436,0.14243588,-0.14099076,0.285193,0.20862143,-0.05355968,0.27032095,-0.039466377,-0.30847013,0.003146224,-0.11971511,0.046940237,0.34552172,0.009472945,-0.26668906,0.12857936,-0.39619267,0.16567692,0.35066733,-0.19348505,0.24560887,0.20861867,-0.14409,-0.15085801,0.27731347,-0.16538827,-0.03989976,0.19825698,0.12543203,0.09039227,-0.0024498873,0.10897668,-0.012039639,0.04373942,-0.24584702,-0.31756997,-0.4021654,0.008562006,-0.16000716,-0.14805897,-0.31315303,0.012183972,0.014579892,0.18656684,-0.20101309,-0.15954885,-0.2805751,-1.2970263e-06,0.21876965,0.031001875,0.060927585,-0.026438829,0.04007333,0.1303905,0.12634405,0.2132291,-0.15409942,0.34622568,-0.07009991,0.2709113,0.2821345,0.12414448,-0.16732255,-0.025055546,-0.3510792,0.14974655,-0.0009841656,-0.07730114,-0.09428376,-0.23932245,0.05143027,-0.035117757,0.07850209,0.42031538,-0.24355243,0.09135922,-0.22612582,-0.026999494,-0.28788722,0.1962888,0.25967297,-0.038987488,-0.12546173,0.17414021,0.37858355,-0.28268322,0.06783842,0.32154083,0.34486648,-0.34117028,-0.25481778,0.056492586,0.017387677,0,0,0,Peripheral,0.056766718023054004
20,8,0.020050125313283207,0.004230129923365751,0.2586083041999904,0.030857816240440598,0.07142857142857142,3,0.009756204548611496,335.876546045164,0.2777777777777778,9,0.0,0,0.20075402625340386,17,10,2.3529411764705883,3,2,7,5,0.22848265,0.08897479,0.057553146,0.31144553,0.13365541,-0.023683872,-0.23642693,0.08076063,0.02916763,-0.024861582,-0.094460085,-0.124282636,-0.21617809,-0.2860823,0.27554908,0.38416848,-0.30782625,-0.26160896,-0.07663974,0.24428803,0.09760641,-0.17942461,-0.060052752,-0.2012848,-0.44447604,-0.18120769,0.31152734,-0.2102165,-0.33418116,-0.34952474,0.34009933,-0.007510476,0.31541336,-0.20399325,-0.27544847,0.07320957,0.13575995,-0.12387525,-0.03458228,0.08848288,0.14470047,0.037093736,-0.4156753,-0.12527005,0.09850025,-0.43203372,0.011495016,0.062416025,-0.24393408,-0.20165655,-0.13983674,-0.060989827,-0.3355865,-0.12480336,-0.2426469,-0.050291087,-0.028733583,-0.3919252,-0.44731236,0.45102087,0.029537309,-0.04909722,0.12387938,0.1623228,-0.306056,0.10927265,-0.19478472,0.16352855,-0.31390747,-0.01922847,0.109039746,0.00814682,-0.22479728,-0.12949009,-0.06663295,-0.26863956,-0.028272137,0.113700345,0.1920527,-0.20981929,0.035623714,-0.31690753,-0.13854516,0.3678678,-0.1760053,0.2776809,-0.010126317,0.12710501,0.19377932,0.103605315,0.07882503,-0.118781395,-0.11013674,-0.032331876,0.023855293,-0.14778683,-0.5232776,-0.21566227,-0.20539086,-0.34694278,-0.01420009,-0.1649259,-0.026286412,-0.1931092,0.0032618912,-0.52336216,0.2988701,-0.25186783,0.3213771,-0.264293,-0.035250023,-0.29474214,-0.03258049,-0.54926133,0.13194968,-0.25825444,0.13030185,0.009724246,0.09800384,-0.11633354,-0.29732552,0.15153454,0.099720046,0.22683232,-0.64680135,-0.013659306,0.23514774,-0.14414413,0,0,0,Peripheral,0.030254407151496635
21,2,0.005012531328320802,0.0002556642863440007,0.21341132068014979,0.006883959624953345,0.0,2,0.0001660873288749512,20.3,0.6666666666666666,3,0.0,0,-0.5962694212601098,8,5,1.75,0,0,4,4,-0.05994272,0.5029602,0.017459422,0.4663181,0.549817,0.19997692,0.0068402532,-0.22203273,0.1338275,0.06715954,0.12393971,0.06491312,-0.20401582,-0.06605877,0.047822587,0.0033169235,-0.05558167,-0.037509542,0.12895776,0.12654546,-0.25033262,-0.078232355,0.16725712,-0.20246503,-0.21492566,0.32207277,0.096435495,-0.29749244,0.16580732,-0.5076728,0.3596916,-0.2915957,0.047520507,0.2939432,-0.060122363,0.18027318,0.16245401,-0.14324035,0.08208707,0.32881078,-0.008955914,0.098420136,0.042264655,-0.17937514,-0.3849537,0.1524318,0.11191457,0.39635003,0.23226605,-0.29429874,-0.11340081,-0.34922257,0.1993331,0.5058303,0.018935308,0.18123339,-0.1956587,0.008823497,-0.17646274,0.51492554,0.19582415,-0.027192287,0.087162584,0.03840014,0.3071218,-0.018421046,-0.098689415,-0.027113747,0.056188855,-0.4298609,-0.24935858,-0.067677885,-0.4152442,-0.19273117,0.2198459,-0.8738539,0.13962622,-0.021873059,-0.29081556,-0.29627416,-0.024829786,-0.3304167,-0.19350205,0.34026155,0.12964638,0.47059146,-0.041784413,-0.08830312,0.2942437,-0.028887505,0.18245178,-0.0045005493,0.33323526,-0.35477167,0.39307076,0.13965474,0.16684198,-0.14017414,0.25363022,-0.027311208,0.08981572,-0.08752182,-0.25364447,-0.04307372,-0.2568555,0.34352058,-0.0937337,-0.21995616,0.36795014,-0.38978457,0.038606916,-0.3954779,0.24068283,-0.3915803,0.073119886,0.16704138,0.029399166,-0.18219118,0.031091273,0.31050748,-0.52858984,-0.039871607,0.5710782,0.2898664,-0.48605064,-0.165587,-0.1347675,-0.13951467,0,0,0,Peripheral,0.011139660275997226
22,1,0.002506265664160401,0.0,0.1857129960407021,0.0018283640519732834,0.0,1,0.0,0.0,1.0,2,0.0,0,-0.7291066625123621,7,5,2.142857142857143,0,2,1,4,0.56455886,0.20062682,0.32923517,0.22933798,0.592723,-0.21933064,-0.4515064,-0.3802316,-0.020243853,0.018865475,0.023020737,-0.13311769,0.22320184,-0.015361917,0.59090674,0.19753206,-0.21305911,0.20868038,0.05112376,0.43211064,0.40846393,-0.4940781,-0.01081138,-0.41313228,0.042172246,-0.1502778,0.048776884,-0.16802335,0.06980886,0.05790264,-0.024381295,-0.19464456,-0.20067774,0.055546902,0.09437884,0.3433312,0.27091482,0.46689588,0.09428175,0.20330836,-0.22979444,0.24718529,-0.42652795,-0.22464277,0.095065884,0.3231228,-0.07802934,0.25161636,0.35422418,0.22164774,-0.35608748,-0.15935758,0.072137356,-0.18889181,0.15175016,0.035329655,-0.17592204,-0.32780248,-0.46683508,0.22228481,-0.35231012,0.14852646,0.38681653,0.394129,-0.15837486,0.22307295,0.30187747,0.12819111,-0.26998702,-0.09551319,0.10137375,-0.3520504,-0.28400418,0.21919137,0.16955358,-0.15848154,0.11358473,-0.26784745,0.4286022,-0.039534178,-0.12349039,-0.1344631,0.2073733,0.025114624,-0.27251038,0.10525751,-0.078331284,0.12960628,0.21147496,-0.09541852,-0.037345473,0.07526631,-0.5462501,-0.08505083,0.025897078,0.3724986,-0.2881754,0.013548489,-0.14248148,-0.32367176,-0.15429099,0.26298255,0.03195043,-0.12725717,0.029337555,-0.44791505,0.55592686,-0.12526745,0.24109362,-0.42188942,0.15870945,0.3087881,-0.29513264,-0.4838503,-0.14178182,-0.40434578,-0.021953225,-0.071170025,0.16729341,-0.119622685,-0.2912444,-0.42331827,0.31859037,0.35372925,-0.42077005,-0.10690664,0.07484429,-0.005587987,1,1,0,Peripheral,0.017785882280584076
23,2,0.005012531328320802,0.00018518779405866893,0.19757422753965204,0.004940381520746475,0.0,2,0.0001549421808612499,14.704096036052373,0.6666666666666666,3,0.0,0,-0.5962694212601098,13,9,2.3076923076923075,0,2,5,6,-0.19064613,0.116673104,-0.12768792,0.013312116,0.2038613,-0.025838723,-0.5099017,0.036661312,0.1732381,0.36215216,0.19018994,-0.27177453,-0.06987311,-0.27541962,0.5280849,-0.15741725,-0.64537543,0.09314529,0.10342137,0.27489156,-0.08074404,-0.23077549,0.18042316,0.22668564,-0.57932585,-0.18339637,-0.1759375,-0.2080537,-0.49612314,0.014960768,0.24712124,-0.056230918,0.016568113,0.17249894,-0.25089684,-0.073185936,0.33634958,-0.28256318,0.37020606,0.255976,-0.025282023,0.3178444,-0.15784706,-0.35462195,-0.24594334,-0.016849682,-0.20992847,0.033370797,0.42384183,0.14005758,-0.10178926,-0.07461104,0.37957984,-0.29288703,-0.16004533,-0.021391928,-0.19769298,-0.10978391,-0.09970447,0.4311252,-0.07200219,-0.23343533,0.37534443,0.10011604,-0.14573267,0.12465242,0.14095406,0.0067936936,0.15293305,0.2157813,-0.058824748,-0.5744769,-0.13589069,0.037133016,-0.2901472,-0.3725599,-0.45276284,-0.018947052,0.07884959,-0.06787871,-0.23950715,0.39870906,-0.0054707085,0.24417259,0.13385075,-0.32684073,0.043132305,0.24074502,0.2699816,-0.3194814,-0.049963333,-0.23908806,0.16962081,0.1832211,0.2365129,-0.405265,-0.25751063,-0.21854469,0.11095527,-0.47920987,-0.09201362,0.19796078,-0.37676662,-0.2776921,0.07653958,-0.5628978,-0.2532245,-0.07755069,0.48800227,-0.14736764,0.037281793,0.107199945,0.24827734,-0.21265894,-0.0027537658,-0.20252207,-0.1165599,0.35337564,0.0103993,-0.49527422,-0.44163913,-0.019872483,0.10555891,-0.33931702,-0.45543697,-0.12850165,0.36126107,-0.04907075,0,0,0,Peripheral,0.010818353453908653
24,1,0.002506265664160401,0.0,0.19357093568247197,0.0025777179844937944,0.0,1,0.0,0.0,1.0,2,0.0,0,-0.7291066625123621,10,6,2.1,0,1,3,6,-0.2457454,0.02151428,-0.40489846,0.12942395,0.41218334,-0.110493466,-0.5924202,0.053979583,0.008504711,0.44108492,0.031055432,-0.054447994,-0.0140971225,-0.5795055,0.07623181,-0.058192413,-0.51046723,-0.27666253,0.104897425,0.2178625,0.1560346,-0.12533265,0.17112498,0.2839561,-0.36405063,-0.053488486,-0.052759003,-0.18051241,-0.55573624,-0.30767944,0.213069,-0.18126369,0.05079353,0.36365548,-0.32285172,0.15747339,0.566753,-0.3134389,0.17551771,0.512509,-0.20333968,0.07022282,0.124746926,-0.32475013,0.054873288,0.030617185,-0.1913669,-0.25842643,0.078517355,-0.1389944,0.12885332,-0.10853055,0.2917072,-0.19562761,-0.2128268,0.07960518,-0.1917688,0.015192965,-0.44731373,0.3549486,-0.1838752,-0.10049022,0.058095895,-0.032392137,0.20047677,-0.13651778,0.1303902,0.09048218,-0.03712651,0.18447691,0.046519555,-0.4433698,-0.051382437,-0.075825796,-0.351287,-0.026273288,-0.6123025,-0.022167357,0.18609741,0.18268326,0.14804994,0.00589461,0.13496716,0.43806812,-0.08479569,0.2292166,0.0864793,0.09782646,0.43396685,-0.3717303,-0.16737747,-0.5755285,0.31747964,0.047837522,0.085447244,0.05453846,-0.21388221,-0.10612589,0.20208302,-0.707467,-0.18050577,-0.114213444,-0.14126988,-0.31141728,-0.2569822,-0.33234122,-0.007567871,-0.46305975,0.01856404,-0.26288542,0.08609173,0.3285046,0.035433587,-0.5062976,0.030767646,-0.2429783,-0.16022466,0.33373016,0.07178655,-0.28234398,-0.5127342,0.20005183,0.11798664,-0.2548706,-0.36925036,0.12673505,0.23754203,-0.32747036,1,1,0,Peripheral,0.01790297015179531
25,2,0.005012531328320802,0.0,0.21341132068014979,0.006130151003920838,0.0,2,6.410848449991534e-05,0.0,0.6666666666666666,3,0.0,0,-0.5962694212601098,11,6,2.8181818181818183,0,1,4,6,-0.18091446,0.16610365,-0.14703478,0.23076189,0.59968925,0.17231523,-0.399806,-0.41752794,0.1342258,0.18491961,-0.1769096,0.09250942,-0.004611486,-0.010381039,-0.095548175,-0.34264436,-0.2970554,0.08075062,0.2149893,0.11944832,-0.08724898,0.39788187,0.22681127,-0.032872193,-0.09363076,0.090373605,-0.47841665,-0.2646291,-0.005753882,0.005939039,0.09462155,-0.02114016,0.24685697,0.42567208,-0.10380188,-0.13359605,0.11922265,-0.059270162,0.020750573,0.59736216,-0.072803624,0.22636384,-0.2583229,-0.31755623,-0.23647733,0.25475517,0.067009576,0.20456897,-0.13748345,-0.10154784,0.27306432,-0.4123963,-0.008667046,0.14475633,-0.0560454,-0.21320856,-0.20584945,0.00647078,-0.41242585,0.2958249,0.1791105,-0.07262051,-0.12203164,0.3989238,0.32300606,0.040720236,-0.20991173,0.07368384,-0.014175371,-0.16821232,-0.111565374,0.06933764,-0.3089857,0.034567215,0.65779865,-0.92083263,-0.06313444,0.024421787,-0.25516054,-0.18229571,0.04514207,-0.61900496,-0.10618229,-0.06415722,0.61734945,0.15346766,0.075102136,-0.10731283,0.22391929,0.2903515,0.2878991,0.11026991,0.094718486,-0.46405026,0.55667764,-0.29878193,-0.1967339,-0.11054612,0.24791454,-0.14839718,-0.052407254,-0.0014194272,-0.4770381,-0.046406884,-0.20195769,-0.115509324,0.17722313,-0.0032421523,0.349449,-0.18782015,0.13896656,-0.39119345,0.17662734,-0.40292457,-0.1266898,-0.13088988,0.19050407,-0.36919063,0.17416629,0.021472218,-0.43098736,-0.16358455,0.42958266,0.026727762,-0.34580162,0.121221945,-0.20138396,-0.12495542,0,0,0,Peripheral,0.010957959560112805
26,0,0.0,0.0,0.0,7.590317288714358e-60,0.0,0,0.0,0.0,0.0,1,0.0,0,0.0,11,8,2.090909090909091,0,2,3,6,-0.0032417113,0.0013954658,-0.0069064805,-0.0022749268,-0.007024643,-0.0017648358,-0.0063673304,0.0056928387,0.006100064,-0.0036506727,0.0041069547,0.00061977,-0.002557328,0.00237926,-0.0011374475,-0.0039182426,-0.0048863003,0.0008322112,0.0058109546,-0.0009531006,-0.006608531,0.0071297996,-0.0077441214,-0.002143574,-0.0009456342,0.0009802701,-0.0029980242,-0.0047945483,0.006360121,0.004319071,-0.006564974,-0.0067778267,-0.00034491625,-0.004107192,-0.0073602144,-0.0050410004,0.0076112626,0.002067646,0.0023826845,-0.0027916804,0.0056795813,0.0055639753,0.0043729236,-0.0009076148,-0.006046543,0.0029374156,0.0017557684,0.0075850133,-0.0048434883,0.005944635,0.0053401385,-0.0026541958,0.00721961,0.0027982807,0.0031097122,0.0024791136,0.0027853902,0.006468417,-0.005081401,0.0026529105,0.0041841995,0.00226588,-0.0037835557,-0.0035967864,-0.0057897195,-0.0019447878,0.00014622603,-0.0034092432,0.0059532896,-0.0029412126,0.0031715268,0.006925891,0.0005151015,0.0014469456,0.002185273,0.0073917806,0.00066829287,0.006608513,-0.0030102432,0.005983794,0.0045279935,0.0023757424,-0.005087468,-0.0071954075,0.004007115,0.0055024745,-0.0056577763,0.002732776,-0.0058035096,-0.0018935753,0.006265671,-0.0005235234,-0.007618067,0.007328531,0.0043933094,0.0041994248,-7.7581964e-05,-0.0010159379,0.0048406273,0.0039278343,0.0010771593,0.003389893,0.0014206003,-0.002417704,0.0033614067,0.006510702,0.00470303,0.002043832,-0.006967334,0.005639972,-0.0040130913,0.0067079067,0.0018150778,-0.003804366,0.0012389263,-0.0024138186,-0.0035621421,-0.00061050616,-0.0033234917,0.0029474255,0.00068053603,-0.0040205456,-0.0025968514,-0.00762567,0.0016641673,-0.004285287,0.0067790216,0.0010425076,0,0,0,Peripheral,0.0
27,8,0.020050125313283207,0.014084469202335408,0.2563630860893354,0.04615307087319011,0.21428571428571427,5,0.009977361686248465,1118.3209391346338,0.3888888888888889,9,0.0,0,0.20075402625340386,16,10,2.3125,2,2,8,4,-0.08474206,0.3483053,0.054190107,0.24145475,0.09925508,0.049679387,-0.316007,-0.03998807,-0.0104712155,-0.04052261,0.22582328,-0.22846328,0.08468024,-0.027511893,0.123254985,0.1137949,-0.20998828,0.19000182,0.07184234,0.08038942,-0.1001301,0.2227185,0.2614637,-0.24857524,-0.25067905,0.08217629,-0.03914781,-0.008523912,-0.22327496,-0.09758843,0.037758593,0.067099854,0.05042428,0.17898554,0.25152612,-0.04435894,0.17462334,-0.010888631,0.031631634,0.40314144,0.06097928,0.28462347,-0.17179854,-0.42313522,0.1556921,0.108858995,-0.0804561,0.1694745,-0.055106338,-0.15005971,-0.0031335047,0.01892268,-0.038185872,0.06926474,-0.31721672,0.15617214,0.032752868,-0.14645374,0.0012940519,0.3706295,-0.09192784,0.03443114,0.05164013,0.26559877,0.0070602736,0.22924238,0.36900494,-0.22054367,-0.15434116,0.008603645,-0.031093067,-0.44463143,-0.36530325,0.15664855,0.088438556,-0.069191866,-0.20233607,-0.5165575,-0.06856912,-0.15979591,-0.17758769,-0.6279804,-0.04630606,0.095467016,0.025422318,0.07277858,0.01199621,-0.3293719,0.21855809,-0.21210337,-0.0420588,0.06923972,0.06836306,-0.046912935,0.26442114,0.086941354,0.14874011,0.08548094,-0.02565099,-0.5066381,0.1599191,-0.05971513,0.0877193,0.35637614,-0.023402618,-0.39910066,-0.17736909,-0.01339375,0.12264478,-0.42079386,-0.060215976,-0.11136261,-0.03354608,-0.22083025,0.062593274,0.18742415,-0.40615657,0.2722424,0.06962784,-0.29879692,0.002015626,-0.1569169,0.1445995,0.11874347,-0.329039,0.046557095,0.22354335,-0.2920615,1,2,0,Enabler,0.3302621881741546
28,1,0.002506265664160401,0.0,0.2042842956447723,0.003238506376028658,0.0,1,0.0,0.0,1.0,2,0.0,0,-0.7291066625123621,10,7,2.0,0,1,3,6,-0.004826632,0.3032242,0.07111143,0.18470177,0.68213934,-0.17751494,0.056773737,-0.22411169,0.20727152,-0.029699812,0.052149966,0.28020748,0.033720892,-0.094922386,0.06998171,-0.11562426,-0.11063274,-0.13562092,0.030609284,-0.051506475,-0.2653448,0.031623907,0.36696506,0.090763815,-0.20857342,0.08299707,-0.28071758,-0.32812792,-0.09423042,-0.15177003,0.392159,-0.19372997,-0.12705605,0.15589567,0.058186527,-0.029079607,0.08034353,0.0106451055,0.22190967,0.50443584,-0.1060502,0.10783821,-0.26756006,-0.44594297,-0.24671623,0.3170831,0.017515503,0.50989836,-0.06957281,-0.11336668,-0.18817112,-0.16080569,0.0019405655,0.3798179,0.13910459,-0.14446208,0.056299046,0.22124845,-0.122371696,0.41586575,0.11330403,-0.29543614,0.2739176,0.3145717,0.62436396,0.35220087,-0.19115438,-0.07584444,-0.061508488,-0.24705493,0.06195937,0.046532616,-0.48541525,-0.035966065,0.53121984,-0.9282375,0.17790033,0.02281086,-0.071506895,0.10307831,0.22881281,-0.16731754,-0.2850725,0.09893757,0.25905064,0.48589212,0.36816543,-0.22362788,0.19260648,0.28119493,0.2142356,0.05477415,0.2868355,-0.44656697,0.37611833,-0.14447829,-0.16742948,-0.25873867,0.13990022,-0.038748626,0.16369812,-0.0555936,-0.47837174,-0.19393034,-0.2714146,-0.020321773,-0.12734029,-0.0124923205,0.35987705,-0.40594292,-0.0757154,-0.16927265,0.11032934,-0.30163506,-0.031880777,-0.08276048,0.041099023,0.04808643,0.21296525,0.013055083,-0.28632304,-0.015402169,0.5050733,0.19880205,-0.36730656,0.20828126,-0.043586627,-0.20979135,1,1,0,Peripheral,0.018006219501305855
29,3,0.007518796992481203,0.00022928810219537696,0.2139736693512437,0.007540848432538131,0.0,3,0.0003131582645694558,18.205704602415125,0.5,4,0.0,0,-0.4634321800078576,8,5,1.5,0,1,1,6,-0.34167144,0.13885336,-0.057127256,0.32751805,0.016745305,-0.17054908,-0.3714945,0.009465168,0.056119032,0.2040046,-0.14731401,0.00964813,-0.07310461,-0.33140242,0.58764666,0.6433758,-0.2955334,-0.24619837,-0.059754796,0.19165847,-0.10248538,-0.13660344,-0.08127282,-0.09669482,-0.39482778,-0.2534388,0.46488762,-0.38918963,-0.39702344,-0.42710367,0.3628187,-0.13505927,0.10830203,-0.19892417,-0.21920176,0.03112934,-0.16438936,0.2599594,-0.21040362,0.20830406,0.23530489,0.10594028,-0.3487829,0.059183028,0.22859135,-0.19390842,0.13399972,-0.0756672,-0.25519034,-0.17575786,-0.21230206,0.19167955,-0.052809365,0.005916198,-0.21038945,0.14603063,-0.07608029,-0.4558044,-0.2253331,0.44435966,-0.4687842,-0.15127802,0.26024547,0.21481092,-0.06623275,0.1338659,-0.17874971,0.22240193,-0.6030275,-0.18978526,-0.3848168,-0.16837706,-0.31453508,-0.39891636,0.045694396,-0.27068245,0.062665574,-0.05991478,-0.047563408,-0.07545641,-0.13048892,-0.43078116,-0.06553997,0.37293518,-0.014390164,0.13839911,-0.2117159,0.26792133,0.55907756,-0.16059677,0.25975558,0.008823761,-0.069385335,0.18573667,0.091282286,0.014706921,-0.6236281,-0.1745852,0.14734447,0.16589756,-0.05275659,0.08707857,-0.2713208,-0.12615462,0.2183235,-0.22136699,0.576142,0.05668922,0.065298356,-0.4191546,-0.52308804,-0.21079658,-0.0072187427,-0.48710358,-0.08372391,-0.36603695,-0.08762795,-0.0711224,0.07159552,-0.14294066,-0.13760443,-0.050343763,0.09599934,0.36093763,-0.55651987,-0.098576576,0.29010472,-0.107346535,0,0,0,Peripheral,0.016235762525054584
30,13,0.03258145363408521,0.005379796115206074,0.27952842519379345,0.11803832366594544,0.08974358974358974,10,0.004363939632412462,427.1611913434775,0.21978021978021978,14,0.0,0,0.8649402325146652,15,7,2.6,1,11,3,0,0.016235085,0.23496833,-0.037712574,0.1474078,0.24004906,0.056765508,-0.15077074,-0.11949367,-0.020934919,0.13667275,0.08011956,0.02032065,-0.031360555,-0.119932644,0.2637625,0.05840352,-0.3582657,-0.02405257,0.004259379,0.31269777,0.10089929,-0.09960345,0.21598928,-0.09269881,-0.18514974,-0.12021517,0.082183234,-0.13246034,-0.0063114157,-0.03541718,0.10717269,-0.024512306,-0.1475013,0.10799592,-0.13833417,0.08411032,0.19460462,0.0019914121,0.2912209,0.06064885,0.014816058,0.26688343,-0.2947281,-0.12224747,0.08072139,0.03893766,-0.07632256,0.16967794,0.0038775736,0.14743382,0.04731877,-0.0802242,-0.005837111,0.16786546,-0.026232915,0.12713034,0.09616953,-0.08690147,-0.37188187,0.024934622,-0.15857385,0.21764444,0.15691473,0.25243485,-0.20765308,0.19875845,0.14485079,0.035066936,0.02417608,-0.2056362,-0.020697638,-0.14792061,0.027061218,0.07174833,0.0747268,-0.13821016,0.08818733,-0.09517954,0.11598913,-0.07123469,-0.00092658034,-0.14006512,-0.023102714,0.06178118,0.0012274357,0.04192007,0.013691288,-0.11405345,0.18709114,0.09806288,-0.016558051,0.16135131,0.11148491,-0.11945821,-0.033816725,0.26743847,-0.103817515,0.065549195,-0.014811684,-0.38331002,-0.057958324,0.045401234,-0.2195873,-0.036033336,0.03586082,-0.17289187,0.07164075,-0.034052726,0.120686226,-0.06592626,-0.058449373,-0.06601662,0.06633476,-0.31818584,0.24389352,0.021859786,-0.14423855,0.02397066,0.025080763,0.059380036,-0.21960637,-0.17372675,0.26796517,0.18884566,-0.20739332,0.07406852,0.06408687,-0.03674645,0,0,0,Broker,0.8893194199413734
31,14,0.03508771929824561,0.008037231580624214,0.28195488721804507,0.12144404088912607,0.10989010989010989,10,0.004889804259862576,638.1642247331432,0.22857142857142856,15,0.0,0,0.9977774737669175,15,7,2.3333333333333335,1,12,2,0,-0.104617,0.14144462,-0.08151483,0.20503947,0.059896316,0.19410096,-0.050665457,0.0813684,-0.019680953,0.10476173,0.07316526,-0.12292788,-0.18429309,-0.1327804,0.33383515,0.1365407,-0.2941362,0.022171317,0.3190332,0.2586688,0.032600533,-0.19428562,0.077191174,-0.1995508,-0.3159577,0.07831409,0.05877017,-0.23738836,-0.107704215,0.0046777623,0.05538343,-0.073003784,-0.10006104,0.26703647,-0.09989834,0.16929606,0.24434763,-0.048214443,0.08469985,0.21403909,-0.073863134,0.2666553,-0.16003297,-0.091873996,-0.013843962,-0.1424357,-0.020350052,0.13583972,-0.016414022,-0.16190328,0.120040715,-0.019576866,0.03563002,0.1720234,0.036407795,0.16141322,-0.04031655,-0.24282457,-0.19932692,0.24655607,-0.08354356,0.008155399,0.14689499,0.08602169,-0.13546905,0.14466569,0.115100965,0.05180003,0.034392703,-0.14218265,-0.12118459,-0.2662737,-0.2441381,0.03835857,-0.09332117,-0.34825587,-0.05883443,0.083977975,-0.18174784,0.054391094,0.045992482,-0.14135177,-0.04050436,0.16045819,0.10661934,-0.094318815,0.041042842,0.029567152,0.17173769,-0.0064114765,0.16287889,0.043973234,0.036761705,-0.013256457,0.21536943,0.08152291,-0.0567655,0.045393113,-0.13094726,-0.22553508,-0.0025486753,-0.034686547,-0.25787014,-0.08265617,0.08950049,-0.0900846,0.22726656,0.010978912,0.34196612,-0.022764795,0.0062951185,-0.11816639,-0.09636796,-0.16647008,0.12768236,-0.11396815,-0.16079909,0.12183211,0.10446826,-0.15282197,-0.23609698,-0.098342285,0.11524036,0.13296536,-0.33942592,-0.16147874,0.072470225,-0.14375168,0,0,0,Broker,0.9255403726555219
32,1,0.002506265664160401,0.0,0.17378920817292026,0.00038201477246194957,0.0,1,0.0,0.0,1.0,2,0.0,0,-0.7291066625123621,10,6,2.0,0,4,1,5,0.14857623,0.39067054,-0.42206597,0.21835299,0.6033701,0.5740312,0.021322122,-0.028237294,0.05830845,0.40331593,-0.2598082,0.04004172,-0.39624545,0.30464765,0.06726442,0.030144332,-0.23580334,0.42002282,0.42019373,0.33124533,0.08362151,-0.17084955,-0.008394444,-0.40755275,-0.3860341,0.17536288,0.53842634,-0.469393,0.36848232,-0.67481005,0.17219307,-0.40280396,-0.13237873,0.44093385,-0.22993493,0.28382966,0.26353404,-0.4003183,-0.06729921,0.04817001,-0.15255901,0.5819007,-0.04237437,-0.28765345,-0.050955463,-0.32657894,0.016875526,0.28992787,0.17686537,-0.46768132,0.10732848,-0.56836003,-0.15421835,0.20305309,-0.23267108,0.33796158,0.45215198,-0.03771231,-0.23861836,0.42111236,-0.37689224,-0.2371222,0.5887631,-0.34453905,0.33318776,-0.3972683,0.16150896,0.0022271501,0.28927356,-0.44090497,-0.09874127,0.037860904,-0.2543638,-0.014792108,-0.26656535,-0.34772128,0.083903804,-0.03537778,0.022729002,-0.3402561,-0.0009812375,-0.34188935,-0.108093694,0.47767755,0.080216795,0.021286376,-0.06565237,-0.24374798,0.05125426,-0.32644078,0.28228495,-0.051803105,0.5815782,0.053021245,0.38541788,0.2509507,0.09369676,0.24299553,0.10749337,-0.18427944,0.41556057,0.041579135,-0.009861475,-0.0044194637,-0.32644558,0.5975679,0.40399134,0.32207698,0.6344844,-0.38622174,0.26224452,-0.3131876,0.3208846,-0.517817,0.06450931,0.3958084,-0.23864241,0.033377565,0.24667998,0.11452918,-0.5473735,-0.045543164,0.24226366,0.19050623,-0.42126423,-0.10582388,0.35907558,0.010298162,1,1,0,Peripheral,0.017559887659329133
33,12,0.03007518796992481,0.0037936958585948733,0.2771433703713208,0.10512940386948581,0.06060606060606061,9,0.0031530725363162,301.22324486829154,0.20512820512820512,13,0.0,0,0.732102991262413,9,5,2.888888888888889,1,6,2,0,0.029937932,0.02303025,-0.20319445,0.30528548,0.22856283,0.10824904,-0.31396073,0.043534424,-0.14483754,0.25493973,-0.03951432,0.08494145,-0.11465581,-0.39567804,0.2591452,-0.11325313,-0.29668054,-0.11254388,0.10174016,0.096338585,-0.041008662,0.044695597,0.092094734,-0.01973848,-0.19560838,-0.1588753,-0.027803725,-0.15537132,-0.027771855,0.024334379,-0.08541388,0.0006525563,0.11197052,0.18880154,-0.2514045,0.07965324,0.09699128,-0.17414396,0.2464557,0.15773597,-0.062117696,0.20153254,-0.17224376,-0.2564764,0.050012317,0.024247771,-0.025432307,-0.048638318,-0.08633287,-0.03393233,0.13090612,-0.15787576,-0.03966422,0.07805391,-0.105574176,-0.055003412,-0.19301388,0.020770323,-0.32946202,0.04085295,-0.02161543,-0.09763347,0.13035034,0.06461229,-0.038754124,0.1885935,0.07646462,-0.03505664,-0.03225897,-0.16131267,-0.030327035,-0.27773407,0.017996797,-0.04492696,0.10382758,-0.19851106,0.056731127,-0.20015706,-0.07084243,0.055726055,-0.11024823,-0.26006442,0.053166356,0.10200943,0.24372575,-0.088395484,0.090762354,0.020258734,0.35078496,-0.052568946,0.05448066,0.038765453,0.2953327,-0.038332522,0.13059594,0.070732996,-0.09352199,-0.004800221,0.10089312,-0.38098103,-0.014261311,0.04350887,-0.22346908,-0.03667988,-0.12696871,-0.13276374,0.0370893,0.05070589,0.19909242,-0.066564076,-0.0758172,0.0047080354,-0.019920839,-0.33684096,0.12794466,-0.06931383,0.12304504,0.09653743,0.014034473,-0.063019074,-0.20034766,0.030914636,0.35837317,0.109947,-0.3122541,0.008530204,0.1591831,-0.18476512,0,0,0,Broker,0.801894569548382
34,1,0.002506265664160401,0.0,0.1809537772006618,0.0023626635362526804,0.0,1,0.0,0.0,1.0,2,0.0,0,-0.7291066625123621,11,10,2.3636363636363638,0,4,2,5,-0.15787399,-0.06328777,0.04678749,0.22020209,0.3250511,0.119593605,-0.23261522,-0.08621349,0.30634084,0.40951958,0.47282037,-0.10023149,0.081864715,-0.098069824,0.4973121,-0.008276471,-0.3528396,0.25693822,0.3570343,0.32293016,0.14200796,-0.29328412,0.1765648,0.016022228,-0.60274065,0.27231622,-0.261975,-0.20313016,-0.3008685,0.036096137,0.2587036,-0.0024304134,-0.4797656,0.064039394,-0.08620399,-0.05244813,0.36653638,-0.088463664,0.45541945,0.32984066,0.06606125,0.343539,-0.47942242,0.02370606,-0.15838365,-0.30970946,-0.16321719,0.30669558,0.43573266,0.12417558,-0.019896792,0.11594093,0.5181689,0.237382,-0.044743314,0.2278055,0.106211506,-0.15568614,0.033821475,0.2613449,-0.1328824,-0.07622462,0.13711157,0.20898323,-0.22238792,0.1642583,0.112284005,-0.22972834,0.56195366,0.14105205,-0.16061275,-0.4486963,-0.29283512,-0.053197984,-0.23246622,-0.5999001,-0.20786935,0.20869075,-0.32884192,-0.07443698,-0.5158,0.20951718,-0.09402763,0.09182599,-0.012199596,-0.1559483,0.24262239,0.075059615,0.14782791,0.10812181,0.076851085,-0.21824768,-0.2152788,-0.048030283,0.4148396,-0.43102095,-0.3241056,-0.08759079,-0.28109485,-0.18265694,-0.06646291,0.3364334,-0.27114663,-0.18794146,-0.045191668,-0.4221134,-0.21755284,0.18518607,0.54578817,-0.21703452,0.086138375,-0.13258594,0.054354094,-0.20276977,0.13787177,-0.1956463,-0.13815694,0.20381135,0.10289764,-0.5499854,-0.20482962,-0.016339796,0.05320842,-0.08889686,-0.6311967,-0.24765044,0.096695654,-0.15616143,1,1,0,Peripheral,0.017869367515649315
35,0,0.0,0.0,0.0,7.590317288714358e-60,0.0,0,0.0,0.0,0.0,1,0.0,0,0.0,9,6,2.3333333333333335,0,2,2,5,-0.00059990585,-0.0019637085,-0.0015047267,-0.0037462283,-0.006986279,-0.0007145805,0.0024388283,-0.0048426753,0.006244392,0.0017198343,-0.0023739608,0.003102691,0.0006087106,-0.0039205914,0.0072380397,-0.0021030242,-0.006546139,0.0013827542,-0.006986399,-0.0063356645,-0.0023801206,0.005873776,0.0072261747,0.0066542616,0.003177153,0.007737481,0.004962161,0.006601787,0.0035219397,0.0010895766,-0.0077586044,0.0024592662,0.0012137545,0.0055411616,-0.002129214,-0.0034662755,0.0009201793,0.0056496123,-0.0019519171,0.002667888,-0.00024743937,0.00742336,0.0027112765,0.005076221,-0.0042752074,0.0018563643,0.0022155177,-0.0070270523,0.0013780156,-0.0061727082,0.0027477061,0.0021182084,-0.0008464111,0.002398408,0.0036950288,0.003814171,0.007281645,0.0007296596,0.0056243073,0.0015944773,0.0013142703,-0.00396478,0.0052911732,0.0034173513,-0.0026450427,0.0015464062,0.002872224,0.0034147548,-0.0038883407,-0.004571937,0.0049343836,0.0054405835,-0.00608443,0.0006338088,0.0073254397,0.0056221867,0.0074551953,-0.003564246,-0.0045670345,-0.005854576,-0.0076273307,-0.0002504997,0.006852464,-0.0033795591,-0.00086690113,-0.004820073,0.0010321075,-0.0017313613,-0.006043398,0.0005522333,-0.0032499442,0.0030281106,0.0028817654,-0.003313478,-0.00399719,-0.00484368,0.005977788,0.003751805,0.0067062834,0.0059435023,-0.004989638,0.00482288,0.0057096677,0.0048908982,0.0037907287,0.002568041,-0.0009402018,0.006639573,0.0036247885,0.0034874966,-0.0020024087,-0.0011291057,-0.004038358,0.0077875396,-0.0041248677,-0.0035822513,0.0025030728,0.0064330567,0.0020798938,0.0045176363,0.0025837626,0.0038391873,0.0072972616,-0.004694231,-0.0012722621,-0.0054658577,0.00025607087,0.0058206953,0,0,0,Peripheral,0.0
36,8,0.020050125313283207,0.01513851160669416,0.26068381225938037,0.04388865655171436,0.0,4,0.010781452516087957,1202.012960083123,0.2222222222222222,9,0.0,0,0.20075402625340386,20,8,2.25,5,1,12,2,-0.25090554,-0.22037822,0.085857555,0.19349979,0.16713548,0.16839708,-0.33219835,-0.16590816,-0.16043244,-0.025105888,0.35347205,0.38398564,0.12498574,-0.2932601,0.3293925,0.12443686,0.03142415,0.18363719,0.16070525,0.21633366,-0.114254676,-0.0044909553,0.18754008,0.02273372,-0.17631899,0.15378483,0.10776513,-0.10023164,0.0017116265,0.045195375,0.08399896,0.039055374,0.0890602,0.105100386,-0.37900904,0.26152903,0.39036694,0.21425806,-0.07420142,0.2863681,0.27322087,0.36159268,0.08287338,-0.078167856,-0.03948642,-0.12715252,-0.1801658,0.19973072,-0.2827165,0.114392705,0.3364941,-0.3245665,-0.048468824,-0.07543539,0.2101874,0.36238113,-0.04931878,-0.35231814,-0.16475667,0.038489684,-0.27353704,0.17711413,0.326961,0.31371963,-0.2381198,0.26071605,-0.27736336,0.09415423,-0.15196414,-0.0043589585,0.13838992,-0.24033722,0.115098715,0.2110126,-0.11589386,0.07130784,0.14056507,0.040467266,0.058945455,-0.16855192,0.084278926,0.009457265,0.13938881,0.044844475,-0.09649948,0.038697653,0.23462178,0.005574401,0.262658,-0.14865269,-0.23321761,-0.08114781,0.17604694,-0.13275896,0.15458436,-0.04297026,-0.21056426,0.23840748,0.1230162,-0.26149905,0.06569185,0.003661819,-0.2634015,0.30526847,0.05086503,0.16638021,-0.03851097,-0.17670955,0.4897718,-0.27917847,-0.05821054,-0.3456943,-0.14197563,-0.2322114,0.25476587,-0.05179685,-0.2541939,-0.100445874,0.32228568,-0.16371715,-0.3857323,0.014266172,0.20777848,-0.018824184,-0.22667983,0.18764076,-0.02369025,-0.0035352206,1,1,0,Enabler,0.31054547839128643
37,8,0.020050125313283207,0.015064205392958128,0.26068381225938037,0.03805386217770035,0.14285714285714285,4,0.012044698473932537,1196.1129724062685,0.3333333333333333,9,0.0,0,0.20075402625340386,23,10,2.739130434782609,3,2,15,3,-0.23591842,0.1591013,0.06263393,0.2962432,0.33744207,-0.017282262,-0.21380988,0.10744998,0.119923666,0.31112725,-0.05725434,0.04165822,0.18175422,-0.116819054,0.41582692,0.29938787,-0.25438258,-0.048856556,-0.18687034,0.1138093,-0.051594183,0.058890518,0.108567216,0.010772825,-0.6077325,-0.29921994,-0.10420649,-0.28078935,-0.49101117,0.0066806003,0.17639042,-0.2250025,-0.011317892,-0.10708589,-0.08582914,0.23512301,0.11886199,0.41085577,-0.05726956,-0.010105404,0.039723452,0.23131779,-0.09601406,-0.09195043,0.38827294,-0.2573033,0.14133434,0.17874035,-0.16864318,-0.0858602,-0.018950468,0.033402868,-0.13993472,0.13839036,0.035381205,0.059395578,-8.963825e-05,-0.19108002,-0.09009275,0.40839303,-0.2695775,0.17420799,0.095833294,0.1761986,0.1386768,0.38789088,-0.10086678,-0.0135796,-0.05416039,-0.21980967,-0.25474972,-0.2420381,-0.16670953,-0.2741921,-0.049017332,-0.3413124,-0.20883033,-0.120243,-0.08614757,0.042403437,-0.24824959,-0.5877246,0.06882022,-0.04047483,-0.039283786,0.29720572,0.15470697,0.06535203,0.20239039,0.008808618,-0.10615297,0.059957054,-0.09558146,0.083945416,0.25865525,-0.19249071,-0.07699555,0.0728075,-0.00019425122,-0.0688189,0.0744601,0.089455016,-0.27204528,-0.054986853,0.22149602,0.046490557,0.2148872,0.03771963,-0.01626015,-0.22614683,-0.040194254,-0.22189654,0.21407644,-0.45980215,-0.033594996,0.052772466,-0.18596688,-0.16510196,0.19110413,-0.035445556,0.08938051,0.47042397,0.4810219,0.05431881,-0.4880246,0.22897507,0.32801864,0.111371964,1,1,0,Enabler,0.30484097012353106
38,0,0.0,0.0,0.0,7.590317288714358e-60,0.0,0,0.0,0.0,0.0,1,0.0,0,0.0,9,7,2.2222222222222223,0,1,3,5,0.0018952107,0.007472383,0.005813785,0.0035921568,0.0017312244,-0.005149927,-0.005064087,0.0009997385,-0.00693277,0.004685525,-0.007624874,-0.004692858,-0.0068322914,-0.0025920179,0.0023150332,-0.0052130762,0.0007800348,0.007649728,0.005593761,0.0015196456,-0.0026408024,-0.004527852,-0.006794912,0.00049900636,0.0065453043,-0.006787031,0.0062473007,-0.0046092113,-0.0060608545,-0.007060446,-0.0029171733,-0.0007617213,0.0054616313,-0.0030278452,0.0066566467,-0.0075624883,-0.005007657,-0.0052392147,0.004145274,0.000906568,0.0053393347,-0.002525066,0.0019513564,0.0012227828,0.006504749,0.0028599706,-0.007218552,0.007011614,-0.007339659,-0.003151767,0.004355897,-0.0022576116,-0.0022816304,-0.002528091,-0.0070590572,0.0039632553,-0.005263758,0.0072434796,-0.00073291175,0.0067384997,-0.0025542686,0.0072450284,0.0077841077,0.0048989663,0.0057069687,-0.0064182263,-0.0035440335,-0.0030668583,-1.8204562e-05,0.002713277,0.0016956916,-0.0022343043,0.0051688403,-0.0067216633,0.00011921115,-0.0069206227,-0.0011726394,0.002273797,-0.007227991,0.0026250798,-0.0067720357,0.00017558318,0.0049444856,-0.0052369377,-0.00066555943,-0.004535812,-0.0004176004,-0.0027671624,-0.0011597965,-0.004960372,-0.006238075,-0.0034756856,0.0014849165,-0.0045273174,0.0013257973,-0.0026129084,0.00011735968,0.006087968,-0.0056525096,-0.00097502396,0.0072984304,-0.0007423004,0.0028849412,-0.003791104,-0.005330029,0.004142544,-0.005529139,-0.00041802973,-0.0073861917,-4.961528e-05,0.0017424403,0.0011347281,0.0025746664,-0.004896597,0.007510609,0.0074154176,0.004855385,-0.005565728,-0.00091242045,-0.002168429,-0.005134777,-0.0013571065,0.0065828264,-0.0019746479,0.0035101734,-0.005472875,-0.0018068077,0.0032512797,0,0,0,Peripheral,0.0
39,1,0.002506265664160401,0.0,0.17378920817292026,0.00038201477246194957,0.0,1,0.0,0.0,1.0,2,0.0,0,-0.7291066625123621,9,4,2.111111111111111,0,0,1,8,0.12288756,0.5087503,-0.52708966,0.3366651,0.668285,0.3554048,0.15278772,0.13463612,-0.07225222,0.4969157,-0.28677616,0.038625166,-0.33916134,0.30615607,0.42719015,0.18857346,-0.17948492,0.44545844,0.5178324,0.19505426,0.084858,-0.25875136,0.10294786,-0.39589036,-0.5690171,0.14374043,0.5094557,-0.3410131,0.3411331,-0.53418374,0.28699985,-0.6225851,-0.09662207,0.31514612,-0.19545344,0.15686727,0.06733858,-0.45731935,-0.03657038,0.006195868,-0.2399241,0.60739225,-0.12910527,-0.4448827,-0.1732286,-0.3797366,-0.14735417,0.06326225,0.23825635,-0.40328047,0.056511126,-0.55947596,-0.04813729,0.33941075,-0.31148365,0.26957345,0.58714277,-0.2588162,0.03540909,0.21310487,-0.31569448,-0.108784534,0.44911385,-0.4815232,0.14640757,-0.26819625,0.30478433,-0.09658722,0.20367143,-0.32299885,-0.10329953,-0.06235077,0.021230446,0.02654283,-0.15592228,-0.40883163,-0.093777046,-0.20963292,0.3206034,-0.33660743,-0.114100344,-0.34445444,0.17171043,0.38833982,0.08587429,0.12819229,-0.09289492,-0.3139307,0.03690608,-0.311424,0.22143497,-0.06765003,0.50650126,-0.1476411,0.2419176,0.18130504,0.30039698,0.11723038,0.13041633,-0.21492635,0.1923314,0.09853043,-0.052089293,-0.09729495,-0.299731,0.5502478,0.5090184,0.24339443,0.7182972,-0.45875496,0.37308455,-0.19920315,0.16036856,-0.45398784,0.32449028,0.1539131,-0.25862664,0.09373095,0.19596782,0.13280605,-0.3819084,-0.28521252,0.2973542,0.26683688,-0.41919237,-0.2968296,0.35335934,0.073178515,1,1,0,Peripheral,0.017559887659329133
40,1,0.002506265664160401,0.0,0.1949652041267635,0.0020015113467217074,0.0,1,0.0,0.0,1.0,2,0.0,0,-0.7291066625123621,10,7,2.2,0,5,1,4,0.3763857,0.18602294,-0.13851917,0.079561144,0.32125688,0.28808793,0.06327096,-0.22989392,-0.08115493,-0.2660931,0.29998997,-0.001709414,-0.03883657,-0.5306956,0.6653338,0.15168299,-0.49835485,-0.15763547,0.1589439,0.36189935,0.212463,-0.3412408,0.09512424,-0.15921925,0.13733998,-0.16251203,0.08962519,-0.43098912,-0.15273401,-0.20880012,0.2193208,-0.27320245,-0.054645956,0.26902354,0.21161403,0.17527463,0.28043848,-0.31023407,0.31685573,0.28795916,0.06670264,0.35874462,0.097406924,-0.52710557,-0.026556153,0.27271003,-0.046834037,-0.03844975,-0.2366555,-0.068494104,-0.14119527,-0.19853778,-0.10069795,0.015145112,-0.121959865,0.40931407,0.028043527,0.21107097,-0.62001145,-0.14017934,-0.31741497,0.07900581,-0.089626186,0.021802349,-0.09376977,0.2990988,0.15478359,-0.1420916,0.04249534,-0.36544114,-0.29467326,-0.63452125,0.09251679,-0.13096882,0.06359762,0.2159588,-0.14714603,0.067185186,-0.07044475,0.10947352,-0.1686303,-0.35279384,-0.19311838,0.17060955,0.10162812,-0.093971744,0.3193074,-0.1152032,0.3278721,0.10605376,-0.034682035,0.27246517,0.2711402,0.090893514,-0.079296574,0.62587535,-0.07384259,-0.3733371,0.060104273,-0.20124646,-0.18075803,0.0572161,-0.3750806,-0.22234349,0.09965727,0.012601411,-0.29176188,-0.14170337,0.42479327,-0.15139824,0.019422146,-0.34391278,0.2492145,-0.23898144,0.3533536,0.34574792,-0.19677389,-0.2405679,0.41774547,0.38197598,-0.79256725,0.03670023,0.45007044,0.1739596,0.047224034,0.19737203,0.08577518,0.14463812,1,1,0,Peripheral,0.01781293685021833
41,15,0.03759398496240601,0.014190656254772683,0.2831839843724394,0.11975723043711599,0.06666666666666667,10,0.0113114560368423,1126.7522972852057,0.18333333333333332,16,0.12888888888888883,1,0.9977774737669175,15,9,2.533333333333333,3,8,4,0,0.12481463,0.0043339604,-0.08942285,0.28392163,0.12263576,0.045362927,-0.1873006,-0.20175362,-0.10876269,0.17441046,-0.1738496,0.03709665,-0.06054898,-0.062727526,0.20864123,0.032597486,-0.19270895,0.016722782,0.13876696,0.19321314,0.08391308,-0.020219158,0.004757864,-0.30384067,-0.20019941,0.013788319,-0.07308075,-0.11053399,-0.12675813,-0.05097912,-0.06478677,-0.14349686,-0.12441487,0.27134737,-0.20246878,0.038150292,0.14583996,0.30914378,0.24734579,0.09231758,0.031908482,0.21368451,-0.28301737,-0.23699777,-0.0056933593,0.113043316,-0.10359992,-0.030287046,-0.09232918,-0.023033364,0.10416871,-0.113764964,0.0064672986,0.17794548,-0.115762144,0.027676864,-0.16125469,-0.14053147,-0.10082694,0.09708793,-0.1335003,-0.0002034616,0.028024334,0.412831,-0.19479963,0.09050369,0.14706253,0.07524566,-0.03595118,-0.22752117,0.0126420865,-0.3631787,-0.010653696,0.02376287,0.14893652,-0.28330386,0.0034136556,-0.0329714,-0.011869611,-0.25484574,-0.18629575,-0.34701303,0.09584589,0.08963208,-0.07845902,0.22717746,0.01450139,-0.038313337,0.08669774,0.05370259,0.23613484,0.120577335,0.13263746,-0.09321651,0.08736708,0.14159656,-0.15883309,0.074353725,0.117864035,-0.3702866,0.19742034,-0.06441185,-0.03422469,0.14338745,0.04007419,-0.32464418,0.045487374,-0.03764101,0.21583846,-0.1352907,0.016807541,-0.04460594,-0.121173196,-0.18076381,0.057697304,0.08890323,-0.108634375,0.08285687,-0.06787411,-0.24130386,-0.292444,-0.06492484,0.2609124,0.00903799,-0.31350744,0.008694002,0.013647621,-0.23699492,0,0,0,Broker,0.999536395481874
42,3,0.007518796992481203,0.00024306998652409923,0.21712034095935023,0.012428365794106722,0.0,3,0.00025341030649528025,19.3,0.5,4,0.0,0,-0.4634321800078576,15,8,2.466666666666667,0,1,4,10,-0.079513036,0.40372407,0.17501086,0.23282653,0.17620602,0.24063732,0.0111996345,-0.029277164,-0.4445344,0.15758751,0.28444967,-0.028928388,-0.18418984,-0.10665727,-0.24263054,0.2864126,-0.27198178,0.23879722,-0.15861768,0.41585496,0.29018253,0.33820206,0.18321267,-0.14245361,-0.38123938,0.112657376,-0.17738974,-0.34007797,0.0507232,0.025966639,0.2555626,0.068067126,-0.15327787,0.36978272,-0.008943512,0.29883352,0.3689217,0.04326997,-0.005754594,0.54140973,0.21640518,0.2596485,-0.118578136,-0.14854437,0.08729711,0.15261605,-0.3572285,0.45819178,-0.10784362,0.36076364,0.19767505,0.034118097,-0.09102471,0.30338,-0.2870911,-0.13431318,-0.10252276,-0.29630074,-0.013004347,0.57716537,-0.49283358,0.14788687,0.22820129,0.047121122,0.043421783,0.58406305,0.3270253,-0.053099453,-0.16401981,-0.36467335,0.42909622,0.07944075,-0.0027371824,-0.17499533,0.05001032,0.16840811,-0.2918343,-0.23131958,0.2633944,-0.43504626,0.22855717,-0.38179556,-0.18581288,0.11816006,0.010539506,0.40215868,0.16862278,-0.017012235,0.096343316,0.03633304,0.45303664,0.0578693,-0.045444768,-0.03394369,0.021691278,0.05198317,-0.042498358,0.14050052,0.45603994,-0.56441826,0.6493881,-0.24867103,-0.022206852,0.16243616,-0.09515562,-0.42497095,-0.35572615,-0.11254301,0.19095784,-0.019106485,-0.2676418,0.13091853,0.08384854,0.00013922644,0.39420012,0.23096082,-0.5401997,0.12261134,0.12883951,-0.33171335,0.057860162,-0.14731911,0.18646474,0.10855552,-0.42162308,0.1405197,0.21411686,0.12626567,0,0,0,Peripheral,0.017002891227290345
43,1,0.002506265664160401,0.0,0.1997613961102017,0.0022828419892921303,0.0,1,0.0,0.0,1.0,2,0.0,0,-0.7291066625123621,7,5,2.2857142857142856,0,1,2,4,0.01019174,0.1442485,-0.021116087,0.261444,0.15002218,-0.13098978,-0.119960524,-0.044583637,0.19732274,0.59058565,0.050573878,0.32792422,0.26260877,-0.23515804,0.37213188,0.60186356,-0.2446098,0.07975095,0.09719489,0.19643518,-0.26499087,0.11804497,-0.056445938,0.32140616,-0.12494249,0.31609836,-0.10070521,-0.20293173,-0.24839056,0.013648407,0.45678464,0.105056964,0.015199456,0.20346443,-0.17492133,0.041059848,0.15927562,0.16920365,0.102647364,0.050690323,0.12044336,0.44177684,-0.1950021,-0.1118061,0.3290342,-0.109300144,-0.19220097,0.041255973,-0.50331634,-0.12657554,0.04105482,-0.41988808,-0.32701045,0.08062243,-0.103292264,-0.0057139895,0.033546545,-0.13128807,-0.2719761,0.32579178,-0.20927666,0.75518245,0.51135373,0.093923666,-0.3095308,0.22923739,-0.21192166,-0.21063732,0.45728374,-0.048405733,0.0968287,-0.49206442,-0.2249272,0.09997798,0.082536936,-0.31869748,0.30252686,0.42207938,0.40693948,-0.206521,0.06576145,-0.3924046,-0.08074835,0.0658865,-0.22729571,0.36964214,-0.19904265,-0.05272942,0.026586907,-0.19754958,-0.1129871,-0.3512405,0.02266069,0.030642113,0.5003656,0.01463619,0.023151599,0.25562748,0.06932572,-0.6230716,-0.46039099,-0.40683943,-0.0026550048,-0.022341128,-0.20434578,0.11125083,0.22515506,-0.010904035,0.32140926,-0.08345721,-0.15978046,-0.04208462,0.059085824,-0.48810178,0.1008134,0.13536787,-0.06368999,-0.2504517,0.27492186,-0.3311863,-0.25385273,0.009782304,-0.06547117,-0.011910825,-0.26420388,0.32287896,0.12982418,-0.2323814,1,1,0,Peripheral,0.017856895258409052
44,8,0.020050125313283207,0.020150946479574716,0.2485172380070298,0.03245904745376324,0.07142857142857142,4,0.011880588324745197,1600.0053014247121,0.2777777777777778,9,0.0,0,0.20075402625340386,24,13,2.625,10,2,8,4,0.14320736,0.26378745,-0.11544042,-0.06291349,0.0909362,0.34324434,0.07396951,-0.2961082,0.0018245659,-0.17886238,0.22347304,-0.12099258,0.060359303,-0.5039365,0.40436843,-0.064204365,-0.3948001,-0.10625297,0.18801603,0.21734044,0.18805863,-0.3521029,-0.030815335,-0.015797209,-0.140889,-0.0093852915,0.1991101,-0.38656804,-0.20520012,-0.07630471,0.16024326,-0.1215974,-0.123710714,0.19908518,0.05861049,0.0934484,0.3091849,-0.20762032,0.27664983,0.046018157,-0.13534567,0.13489829,0.13649093,-0.3483874,-0.059271988,0.13258348,-0.11003968,-0.112919554,-0.30574465,0.06556384,-0.10826904,-0.3516769,-0.15914488,-0.079467885,0.04540778,0.33493188,-0.010458953,0.04086987,-0.44588116,0.15048243,-0.5054965,0.06834991,-0.17138112,0.23928413,-0.18180688,0.10042732,0.2680137,0.09727543,0.023505488,-0.22739194,-0.16927733,-0.71070504,0.047614917,-0.21643484,-0.014690761,0.042737063,-0.09371105,-0.16726235,-0.04650818,-0.019207656,-0.1506365,-0.32689315,-0.106328405,0.3597284,0.011310328,0.0060822177,0.21566802,0.030571597,0.27873683,0.03299111,0.029334005,0.014650816,0.09849438,-0.063535854,-0.028357506,0.40677133,0.13711967,-0.29774526,0.18895948,-0.27000478,-0.05997968,-0.005001959,-0.24602392,-0.2594794,0.09656357,0.17085889,-0.07400123,-0.114987835,0.45902395,-0.14277987,0.09728454,-0.26529628,0.28549296,-0.29495084,0.31543615,0.18904525,-0.092187196,-0.16580164,0.40034196,0.21203145,-0.70782804,0.04227246,0.45173204,-0.035729624,-0.006031454,0.0017525487,-0.1973509,0.14428015,1,1,0,Peripheral,0.050110027385288365
45,1,0.002506265664160401,0.0,0.1471735523675523,2.9743433208271792e-05,0.0,1,0.0,0.0,1.0,2,0.0,0,-0.7291066625123621,13,10,2.3846153846153846,0,5,2,6,-0.103703365,0.26864052,-0.15671687,-0.11830569,-0.07978382,0.5467104,0.30326205,-0.2836099,-0.40760836,-0.07785128,-0.3733229,-0.067378625,0.10083906,-0.093266405,0.7554703,0.1727988,-0.8280002,-0.49908406,0.022871071,0.7100992,0.02986001,0.22357269,0.66184825,-0.35509434,-0.65998995,-0.23421413,-0.10416738,-0.657376,0.45244557,0.017445188,0.1112821,0.053994358,-0.5042393,-0.19503017,-0.08742442,0.027244166,-0.480194,-0.28575465,0.12755243,0.64440227,-0.3285993,0.42573658,-0.27857587,-0.63701934,0.2106645,-0.6047946,-0.5986565,0.068992876,-0.2798937,-0.76794505,0.47070915,-0.49928108,-0.030238865,0.22740437,-0.010728432,0.30212504,-0.44751906,-0.48278916,-0.8092672,0.5116561,-0.37309995,-0.07661993,0.42872253,0.71363336,0.35879087,0.38883987,-0.39623085,-0.44357166,0.12429165,0.024820257,-0.0152551355,-0.31610975,-0.34472123,0.1405294,-0.13866094,0.022774864,0.12575465,-0.19955231,-0.24965827,0.015927395,-0.40194032,0.06595487,-0.16581906,0.31775963,-0.33215967,0.29209688,0.023679404,0.41530845,0.2972766,-0.19280373,0.3772196,0.697657,0.11040909,-0.6056891,-0.16053964,-0.08657543,-0.26694563,0.49470133,0.32274178,-0.25426838,0.47695827,0.10343386,-0.117228724,-0.17572515,-0.40485972,0.030533193,-0.17824596,0.20604603,0.26574525,-0.44880724,0.4202185,0.4274845,-0.12247027,-0.07963816,0.07205832,-0.011586217,-0.24277686,-0.26860514,-0.24738082,-0.09733124,-0.17856936,0.09805218,0.24936822,-0.40137708,-0.49967003,0.4568091,-0.39637935,0.05998966,1,1,0,Peripheral,0.017504844642388915
46,11,0.02756892230576441,0.00757000741455696,0.26131297672983744,0.05338027795725375,0.14545454545454545,6,0.013217826821634101,601.0661587232372,0.2878787878787879,12,0.0,0,0.5992657500101607,15,9,2.2,4,0,6,5,-0.2661041,0.33691108,0.026469454,0.48043215,0.11384313,0.040684313,-0.45114553,-0.3077783,-0.23444407,-0.1142697,0.21132438,-0.02785081,-0.19765796,0.02824645,0.4564756,0.11899516,-0.46174917,0.09606449,0.3395025,0.31635234,-0.008228501,-0.09121189,0.021944212,-0.17445742,-0.03980244,-0.21925935,0.35681036,-0.24714798,-0.056316923,-0.3063674,0.09923431,-0.086929284,-0.008066214,0.043080434,-0.22891478,0.45713368,0.04365736,0.15617253,-0.023854533,0.2820379,0.017066618,0.20580561,-0.41967896,0.02614572,0.29256147,0.026597004,-0.05400336,-0.051899467,0.052961018,-0.2971188,-0.0027694062,0.02043819,0.019540967,0.057755623,-0.076068394,0.1634064,-0.09725457,-0.17977557,-0.29164028,0.27801338,-0.27189153,-0.0024469465,0.20802307,0.4242353,-0.18082441,0.1932164,-0.023514677,-0.04886371,-0.2745107,-0.28509486,-0.16187756,-0.08531293,0.048021555,-0.22355656,-0.18372922,-0.12599386,-0.03853297,-0.067160666,0.17694929,0.11457291,-0.36941645,-0.20554617,-0.2581663,0.086921416,0.21267556,0.36856285,-0.058530387,0.25525907,-0.022972599,-0.02538528,0.058934882,-0.035975974,0.09191101,-0.037246402,0.11607841,-0.044571504,-0.37013462,-0.02460965,0.0847265,-0.056978837,-0.06568439,0.4148554,0.2534354,-0.104657985,-0.11957145,-0.22553024,0.30002275,0.17871875,0.0040015266,-0.29955795,-0.24535047,-0.17407596,-0.12270336,-0.16463333,0.25200135,-0.21945982,-0.24411526,-0.047163658,0.031008285,-0.43340114,-0.31641304,-0.15953067,0.22548933,0.20604908,-0.35042125,-0.12622932,0.0711466,-0.2641384,0,0,0,Peripheral,0.04960872923696738
47,1,0.002506265664160401,0.0,0.1809537772006618,0.0023626635362526804,0.0,1,0.0,0.0,1.0,2,0.0,0,-0.7291066625123621,6,5,2.1666666666666665,0,2,1,3,-0.19755663,0.0005553032,0.09317834,0.21870497,0.31823552,0.15982968,-0.49095035,-0.08721938,0.37178385,0.46155453,0.59363467,-0.106464386,-0.025563607,0.09219598,0.46258396,0.0655592,-0.50745386,0.44833064,0.27388284,0.3919415,0.04960006,-0.19230717,0.1639393,0.002476893,-0.61943585,0.15499021,-0.2922608,-0.43672588,-0.14884925,0.016730728,0.10762172,0.09096512,-0.5457661,-0.09326727,-0.12534975,-0.028129147,0.44568714,0.0067991754,0.5923773,0.36766067,-0.11083002,0.3785949,-0.13344246,-0.113905236,-0.3899887,-0.10363991,-0.17418136,0.4352313,0.5639876,0.075320266,0.11127387,0.07735816,0.40183833,0.07036954,0.010675991,0.14106745,0.04588307,-0.13971204,-0.049080834,0.15838744,0.018913506,-0.03183354,0.20120649,0.24532005,-0.2973536,0.0033425684,0.08910396,-0.48508653,0.28502083,0.0022123351,-0.27202263,-0.3941675,-0.28525224,-0.051253118,-0.330986,-0.5829282,-0.21014076,-0.008000381,-0.23677143,-0.047505014,-0.39164367,-0.025877314,0.015239991,0.10825103,0.17786483,-0.31954777,0.27307945,0.035079144,0.0075807143,0.035706446,0.027175535,-0.2131204,-0.25448814,-0.040838037,0.26145387,-0.277168,-0.10438131,-0.0558739,-0.18797052,-0.205039,-0.12639408,0.31990296,-0.20708735,-0.124068245,0.04406963,-0.3371608,-0.25830492,0.34006116,0.5560464,-0.40332007,0.28421828,-0.21229793,0.123801574,-0.16190848,0.12699564,-0.26579335,-0.13404626,0.17680371,0.03635536,-0.45499647,-0.08955115,-0.15182674,0.21994033,-0.1871807,-0.53367805,-0.2136722,0.18012378,-0.07033273,1,1,0,Peripheral,0.017869367515649315
48,1,0.002506265664160401,0.0,0.1997613961102017,0.0028459276729731284,0.0,1,0.0,0.0,1.0,2,0.0,0,-0.7291066625123621,10,6,2.0,0,3,1,6,0.1996488,0.34687456,0.31921166,0.21068735,-0.005491648,0.12112604,-0.32741687,0.063076735,-0.24220176,-0.09792542,0.19508691,-0.21073043,0.031885687,-0.042621776,0.076704904,0.008282631,-0.14347807,0.25946105,-0.09655974,0.15836564,-0.12689474,0.32429004,-0.08427824,-0.20707354,-0.4174072,0.26836303,-0.23215398,-0.18990548,-0.2478696,0.032769118,0.32206908,-0.17035604,-0.041783772,0.18767649,0.21479028,-0.108182915,0.3287171,0.16603798,-0.22700307,0.47670367,0.05500177,0.29419157,0.13442427,-0.31845394,0.0790981,0.014475353,-0.31464985,0.2319111,-0.21812323,-0.25598133,0.21174031,0.05109184,-0.11735356,0.17195298,-0.29280066,0.23983148,-0.021946738,-0.05631179,0.13580243,0.28982633,-0.1299978,-0.07517705,0.2790423,0.27176556,0.010049477,0.5468152,0.34147114,-0.24678847,-0.12867135,-0.12393139,0.07365034,-0.30418473,-0.33930823,0.21289854,-0.058232285,-0.038212977,-0.27540115,-0.42909855,0.113179564,-0.42947683,-0.38963068,-0.8249269,-0.30418995,0.2623068,-0.012525281,0.151276,0.1892674,-0.31603473,0.16910012,-0.13770197,0.6339589,0.027582103,0.26281357,0.20272464,0.12620042,0.31136185,0.025913388,-0.13703126,0.23207052,-0.7136592,0.17272213,-0.036597364,0.1914398,0.41676378,-0.11382541,-0.38386154,-0.18612348,-0.030379996,0.038280673,-0.4384589,0.045485,0.0798333,-0.3369724,-0.20337135,0.19995277,0.4604849,-0.2365359,0.3896392,0.21886854,-0.47543114,-0.032305334,-0.013977048,0.13104048,0.13745548,-0.3480232,0.023031382,0.18205567,-0.0768202,1,1,0,Peripheral,0.017944878387809556
49,2,0.005012531328320802,0.0013041579930378863,0.2071505293846862,0.0033475472249719536,0.0,2,0.0015729353702291604,103.55144880520122,0.6666666666666666,3,0.75,1,-0.7291066625123621,9,6,1.5555555555555556,0,1,3,5,-0.449439,0.71078247,0.10862145,0.35764724,0.055348758,0.115808144,-0.2721264,-0.4741892,-0.36696935,-0.045902435,0.078359276,0.015527543,-0.14548579,0.04418138,0.57844377,0.22738533,-0.35777143,0.16775881,0.3970972,0.5109635,-0.15354462,0.12080225,0.07878408,-0.3191542,0.07794105,-0.19381,0.20381677,-0.32395613,-0.37768093,-0.036181387,0.063208155,0.18441042,0.029844716,-0.020285388,-0.5352037,0.15339126,-0.10274744,0.5259924,-0.16773301,0.351163,0.022120431,0.0021975108,-0.49957705,-0.29093724,0.3323289,-0.018376296,0.07641519,-0.06977635,0.28514728,-0.37429723,0.18825893,0.12963222,0.05754941,0.15755948,0.20019792,0.33113015,-0.21881533,-0.2224921,-0.22799096,0.4464942,-0.28900072,-0.24647498,0.34432563,0.1841571,-0.1885502,0.084941804,-0.32887518,0.16697499,-0.584578,-0.17067917,-0.33631238,-0.32995456,0.10286143,-0.23341995,-0.19620512,0.09660429,0.009657085,-0.20710374,-0.026623035,0.1288922,-0.42163977,0.07759537,-0.13201155,0.2877489,0.263809,0.19213758,-0.32006484,0.35210797,0.19382487,-0.07532601,0.27785856,-0.06464535,-0.016399873,0.31101525,0.052967567,0.115715005,-0.70398873,0.12238875,0.05941844,0.13830975,-0.29508588,0.53100646,-0.07653349,-0.24962987,0.08077651,-0.061781228,0.4163184,0.09629786,-0.00595198,-0.5154784,-0.47033328,-0.14175658,0.3524394,0.25132507,0.07539418,-0.20176515,-0.14888324,0.44841102,-0.21719395,-0.13823506,-0.45896614,-0.29192308,0.18879367,0.38138726,-0.19363186,-0.24869475,-0.005845104,-0.4171446,0,0,0,Peripheral,0.013974251203135533
50,27,0.06766917293233082,0.03434770786653123,0.3132227869577512,0.1777499532276614,0.039886039886039885,10,0.0271280377753788,2727.242352310446,0.10846560846560846,28,0.2098765432098766,3,2.32614988628944,12,6,3.0,9,3,0,0,-0.12001295,0.20165777,0.02351848,0.23195271,0.14270923,0.015763773,-0.042605553,-0.15195851,-0.11980617,0.07776648,0.077443406,0.023906877,0.13820288,-0.20212413,0.1658876,0.3036967,-0.111328326,-0.00978258,0.0745439,0.20755507,0.09467776,-0.08395434,-0.16195159,-0.08968292,-0.2446149,0.09245972,-0.091762446,-0.20350833,-0.010888752,-0.057259023,0.20199305,0.04531469,-0.18814522,0.19501583,-0.055759232,0.20910078,0.060434047,0.104924746,0.04270117,0.24707606,0.021778002,0.15378815,-0.03378683,-0.17591146,0.16163023,-0.02697317,-0.03429907,0.03289596,-0.07874174,0.010655737,0.15583718,-0.009568893,-0.07995353,0.22084461,0.04422722,0.21344766,-0.11018678,-0.13023286,-0.10004872,0.3056136,-0.18749556,-0.12367593,0.116699025,0.20086902,-0.012395563,0.3202094,0.026247839,0.2911304,-0.01389926,-0.13502824,0.026839653,-0.21404308,-0.13680801,-0.10434667,-0.06874619,-0.2941209,-0.03732443,-0.13344976,0.16191162,-0.048358947,-0.051201027,-0.2903197,-0.07211754,0.24762093,0.050883062,-0.04354405,0.1502999,0.0051177377,0.14250049,-0.035105363,-0.041750833,0.18558045,0.1644726,-0.026461937,0.14431293,-0.027449071,-0.142879,0.057205293,0.028263938,-0.36236402,0.008417935,0.103220716,-0.041949913,0.09979951,-0.20126873,-0.16764343,-0.059382435,-0.029011436,0.14143525,-0.1022154,0.057819266,-0.044604,-0.0105940355,-0.24677949,0.1459644,0.09678148,-0.29765248,0.17521983,0.12743515,0.004461125,-0.2920995,-0.08888156,0.15221478,0.1537006,-0.17566821,-0.2199475,0.07252775,-0.016084734,0,0,0,Coordinator,1.0
51,1,0.002506265664160401,0.0,0.1973341616495674,0.003458229442501973,0.0,1,0.0,0.0,1.0,2,0.0,0,-0.7291066625123621,6,4,2.1666666666666665,0,1,0,5,0.23815334,0.49141547,-0.210507,0.47602123,0.26328918,0.40384227,0.14851348,-0.20867434,-0.3476834,0.432696,0.1657754,-0.16842645,0.0044614533,-0.5381193,0.15887357,0.39918008,-0.10290316,0.0026563676,-0.10796163,0.36913684,0.13695471,0.03382758,0.39726835,-0.22579274,0.00059253257,0.13991551,0.05106898,0.0010894601,0.044271797,-0.15354693,0.11354813,0.049421806,-0.037537914,0.1150267,-0.18526913,0.23101133,0.41454974,0.39175782,0.17723049,0.2478515,-0.17667218,0.18500505,-0.33308256,0.19115002,-0.078571744,0.029608605,0.018592888,0.15136123,0.10094328,0.027140163,0.0466627,0.034167618,-0.22054462,0.025991337,-0.21810527,-0.33419794,0.06185662,-0.1158575,-0.33388522,0.13782585,-0.6200535,-0.102624536,0.3926927,0.22714588,0.24668582,0.18276487,0.029198382,0.033653643,-0.2507501,-0.14464109,0.2678762,-0.060134012,-0.20521155,0.04739996,-0.035853256,-0.041437462,-0.035864055,-0.52362055,0.17877926,0.13610625,0.18853988,0.049056422,-0.17122634,0.17013742,0.2744427,0.36201712,0.32816014,0.299696,0.033638377,-0.11962052,0.33405662,0.21921472,-0.08880659,-0.7931789,0.24477974,-0.029407378,-0.115361504,0.2779752,0.48814097,-0.44279924,0.3899221,-0.100005664,-0.14714439,-0.08493381,-0.44866517,-0.068116605,-0.19502783,0.09454789,0.016125279,-0.14263734,-0.39406118,0.26827988,-0.027471678,0.12945138,0.52797616,-0.08254225,-0.17935376,-0.17033017,0.13675447,-0.40450677,-0.021388412,-0.19102317,0.20698643,-0.009988119,-0.48666593,0.20241801,0.6436295,0.4668612,1,1,0,Peripheral,0.01804055161726984
52,14,0.03508771929824561,0.0029602065511028577,0.2797691904179052,0.12439904439986114,0.13186813186813187,10,0.0024348543805753986,235.043360364118,0.24761904761904763,15,0.0,0,0.9977774737669175,14,8,3.2142857142857144,5,7,2,0,-0.08209517,0.20318691,-0.105914004,0.22721724,0.2433685,0.1338701,-0.006639402,-0.05335273,-0.19403856,0.09244895,0.049189124,-0.01504709,-0.060602188,-0.2286732,0.27686757,0.14870967,-0.29315767,-0.06362448,0.09296311,0.17609671,0.12094204,0.11692234,0.10201238,0.046333823,-0.2236878,-0.123080656,0.15664023,-0.16109394,-0.0829476,-0.033245187,0.13745047,0.025422018,0.03673023,0.2719829,-0.15156019,0.19264826,0.16713004,0.07458693,0.15752621,0.2399924,-0.018635307,0.17493287,-0.2624407,-0.041652415,0.114649005,0.020191912,-0.18247399,0.27197263,-0.027414193,0.08614129,0.19290411,-0.03534297,0.06460272,0.12519522,-0.08896265,0.018583298,0.094632514,-0.15537174,-0.3292341,0.16222681,-0.31896108,0.10989835,0.1173948,0.20998828,-0.021064872,0.2552409,0.12192003,0.094492495,-0.093457416,-0.18639594,0.09167847,-0.35195222,-0.026311819,-0.0035019051,0.010061905,-0.20416637,0.041421246,0.020199036,0.061529692,-0.019395214,0.0027633463,-0.1474391,-0.15707283,0.10598158,0.15375088,0.09883848,0.036649827,0.07481636,0.12267989,0.000893849,0.095617756,0.0882798,0.04895382,-0.12535067,0.17164366,-0.010792678,-0.15312482,0.14401694,-0.00043976164,-0.23015864,0.119429074,-0.08148594,-0.08053009,-0.0077631483,-0.028446103,-0.12915507,0.05113569,0.0014661986,0.16830331,-0.09378459,-0.11501535,-0.050466493,0.037637606,-0.09085046,0.09086433,-0.084155135,-0.14769405,0.12552623,-0.016760983,-0.012105603,-0.09663104,-0.09513111,0.07607729,0.22659895,-0.21649791,0.072764724,0.0518531,-0.04318296,0,0,0,Broker,0.9160174238627421
53,3,0.007518796992481203,0.002517605192605456,0.21453898948163008,0.008519264315345526,0.0,2,0.004789645667909166,199.9003698980658,0.5,4,0.0,0,-0.4634321800078576,6,4,1.5,0,0,2,4,-0.08470244,0.20321813,0.14374061,0.1262599,0.35163847,0.092381895,-0.29931113,-0.005459304,0.16472061,0.20207243,0.42179692,-0.073531955,-0.13814291,-0.1119266,0.30200392,0.0070764124,-0.3238513,0.24754044,0.030438194,0.2655323,0.2495217,-0.08346953,0.30815598,0.10273267,-0.81302536,0.080570936,-0.32080203,-0.24046373,-0.30690533,-0.14077112,0.12351977,0.2700407,-0.30977836,0.23662584,-0.17221212,-0.024205,0.388296,-0.2038804,0.433956,0.02254371,-0.09052927,0.31703877,-0.28309733,-0.23723172,-0.036066275,-0.056080762,-0.2729821,0.3078689,0.33694887,0.44777521,0.29042545,0.2686011,0.40557313,0.221522,-0.15654314,0.1442945,0.096145175,-0.39722216,0.028253747,0.40469187,-0.3925729,0.31385696,0.19528507,-0.07075646,-0.41127145,0.46716994,0.3486801,-0.09960948,0.3676631,-0.18901695,-0.057927396,-0.029286109,-0.054606196,-0.0362361,-0.29488084,-0.44292244,-0.3665682,0.17313519,0.11801617,-0.37330374,-0.13081145,0.24697158,0.053462356,0.2990691,0.26991713,-0.2622474,0.25791866,0.057284582,0.25905597,0.29316628,-0.124614805,-0.14273651,-0.24117142,-0.009416532,0.04877473,-0.22117868,-0.32588357,0.18431348,0.08735778,0.03373417,-0.06806767,0.3254566,-0.363166,-0.12561023,0.27300373,-0.32502776,-0.3734609,0.08919707,0.62535423,-0.0931109,-0.08662648,-0.17468032,0.24671818,-0.21029288,0.2893259,-0.014236899,-0.36753836,0.11464658,0.06131594,-0.35258684,-0.113007665,-0.51938015,0.16421135,0.16549437,-0.6004165,0.18740326,0.06636379,-0.1522275,1,1,0,Peripheral,0.026335833079071055
54,4,0.010025062656641603,0.004733657546594413,0.21510730468555495,0.006195269994952061,0.0,2,0.00912574218908522,375.85714285714295,0.4,5,0.0,0,-0.33059493875560525,10,6,2.8,0,3,2,5,0.06048542,0.5648745,-0.31609246,0.24408947,0.581726,0.30114806,0.18537192,0.015490635,0.16486901,0.3539608,-0.25768623,0.013047127,-0.36236328,0.13604352,0.16275692,0.048202515,-0.24410775,0.30782977,0.37975928,0.23826498,0.08429306,-0.21436174,0.18604834,-0.43136296,-0.42391837,0.101261556,0.36343068,-0.4696642,0.36819467,-0.65317696,0.19244719,-0.5725607,-0.15335687,0.3631638,-0.31759673,0.26610574,0.20410486,-0.22911696,0.06600575,0.13288972,-0.1704878,0.4647796,-0.06836922,-0.18857826,-0.16128312,-0.4093349,0.06840109,0.13569902,0.15371372,-0.34875542,-0.05621835,-0.5673149,-0.03135357,0.27473152,-0.31623426,0.3124719,0.35341993,-0.15570302,-0.047386587,0.27472526,-0.39509514,-0.21653143,0.41261744,-0.35539836,0.21887407,-0.2499296,0.17567368,-0.117591925,0.18479683,-0.29753885,-0.041383814,-0.19314358,-0.018148366,-0.0012937785,-0.21805333,-0.34574807,0.0028719176,-0.20341505,0.21730654,-0.28617314,-0.07980811,-0.29622364,0.10119815,0.23478164,0.09400292,0.026693027,0.021269696,-0.14089295,0.1185962,-0.32064652,0.08160996,-0.0012306215,0.68114233,-0.10524544,0.2605804,0.15885995,0.20801051,0.18065597,0.03142356,-0.12810035,0.07293674,0.043790776,0.0031543197,0.051801052,-0.20959358,0.4911358,0.51497847,0.17916332,0.60247445,-0.57114094,0.2512333,-0.20675781,0.22457963,-0.43692663,0.15399188,0.13369676,-0.28722176,-0.05950006,0.032416064,0.1310431,-0.4257776,-0.1921164,0.3274069,0.19186236,-0.49326947,-0.21399426,0.27268544,0.079676904,1,2,0,Peripheral,0.028401745332096384
55,1,0.002506265664160401,0.0,0.19276678342741124,0.0011149903559723854,0.0,1,0.0,0.0,1.0,2,0.0,0,-0.7291066625123621,10,7,2.2,0,4,1,5,0.05380813,-0.07187866,-0.324449,0.4931063,-0.19876619,0.15305859,0.053186927,-0.7370069,0.17140014,0.19447027,0.23275906,0.023061376,0.07745576,-0.22135875,0.67168313,-0.2685744,-0.34066367,0.054496747,0.15622072,0.2572442,0.14435694,0.30934414,0.53749245,0.054059666,-0.2856641,-0.1892669,-0.011998181,-0.035817444,-0.11935857,-0.23778525,-0.030296143,-0.02625131,0.0055046105,-0.33693025,0.3124157,0.13825361,0.20107254,-0.4623568,0.29070118,0.31465137,0.583434,0.26124913,-0.4677729,-0.3716134,0.22325732,-0.47679105,-0.27408364,0.06526282,-0.46807203,-0.160564,0.15130873,-0.25104475,0.2971296,0.09388511,0.115976684,-0.097761914,-0.09541592,-0.24514395,-0.2283836,0.22480275,-0.7078267,-0.030891009,0.17740406,0.2063417,-0.0690162,0.4985089,-0.21873653,0.42714453,0.16391514,-0.1827361,0.46549246,-0.30340934,0.25016382,0.06094927,-0.038115453,-0.5917047,-0.28755966,0.08726131,0.1455442,-0.06046985,-0.15108722,-0.24326801,0.018436804,0.26655066,-0.08130552,-0.0069892453,-0.06475717,-0.1074493,0.035424065,0.054516137,0.14948495,0.24018247,0.2385368,-0.40214935,0.101410545,0.32258064,-0.34690094,0.009266036,0.2185887,0.0596716,-0.06715098,-0.34838125,-0.32409778,0.041727632,0.19280438,0.19367112,0.21353258,-0.6622396,0.056246094,-0.35285226,0.44888088,-0.12128318,0.04454051,0.19154672,-0.2962394,-0.054809865,0.039916705,0.17331016,0.367588,0.12519628,-0.08069464,-0.49121866,0.16332935,0.3080154,-0.35696504,-0.19408396,-0.22980413,0.07240848,1,1,0,Peripheral,0.017674416384673073
56,0,0.0,0.0,0.0,7.590317288714358e-60,0.0,0,0.0,0.0,0.0,1,0.0,0,0.0,10,6,2.5,0,2,3,5,-0.0007742755,0.0013593184,0.006847606,-0.0053308876,-0.0004294226,-0.0050049825,-0.002112208,0.004145994,0.0021334141,0.0037940945,0.0021200264,0.0040420312,-0.00060960185,-3.578607e-05,-0.002782436,-0.0030514607,0.004104077,-0.0058588395,-0.004879441,0.0069408407,-0.0023928266,-0.007020302,-0.0015516765,0.004458445,-0.000582912,0.005726559,0.0033297902,0.00417581,-0.0049129995,-0.0015746262,0.0011404036,-0.0073093055,0.0028434312,-0.0024118274,0.003672231,-0.00086387526,0.0045003826,0.0006055292,-0.004503918,0.0045575546,-0.003982784,-0.0015392583,-0.0007533906,0.0027578147,-0.0020316802,-0.0022943476,-0.0043733194,0.0044767577,0.00082515366,0.00079796836,0.0034551667,-0.0013349578,-0.002966498,0.0065854657,0.0030472698,0.0041267453,0.0075056525,0.0070176097,0.0019061118,0.0039876476,-0.0048063593,0.00023863185,-0.00057362486,-0.0035653068,-0.0024857344,0.0057920916,0.0038056616,0.0065854685,-0.0028222054,0.0018927399,0.006877858,-0.0054591205,-0.0014738003,0.004760351,0.0039961943,0.002240749,-0.0014677718,0.006803668,-0.004362965,-0.004661127,0.0032370584,0.0012090616,0.0008964259,-0.0014296947,-0.007092811,-0.0023014685,0.0003226241,0.001276345,-0.00026469398,0.0055146124,0.0014373995,-0.0049553644,0.0016208729,0.0055447007,-0.005317403,-0.0014469093,-0.0068168016,0.0020918678,-0.0035274494,-0.0004793657,-0.0054485714,-0.0038947463,-0.0038110819,-0.0003377525,-0.0020221183,0.000744028,0.0062005194,0.0010832828,-0.0035777614,-0.0058047352,0.0018749349,-0.0035893647,-0.0010756124,0.0050567053,-0.0070127947,-0.0031837402,0.00022182986,0.0042462116,-0.004337672,-0.0023974506,-0.0019628536,-0.0012566634,-0.006292955,0.00068826694,-0.0024630474,0.005714477,0.0038361335,0.0058636656,0,0,0,Peripheral,0.0
57,0,0.0,0.0,0.0,7.590317288714358e-60,0.0,0,0.0,0.0,0.0,1,0.0,0,0.0,15,8,2.066666666666667,0,6,4,5,0.0009913808,0.006296236,0.00526879,0.00077596214,-0.0024618628,0.00085716136,-0.0032120002,-0.0024001487,0.007419952,-0.005881385,0.0005807895,-0.003040325,0.0063170968,-0.00035743415,0.0038225856,0.006333526,-0.0037211338,-0.0064618103,0.00042260624,0.0048206598,0.0063928887,0.004286336,0.0028815344,-0.003332017,-0.0071194405,0.006203967,0.002416742,-0.0022056466,0.004063179,0.0073138885,0.00021071173,-0.005116312,-0.004116551,-0.0005075019,-0.0014508581,0.0029432196,-0.0027064132,0.0052454732,-0.0061322665,-0.0026993398,0.00071549974,0.0026147198,-0.004712046,3.2885e-06,-0.002594037,0.0052501988,0.0066427365,0.0057718363,-0.0041859066,0.0054738596,0.00037884433,-0.0033719754,0.004281995,0.004938554,-0.0046602506,0.0048583634,0.00065867417,0.0029515335,-0.0004471345,-0.005998037,0.005129734,0.004494454,0.0011908822,0.0018507848,-0.00088005327,0.0065920493,0.007745254,-0.0018970193,0.00013074186,0.0044059465,-0.00095869973,0.0025752923,-0.0029627718,0.003303622,0.0020747427,0.0030366667,-0.00507678,0.00030141603,-0.006622838,-0.001351078,-0.0054873135,-0.004760947,0.003328845,0.0044673216,-0.0025117993,-0.0023464058,-0.0005938774,0.0034961822,0.0016249735,-0.007468082,0.0016329959,0.007229548,-0.007679538,0.0011297241,-0.006999543,-0.0063394103,-0.006271799,-0.0076176766,0.00057069026,0.0042943843,-0.0034884578,0.0027153576,0.003912162,-0.0066728527,-0.0017169127,0.0033228127,-0.007027312,0.004350284,0.00012957212,-9.009335e-05,0.0062419903,-0.0047736447,-0.00066800136,0.0010227421,0.0002809707,0.0024355296,0.0049405033,0.007288671,0.0009932676,0.0072770724,-0.0001280224,-0.0039627906,0.00084320176,-0.003347613,0.004592684,0.007381739,0.0072645014,-0.0060001537,0,0,0,Peripheral,0.0
58,0,0.0,0.0,0.0,7.590317288714358e-60,0.0,0,0.0,0.0,0.0,1,0.0,0,0.0,13,7,2.6153846153846154,0,1,6,6,-0.0062182117,0.0033212798,-0.0009979988,-0.006989997,0.0074553853,0.00026026368,-0.0056233015,-0.006878199,0.0061413534,-0.00246209,0.0027035736,0.00024349056,0.004990804,-0.007116765,-0.0028474964,-0.0012890613,-0.0037526572,-0.002887329,0.004477702,-0.0028895065,-0.006948472,0.0038915947,-0.0024639117,-0.005663244,-0.004137355,-0.001514609,-0.005938814,0.0047627576,-0.006702915,0.0044729896,0.003698771,0.0002723243,0.0026680697,-0.0060494626,0.0029288745,-0.0062691364,0.0057924977,0.0011739386,0.0039692447,0.005390183,-0.0018711481,0.0034022108,0.003925368,-0.0039286474,-0.0063389232,0.0034114867,-0.00070102327,0.0065384116,0.0031276774,0.0048806835,0.0065205973,0.007786612,0.001052347,0.0051630028,0.0027307728,0.0004282333,0.0036185794,-0.0018667793,0.0050462605,-0.006683334,0.007130081,0.0045822468,0.0025087316,-0.0028488664,0.0068789767,0.006862265,0.0036272388,0.004032499,-0.00047645252,-0.0045211464,-0.006210695,-0.006131856,-0.0034146393,0.0038609598,-0.004396283,0.0072073974,-0.0068842033,0.005993372,-0.0048558237,-0.0005717082,0.0031072982,0.0026600827,0.0071385875,0.006494551,-0.0036542006,0.002559172,-0.0033383248,-0.0029645953,0.0011565629,-0.007243692,-0.0016368497,0.005997047,0.0065626176,-0.0047525195,0.0009911368,0.0044458006,-0.0060352692,0.00347324,0.0001741238,0.004578593,0.0049554314,0.006802435,-0.0070725055,0.0064562503,0.0022242758,0.0011013616,-0.003082537,0.006028505,0.0022554966,0.0020752773,-0.0071509685,0.0065050423,0.0060167722,-0.0007324433,-0.004179598,-0.006863662,-0.0010308474,0.003483546,0.0060699545,0.0076627303,0.0049517164,0.001735366,0.0042706775,-0.00022036023,-0.0052360483,0.0024899086,0.0026877644,0.00083554816,0,0,0,Peripheral,0.0
59,14,0.03508771929824561,0.022016549078011562,0.2846731201360105,0.11723914187932274,0.02197802197802198,10,0.020139594545803965,1748.136013343196,0.1523809523809524,15,0.1377551020408163,1,0.8649402325146652,14,8,2.357142857142857,2,8,4,0,0.1290076,0.13621105,0.028128581,0.2106217,0.23549637,0.027319161,-0.14957903,-0.24543145,0.19005156,0.09460681,-0.016494788,-0.22089949,-0.051006563,0.0214517,0.34513056,0.11218005,-0.058085036,0.0306311,0.31517768,0.23927192,0.106996864,-0.021824513,0.07688868,-0.01547184,-0.194814,0.043427724,-0.06402438,-0.06330138,-0.09051049,-0.08853555,0.17320132,0.083646424,-0.055132113,0.1864245,-0.021431688,0.18022896,0.21055005,0.16883653,0.19042134,0.13101162,0.08400887,0.31569284,-0.3316401,-0.03826954,-0.014136752,-0.06286366,0.009444527,0.17684975,1.0987457e-05,0.024702076,-0.03556542,-0.1997122,0.17848338,0.015378746,0.14077228,-0.07903431,-0.110175624,-0.16246518,-0.49351707,0.2141075,-0.013700534,0.04142666,0.15662485,0.4014426,-0.12141908,0.007875622,0.062666506,0.21380503,-0.09960408,-0.09254338,-0.08949297,-0.120464765,-0.15176927,-0.0400293,0.30394205,-0.14361016,0.16475643,0.04292091,0.0448985,0.032791115,0.0054160133,-0.20774353,0.052172743,0.22133343,0.090982065,0.3506363,0.034097444,-0.06912624,0.32681814,-0.03700222,-0.022321945,0.11324663,0.07178009,-0.042158123,0.14360674,0.14660259,0.13087876,0.074880324,-0.10468733,-0.30011025,0.1243525,0.17268549,-0.16994052,-0.049549967,-0.024249325,-0.25209093,0.08486052,-0.13289392,0.095732786,-0.21340084,-0.0010350547,0.07380837,-0.082137585,-0.2764525,0.09419641,-0.10728807,-0.14914095,0.19812039,0.075644806,-0.04633179,-0.24569723,0.019064184,0.2964387,0.075045474,-0.26180106,0.13021892,-0.047514476,-0.07574281,0,0,0,Peripheral,0.08444870469035136
60,1,0.002506265664160401,0.0,0.19357093568247197,0.0025777179844937944,0.0,1,0.0,0.0,1.0,2,0.0,0,-0.7291066625123621,9,5,2.6666666666666665,0,2,2,5,-0.1988698,0.10117247,-0.2729126,0.21242556,0.41146958,-0.35918364,-0.4896663,0.061430678,-0.04692328,0.26232317,0.044614293,-0.08934813,0.08356503,-0.4661614,0.28918013,-0.09883082,-0.6824698,-0.3777312,0.10837661,0.19779257,0.17340863,0.018069327,0.18345888,0.26440343,-0.17652445,-0.16380665,0.0634099,-0.29292503,-0.5418264,-0.15916812,0.2703919,-0.21758354,0.23516558,0.18052848,-0.40770537,0.045577634,0.36648363,-0.27419367,0.21247834,0.10008692,-0.2707941,-0.12584366,0.15488628,-0.2901075,-0.15195909,0.017660722,-0.19517477,-0.3053101,0.13055648,-0.16129765,0.26783654,-0.1912794,0.23422204,-0.15224063,-0.24948446,0.013094948,-0.23985098,0.0027114486,-0.40968788,0.13802244,-0.19889006,-0.23114923,0.2488984,-0.022216426,0.21177176,-0.053332243,-0.009553716,0.042720433,-0.04531284,0.062518276,0.15161169,-0.46147054,0.11768709,-0.09291137,-0.4378584,-0.24079655,-0.62654227,-0.085490294,0.01918646,0.1133951,-0.09407321,0.0021016628,0.14378288,0.4075818,-0.013060509,0.08345562,0.14864719,-0.03225659,0.3283912,-0.2631033,-0.17072752,-0.035285424,0.2231475,-0.10251625,0.012551403,-0.17567098,-0.16953531,-0.16722849,0.28089324,-0.83522546,-0.21348456,-0.1508232,-0.23021667,-0.33908603,-0.2294903,-0.19910432,-0.13949129,-0.47599798,0.20528828,-0.0956281,0.0028381406,0.30174738,0.036033943,-0.5534904,0.0016849856,-0.1633186,-0.097308,0.47556502,-0.03291509,-0.36647293,-0.56719416,0.12195614,0.16862264,-0.37382835,-0.36581713,0.030282045,0.26758417,-0.4027015,1,1,0,Peripheral,0.01790297015179531
61,27,0.06766917293233082,0.04135055499992622,0.31688978543920776,0.17174702690406238,0.037037037037037035,10,0.041461435492622524,3283.2754175491423,0.10582010582010581,28,0.2098765432098766,3,2.32614988628944,12,5,2.9166666666666665,11,1,0,0,0.025860775,0.1643753,-0.044287633,0.3684265,0.21154854,0.14360344,-0.012063677,-0.08376813,0.038317777,0.16753025,0.019408561,0.10997081,0.014138766,-0.099004045,0.22105423,0.0016238525,-0.26682615,-0.10122203,0.11752018,0.22890848,0.033410754,-0.03087935,0.15621294,-0.07714635,-0.22956498,0.037993357,-0.065493554,-0.3975198,0.008653443,-0.22729294,0.04288424,-0.1457266,-0.23407021,0.15068185,-0.22355008,0.036064293,0.14443879,-0.051909603,0.08954204,0.102335736,-0.035790183,0.11058226,-0.35173336,-0.14977524,0.24364862,-0.033059902,-0.15442227,0.065215945,-0.11764615,-0.10543765,0.14876056,-0.09288868,0.011637437,-0.029162934,-0.076746345,-0.058290455,-0.012312926,0.14839768,-0.1808191,0.19972654,-0.0516164,-0.19595568,0.07763519,0.25676772,-0.1045894,-0.050043713,0.06287656,0.24708746,-0.022074902,-0.10919163,-0.08028168,-0.24066167,0.042258617,0.07831742,0.01899529,-0.2850879,-0.047746986,-0.08012758,0.118444435,0.07531343,-0.1523861,-0.20324843,-0.15287115,0.020801775,0.009872864,-0.08743857,0.32218963,0.13733457,0.004614942,0.009509353,0.08237704,-0.034733247,0.074628346,-0.10074075,0.26658735,0.005843192,0.008726525,0.05663127,-0.054478835,-0.16328362,-0.0049459683,-0.0697433,-0.15511791,0.08356982,0.120033905,-0.024911193,0.03908467,0.010084438,0.19018792,-0.30566427,0.06911315,0.123053,0.062384218,-0.29065588,0.1164329,-0.051906522,-0.15895002,-0.13779324,0.19404657,0.07669468,-0.1634407,-0.227787,0.20401329,-0.015420157,-0.19725904,-0.011854868,0.13938044,0.033422314,0,0,0,Coordinator,1.0
62,0,0.0,0.0,0.0,7.590317288714358e-60,0.0,0,0.0,0.0,0.0,1,0.0,0,0.0,12,7,2.5833333333333335,0,1,4,7,-0.0077891834,0.0016504256,-0.0040781423,-0.0010589743,0.0011431826,0.0021208236,0.0034714844,0.0008242596,0.0036781253,0.0016914643,0.0064338865,-0.0013026521,-0.0027425718,-0.00308018,-0.00068971235,0.00074130483,0.006235092,0.004965691,0.002602335,0.0070864884,0.00641145,-0.004302595,-0.0026601506,-0.0062869284,0.0031983964,-0.0071981465,-0.0063304724,-0.0040995628,0.0022986736,-0.00507217,0.004020891,0.0050087674,-0.005892995,-0.007290543,0.003220139,-0.005093769,0.0035621496,0.0062332153,0.004251723,0.006388196,0.001272181,0.0064873463,-0.0068678176,0.0032385085,0.0037802048,0.0071167517,0.0012270436,-0.003336289,-0.005245352,-0.005245858,-0.00382734,0.00735949,0.00033875369,0.0048898943,0.0015238952,0.0030050213,-0.007470374,0.0009119613,-0.0042869262,-0.007779979,0.001368775,0.0014192592,-0.0016579116,0.0011244975,-0.00045546982,-0.0017439928,0.0022296067,0.002052742,-0.0013264334,0.0063700164,-0.0058718864,-0.00397712,0.0023938008,-0.0013201926,-0.0072303303,-0.0037055118,-0.0056072753,0.0077280374,-0.004054283,0.0024922676,-0.0069688233,0.0044697598,0.0009542294,-0.0033229208,0.005627444,-0.004878372,-0.0021443898,-0.0042595984,0.00334086,0.006060402,0.005432576,-0.0016703699,0.0030822055,0.0006827442,-0.0007353537,-0.0076185977,-0.0018148106,0.004649846,0.0053650197,0.0025867335,0.0056024874,0.0013172254,-0.00068295375,0.0060598515,-0.0034252256,-0.006202886,-0.004607993,0.0058075553,0.005967443,-0.006247855,-0.0054279044,-0.0022544842,-0.00393507,-0.0023746304,0.0012116972,0.002200256,0.001508709,0.002511723,0.0041389707,-0.0035287086,-0.0039752675,0.00018310547,0.007296142,0.0050342353,0.007573694,0.0053643472,0.004860877,0.0023696758,0,0,0,Peripheral,0.0
63,2,0.005012531328320802,0.00018891449729852272,0.21009833769417072,0.005646964595646394,0.0,2,0.00011124964840913001,15.000000000000002,0.6666666666666666,3,0.0,0,-0.5962694212601098,8,5,1.75,0,1,1,6,0.19511634,0.17405881,-0.13870047,0.09165595,0.46987203,0.118924044,-0.031945676,-0.21636133,-0.05719969,-0.08631147,0.087330304,-0.1403174,-0.16989802,-0.32178614,0.43305394,0.17623878,-0.5440458,0.019005073,0.31041667,0.53366315,0.08116592,-0.3095739,0.07693349,-0.49942255,-0.041693125,-0.14853032,0.2753258,-0.24487999,0.066266365,-0.3579873,0.2367554,-0.18175265,-0.05371118,0.3231301,-0.073473476,0.015313883,0.26820454,-0.48088682,0.25224963,0.1496852,0.07963896,0.1390232,0.22089165,-0.17482856,-0.24142566,-0.056259967,0.17749722,0.12457579,-0.0031392658,-0.16322723,-0.08772601,-0.39865085,-0.013122077,0.22299342,-0.0027581952,0.46362084,-0.1397258,-0.098731436,-0.3123113,0.0778979,-0.27237153,0.14820379,-0.005084982,-0.14519201,-0.13450572,0.20260952,-0.18864723,0.15186466,0.22860187,-0.24927762,-0.2333005,-0.45524475,0.05153846,-0.2620659,-0.006825365,-0.13890983,-0.13242151,-0.184284,-0.010008807,-0.10511551,-0.15230076,-0.23064277,-0.027664127,0.3433408,0.093008816,0.07784851,0.19327094,-0.11284379,0.16763231,-0.12336433,0.13900071,0.08469797,0.28928342,0.122475274,0.054093577,0.52872574,0.2826213,-0.1848226,0.056026686,-0.3730921,0.26212758,0.08130294,-0.23688439,-0.12754159,0.05110291,0.32851797,-0.1138484,0.010384362,0.20380464,-0.11976421,0.0701877,-0.4530089,0.25663233,-0.34773776,0.21435085,0.3962914,-0.021725876,-0.29964662,0.40711167,0.47263497,-0.9115358,0.10408151,0.40771914,0.2435678,-0.18509768,-0.07710469,0.15515262,0.018992214,0,0,0,Peripheral,0.01092968998962506
64,14,0.03508771929824561,0.004159141039875675,0.28049398106665624,0.1218184820630089,0.13186813186813187,10,0.003920559314748503,330.23995770716846,0.24761904761904763,15,0.0,0,0.9977774737669175,10,6,2.3,2,6,2,0,-0.026137086,0.11485664,0.06920879,0.1059491,0.076334536,0.026397768,0.023395404,-0.028208427,0.06899878,0.16096683,0.08734036,0.072866134,-0.046201568,-0.17972577,0.3196596,0.23377438,-0.28583342,-0.13057746,0.11746713,0.12706695,-0.032119837,0.051372226,0.2033114,-0.16018179,-0.37382802,-0.13616167,0.18684357,-0.1451382,-0.08006697,-0.100319065,0.19628234,-0.11125497,-0.08415079,0.08541048,-0.026414173,0.13527419,0.24872202,0.102998056,0.29288298,0.12522067,-0.012382373,-0.014128455,-0.2479643,0.0093277125,0.12632549,-0.2152434,-0.2523227,0.06133884,-0.17837137,-0.023085125,0.27098322,-0.20693119,-0.11748014,-0.134808,-0.079542704,-0.014095368,-0.018032629,-0.010136557,-0.25266525,0.12305747,-0.06827374,0.18117794,0.075048625,0.22578247,-0.14813215,0.032874014,0.112062015,0.22492695,-0.10787982,-0.11630858,0.020068254,-0.21941438,-0.02279537,0.0071990797,0.0063817007,-0.100522436,-0.1289316,-0.030050159,0.11051521,0.041134525,0.011045227,-0.32565668,-0.0547088,-0.01468251,0.094808795,-0.029805966,-0.017454613,0.039042696,0.33434093,-0.027853148,0.16824794,0.036239825,0.12435185,-0.11895444,0.086366944,0.15522686,-0.16525157,0.04017876,0.018094113,-0.20163648,0.13138464,-0.005880499,-0.17097363,-0.032302495,0.0669789,-0.15645339,0.031153956,-0.030137207,0.32832965,-0.2843761,-0.0831431,-0.1904851,0.1181293,-0.3306745,0.18762155,-0.02091912,-0.34488854,0.03669354,0.040575866,-0.17072062,-0.10004746,-0.06527422,0.2887603,0.12317116,-0.17674392,0.11812724,-0.10614102,-0.12838832,0,0,0,Broker,0.9147971360222165
65,12,0.03007518796992481,0.0027971248795356477,0.2776171197223829,0.11365791920087066,0.030303030303030304,10,0.002172652531770454,222.09451256000995,0.1794871794871795,13,0.0,0,0.732102991262413,19,9,2.5789473684210527,5,11,3,0,0.022044668,0.10990286,-0.09704383,0.08488987,0.030067934,0.18091394,0.09805596,-0.076832205,-0.014186587,0.15222076,0.04046367,-0.05085243,-0.0381451,-0.122180656,0.29388535,0.12241338,-0.2541699,-0.01491752,0.13121957,0.24184763,0.04277337,0.19067292,0.04486534,0.0005980929,-0.22180775,-0.017366685,0.13602895,-0.13530403,-0.012769346,-0.057850163,0.23971732,-0.11916851,-0.056674063,0.15360993,-0.02389786,0.07165238,0.2005485,0.18991281,0.18931438,0.15761603,-0.039777003,-0.033029117,-0.21585189,-0.11303989,0.151672,-0.09197725,-0.088776186,0.11293872,-0.06473478,-0.07230823,0.20969726,-0.14060272,0.005417736,-0.07287732,-0.072343566,-0.052647535,-0.06775305,0.12295168,-0.2704329,-0.00023225545,-0.07503187,0.15970251,0.05874947,0.29634836,0.073652886,0.2143761,0.16468064,0.09025498,-0.11171723,-0.14624725,0.089944996,-0.45080584,-0.06968783,-0.008606835,0.120459475,-0.15911733,-0.04878278,0.028273089,0.037913676,0.15015307,-0.033916656,-0.17835996,-0.07073099,0.0827225,0.01620067,0.09572154,0.048568577,0.1419856,0.18216676,-0.102509,0.22236414,0.02330818,0.045043085,-0.20068054,0.14884742,-0.008904044,0.021813182,0.17312199,0.02842628,-0.3769474,0.15360583,-0.090753615,-0.16468896,-0.05680939,-0.012209078,-0.15959199,0.053205412,0.12481224,0.3034644,-0.14859287,-0.047350854,-0.10452022,-0.05027663,-0.15812977,0.2781852,-0.05130425,-0.24437052,-0.06447865,0.22065175,-0.09819618,-0.12439082,-0.052145228,0.2678424,0.17478082,-0.24898654,-0.07124401,0.13201524,0.079008766,0,0,0,Peripheral,0.07220914469139889
66,27,0.06766917293233082,0.036950160056330034,0.3175093158115229,0.17470008673717985,0.03418803418803419,10,0.036263564053019705,2933.8796586326607,0.10317460317460317,28,0.2098765432098766,3,2.32614988628944,15,4,3.2666666666666666,15,0,0,0,-0.13778302,0.06813736,-0.13740952,0.014866266,0.23740135,0.14677836,-0.086221956,-0.036126126,0.08560893,0.15828389,0.16179691,0.090580985,0.10778586,-0.15513223,0.37748128,0.10149299,-0.12361962,0.0026345428,0.09710626,0.21858808,0.1617257,-0.06730187,0.005759682,0.07400712,-0.23689504,-0.10766467,0.06961777,-0.1073637,-0.0636842,-0.03691051,0.06910702,0.18216184,-0.13410798,0.1518332,-0.25139907,0.08774784,0.054859016,0.01972121,-0.03277273,0.20966002,0.106732875,0.20896882,-0.24675535,-0.26844862,0.16878982,0.1672091,0.06921963,-0.06271946,-0.09919037,-0.07079683,0.26059794,-0.024355503,0.018832162,0.0916971,-0.0018889133,-0.014077476,-0.20572916,-0.13997413,-0.26577058,0.09239787,-0.37060776,0.071058944,0.16304666,0.34008753,0.07803987,0.1461732,0.11621686,0.12647799,-0.12896909,-0.03063035,0.013937779,-0.15924922,-0.04361466,-0.094086304,0.10133848,-0.21959406,-0.06979859,-0.09520871,0.16652678,-0.13583982,-0.1091468,-0.29965848,-0.074467175,0.10799946,0.16901052,0.073637515,0.25760534,-0.024625076,0.18882477,0.01875908,0.09598751,0.09759573,0.020825885,-0.006564471,0.32664996,-0.21174419,-0.2601519,0.17404306,0.08292262,-0.20236355,-0.008353833,0.10722197,-0.11652389,0.074187905,-0.0025858246,-0.1832502,0.11189937,0.13724568,0.1645179,-0.052937094,0.048439916,-0.10187196,0.10294563,-0.30205235,0.011152865,-0.026547745,0.005337511,-0.042727806,0.15980002,-0.0480348,-0.12571622,-0.08213703,0.062463135,-0.1073228,-0.22260532,-0.12730919,0.12974529,-0.0010923079,0,0,0,Coordinator,1.0
67,1,0.002506265664160401,0.0,0.1986617920949162,0.0022554126566042597,0.0,1,0.0,0.0,1.0,2,0.0,0,-0.7291066625123621,12,9,1.75,0,3,6,3,0.25118104,0.14075257,0.019289216,0.34618536,0.4149856,-0.4445017,-0.4027468,0.09316695,-0.10074512,0.35957217,-0.008999775,-0.15361318,-0.45229793,-0.4213215,0.16869952,-0.04033967,0.06698589,0.06550663,0.29142317,0.6070734,-0.2896513,-0.16024595,0.12512305,-0.07707396,-0.3375324,0.35117152,0.2867714,-0.11420777,-0.06804932,-0.32345825,-0.057146035,-0.04696591,-0.39529133,0.38189685,-0.21934931,-0.05907844,0.11230518,0.6121296,0.58028585,-0.19299187,-0.017944083,0.054501772,0.106619924,-0.7553952,0.094910264,-0.11938615,-0.29073197,-0.08316667,-0.043875378,-0.15141384,0.30923617,0.050335944,-0.36001533,0.0033829042,0.11936728,-0.10537757,-0.4115071,-0.30051437,0.058108427,-0.03802975,-0.33669168,0.38997874,0.016513407,0.3870413,-0.11511088,-0.33470812,-0.076274924,0.21623026,-0.24567583,-0.37400582,-0.0066913334,-0.70309573,0.13407353,0.14726305,-0.18729687,-0.54113805,0.086682,-0.22315252,0.1324371,-0.2054781,0.31138033,-0.3310365,-0.30867437,0.023731248,0.034503523,0.19389102,-0.07933419,0.05793262,-0.10588564,0.27613845,0.21739876,0.105655566,0.3384598,-0.37900168,0.2031461,0.1887277,0.07460797,0.19051887,0.027171314,-0.2525912,0.28662542,0.33640608,-0.020458026,0.04659739,0.30963674,-0.17836776,0.32110858,0.032641895,0.450547,-0.09048767,-0.080014475,-0.18158104,-0.10960361,-0.103363946,-0.23981811,0.56761813,0.21657163,0.19885813,-0.41384816,-0.10779241,-0.35738486,-0.23701236,0.18726021,0.0021953708,-0.5307547,-0.07249855,0.18470904,-0.1690753,1,1,0,Peripheral,0.0178526093768866
68,2,0.005012531328320802,5.499136033507075e-05,0.2139736693512437,0.00883051337534253,0.0,2,8.2256574870018e-05,4.366369001964953,0.6666666666666666,3,0.0,0,-0.5962694212601098,12,7,1.75,0,1,2,9,-0.14649187,0.08698479,0.119887084,0.06422061,0.24652822,0.029039217,-0.23728545,-0.053383876,-0.030411948,-0.085765876,0.22359045,0.43456557,0.30129382,-0.23863897,0.56837827,0.42137808,-0.10134963,0.34083968,0.0039576525,0.22245823,0.06909378,-0.055182315,0.13947855,0.22373167,-0.4080272,-0.19455688,-0.07282158,-0.26984525,0.21497299,0.03914158,-0.03674901,0.35940138,-0.107514866,0.063602336,-0.5224671,0.23930997,0.55610937,-0.20260864,-0.029116793,0.30892164,0.31223077,0.31705052,-0.19978885,-0.21171914,0.10272264,-0.07480075,-0.309898,0.14829409,-0.16427757,0.5510906,0.49369225,-0.065350056,0.13423254,0.1556316,-0.13013285,0.2974409,-0.09351481,-0.6817835,-0.109022796,0.15898277,-0.36097282,0.15145643,-0.073339276,0.14136095,-0.24824004,0.23458931,0.11968342,0.01314101,-0.032748014,-0.29450083,0.1934759,0.027993277,-0.028818205,0.107312605,-0.09556608,0.05534762,-0.10280538,0.087690994,0.31705892,-0.36436933,0.5421132,-0.11628802,0.093426414,0.22798295,0.08377109,0.10235446,0.290437,-0.14883573,0.3361268,0.09367463,-0.44889674,0.0017553784,0.30388173,-0.19087727,0.34328315,0.07100836,-0.51419795,0.34299958,0.25427684,-0.27428836,0.40837958,-0.20577332,-0.1683401,0.24870442,0.048774667,-0.016898433,-0.1837911,-0.13615493,0.3018401,-0.011937136,-0.12457813,-0.21452434,0.10321114,-0.07540959,0.246486,-0.12030569,-0.61318386,-0.16968185,-0.013133985,-0.31172755,-0.40880188,-0.19255471,0.2685388,0.34536237,-0.2589048,0.04195845,-0.041019294,-0.1686932,0,0,0,Peripheral,0.011393643929683213
69,28,0.07017543859649122,0.037207224111720366,0.3212779723790188,0.1783753259163009,0.03968253968253968,10,0.041605087204115695,2954.2908016947085,0.10591133004926108,29,0.26530612244897966,4,2.32614988628944,18,7,2.888888888888889,12,6,0,0,0.004370344,0.2605918,-0.05988044,0.19753043,0.11025016,0.21582958,-0.06386868,-0.07138772,0.009903427,0.29367816,0.13347664,-0.08468072,0.15453361,-0.12978856,0.22497615,0.22950843,-0.0062293834,-0.02146481,0.09926886,0.2850828,-0.0022848116,0.014367344,0.15917704,0.18818589,-0.19459516,0.02673388,0.03745921,-0.15803334,-0.3659605,-0.02454991,0.122709386,0.0036974666,-0.017128216,0.23975107,-0.2110066,-0.030367406,0.13403359,-0.007504551,0.13928263,-0.0017565704,-0.03230702,0.15139747,-0.03718379,-0.21592946,-0.005165207,-0.008610792,-0.09950256,0.092945546,0.0025234697,-0.18428217,0.2247221,-0.14868858,-0.10377382,0.074720584,0.10639247,-0.04896872,-0.12939364,-0.06327919,-0.18856548,0.22335629,-0.29716948,0.17542508,0.2981473,0.16669428,0.06500896,0.1368539,-0.095590726,0.07305687,0.036917087,-0.09775737,-0.02586324,-0.13437338,-0.011040319,-0.024391677,0.20665155,-0.25769523,-0.011996663,-0.1244693,0.24178573,-0.0061628474,0.013440379,-0.23366828,0.039963175,0.07230337,-0.08336143,0.21957643,0.16760506,-0.18322653,-0.08744876,0.13918619,0.0925421,0.065301456,-0.026833512,-0.14652784,0.16785078,-0.08901976,0.08139646,0.031116992,-0.06233287,-0.29406884,-0.13466619,0.043401938,-0.097070456,0.090024084,0.09078009,-0.20113035,-0.098495536,-0.02395621,0.20140621,-0.062797844,-0.17947431,-0.077341124,-0.057949338,-0.08844431,0.10265789,-0.057079304,0.035394892,-0.08084137,0.2616207,-0.03748552,-0.22488569,-0.16758493,0.020167392,0.087263614,-0.41994333,-0.045685075,-0.07631946,-0.22780292,0,0,0,Peripheral,0.13342445402513925
70,1,0.002506265664160401,0.0,0.16742888148205565,0.00025483014886976813,0.0,1,0.0,0.0,1.0,2,0.0,0,-0.7291066625123621,9,6,2.111111111111111,0,0,4,5,0.20913877,0.16414829,-0.056976568,0.2691898,-0.07440229,-0.018580386,-0.1539542,-0.22123663,0.3233647,0.35713947,-0.09201307,0.032215137,0.031990808,-0.03516365,0.48701036,0.21021764,-1.0573905,-0.13359861,0.12679182,0.40211156,-0.09407432,-0.006670502,-0.14793152,-0.22025865,0.15212788,-0.1677078,0.107217394,-0.10344952,0.2650923,-0.3943754,0.52398324,-0.23282251,-0.0597415,-0.04860188,-0.051727794,0.042820755,0.44099155,-0.04719871,0.43488163,0.123892464,-0.275746,0.037665974,0.036485236,-0.42075515,0.1515309,-0.23307076,-0.055891283,-0.16896628,-0.26074502,0.47132093,0.096696295,-0.33199635,-0.17382748,-0.18674594,0.17976293,0.20442933,-0.12808548,0.5092474,-0.5519818,-0.064446226,-0.51145095,0.18061255,-0.29706693,0.016964206,-0.07658509,0.05846997,0.21407537,0.376308,0.10610875,-0.07518364,-0.17017718,-0.74213976,0.011873791,-0.15140584,0.115807295,-0.041670594,-0.23630676,-0.0074351355,0.28834984,0.1049973,-0.09312896,-0.23537359,-0.5471928,0.28429428,-0.07990111,-0.07201067,0.36581653,0.38287413,0.771544,0.2637696,0.3627935,0.10502435,0.30208904,-0.3312279,-0.17143679,0.020465227,0.21311621,0.10511878,-0.29389846,-0.3817675,-0.24568993,-0.051097684,-0.42423895,-0.2343027,0.44413343,0.027905613,-0.2957477,0.29307675,0.5939625,-0.14028583,-0.17234576,-0.3135393,0.38315648,-0.17914131,0.6449061,0.32476532,-0.49904254,-0.23482607,0.72953403,0.0655159,-0.51505774,0.4468971,0.827562,-0.11003435,-0.3001197,-0.024017625,0.2439026,0.24547642,1,1,0,Peripheral,0.017540014837981385
71,2,0.005012531328320802,7.52102359107219e-05,0.203134477845646,0.002496763128499844,0.0,2,0.0002776706375439574,5.971767941547229,0.6666666666666666,3,0.0,0,-0.5962694212601098,12,6,2.8333333333333335,0,3,3,6,-0.18998192,-0.13843969,-0.022799585,0.05173939,0.26063502,-0.030229349,-0.4994085,0.19116907,0.07392724,0.48643607,-0.010763961,0.11089826,0.23128575,0.11332135,0.38739526,0.5652629,-0.06641073,-0.09829729,-0.32553205,0.23869903,-0.30138716,0.27164823,-0.111446574,0.033583835,-0.60504586,-0.101286225,0.0062295683,-0.3034884,-0.5374797,0.19209053,0.23899591,-0.123785354,-0.122793116,-0.008853298,-0.19256538,-0.009513823,0.12757722,0.47882378,-0.3951382,0.05418181,-0.030084955,0.6746437,-0.13567801,-0.24926153,0.24435687,-0.18453163,0.22642794,0.04530341,-0.2700024,-0.14523771,-0.20693204,0.01752234,-0.02483256,-0.077514976,-0.17949247,0.16515677,0.030548088,-0.2787055,-0.39743972,0.38453987,-0.5153911,0.49261197,0.33563974,0.093713306,0.09314051,0.51220673,-0.015560932,0.012542057,-0.15045865,-0.46480858,-0.09856639,-0.39196587,-0.073332496,-0.45796344,-0.09324295,-0.5904174,0.30675346,0.32033044,-0.14135501,-0.076440156,-0.10975123,-0.60372984,-0.1955165,0.04117756,-0.26313245,0.31246537,-0.10779836,0.43231368,0.10872667,-0.20165995,-0.052010085,-0.033471163,0.049959708,0.24435727,0.38792083,-0.119940884,0.050779928,0.046064965,0.19880852,-0.32360315,-0.41590926,-0.054559615,-0.5080348,-0.15542617,0.06433102,0.2220732,0.20391391,0.14608443,-0.15104036,-0.2772611,0.020485733,-0.13416326,0.1496112,-0.43914694,0.017234448,0.3418727,-0.32731652,-0.3422507,0.32893175,-0.03707056,-0.12847523,0.36770496,0.46087274,0.012252451,-0.64490396,0.21861173,0.6297867,-0.036865428,0,0,0,Peripheral,0.010409039078747675
72,14,0.03508771929824561,0.007364739713549419,0.28025196727798785,0.11887784189116009,0.06593406593406594,10,0.0053726178032289535,584.7676979955373,0.19047619047619047,15,0.0,0,0.9977774737669175,18,9,2.7222222222222223,3,11,4,0,-0.13663284,0.017096367,0.058680184,0.14712955,0.25891957,0.027961332,-0.18756843,-0.047918912,0.06486359,0.18232174,0.1367147,-0.037138186,-0.034280855,-0.087794244,0.44010654,0.07904373,-0.3196904,0.07492192,0.12825769,0.1908855,-0.12654954,0.038938284,0.12980828,-0.11277217,-0.3620148,0.1512,-0.07552797,-0.12899701,-0.38641644,0.008007486,0.16490048,-0.18789244,-0.17170812,0.19105327,-0.01667123,0.0057146335,0.26686013,0.071485415,-0.033736248,0.29731822,-0.02091799,0.27882066,-0.23048939,-0.24094929,-0.06925158,0.0037702492,0.03417037,0.2818962,-0.17500405,-0.051906075,0.038193017,0.04879969,0.16068107,0.094507955,-0.07041988,-0.04214942,-0.096483134,-0.13625611,0.0050217113,0.24528821,0.03560187,-0.030031428,0.12656571,0.3628355,0.061818108,0.27902704,0.058107927,-0.05238327,-0.102045864,-0.111684956,-0.061953034,-0.28000668,-0.2076259,-0.07596843,0.019225657,-0.34477055,0.16188212,-0.0059380606,0.08900866,-0.05802587,-0.19183208,-0.3344183,-0.14125639,-0.004075916,0.06274379,0.008018839,-0.0029950715,-0.021786954,0.26075596,0.15749028,0.2150862,0.106115125,0.030421086,-0.042405102,0.14549118,0.04270886,-0.07110819,-0.17401393,0.2864909,-0.14755078,0.018289644,0.021087915,-0.13180667,0.11108385,0.093996964,-0.28467968,-0.011811031,0.022561202,0.18638504,-0.04401742,0.09231718,0.0302734,-0.091368854,-0.14109904,0.12321707,0.035519306,-0.27027714,0.045869723,0.13089503,-0.11604069,-0.13521269,0.13715684,0.24376597,0.11989296,-0.26138362,0.018264264,0.106713176,-0.072607554,0,0,0,Broker,0.9188293116607884
73,26,0.06516290726817042,0.022054970055790882,0.30934479054779807,0.16988945024976418,0.055384615384615386,10,0.027618439686846293,1751.1866773998518,0.12535612535612536,27,0.1479289940828401,2,2.32614988628944,12,6,2.9166666666666665,9,3,0,0,0.098711245,0.16309705,4.2843574e-05,0.18937832,0.16917318,0.080070995,-0.06447695,-0.07537305,-0.031227408,0.1646128,0.11388307,-0.0007776932,-0.07056711,-0.19883002,0.1434875,0.15252073,-0.13742517,-0.11030624,0.1769976,0.10715027,0.0012349845,0.046504702,0.008479414,-0.05559098,-0.1082675,0.006111593,0.050538693,-0.22666188,-0.038361505,-0.17899452,0.050883308,0.17640218,-0.1254656,0.14556034,-0.24654382,0.18158515,0.12950025,0.13396817,0.3265822,0.11489684,-0.05369676,0.034376077,-0.115556054,-0.12273602,-0.031636663,-0.115996905,-0.13163294,0.1408758,-0.09731927,-0.07147543,0.047105394,0.0048888572,-0.054045744,0.054114,-0.05778191,-0.019465074,-0.0468423,-0.10728131,-0.2581994,0.18664458,-0.3479623,0.028676478,0.06724593,0.4028011,0.1927804,0.28705415,0.10208768,0.11209786,-0.0073703406,-0.23939358,0.03170525,-0.44436252,-0.1654371,0.0061040134,-0.10317664,-0.25789586,-0.09745986,-0.09538116,0.05406509,0.115582995,0.044228688,-0.134162,-0.05386335,-0.043800175,-0.047526672,0.05600664,0.12753992,-0.012002754,-0.10257184,0.08804175,0.029207932,0.15651089,-0.09707758,-0.23111469,0.020711277,-0.23177452,-0.11704809,0.07806685,0.097516,-0.36261186,0.037438437,0.043932084,-0.076981634,0.10745927,0.18219142,-0.11344183,-0.08717741,0.14117435,0.0773114,-0.24228488,-0.15488315,0.07605224,0.02445819,-0.27349785,0.08308105,0.052134283,-0.09999211,0.07385465,0.037340716,0.06375516,-0.3998069,-0.33635107,0.07309414,0.042782106,-0.3056278,-0.034740057,0.15861158,-0.058522306,0,0,0,Coordinator,1.0
74,1,0.002506265664160401,0.0,0.2060990038548147,0.0035918082596693318,0.0,1,0.0,0.0,1.0,2,0.0,0,-0.7291066625123621,9,6,2.3333333333333335,0,0,2,7,0.30502772,0.26567668,-0.09871309,0.26599535,0.18955487,0.18515891,0.058585703,0.16592821,-0.17876181,0.24996887,0.5492558,0.45953912,-0.1307312,-0.31528887,0.57965857,0.38006967,-0.19192804,-0.012635981,-0.088026054,-0.047328856,0.23754393,0.03123845,0.009428306,-0.4216473,-0.7464079,0.010722608,0.21600468,-0.033156507,-0.27421907,-0.16607836,-0.013116325,0.036854696,-0.42386097,0.016907025,0.0400595,0.644211,0.3548788,0.15803275,0.10001524,0.17041561,0.21917453,0.030520068,-0.3238128,-0.10076793,-0.0058366037,0.008367708,-0.4093917,0.23539007,-0.28214577,-0.41447276,0.37786108,-0.10041796,-0.01996202,-0.12937982,0.17510438,-0.34540978,-0.056076612,0.15259506,-0.09822023,0.1723911,-0.057455357,-0.26659545,0.08687678,0.20941071,-0.02604215,-0.34334326,-0.05391941,0.035500783,-0.30213696,0.1092782,0.048260145,-0.5081646,0.26321357,-0.12883337,0.16999163,-0.023829332,-0.15658456,0.24772009,0.1286457,-0.12217473,0.2660297,0.19056045,0.06141046,0.106564224,0.20001961,-0.12577628,0.08918913,-0.4592642,0.31665215,-0.05064653,0.2837108,0.24262632,0.16656512,-0.07596433,-0.028509011,-0.056676038,-0.3567978,0.1728142,0.05842542,-0.35359448,0.102044515,0.35338292,-0.021688852,0.23052186,0.1923823,0.22091676,0.16995445,-0.012588231,0.41928688,-0.6466796,0.15685125,-0.1922335,0.12254228,-0.5108317,0.36903852,-0.31473863,-0.44502622,0.034082405,-0.365035,-0.2709372,-0.3341965,0.38963032,0.28635213,-0.057322446,-0.00626919,0.15783072,0.04004837,-0.27988476,1,1,0,Peripheral,0.018061423542620834
75,0,0.0,0.0,0.0,7.590317288714358e-60,0.0,0,0.0,0.0,0.0,1,0.0,0,0.0,9,7,2.3333333333333335,0,2,1,6,0.0061438167,0.0003783023,-0.005256744,0.0063870978,-0.0044354796,-0.00095259305,0.004992583,-0.005144052,-0.005395892,-0.007670303,-0.004398294,-8.721277e-05,-0.0012145499,-0.0053929836,0.0022427253,-0.006201012,0.00046684872,-0.005807151,0.0008697668,-0.003752579,0.00073439255,0.007384129,-0.0070545143,0.006630186,0.00023778435,0.0009993576,-0.0035266075,-0.0076285824,0.0051067825,-0.005587036,0.006280328,-0.0065968046,0.0019639386,0.0077117085,0.0068069603,0.00023516174,0.0014485987,-0.0065986644,-0.0070396373,0.0047563557,0.005557197,0.00019519031,0.00093889795,-0.0027218973,0.005958316,-0.0033641662,-0.004411443,0.007544673,0.0062378766,-0.007799999,0.004480902,-0.0029516583,0.0026192479,0.0076263994,-0.0063465433,-0.00091667473,0.0026969863,0.0006907042,0.001672144,-0.006482765,0.00304526,-0.003531415,0.0057674292,-0.0035724519,0.004248063,0.00012374297,0.006545701,0.0071927244,0.0048917225,0.0047369786,0.0059410203,-0.006973056,-0.007500004,-0.0038223546,0.0046209833,0.004633272,0.0033141226,0.0016560033,0.0010870025,-0.007281947,-0.0012342567,-0.0006263936,0.005494619,0.0036259862,0.00033005513,0.005836225,-0.0022958992,-0.0037669502,-0.004207831,-0.0036995532,0.00073736534,0.003692004,-0.0014908891,-0.0041259797,-0.004444467,-0.00085579045,-0.005041505,0.004384458,0.0011800053,-0.007460852,0.0040685125,-0.00319089,-0.0060240896,-0.006637047,0.0062926374,0.0063003516,0.00028134417,-0.0065786503,-0.0028795442,0.005451128,-0.00053729955,-0.0035265246,0.0004088981,0.0017118528,0.0015373742,-0.0019274782,0.007476663,0.0019810814,-0.0048115803,-0.004361988,0.00074589904,0.0029121377,-0.0037236102,0.00012993999,0.0051392103,0.0047120424,0.0025400557,0.00054528285,0,0,0,Peripheral,0.0
76,2,0.005012531328320802,0.00017651102020316514,0.20505809979494188,0.003921325579267244,0.0,2,0.00030947629466539803,14.015151515151516,0.6666666666666666,3,0.0,0,-0.5962694212601098,8,4,1.75,0,1,0,7,0.16077505,0.12312389,-0.13586363,0.3177343,-0.012033835,0.4362299,0.24074262,0.2687309,-0.02205284,-0.24308152,0.08348213,0.07733147,0.10800787,0.05777506,0.41055194,0.17152831,-1.1882427,-0.29773694,0.3270017,0.08216596,-0.024689702,0.31000668,0.2592653,-0.09120428,-0.13965413,-0.11573581,0.08444125,-0.6124931,0.1776476,-0.4867921,0.24456002,0.4121811,-0.27544352,0.26889348,-0.26274204,0.23725902,-0.039318427,-0.24106923,0.4199838,0.32471728,-0.17979127,0.5077439,-0.16877669,-0.24261859,0.030225025,-0.2035578,-0.36999497,0.21236427,-0.24196334,-0.07522,0.363097,-0.12304479,0.14935397,-0.0127899265,0.15587293,0.14694168,-0.18613005,-0.1045283,-0.49193573,0.3741124,-0.41435218,-0.22956707,0.28784367,0.4423836,-0.0037124925,0.28079048,-0.21550524,-0.1630369,-0.25407943,-0.22803232,0.06377782,-0.54562813,-0.14927524,-0.032042883,-0.21089685,-0.50106966,0.20773998,-0.3077928,-0.23405008,0.15950078,-0.34473518,0.059682764,-0.16395552,-0.06460687,-0.060787935,0.24318652,0.11160296,0.23219602,0.40893498,0.091789,0.034931242,0.17734611,0.09452309,-0.19727343,0.29518908,0.12338557,-0.34221148,0.41516483,0.08808354,-0.24500953,0.14469922,0.10171799,0.5860344,0.0053285495,-0.23167644,0.012382642,0.12392962,-0.095069885,-0.0025746296,-0.2989194,0.29621413,0.4548692,0.07392758,-0.08102911,-0.0477183,-0.10145486,-0.053272456,-0.14403768,-0.2873049,-0.19233623,-0.06929218,-0.10362988,-0.28506142,-0.03112058,-0.37321788,0.32826555,0.008665409,0.12523992,0,0,0,Peripheral,0.01065695495107607
77,11,0.02756892230576441,0.01698621853445732,0.2615233736515201,0.05580044573023836,0.16363636363636364,6,0.01755577206127208,1348.7227378544458,0.30303030303030304,12,0.0,0,0.5992657500101607,19,12,2.6315789473684212,6,3,6,4,0.040403333,0.14520456,-0.09491112,0.36089185,0.010471035,0.22038838,-0.07344907,0.14278689,-0.043371923,0.09922368,0.031671274,0.042323448,-0.006231731,-0.07107636,0.42665866,0.20054983,-0.76670736,-0.069561385,0.34899935,0.11991018,0.3278435,0.36814702,0.05740633,0.10712323,0.026677653,-0.11447875,0.2037514,-0.31913686,-0.04358119,-0.47455594,0.18544686,0.14967322,-0.010371875,0.32797304,-0.22369094,0.20442165,0.08323713,0.035612762,0.13203688,0.2118821,-0.053919453,0.4196587,-0.2235556,-0.15466315,-0.02242684,0.1434675,-0.15079959,0.29806253,-0.18659696,-0.2492637,0.40673292,0.05821646,-0.18024717,0.08830178,0.045844235,0.11700954,-0.20759569,0.1431289,-0.09226765,0.19794017,-0.20177814,-0.17376453,0.078419834,0.3767417,-0.0056670955,0.33463693,0.18470396,-0.0063099707,-0.24409263,-0.3498045,0.03293802,-0.25013956,-0.19740567,-0.13175455,-0.3263748,-0.34745198,0.16484746,-0.12966482,-0.1452922,0.17032109,-0.11198892,-0.050425902,-0.1510699,0.32762992,0.04727747,0.22500783,0.07759958,0.04621045,0.20339818,-0.108180195,-0.033695478,0.14066991,-0.034538362,-0.02549677,0.34974134,0.13574052,-0.18039566,0.12724294,-0.18873762,-0.48426697,-0.08700216,0.18784435,0.2939788,-0.008536432,0.040114306,-0.09599905,0.19692425,-0.05457547,-0.052843735,-0.15511926,0.068129,0.09560358,0.058392845,-0.14730823,0.2587352,-0.058319494,-0.10889215,-0.08357586,-0.25939113,-0.08161794,-0.122926064,-0.1416423,-0.10022555,0.060799133,-0.583621,0.09076133,-0.085169785,0.06015548,1,2,0,Enabler,0.3976105486576156
78,2,0.005012531328320802,4.090727740732376e-05,0.20794624204557488,0.004352944745691236,0.0,2,0.00010061945963257033,3.248078733418914,0.6666666666666666,3,0.0,0,-0.5962694212601098,7,4,2.5714285714285716,0,0,2,5,0.07628648,-0.049914636,-0.14306419,-0.06578401,-0.22297959,0.05989673,0.05990759,0.2789203,0.19382493,0.19684142,-0.5177885,-0.112561464,-0.18506412,-0.6905328,0.06697137,0.2221269,-0.14544052,-0.055985983,0.19439682,0.18501669,-0.036020756,-0.20141304,0.4673977,-0.15580419,-0.07562111,-0.11841215,0.30149204,-0.32249138,-0.26251987,-0.04526631,0.35474232,-0.39231527,0.038508214,-0.09787687,-0.35408372,0.41039687,0.5646917,-0.40753254,0.2854891,-0.016240992,0.1485872,0.026479479,-0.106471315,0.10018964,-0.0024263884,-0.3586102,-0.40240213,0.060317975,-0.31872705,-0.46925932,0.006466776,-0.18146327,-0.26696697,0.09608296,-0.18278305,-0.12701297,-0.16112912,-0.22652917,-0.7457764,0.18789601,-0.42242184,-0.22703461,0.25880253,0.15027507,0.14011885,0.18252398,0.08496614,-0.10841721,-0.42776734,-0.22778966,0.34320307,-0.27010387,-0.6126719,-0.0023722195,-0.187605,-0.085657656,0.010080221,0.20060201,0.13805555,0.15856348,0.13087206,-0.20546521,-0.0645905,-0.12285057,0.09921867,-0.008242281,0.25343928,-0.18171047,0.20302294,-0.047174577,0.0017954714,0.06891452,0.047900386,0.1903874,0.22931138,-0.15917043,-0.25722742,-0.44682273,0.22827098,-0.20378599,0.10823732,0.14043134,0.057003323,-0.35634035,0.25721443,-0.4967793,0.40410793,-0.42132115,0.68667716,0.0942526,-0.2695,-0.26703158,-0.09505125,-0.23878378,0.30796644,-0.03999727,0.1613568,0.33580965,0.31092584,-0.50284165,-0.5178116,-0.34176883,0.14403588,0.056074075,-0.61794645,-0.1874437,0.16324708,0.037666947,0,0,0,Peripheral,0.010690494888032738
79,10,0.02506265664160401,0.01148348940726147,0.2675552142299736,0.06584395354794456,0.26666666666666666,7,0.011992135428289918,911.800542425968,0.4,11,0.0,0,0.4664285087579084,18,12,2.2222222222222223,4,2,5,7,-0.1161302,0.12498482,-0.1873539,0.09205531,-0.04384905,0.13193262,-0.055910517,-0.06239544,-0.09022219,0.050301116,-0.047120277,-0.12403442,0.18529724,-0.24752717,0.25875685,0.35970077,-0.1532164,-0.10314594,0.4745617,0.20029873,0.02372904,-0.044739824,0.3506424,0.0127518205,-0.058995888,-0.036247578,0.07902473,-0.31607017,-0.08865028,-0.1946644,0.2971401,-0.28220245,-0.40169942,0.15290618,-0.2431028,0.050067693,0.35442048,-0.08572346,0.53177553,0.0673825,0.28347638,0.027267775,-0.25940767,-0.10431769,-0.018675745,-0.21093962,-0.07178722,0.14627565,-0.0108269965,-0.3509617,-0.0034878065,-0.049505655,-0.27073935,-0.09907337,-0.055938974,0.013349035,0.27399927,-0.028680714,-0.34918004,0.28454044,-0.08875626,-0.101981476,0.19156796,0.10418751,-0.12629582,0.09725541,0.19628273,0.02364346,-0.27963784,-0.26213363,0.1013071,-0.37773412,-0.30059326,0.13600872,-0.072950475,-0.08434105,-0.011592742,0.07550022,0.17932509,-0.10685279,0.040494524,-0.12283639,0.14391203,0.10809238,0.1973948,0.14293563,0.24088675,-0.17267789,0.18382972,-0.003494762,0.11393276,0.23578744,0.22002175,0.015921958,0.11152722,-0.062013995,-0.32466632,-0.12927388,0.04171759,-0.2414941,0.094235495,0.053407617,-0.13467722,-0.21005952,0.12101754,-0.13956432,0.32752857,-0.23697843,0.24043758,0.035557684,0.065402016,-0.08514199,-0.12893641,-0.13202137,0.123031005,0.05569436,0.1499382,-0.0707164,0.1848475,-0.24054272,-0.43669295,-0.15326737,0.072152235,0.035443023,-0.427723,-0.05024329,0.053997006,0.15624696,0,0,0,Peripheral,0.05378459609660299
80,5,0.012531328320802004,0.01380927809284367,0.2199133582093351,0.008037949598557088,0.0,2,0.009695640669699548,1096.4704898498803,0.3333333333333333,6,0.0,0,-0.19775769750335298,18,11,2.4444444444444446,4,3,8,3,0.13856378,0.0016906379,-0.028117893,0.3309162,0.11575616,-0.21567,-0.018760514,-0.3480153,0.06272301,0.35337678,0.02499889,0.0025407146,0.1334914,0.006533889,-0.08125264,0.35851657,-0.3402319,0.11880198,0.11453308,0.13632342,0.5378192,0.36988166,-0.103069596,0.10535867,-0.074656904,-0.5594846,-0.61362416,-0.062562205,0.24698076,-0.20328169,0.14677408,0.07251594,-0.21609761,0.07929858,0.027683783,0.38196746,0.40117872,0.26162156,0.25082466,0.27321196,-0.3965955,0.28633472,-0.25183403,-0.49288806,-0.017452834,-0.23578143,-0.022441572,0.3734323,-0.054515094,0.11139242,0.50978917,-0.612598,0.41633087,-0.20759684,-0.09369637,0.148063,-0.05930269,-0.16805382,-0.6875275,0.5743553,-0.2691553,0.15988256,0.11199301,0.05850943,-0.11328817,0.30545858,0.1928474,0.27570343,-0.3219217,-0.2009753,0.08592584,0.042716417,-0.059347786,0.07775797,0.19843735,-0.0007699376,0.06561501,-0.031712003,0.22211255,-0.18967283,0.273044,-0.23734505,-0.16603151,0.10683391,-0.039417133,0.16937545,-0.008215217,0.12937693,0.633893,0.066716515,0.28049293,0.27881724,0.10641139,0.16368422,0.2894751,-0.086506575,0.31400236,-0.06142264,-0.38432923,0.07850838,0.29069856,0.33995017,-0.49504822,-0.15075545,0.22529964,-0.15770118,0.41892976,0.1684445,0.18936154,-0.08606468,0.14351918,0.22218135,0.08421412,-0.5385958,0.12679952,0.009115647,-0.48085245,-0.046858303,0.18274197,-0.2685659,-0.44633818,-0.34768215,0.6934208,-0.13340367,-0.53008443,-0.09051508,-0.21361996,-0.50453156,1,2,0,Enabler,0.20133823027881603
81,26,0.06516290726817042,0.027441797858401697,0.30556164635483346,0.16743158614579243,0.027692307692307693,10,0.02505365340533636,2178.9061917549534,0.09971509971509972,27,0.2174556213017752,3,2.193312645037188,23,7,3.217391304347826,20,3,0,0,-0.06601458,0.18525964,-0.08727563,0.28787047,0.09582481,0.19581275,-0.062014636,-0.03209889,0.02754195,0.15478535,-0.004621531,0.113350704,-0.0226029,-0.1976468,0.26598448,0.20910351,-0.22084959,-0.00976679,0.072882555,0.07949478,0.06969943,0.010920447,0.04826594,-0.09515099,-0.17326458,-0.005540565,0.03302633,-0.22802238,0.026430937,-0.3139246,0.19857132,0.069218986,-0.15370566,0.2665437,-0.07987367,0.061400425,0.09941928,-0.04888688,0.13000529,0.08634739,-0.046293605,0.15270986,-0.15782088,0.09766897,0.07919284,-0.13670208,-0.1570991,0.14679587,-0.04037879,-0.2434912,-0.006136971,-0.0578672,-0.22504386,0.0023793604,0.045238435,0.004768784,-0.06319691,-0.10333571,-0.34362713,0.29999226,-0.23490107,-0.07511865,0.11804723,0.17576484,-0.015846342,0.16390525,0.018816523,0.25399637,0.017647497,-0.15805058,-0.1687381,-0.29216808,-0.0399769,0.023710126,0.037887428,-0.20460409,0.037324805,-0.17450085,0.021165421,0.14728095,-0.12410774,-0.09036712,-0.20122977,0.08070756,-0.04621591,-0.053149063,0.24886489,0.03812472,0.045913666,0.03712332,0.056019083,0.055186756,-0.04593115,0.006861846,0.11887771,0.022749554,0.038247563,-0.12570275,0.11081047,-0.20687819,0.027667118,0.0927849,-0.021319095,0.0253485,-0.028481403,-0.10183338,0.05283531,-0.094728194,0.19290893,-0.20901513,0.07250074,-0.07292598,-0.08858013,-0.37181196,0.07452422,-0.04397484,-0.08753471,0.09626487,0.051842876,-0.10052468,-0.33720288,-0.27808902,0.13703255,0.023827465,-0.29130572,-0.11128157,0.11596569,-0.13127705,0,0,0,Peripheral,0.12239801388533164
82,7,0.017543859649122806,0.008366814375163732,0.25455488250406577,0.0365766694697591,0.19047619047619047,4,0.01072656594223347,664.3334282023756,0.39285714285714285,8,0.0,0,0.06791678500115157,20,10,2.25,4,2,8,6,0.1738807,0.29930702,-0.00822243,0.31978673,0.30386835,-0.25384897,-0.35681596,0.06893881,0.031181606,0.30114597,-0.031756975,-0.11111233,-0.10554327,-0.4958886,0.2708673,0.050295524,0.10352609,0.24009092,0.18969849,0.57615954,-0.122701675,0.03332747,0.2407144,-0.18917383,-0.24299607,0.12583916,0.17102267,0.05588929,-0.007865791,-0.30991986,0.20202619,-0.060266845,-0.27984628,0.37646595,0.09160955,0.036710534,-0.11804309,0.28555304,0.4254104,0.0064960015,0.04777684,-0.042261872,-0.13415238,-0.3473386,0.13713162,-0.04472888,-0.2855657,0.016328484,-0.12835488,-0.005426739,0.32479173,-0.040000238,-0.1812318,0.050001886,0.23223668,-0.1324892,-0.09165872,-0.27311125,-0.19550285,0.088453606,-0.19471629,0.21741898,-0.1366781,0.32807806,-0.060307674,-0.11508086,0.09925101,0.16568412,-0.10459073,-0.22428718,-0.06039232,-0.5257669,0.01400349,0.21876639,-0.3258278,-0.52455974,0.0713079,-0.10198089,0.07809384,-0.22304298,0.096701324,-0.22331844,-0.22576754,0.12597834,0.029333372,-0.0043842844,0.08175411,0.19365528,-0.021453489,0.12927516,0.14606656,0.030766122,0.281859,-0.50528294,0.2306641,0.19239548,0.30759326,0.15212621,0.032857377,-0.40418732,0.0033345544,0.14335601,-0.09249939,0.1713704,0.122766115,-0.21361232,0.30569944,0.00537668,0.19631122,0.056580845,-0.14766188,-0.21905093,0.0027851944,-0.18842691,-0.09472048,0.45580378,0.116026886,-0.037313208,-0.14119716,-0.044603728,-0.3486947,-0.2083584,0.0915298,-0.02733398,-0.39519703,-0.05360292,0.1310998,-0.23362409,1,2,0,Enabler,0.2816604879553171
83,10,0.02506265664160401,0.02481477740894479,0.22619222150082727,0.038316103844368635,0.0,5,0.013423967320828518,1970.3181410476252,0.18181818181818182,11,0.0,0,0.4664285087579084,12,8,2.75,4,2,4,2,0.045306172,0.01301895,-0.06998461,0.22818269,0.38869762,0.051844332,-0.16032091,-0.22853011,0.004626081,0.28842446,0.46542832,0.015133883,-0.29451013,-0.11889835,0.33266318,0.10953048,-0.30755046,0.3555771,0.20468318,0.17138477,0.042654403,-0.102650315,0.27199864,0.13047464,-0.45477653,0.067794494,-0.10411853,-0.3508646,-0.27165768,0.078535594,0.2428055,-0.019279847,-0.34661263,-0.050471317,-0.2613252,-0.23498209,0.18900599,-0.057118822,0.4720366,0.31448472,0.20869775,0.29904753,-0.20585296,0.005308798,-0.24646068,0.027477277,-0.21485043,0.32287648,0.38516518,0.0846018,-0.054192055,0.14974801,0.2852388,0.31595308,-0.25609425,0.08480049,-0.21087664,-0.121051006,-0.11839053,0.19318277,-0.21967141,-0.04975345,0.15005398,0.28340933,-0.18236604,0.21090771,0.20011345,0.04490463,0.30491224,0.18434377,-0.15648317,-0.3701402,-0.16986884,-0.11751528,-0.2499856,-0.34366006,-0.17601027,0.16390279,-0.068533316,-0.005779748,-0.23815522,0.05971788,0.11449247,0.13003242,0.12566079,0.007737422,0.1136033,0.12162173,0.20711389,-0.003281158,0.11811141,-0.09548293,0.007113038,0.007977127,0.25314873,-0.23133971,-0.09089398,-0.02183261,-0.0012912657,-0.016565353,-0.13942371,0.17006564,-0.0630912,-0.036853127,0.017065134,-0.42147517,-0.083534054,0.20513539,0.2244159,-0.25857347,0.19221392,-0.16804929,0.183345,-0.40001312,0.10436616,-0.032868363,-0.15291318,0.11540436,0.18045062,-0.37840667,-0.2396151,-0.15999807,0.27197558,-0.044040892,-0.59926796,-0.17935951,0.22954668,0.094737515,1,2,0,Peripheral,0.059066251090413226
84,8,0.020050125313283207,0.015135108007651839,0.23367771947855248,0.029651172454433432,0.0,4,0.012275606777781247,1201.7427109155637,0.2222222222222222,9,0.0,0,0.20075402625340386,18,9,2.2222222222222223,3,2,8,5,0.47650367,0.14105311,0.22775406,0.20595624,0.41244596,-0.17636025,-0.4894579,-0.27734333,0.086522035,0.042858463,0.17724524,-0.04839472,0.25691938,-0.172248,0.5004208,0.020691302,-0.2904364,0.039834555,0.041080073,0.31882775,0.2832571,-0.15266006,-0.048718974,-0.406153,-0.0113997,-0.103871554,-0.0043480443,-0.23404852,-0.07053492,0.06599701,0.12732005,-0.19938096,-0.22305124,0.032824732,-0.07412509,0.4317428,0.13576946,0.35592574,0.017419618,0.1449052,-0.07395895,0.18515372,-0.36184338,-0.3104727,0.041830465,-0.027855871,-0.113310836,0.2675688,0.21003391,0.10183761,-0.37359014,-0.27306396,0.006656151,-0.13379698,0.08231988,0.052789096,-0.094558634,-0.45374954,-0.34416345,0.31007606,-0.2688621,-0.06613743,0.21483703,0.29738605,-0.2034163,0.24711399,0.301091,0.1796317,-0.21108405,-0.024659436,-0.014108517,-0.17961037,-0.13044587,0.06905969,0.23617429,-0.32104588,-0.0045791594,-0.25627637,0.27543482,0.12685563,-0.016348343,-0.1086355,0.17407487,0.05418528,-0.029348744,0.15761045,0.048852753,0.17500722,0.33672872,-0.07976738,0.18969661,-0.19187722,-0.40748626,-0.08991032,-0.17780147,0.35592866,-0.24283725,-0.06323081,-0.24372964,-0.36639124,0.017149333,0.39204332,0.031748503,-0.13485137,-0.14929575,-0.36817786,0.40699533,0.12974809,0.21729569,-0.09161707,0.17865804,0.24570714,-0.21266104,-0.48007122,-0.061670803,-0.16064611,-0.17991044,-0.16760683,0.08485589,-0.07584762,-0.34319624,-0.32141438,0.15962254,0.34252495,-0.41844207,-0.114522696,0.04622907,-0.22697009,1,2,0,Peripheral,0.048417318226534486
85,28,0.07017543859649122,0.03345123571215811,0.32255415101806156,0.1817166608303197,0.03968253968253968,10,0.044742856862566745,2656.0615667810666,0.10591133004926108,29,0.26530612244897966,4,2.32614988628944,17,6,2.764705882352941,13,4,0,0,-0.020761028,0.27055988,-0.019723808,0.13545352,0.29053253,0.084882125,-0.05437438,0.00012640185,0.14785622,0.24284999,0.122617334,0.17131507,-0.08605702,-0.15000688,0.26124325,0.08800652,-0.12988846,-0.19294241,-0.056562174,0.11327279,0.018409558,-0.14635144,0.12919983,-0.06476265,-0.27329683,0.028736359,-0.024181454,-0.10013179,-0.16503032,-0.281903,0.070186,-0.021690045,-0.1802039,0.1183456,0.050135862,0.12895769,0.101179205,0.0984851,0.08363232,0.23892474,0.0439106,0.14491023,-0.16656856,-0.23836966,0.0873912,0.030647578,-0.14668587,0.18782513,-0.21930134,0.0041935192,-0.0029592447,0.07565559,-0.05569135,-0.07336071,-0.002867519,-0.057995766,-0.103798136,0.10901197,-0.26092228,0.17970997,-0.14169908,0.043165427,0.2673122,0.22389477,-0.11982795,0.052448377,-0.032949865,0.18420623,-0.18830383,-0.05628981,-0.18487819,-0.080038,-0.1962135,-0.14661036,0.05286239,-0.25180903,-0.14498772,0.10271906,0.06436103,0.006293223,0.04183958,-0.26293916,-0.21133463,0.00042082294,0.0006694316,0.13500775,0.10133958,-0.15789272,0.21474017,0.09156135,0.060035158,0.17469735,-0.07696515,-0.13489564,0.15313245,-0.02049421,-0.13557468,-0.12554029,0.24640146,-0.058493342,0.018552953,0.20553787,-0.19115406,0.15602024,-0.05354688,-0.10993192,0.02223906,-0.050700042,0.11066034,-0.35139033,-0.054976728,0.06544791,0.1080731,-0.22772592,0.074330315,0.00028307518,-0.17719032,-0.1871511,0.085318156,-0.08140016,-0.2785234,0.040464494,0.07641349,0.12366432,-0.32821167,0.110898376,0.09934023,-0.20498654,0,0,0,Peripheral,0.13300753580805452
86,14,0.03508771929824561,0.005551670555566985,0.27952842519379345,0.11923152557657447,0.08791208791208792,10,0.005497703671802367,440.80819378257416,0.20952380952380953,15,0.0,0,0.9977774737669175,18,8,3.0555555555555554,4,11,3,0,-0.012001365,-0.014410658,-0.10391686,0.3020259,0.09394656,0.12977414,-0.27046964,0.037838146,-0.2021388,0.23932792,-0.014525728,-0.059642218,0.14444242,-0.33587447,0.21666743,0.151563,-0.27077755,-0.10230787,0.013594684,0.10943067,-0.07853354,0.15479468,0.053183995,0.06989257,-0.25295943,0.04016813,-0.036198847,-0.27871817,-0.28110576,-0.08688163,0.34031385,-0.053824276,-0.0036349138,0.2758714,-0.1150165,0.14189406,0.21643963,0.009359376,0.17260462,0.13004565,0.05286724,0.20421718,-0.13550094,-0.19299017,0.07422205,-0.069817655,-0.17215794,0.10554351,-0.115426876,0.012915843,0.15090935,-0.03683336,0.046776306,0.0025896863,-0.09337534,0.13999273,-0.11749267,-0.04899966,-0.2068308,0.17875895,-0.20341365,-0.056458138,0.19248529,0.22383484,-0.14641641,0.19187467,-0.0958649,-0.13297907,0.019333957,-0.09510842,0.1768972,-0.30061492,-0.022404853,0.012459161,0.03885594,-0.25111717,0.07640014,0.08586127,-0.005339597,0.041393396,-0.16249289,-0.2451422,-0.124647796,0.13637212,-0.17565258,0.12473884,-0.081071585,0.0180423,0.09345674,-0.16597816,0.025216358,-0.021588575,0.26370707,0.008402091,0.26097372,0.1674,-0.005382117,-0.04732937,0.15428063,-0.4056824,0.050545868,-0.12136205,0.100709416,-0.0059423377,-0.07668306,-0.16704738,0.06417397,0.051821094,0.038621105,-0.108776264,-0.06932154,0.074725725,-0.04179373,-0.421157,0.20000993,0.020586718,-0.14761372,0.17906788,-0.026034843,-0.20578717,-0.14753942,-0.05866708,0.12169366,0.057089586,-0.30524093,0.07888676,-0.08983028,-0.08672168,0,0,0,Broker,0.9141358128624216
87,1,0.002506265664160401,0.0,0.20288071834802496,0.0034407983411966114,0.0,1,0.0,0.0,1.0,2,0.0,0,-0.7291066625123621,14,8,2.0714285714285716,0,3,4,7,0.008600012,0.2336787,-0.17622644,0.3947701,-0.17811298,0.40994498,-0.24456218,0.38264462,-0.06519809,-0.22369976,-0.026458282,-0.025915584,-0.06731532,0.13051042,0.27313042,0.30222684,-0.9294763,-0.22533807,0.38899598,-0.027992157,0.029608406,0.47403446,0.18924257,0.15686993,0.060158115,-0.08919679,-0.055914372,-0.3986525,-0.16387461,-0.3476952,0.16983569,0.3464858,0.046479646,0.44812578,-0.16608565,0.17120157,0.19891523,-0.21159577,0.5119449,0.17801847,0.03767558,0.5199618,-0.2965163,-0.18675277,0.1982863,0.067281865,-0.20406328,0.29728287,-0.16765085,-0.26745796,0.47076648,0.18569125,-0.09970557,-0.047853637,0.04869193,0.18535262,0.046244964,-0.028336436,-0.38376856,0.005939729,-0.31122932,-0.15196405,0.20396385,0.3523691,0.0068854215,0.08235804,-0.13019638,0.05741112,-0.28852573,-0.3178604,-0.11245651,-0.4777823,-0.08197161,0.0056205806,-0.24362661,-0.50797987,0.16817226,-0.08506854,-0.26539886,0.35683247,-0.19298255,0.023691252,-0.37238064,0.12543918,-0.04774413,0.36527175,0.08998741,0.36092168,0.27449527,0.018736236,-0.21791007,0.097357646,0.15337226,-0.03209806,0.4078993,0.168434,-0.09416054,-0.024583379,-0.20853542,-0.44876853,0.101156816,0.28488418,0.67389345,0.0028787188,0.15638515,-0.19944727,0.3661374,0.05103317,-0.0054218215,-0.23701967,0.07371921,0.20942035,0.08076569,-0.29306787,0.14204209,0.094876595,-0.37824556,-0.106817104,-0.38377962,-0.15565777,-0.1802984,-0.27237388,-0.18371642,0.181995,-0.26712167,0.34073815,-0.119346544,0.21582253,1,1,0,Peripheral,0.018037827977003023
88,2,0.005012531328320802,0.00031382988483617753,0.19253825137829753,0.004191027588225964,0.0,2,0.0003000166774867346,24.918406685877333,0.6666666666666666,3,0.0,0,-0.5962694212601098,10,7,1.9,0,2,3,5,0.21656366,0.032085594,0.2612608,0.33862054,0.4671035,-0.29435095,-0.53207755,-0.42891583,0.020598242,0.1100443,0.29238904,-0.112829894,0.18328774,0.0547219,0.55039024,-0.129306,-0.28418824,0.3604109,-0.042468034,0.4258118,0.22226955,-0.5254383,0.04575811,-0.41076648,-0.4424161,0.32792446,-0.009966178,-0.33822706,0.0043905294,0.18841738,-0.0056417636,-0.06880821,-0.39087504,0.074037634,0.09079066,0.26998475,0.3062853,0.22839092,0.43297127,0.20877278,-0.1746462,0.28674343,-0.42167154,-0.22923978,-0.12667184,-0.11260922,0.0671529,0.16155928,0.54931515,0.11181596,-0.18748257,-0.044404116,0.35734117,0.28838047,0.27203056,0.09282096,0.014456188,-0.13862216,-0.20811091,0.32223764,-0.15890467,0.01470219,0.28858945,0.3328746,-0.47050118,0.13634789,0.49725863,0.10623114,0.017760482,0.06162339,-0.13932405,-0.24361554,-0.338101,-0.045243226,0.013405418,-0.4761778,0.008015801,-0.3461119,0.2869481,-0.060052197,-0.39821884,0.18171147,-0.076218344,-0.040288724,-0.03973916,0.020615786,-0.03651036,0.29989392,0.35820425,-0.06267067,-0.16236125,-0.22929959,-0.35239166,0.11771517,0.023770899,0.08102674,-0.34423944,-0.2262057,-0.30007723,-0.35677668,-0.19610856,0.36823732,-0.021599656,-0.041158475,0.027791975,-0.59698397,0.06328345,0.2491899,0.47228822,-0.09517003,0.1297213,0.131623,-0.10428091,-0.4243537,-0.09697815,-0.5523309,0.083344184,-0.06055578,0.18957423,-0.30277678,-0.32614022,-0.32332358,0.3591168,0.09305417,-0.5274008,-0.14650175,0.13722116,-0.02018991,0,0,0,Peripheral,0.010733426467755592
89,1,0.002506265664160401,0.0,0.1857129960407021,0.0018283640519732834,0.0,1,0.0,0.0,1.0,2,0.0,0,-0.7291066625123621,12,9,1.9166666666666667,0,4,4,4,0.48682642,0.21533942,0.42119437,0.26444322,0.41522577,-0.15699117,-0.38744375,-0.31722826,-0.15841609,-0.007507736,0.03754174,-0.067617014,0.15495022,-0.015780723,0.6244291,0.09837255,-0.35364234,0.14716879,-0.034184042,0.49765542,0.34946778,-0.4399419,-0.13211341,-0.34326148,0.028163731,0.050441116,-0.0321897,-0.13760182,0.055333022,0.15782017,0.11037457,-0.24680929,-0.1498432,0.13228275,-0.006841233,0.4869159,0.14779721,0.06622259,0.066297926,0.12871164,-0.28352183,0.08276955,-0.36522448,-0.39433533,-0.09331075,0.18837167,0.061835777,0.07866265,0.5026345,0.18110473,-0.44068485,-0.36029208,-0.016149916,0.105373524,0.23215511,-0.030921878,0.035942066,-0.42919472,-0.60325223,0.2777414,-0.3108617,0.08783423,0.30828422,0.505193,-0.28612298,0.12135482,0.3427586,0.14175095,-0.075490125,-0.051527366,-0.028670646,-0.3920951,-0.28985578,-0.016804565,0.22134896,-0.39222848,0.16986635,-0.37276176,0.35665596,-0.06323031,-0.17555548,-0.05503727,0.021680556,-0.07083751,-0.15835878,0.27290756,-0.2485954,0.058963925,0.30081987,-0.07162598,-0.043069415,-0.0661569,-0.37674755,0.04151033,-0.077258766,0.41159493,-0.34321788,-0.01207845,-0.4020833,-0.41230747,0.0007618463,0.2682854,0.08130346,-0.013538485,0.00649415,-0.5584433,0.35561436,-0.087479666,0.23507251,-0.36140037,0.25950882,0.5048007,-0.10659855,-0.5170604,-0.1591512,-0.29535475,0.006945363,-0.03838059,0.1668423,-0.11172086,-0.17325483,-0.41013744,0.3550998,0.38178337,-0.51772374,-0.16762657,0.12841095,-0.049400512,1,1,0,Peripheral,0.017785882280584076
90,2,0.005012531328320802,0.00030226319567763636,0.21064333986717768,0.005900865905528947,0.0,2,0.0002455888464880795,24.000000000000004,0.6666666666666666,3,0.0,0,-0.5962694212601098,9,7,3.0,0,2,4,3,0.13021939,0.33114582,-0.026924893,0.35626504,0.34019062,0.049040426,-0.20146242,0.122077495,0.0042002033,0.31517085,0.18992835,-0.11140182,-0.6118025,-0.14664665,0.28309765,0.2542038,-0.13190736,0.13325194,0.23899713,0.655597,-0.025270749,-0.3415371,0.2732665,-0.52353525,-0.20495358,0.2590259,0.31017625,-0.14962141,0.30505288,-0.5072111,0.00026051668,-0.025703507,-0.113250956,0.1785221,-0.08140487,0.12864232,0.106342435,0.20045732,0.44996583,-0.12664059,-0.10855172,0.14409424,0.15244496,-0.49349567,-0.2379589,-0.06487876,0.1071169,0.034143005,0.12698,-0.07087021,0.19170703,-0.28000358,-0.2004374,0.3709198,0.06055803,0.09774861,-0.09425372,-0.16975355,0.15700208,-0.052041765,-0.16156963,0.26452726,-0.052822575,0.0953261,-0.09059632,-0.1349391,-0.07954169,0.21366364,0.2220614,-0.45643288,-0.122408524,-0.57995,0.00047866776,0.020591866,-0.22136292,-0.55759114,-0.027555842,-0.2677236,0.03636685,-0.28108,-0.10551815,-0.43783918,0.12773609,0.26086774,0.009965352,0.2055836,-0.0016964219,0.13931324,-0.09222936,-0.14027299,-0.07166675,0.036167264,0.37120226,-0.36338794,0.399965,0.17217824,0.39600623,-0.076492116,0.076342784,-0.35561794,0.34092984,0.3277435,-0.118887305,-0.048616305,0.38861594,0.022572014,0.22570351,0.09129676,0.27309754,-0.013879386,0.07446282,-0.23510788,-0.09139461,-0.22999486,-0.0127722565,0.5035838,-0.03890928,-0.098585814,-0.23392633,0.29417965,-0.62985504,-0.05689478,0.24340448,0.10405088,-0.7032756,-0.31913143,0.03804953,-0.36448446,0,0,0,Peripheral,0.010997700010172907
91,9,0.022556390977443608,0.010900490270726221,0.2563630860893354,0.0370214778305556,0.1111111111111111,4,0.014525582326001143,865.5098279859327,0.28888888888888886,10,0.0,0,0.33359126750565615,11,8,2.090909090909091,4,2,1,4,-0.1774242,0.047270607,0.27191642,0.03631863,0.06429193,-0.11475725,-0.22474536,-0.0009237387,0.16069174,0.46961474,-0.08619848,0.5083158,0.11041791,-0.13755268,0.43992922,0.47011352,-0.26808935,-0.079818495,0.17331967,0.40205148,-0.120863795,0.14160125,0.22223778,0.17004208,-0.21335423,0.14918838,0.14548714,-0.12815453,-0.11568901,-0.13494465,0.26090142,0.06300557,0.1865189,0.24717517,-0.2021774,0.04705934,0.12192737,0.2207188,0.15726009,0.13974905,0.011701228,0.3823471,-0.22218291,-0.27334175,0.16012765,0.046053264,-0.2796484,0.023927283,-0.56934714,-0.21354596,0.081900656,-0.27151233,-0.3206758,-0.07149723,-0.0032799582,-0.061572835,-0.07237558,-0.026092174,-0.17631811,0.19802004,-0.11096668,0.37386152,0.35199204,0.012760306,-0.21669322,0.30403927,-0.087337896,-0.13790774,0.1617517,0.00055265374,0.108576685,-0.3224813,-0.35006642,0.09811014,0.0504411,-0.37071925,0.010783172,0.26219013,0.53944546,-0.09899458,0.095162936,-0.24964346,-0.031106826,-0.015569568,-0.28110698,0.18487771,0.024964042,0.26618692,0.23796323,-0.20069763,-0.07454831,-0.16432253,0.081860274,0.2311693,0.36140627,0.110002436,0.009981299,0.19206277,0.12957676,-0.3787809,-0.32145366,-0.19564375,0.046044577,-0.052780263,0.020475954,0.12795399,0.09638996,0.052950867,0.26216233,-0.20243402,-0.16130628,-0.062131118,-0.120940104,-0.42966157,-0.056581195,0.08718978,-0.16959198,-0.20308122,0.15904014,-0.2719659,-0.2967091,-0.03315738,0.15236631,-0.13177037,-0.2460522,0.21242179,0.3104419,-0.035649423,1,1,0,Peripheral,0.05038529618096436
92,1,0.002506265664160401,0.0,0.20288071834802496,0.0034407983411966114,0.0,1,0.0,0.0,1.0,2,0.0,0,-0.7291066625123621,11,9,2.090909090909091,0,2,6,3,-0.21354988,0.053927932,-0.10639548,0.5190125,0.032912403,0.4337738,-0.14645603,0.118171036,-0.019004943,-0.014995255,0.11600387,-0.086089544,0.028536236,0.06818106,0.22738597,0.22711164,-0.93588865,-0.12170524,0.19189857,-0.14860936,0.18376757,0.365454,0.109972715,0.09787147,-0.04762904,-0.018634237,0.076957904,-0.529034,-0.2868461,-0.5731375,0.10019275,0.24342243,-0.13700801,0.37297174,-0.30279836,0.31720752,0.27734417,-0.052240733,0.22932419,0.019357642,0.00028698254,0.4621794,-0.38893193,-0.071869016,0.17721274,0.1828387,-0.11099211,0.45596233,-0.28619665,-0.03896344,0.541713,-0.08297642,-0.32778716,0.043435484,0.1170937,0.20452492,0.09936096,0.24784036,-0.34172547,-0.029297685,-0.10325132,0.0500497,-0.066547334,0.45986244,-0.07288171,0.20133094,-0.13742039,0.03185644,-0.19368449,-0.3417399,-0.14224489,-0.528828,-0.08328899,-0.18870524,-0.16677657,-0.43704063,0.3209915,-0.17390195,-0.2872248,0.44739547,-0.12820144,-0.13641413,-0.33598095,0.1984605,-0.11345418,0.41353735,0.21117078,0.08917593,0.22681113,-0.100715406,-0.10654219,0.22045602,0.118834436,0.08748663,0.25997865,0.16673066,-0.14936565,-0.1681793,-0.1773136,-0.3947674,0.28784558,0.16933776,0.66966337,0.0024459283,0.17137763,-0.08237815,0.39743778,-0.06693401,0.12715875,-0.27499697,0.0072123394,0.07216602,0.101160176,-0.19827126,0.16643175,-0.035707057,-0.107378714,-0.06056844,-0.35943413,-0.15327966,-0.17200948,-0.3840521,-0.16725484,0.18261729,-0.39377248,0.012574924,0.06619856,0.25375554,1,1,0,Peripheral,0.018037827977003023
93,10,0.02506265664160401,0.02022359807692955,0.26689566974132123,0.05824901950772624,0.2,6,0.013242911907560823,1605.7739109062832,0.34545454545454546,11,0.0,0,0.4664285087579084,18,12,2.611111111111111,3,3,9,3,0.19805665,0.1817618,-0.10692,0.2947604,0.31429285,0.043861944,-0.15250868,0.015471383,-0.18931423,0.066598825,0.40953928,0.22285512,0.18743877,-0.29924598,0.1270746,0.15363444,-0.18880385,0.10954269,0.05868928,0.08090708,0.14393239,-0.0306207,-0.22804879,-0.26614854,-0.50456315,0.057363696,0.29648447,-0.09387745,-0.13901243,-0.30693695,0.021475788,-0.043849304,-0.3670263,0.067020915,-0.062076494,0.31036198,0.08119625,-0.041457325,0.26958364,-0.01974423,0.091826685,0.19883095,-0.36499384,-0.07712944,-0.023614554,-0.23968871,-0.12366705,0.16248675,-0.23042504,-0.27128527,0.27058038,-0.09313715,0.06412871,-0.17419249,0.062351182,0.0011344419,-0.1458501,0.06783867,-0.21610244,0.07025516,-0.04721901,-0.29109195,0.2421574,0.11629472,-0.055578914,-0.07178687,-0.07306595,0.111878835,-0.15505144,0.0626284,0.051842403,-0.4774525,0.106463045,-0.17764243,0.039483625,-0.07895755,-0.100588456,0.20459901,0.1580647,-0.07309081,0.16054177,0.23209645,0.14290154,0.058528252,0.15717117,0.11710642,-0.039618142,-0.20284644,0.44613513,0.0331085,0.27251253,0.09222474,0.14791854,-0.16408752,0.104718246,-0.10136949,-0.20228606,0.22269896,0.099718176,-0.37751505,-0.1442127,-0.061401803,-0.20644324,0.29243222,0.22906733,-0.0999131,-0.07222346,-0.13435182,0.29090884,-0.38452336,0.053404707,-0.28094843,0.010386216,-0.37227747,0.12552413,-0.123632655,-0.46023595,0.072595306,-0.24799125,-0.10796645,-0.09952701,0.15015133,0.40530998,0.016166635,-0.23411028,0.19887744,0.07822548,-0.13910173,1,2,0,Enabler,0.3934218925001569
94,3,0.007518796992481203,0.000282038048915897,0.21625301602875363,0.007022707767224622,0.0,3,0.00045124834367098323,22.394103121971142,0.5,4,0.0,0,-0.4634321800078576,13,6,1.5384615384615385,0,2,2,9,0.11206655,0.43304607,0.19732177,0.44873,0.111460485,-0.101132706,-0.2602432,-0.18510793,-0.060187213,-0.16934936,-0.34203172,-0.06704931,-0.022615744,-0.35950744,0.4872007,0.497232,-0.42937022,-0.08530142,-0.11017852,0.37160522,0.06206075,-0.17713624,-0.19871978,-0.27310303,-0.048115447,-0.2181418,0.32760042,-0.368355,-0.25197172,-0.19610313,0.0004138454,-0.24123377,-0.05975901,-0.20594935,-0.25886288,0.16399662,-0.015038752,0.30281863,-0.09346066,0.33225453,0.054227572,-0.12785414,-0.47035548,-0.1799535,0.08446605,0.19681992,0.023076234,-0.02822226,0.10098189,-0.09387142,-0.21365575,-0.09771249,-0.11083153,-0.082630046,0.1704611,0.050964996,-0.2635915,-0.38081422,-0.3997411,0.44804338,-0.31179366,0.09105751,0.4089952,0.4581121,-0.5070733,0.12699202,0.123245984,0.3260787,-0.20672697,-0.108932115,-0.058535226,-0.22233866,-0.35912576,-0.024108099,-0.024748798,-0.30012614,0.18369997,-0.23663162,0.19815469,-0.12645616,-0.16163152,0.088018484,0.001963697,0.3815651,0.108017944,0.21702807,-0.12738869,0.26462525,0.4988644,-0.0021478976,0.030545589,-0.16850275,-0.21064231,0.2877379,0.13309363,0.23024279,-0.46221256,-0.215861,-0.018117985,-0.0028319375,-0.012436913,0.29461062,0.033477597,0.024240468,-0.085434034,-0.5025549,0.69361264,0.084562495,0.11120591,-0.38736987,-0.13375169,-0.13206951,-0.087350644,-0.37095687,-0.014367391,-0.630566,-0.12627684,0.084160574,0.10090205,-0.3944396,-0.42469513,-0.3662148,0.20524961,0.51242924,-0.49774456,0.005432155,0.066685215,-0.102352075,0,0,0,Peripheral,0.01616798976916887
95,2,0.005012531328320802,3.232536953774722e-05,0.211053950666139,0.005962891532757002,0.0,2,4.6703861832134775e-05,2.566666666666667,0.6666666666666666,3,0.0,0,-0.5962694212601098,8,5,2.0,0,2,2,4,-0.004565457,0.121755555,0.083819844,0.024958251,-0.27835643,0.0055480716,-0.003491873,0.16920741,0.35752624,0.15696499,-0.3680565,0.023464711,-0.09176717,-0.55045253,0.0646376,0.30103725,-0.48464343,0.11664629,0.23220296,0.24841882,0.025270706,-0.12365944,0.18337317,-0.33206236,-0.20042485,0.04054835,0.2186595,-0.33246735,-0.33655158,-0.050688285,0.08884526,0.011201446,0.007912473,-0.021987079,-0.348801,0.18738252,0.10718083,-0.3129661,0.16134167,-0.09114455,0.21013707,0.11490323,-0.30270773,0.2822802,0.23021865,-0.603577,-0.26777238,0.11462891,-0.13705562,-0.4733518,-0.27656266,-0.102292106,-0.3667718,0.111813545,-0.07885229,-0.12305531,0.14635856,-0.19273026,-0.6701595,0.45075384,-0.2654784,-0.03624944,0.26033038,0.04928684,-0.03186761,0.24882144,0.15134215,0.08121597,-0.44366595,-0.15585601,0.23901747,-0.13423127,-0.37790385,-0.13837525,-0.19227527,-0.21869814,-0.022451134,0.19060554,-0.017641388,-0.046987608,0.2607142,-0.40207016,0.08817462,0.104850754,-0.008274133,0.31246847,0.15561506,-0.03757529,0.3183812,0.30764863,0.2892915,0.07731148,-0.123886295,0.042372227,0.13672863,0.20989354,-0.36575145,-0.44255856,0.015531403,-0.14977369,0.010660345,-0.08242315,0.094799116,0.0013465863,0.112970255,-0.4661619,0.46876675,-0.36620036,0.5995617,-0.09612905,-0.17072122,-0.44530815,-0.097686805,-0.32868358,0.32785463,-0.22898664,0.1398607,0.05982806,0.23333895,-0.5234817,-0.56344604,-0.23790927,-0.062513195,0.034980364,-0.5491531,0.08850079,0.14647603,0.02779379,0,0,0,Peripheral,0.010939906406719027
96,2,0.005012531328320802,0.00016468001128143946,0.21383280452612768,0.006619848433958894,0.0,2,0.0003019871842367781,13.075757575757576,0.6666666666666666,3,0.0,0,-0.5962694212601098,8,6,2.5,0,4,2,2,0.104445994,-0.06737032,0.15308245,0.12832494,0.29646865,-0.08261429,-0.15710545,-0.16650514,0.021384727,0.2707306,0.12665448,-0.058987558,0.04990108,-0.037887834,0.0062649283,0.32797644,-0.3618792,0.27648762,0.07000422,0.32640913,0.70572156,0.2914424,-0.02915755,-0.016212849,-0.45414063,-0.44739422,-0.49128318,-0.41384512,0.04484856,-0.15959947,0.24459459,0.47297326,-0.108427085,0.26929402,0.09440208,0.5509659,0.7095843,0.03509595,0.22418526,0.23685724,0.025409948,-0.023030894,-0.38194937,-0.29589242,0.36051586,-0.18038663,-0.115588926,0.080926836,0.032716163,0.37531427,0.46277604,-0.26694018,0.40556258,0.073269725,-0.025750933,0.18162091,0.2197019,-0.2242799,-0.47319594,0.5950914,-0.37586594,0.31493133,0.13141407,-0.029074345,-0.21481304,0.3542659,0.422287,0.006262001,-0.09283444,-0.3945445,0.3740465,0.16179064,0.007552689,-0.115467526,0.084077895,0.30567196,-0.25906137,0.0018244664,0.5254766,-0.17135698,0.39122486,-0.20529099,-0.17272827,0.22698325,0.30870873,0.20253879,0.16164623,-0.16155626,0.47906047,0.30349052,0.022397004,0.23527962,0.055632714,0.1883183,0.29453453,-0.16838431,0.19990802,0.19514284,0.017562047,0.11667206,0.253111,0.22447799,-0.513692,-0.23432644,0.17559126,-0.11670856,-0.034789518,-0.013775742,0.18602209,-0.09337314,-0.15969977,0.18015094,0.11509521,-0.33885336,0.34031758,0.25367922,-0.22440748,0.10805224,-0.07385027,-0.08760535,-0.2245424,-0.44664818,0.3432038,0.10183426,-0.52932215,-0.10267058,-0.26025936,-0.45206374,0,0,0,Peripheral,0.011075646112376982
97,13,0.03258145363408521,0.003784607995638978,0.27856949406105314,0.11473794440426509,0.0641025641025641,10,0.00424243131911717,300.5016594617305,0.1978021978021978,14,0.0,0,0.8649402325146652,13,8,3.0,1,9,3,0,0.008242998,-0.015447442,0.08639752,0.20626712,0.061061952,-0.001323421,-0.16313635,0.00240315,-0.024255423,0.22603436,-0.028281359,-0.080437616,-0.099142484,-0.11272525,0.2531017,0.21928133,-0.1746696,-0.107019596,0.19690403,0.25005427,0.05016768,0.11703981,0.05683656,0.002401086,-0.16443348,0.044669773,0.10239924,-0.20750676,-0.15130492,0.00015701352,0.15915693,-0.090920866,-0.21699753,0.09900388,-0.20730503,0.013046197,0.102939196,0.21042709,0.23377784,0.042242516,-0.080652,0.034023177,-0.20439517,-0.21078365,0.14729099,-0.19717555,-0.08850467,0.01288656,-0.22825047,-0.046282,0.16241558,-0.2739486,-0.06644482,-0.0455652,0.059944484,0.10231933,-0.14513557,0.035458162,-0.12990986,-8.477136e-05,-0.21781448,0.23961751,0.1936226,0.2966056,-0.13490462,0.073513485,0.018709501,-0.00090135104,-0.013914798,-0.14570409,-0.0025867908,-0.38163477,-0.035983406,-0.024290787,0.058574658,-0.35384923,0.024217436,0.043789748,-0.084847674,0.012543279,-0.051209528,-0.2514862,0.0075391135,-0.03483378,-0.11702603,0.10856216,-0.012806408,-0.016905278,0.057707783,0.025450958,0.05222608,-0.027361669,0.19013798,-0.30953997,0.11508234,0.011807375,-0.07518087,0.1539873,-0.18644083,-0.41765592,0.1126671,-0.1508476,-0.07501959,-7.56736e-05,0.07798388,-0.0057659103,0.0038524903,0.19153911,0.26303118,-0.2325946,-0.06899582,-0.13573126,0.05514067,-0.18386972,0.22650237,0.14667313,-0.075832084,0.010166375,0.023364192,-0.16106375,-0.260901,-0.05978406,0.28766596,0.16410692,-0.35167825,-0.043751694,0.06708286,-0.123447806,0,0,0,Broker,0.8785353209636843
98,4,0.010025062656641603,0.0012387217074963637,0.21828765462042202,0.010787681560964749,0.0,4,0.0009475461406167569,98.35574229691878,0.4,5,0.0,0,-0.33059493875560525,6,5,2.8333333333333335,0,2,1,3,0.013554603,0.23325472,-0.17745303,0.20144917,0.3434733,-0.02651271,-0.16314547,0.22412074,0.04486607,0.6392864,-0.049036738,0.06420661,-0.12812063,-0.1209585,0.37573865,0.03969903,-0.29532868,-0.04904314,0.048617963,-0.0001915902,0.18651876,-0.056766506,0.17819817,-0.026828613,-0.59320503,-0.09290101,0.36740416,-0.5831642,-0.25710955,-0.033355583,0.39842588,-0.47908658,-0.03318425,-0.01050102,-0.18051712,0.36372966,0.57919794,-0.038839612,0.44864526,0.17088203,-0.06843577,-0.21433762,-0.09921482,-0.33271834,-0.016002335,-0.18360549,-0.21368878,-0.2231091,-0.12096643,-0.09862291,0.23283185,-0.18751793,0.2208881,-0.4380027,0.0289753,-0.046148896,-0.23315045,0.27522042,-0.32177037,0.2605751,-0.15657188,-0.6286252,0.2649678,0.28255957,0.1613475,-0.27036238,-0.065322734,-0.09746075,-0.22701894,0.0052745305,0.31580463,-0.19325276,0.02306409,-0.15436977,-0.2532706,-0.039005753,-0.40077704,-0.14787516,0.2353584,-0.07381929,0.22994344,0.04951856,0.0030224535,0.026835335,0.0023262654,-0.25135538,-0.15076914,-0.16472901,0.39737758,-0.33055145,0.11222208,0.062309965,0.43385726,-0.0014519993,0.11658621,-0.021412397,-0.04783491,0.16378915,-0.094000354,-0.31343558,-0.071491845,0.083710015,0.071550146,0.06603323,-0.31731254,-0.17953557,0.048398063,-0.1786301,0.58138317,-0.6912143,0.12544872,0.10182407,0.5181328,-0.5464948,0.15376298,-0.27695057,-0.4336293,0.08440353,-0.06369518,-0.020023905,-0.39914352,0.29628146,0.41670528,-0.264144,-0.2116122,0.14462411,0.16429006,-0.18557248,0,0,0,Peripheral,0.02199550349896995
99,1,0.002506265664160401,0.0,0.2023750966200548,0.0023465047172867926,0.0,1,0.0,0.0,1.0,2,0.0,0,-0.7291066625123621,13,8,2.230769230769231,0,2,4,7,-0.28868,0.10267731,0.028427405,-0.04395446,0.19325621,-0.05475439,-0.54845554,0.080898084,0.13010298,0.4689797,0.07405732,-0.026655842,0.13383126,-0.090668246,0.49304348,0.41796365,-0.024262536,-0.015427782,-0.09699448,0.16368744,0.0016187687,0.011087525,0.100678414,0.03490403,-0.6731861,-0.21957545,0.10110542,-0.3015529,-0.46544582,-0.19063674,0.2014693,-0.34557927,-0.070226274,-0.09834045,0.18297192,0.16473661,0.07849896,0.4380338,-0.27528456,0.049149908,-0.031788018,0.43127048,-0.28777382,-0.14549848,0.4968753,-0.16648026,0.20287773,0.21689756,-0.29998028,-0.06394202,-0.047943443,0.40649843,-0.018991765,-0.18028711,-0.1980097,0.1782295,0.11080894,-0.3658092,-0.28938127,0.26287365,-0.40265495,0.23849893,0.030009076,0.39372635,0.15082556,0.40616938,-0.1666197,0.05925901,-0.30777636,-0.33211717,-0.4598167,-0.36540276,-0.14491038,-0.56554854,0.16276911,-0.4012601,0.09495356,0.011818084,-0.23335466,0.04568285,-0.09127996,-0.54425365,0.15687403,-0.18120481,-0.09825779,0.22643478,0.026889523,-0.012606622,0.18487115,-0.04052081,0.120684825,0.21928757,0.11355263,0.27144286,0.103720926,-0.08417366,-0.019719029,-0.0056830593,0.22150278,-0.27713925,-0.015719373,0.030044252,-0.5334797,0.17698465,0.4221242,-0.05764393,0.22958757,0.10264394,-0.069809675,-0.16410062,0.050068714,-0.035718836,0.18474278,-0.47919506,-0.07179269,0.15182,-0.22874331,-0.3169643,0.27068993,-0.0011202967,0.23267461,0.5636638,0.57723296,-0.05539743,-0.55866414,-0.018156698,0.59882796,0.011055081,1,1,0,Peripheral,0.01786684267173792
100,13,0.03258145363408521,0.00690900618810201,0.2792880740113396,0.11648285055186726,0.02564102564102564,10,0.004625954543402599,548.5820003414876,0.16483516483516483,14,0.0,0,0.8649402325146652,10,6,3.1,2,7,1,0,-0.03379757,0.053987175,-0.15521017,0.26611063,0.18362156,0.13896775,-0.1743241,0.014531817,-0.0433326,0.22103624,0.11950466,-0.1500512,-0.047020398,-0.27805093,0.41800115,-0.03618184,-0.25379416,-0.0117745,0.08038826,0.19033661,0.124556206,-0.068689935,0.040561583,0.018834412,-0.31123376,0.076157205,0.020949287,-0.021207882,-0.10181894,0.052202214,0.11027634,-0.024462242,-0.09983817,0.21125567,-0.15637116,0.11521787,0.21813384,0.13062918,0.1811376,0.22538082,-0.07242153,0.17605248,-0.10793987,-0.21067905,0.0012289922,-0.083925106,-0.085607946,0.23675403,-0.08131741,-0.008538682,0.089095265,-0.032556064,0.17020756,-0.13654327,-0.121505275,0.007302529,0.010862705,-0.10558095,-0.22197929,0.18987572,-0.16048528,-0.012920524,0.33310243,0.12529598,-0.080241226,0.24462472,0.06929248,-0.01509793,0.103460826,-0.11418921,0.043105654,-0.40670806,-0.122760795,-0.008317981,-0.07645417,-0.26208258,-0.08059955,-0.07149073,0.049744938,0.1826492,-0.02492764,-0.014033341,-0.11999933,0.018325787,0.09158267,-0.004312425,0.08081531,0.02728879,0.24898037,-0.06252363,0.13064002,-0.007412783,0.04449193,-0.11561254,0.19103554,-0.085600905,-0.061863977,0.037020795,0.06872802,-0.32400683,0.14557321,-0.04190807,-0.16482309,-0.14386937,-0.039421894,-0.14279982,-0.003441872,0.036113396,0.17105575,-0.043271627,0.049528103,-0.06446696,-0.050707944,-0.09917284,0.1713807,-0.08688582,-0.03910008,0.15453263,0.093944155,-0.10966003,-0.11304345,-0.094505936,0.2129538,0.051042225,-0.35064057,0.03009518,0.22214152,-0.10749038,0,0,0,Broker,0.8909616535880522
101,5,0.012531328320802004,0.01551575070246814,0.21784844404774512,0.007792879888540694,0.0,2,0.010757391844084332,1231.9661215266726,0.3333333333333333,6,0.0,0,-0.19775769750335298,14,7,2.2857142857142856,2,1,9,2,0.12117013,0.1717868,-0.22274785,0.1604756,0.037371982,0.20133133,0.27498704,0.13015427,-0.2716053,0.07702541,-0.19449078,-0.039178256,0.08476991,0.20071527,0.46934932,0.11655379,-0.7877975,-0.18011084,-0.07961521,0.35306057,-0.085488945,0.30365947,0.62454665,-0.22041537,-0.29705328,-0.010212787,0.00848225,-0.46348178,0.29893273,-0.38331285,0.1290751,0.13736375,-0.32770732,-0.059663005,0.012831231,0.1858516,0.032795355,-0.31589895,0.18016252,0.44237617,-0.27417523,0.23721321,0.006826182,-0.49715114,0.10357985,-0.4001561,-0.47759697,0.22499922,-0.29875413,-0.34852546,0.19931582,-0.34635484,-0.10682474,0.1539017,0.09576184,-0.04210889,-0.21366149,-0.0750093,-0.46939522,0.44828546,-0.4314061,-0.14373843,0.42371762,0.56850046,0.113566585,0.2902229,-0.3013908,-0.11070046,0.09224964,-0.13250534,0.021964852,-0.39871532,-0.19175072,0.059018616,0.0005781789,-0.22432752,0.12971911,-0.18513805,-0.16688885,-0.027125385,-0.3969691,0.054927994,-0.048749864,0.05100152,-0.19728953,0.19327343,-0.13032986,0.42549604,0.36170486,-0.00082817854,0.35727704,0.33634287,0.05954616,-0.4206513,-0.036348585,-0.16329525,-0.3240437,0.51573175,0.22913907,-0.026479878,0.19581264,-0.24937762,0.042602938,0.05479174,-0.4096964,0.055673845,-0.109276175,0.00030079365,0.060546305,-0.26415652,0.32007322,0.2660106,0.09270868,0.038808443,0.08682841,-0.2793611,-0.101198666,-0.12560982,0.18115392,-0.04835853,-0.07762448,-0.22238399,0.21368872,-0.20052753,-0.31751224,-0.0015118361,-0.15911059,0.16763388,1,1,0,Peripheral,0.03322194947724257
102,0,0.0,0.0,0.0,7.590317288714358e-60,0.0,0,0.0,0.0,0.0,1,0.0,0,0.0,11,6,2.1818181818181817,0,1,1,9,-0.007243707,0.0011597695,-0.0038976222,0.0018256009,-0.0035105152,0.003145392,-7.703714e-05,-0.0059210043,0.0043631066,-0.0027395757,0.0043516904,0.003942715,0.0011070911,-0.0034171185,-0.0056192,0.00387087,0.0048939288,-0.0006364016,-0.001823864,-0.0033523617,-0.0042829076,-0.0042792484,-0.00076044817,0.0053367745,-0.004552507,0.0045599854,-0.0023721633,-0.00044994242,-0.0058626924,0.004325374,-0.006985426,0.006258417,-0.00090904627,-0.007211376,0.0064025447,0.00060364604,-0.0039412268,-0.0015130164,0.007128657,0.006332271,0.0036079278,0.001929759,-0.0077052414,-0.0027255854,0.00044137053,-0.0013213819,0.004919274,-0.0052556833,-0.0022675293,-0.0012498479,-8.0243684e-05,-0.003768894,0.005889168,0.002990757,-0.006146184,0.006093744,0.000886878,-0.0012453739,-0.002058073,0.0012326865,0.0039677992,0.0036447272,-0.0039192243,-0.0047197714,0.0072644856,-0.0024528997,0.0027033333,-0.0032140315,0.0014881874,0.0008688653,-0.00523033,0.003234432,0.0037358645,-0.006994444,-0.002810617,0.0027683806,-0.0018315269,0.00773009,-0.004089372,0.0031230627,0.006121667,-0.0050488273,-0.00035174005,0.00060917716,0.006365737,0.005733475,0.0074632466,0.0005273968,0.004793645,-0.001000978,0.0014611604,0.0045008995,0.0010581119,0.00043980777,-0.005199845,0.0053653233,-0.0033216756,-0.0045781443,0.005607195,0.0025702603,-0.003690415,-0.004304368,0.004151228,-0.005792574,-0.0051091965,-0.0029869722,0.00095724314,0.003275266,-0.0059880773,-0.00430602,-0.007313555,0.0021342505,-0.0051282793,0.0067733843,0.0071494123,-0.007514838,-0.004574607,0.0055722594,-0.00583777,-0.0037761126,-0.0047790026,0.0046805404,0.0018570432,0.0001254743,-0.0037509454,0.0057832114,-0.002025186,0.00019151065,0,0,0,Peripheral,0.0
103,0,0.0,0.0,0.0,7.590317288714358e-60,0.0,0,0.0,0.0,0.0,1,0.0,0,0.0,8,5,1.875,0,1,2,5,0.0072450014,0.0009621177,0.006369096,0.006245232,-0.0032000896,0.0051952414,0.003161028,0.0012415014,-0.0066550532,-0.0053272387,-0.007516305,-0.00216325,-0.0044437917,-0.0053016236,-0.0020859549,0.00061882753,0.00032686628,-0.0048756516,0.005615281,-0.0049598953,0.0018994994,0.004266618,-0.007078535,0.002223895,-0.0026572673,-0.0049792808,0.0075587844,-0.0042808084,0.0030260906,0.006072649,0.006803802,0.003503832,0.001197286,-0.007539644,-0.0032384722,-0.0034652362,-0.003281301,-0.004746156,0.0056511313,-0.002176796,-0.0051448056,-0.0014730925,0.00028473325,-0.0060347905,0.0052860277,-0.0061198464,-0.0074350797,-0.0005007107,-0.0019145934,-0.005096578,0.0013746517,-0.001339742,-0.0019398853,-0.0028940327,-0.0029469617,-0.005869669,-0.0071124677,-0.00050475635,-0.0019433564,0.002512007,-0.0014675949,-0.0006970987,-0.004492013,0.006466166,-0.004630469,0.0010175742,-0.0011287713,0.000377764,0.003935797,-0.003946378,-0.0016894862,-0.0030008443,0.004815,-0.002196082,0.004365878,-0.0058147274,-0.005570831,-0.007353884,0.0041890442,-0.00079017226,0.0053440435,0.0070233652,-0.0059424033,0.00649839,0.00087503996,0.0009267004,-0.0022897804,0.002644213,-0.0012236638,-0.0028699134,0.0029059546,-0.0017965948,0.006207058,0.00620766,0.0037790649,0.0059034955,0.002032646,-0.0023762248,0.006125314,-0.0017306041,-0.0018801745,-0.00015728734,-0.001905269,-0.0027632415,-0.0015104422,-0.0024522673,-0.0069814967,-0.004286453,-0.0038428502,0.0069123814,0.0071079554,0.0039100833,0.0015471792,0.0040139193,-0.0043070316,0.002719772,-0.005532168,0.0014204653,-0.0003783349,0.0070004435,-0.0047898134,-0.0010759793,0.0006770734,-0.0018631713,0.006776423,0.004041586,0.004902767,-0.0050344607,0,0,0,Peripheral,0.0
104,10,0.02506265664160401,0.00739804679454081,0.2510139335975177,0.03430692486407339,0.06666666666666667,4,0.015124195720203848,587.4123135333349,0.23636363636363636,11,0.0,0,0.4664285087579084,15,8,2.066666666666667,3,1,10,1,0.18077108,0.29468995,-0.21098214,0.46505022,0.17141967,0.20212609,-0.21130927,-0.10779364,0.21813086,0.2981252,-0.3891152,0.039449893,-0.14157678,0.06052954,0.1545863,0.15876201,-0.6102275,-0.013411877,0.11044828,0.46727788,-0.056599505,-0.0036532816,-0.03829807,0.06523739,-0.12669873,0.098275505,-0.10087213,-0.21391812,0.22318973,-0.27380067,0.19368415,-0.015410415,-0.24829458,0.04239352,0.12510842,0.027628504,0.10801431,0.24036399,0.2641366,-0.113647185,-0.10386196,0.08809647,-0.17534192,-0.23912358,0.02775873,-0.18271706,-0.019360594,-0.030907085,-0.3127953,0.22982298,0.32684356,-0.28734303,-0.11565557,-0.25978422,-0.05681221,-0.15417823,-0.181487,0.09021615,-0.5034459,0.37647846,-0.34064898,-0.028608583,0.16016197,0.23620957,0.17306419,0.15618739,0.03369814,0.055343308,0.040651936,0.21461287,0.06388928,-0.40514123,-0.060987663,0.018383462,0.11030203,-0.06312409,0.017969035,-0.056098036,0.10947462,0.071395844,0.06493911,-0.24666789,-0.13366747,0.22074503,-0.09360479,-0.24254137,0.062266376,0.031633567,0.51278234,0.29766366,0.38609248,0.07812911,0.4264432,0.09142053,0.1024541,-0.22401553,-0.15510413,0.27758664,-0.13656922,-0.27559382,0.034269243,-0.14906558,-0.15138066,-0.14336205,0.36137035,0.049258884,0.0035821227,0.2032288,0.3642421,-0.23959506,-0.23968841,-0.06990915,0.14296347,-0.33306578,0.31056774,0.09130534,-0.39388844,-0.31906152,0.31919363,-0.09211975,-0.093341485,0.43855655,0.21146199,-0.08021504,-0.2506765,-0.0017714925,0.009035904,-0.19989496,1,1,0,Peripheral,0.05096054289233688
105,1,0.002506265664160401,0.0,0.1986617920949162,0.0022554126566042597,0.0,1,0.0,0.0,1.0,2,0.0,0,-0.7291066625123621,11,8,3.090909090909091,0,4,4,3,0.19895934,0.23031186,-0.16097105,0.1352012,0.3722008,-0.17781039,-0.3375904,0.2045244,-0.03849522,0.25261486,-0.026169159,0.034485657,-0.449454,-0.3380427,0.23281622,-0.10034674,0.13533682,0.1671392,0.2626108,0.65952766,-0.16962564,0.06048453,0.19721167,0.1199967,-0.2806436,0.13760018,0.33525842,-0.027545381,-0.1781288,-0.38670686,-0.065385826,-0.05928907,-0.36187145,0.35424927,-0.050631437,-0.10585358,0.08774032,0.4747561,0.7874511,-0.07607689,0.052626815,-0.032789394,-0.16274795,-0.8403067,0.20626736,0.081301846,-0.365511,-0.07541719,-0.04751724,-0.028709715,0.24255325,-0.00417425,-0.36402687,0.028997187,0.24422382,-0.12799193,-0.2277501,-0.33202288,0.024835343,-0.041094203,-0.28479016,0.32429373,-0.0151598975,0.32318813,-0.093301736,-0.26295975,-0.05787824,0.1468418,-0.06999147,-0.25027552,0.0012908077,-0.586494,-0.038869306,0.05740006,-0.11329799,-0.4939547,0.007667268,-0.26348525,-0.026385626,-0.25393346,0.037658166,-0.37195075,-0.009276965,0.11035592,0.066428356,0.07239179,0.0057072174,0.3418825,-0.1741996,0.043637462,0.028214622,0.20881297,0.49124017,-0.5182822,0.15767965,0.22530767,0.27494484,0.07677471,0.100770146,-0.41515535,0.2722676,0.36907232,-0.10846745,0.0666427,0.5685206,-0.17784065,0.28945965,0.09550666,0.30443865,0.0897851,-0.21076646,0.08334643,0.047207706,-0.04245126,-0.15823774,0.42243025,0.18926956,-0.122847274,-0.3067052,-0.20904015,-0.52178895,-0.20716102,0.26007164,-0.16354081,-0.6141928,-0.087653495,0.03980479,-0.4141222,1,1,0,Peripheral,0.0178526093768866
106,1,0.002506265664160401,0.0,0.1734180619728713,0.0005253176930122852,0.0,1,0.0,0.0,1.0,2,0.0,0,-0.7291066625123621,15,8,2.2,0,2,3,10,0.059541155,0.38519526,0.030951208,-0.09732837,0.3682633,0.039340768,-0.1397261,-0.012779081,0.29373956,0.3608186,0.5591857,0.12799512,-0.2643633,-0.07951705,0.27383786,0.103721894,-0.40724045,0.2354233,0.10413284,0.29404813,0.35193124,-0.07142368,0.30914927,0.054706935,-0.8244222,-0.06986487,-0.34583974,-0.29720712,-0.3956697,-0.011154189,0.018416962,0.3865882,-0.41646814,0.3097491,-0.33396277,-0.119641624,0.29611573,-0.15095457,0.57157975,-0.16910665,0.06456056,0.20410179,-0.24437943,-0.30165356,0.13940278,-0.18452476,-0.16237904,0.28655997,0.42292395,0.6708843,0.38731247,0.4140798,0.43528512,0.11945517,-0.28299105,0.13220878,0.1218214,-0.331777,0.11502814,0.48783684,-0.40206775,0.5251107,0.2743831,-0.088486925,-0.383423,0.46962535,0.58700144,-0.13822249,0.6391018,-0.12367604,-0.087234415,-0.15307172,-0.09763116,-0.0050355704,-0.2044037,-0.4278865,-0.4160183,0.1346307,0.1441834,-0.31484568,-0.10768952,0.33131185,0.015259754,0.073570415,0.12354096,-0.20021062,0.1971121,0.15403515,0.29889587,0.263252,-0.026366062,-0.094626516,-0.033846404,-0.08883032,0.122378714,-0.15945913,-0.4271555,0.15456201,0.17631876,-0.05063288,-0.15323944,0.3255061,-0.31051263,0.018758493,0.27179274,-0.26221052,-0.5443937,0.06801658,0.7235999,-0.014147305,-0.005274167,-0.20991547,0.1176792,-0.24143805,0.33081076,-0.0026960766,-0.24913758,0.031433146,0.032786734,-0.2837083,-0.04337531,-0.751452,0.23560578,0.31810176,-0.68237776,0.16575359,0.08811412,-0.15922819,1,1,0,Peripheral,0.01758227899295322
107,2,0.005012531328320802,7.841541827259892e-05,0.20037756327895617,0.0024367981828324137,0.0,2,0.00021891075432592543,6.226262626262627,0.6666666666666666,3,0.0,0,-0.5962694212601098,4,4,1.5,0,1,1,2,-0.011336566,-0.15450417,-0.118537754,-0.06330025,0.19737694,-0.05903659,-0.4416457,0.33751193,-0.0011403307,0.53498966,0.0028518855,0.43354622,0.27271557,0.035266723,0.5726138,0.58222294,-0.010033714,-0.25631043,-0.07687938,0.21910997,-0.5134778,0.34387943,-0.011037518,0.19357775,-0.11250306,-0.03645799,-0.029907418,-0.26948193,-0.42292222,0.12026153,0.45798957,0.13872139,-0.013663842,0.088932276,-0.22915168,-0.09531619,0.09674182,0.19791348,-0.11784329,-0.0031222291,-0.06541467,0.552632,-0.11552899,-0.5054228,0.18748581,0.013935792,0.08173027,-0.08664899,-0.28586543,-0.05658065,-0.10904835,-0.37886497,-0.19823855,-0.20663346,-0.26973552,0.13221973,-0.10994546,-0.34987608,-0.053511042,0.32297257,-0.20617765,0.6123414,0.5639891,0.11802745,-0.21177904,0.31827492,-0.06353084,0.011411209,0.08447336,-0.41427034,0.076237425,-0.46978506,-0.34613666,-0.42466375,-0.1411765,-0.5286327,0.30851457,0.41927287,0.23489097,-0.13552222,-0.017628202,-0.39578688,-0.31963873,0.13885684,-0.44426024,0.34171763,-0.033153176,0.24012233,0.12575594,-0.4000217,0.0019184056,-0.087991305,0.019950427,0.34264007,0.5864273,-0.033212885,0.07371927,0.21836576,0.18016413,-0.52572775,-0.63033235,-0.21036127,-0.27520564,-0.015350423,0.032065976,0.18931508,0.3604071,0.11814052,0.08927573,-0.25653926,-0.175993,-0.055465866,0.1948454,-0.45203102,0.09958871,0.38475922,-0.13346761,-0.28779814,0.25105253,-0.3421551,-0.36836234,0.3341935,0.23656872,0.008011926,-0.36997655,0.21609063,0.48361233,-0.022750048,0,0,0,Peripheral,0.010400470755036414
108,10,0.02506265664160401,0.005165576337246975,0.26386030062972216,0.05251975550169569,0.17777777777777778,6,0.010498464043215739,410.1519267537471,0.32727272727272727,11,0.0,0,0.4664285087579084,13,10,2.8461538461538463,2,4,4,3,-0.014624543,0.0030028098,-0.05802812,0.29151472,0.47892475,-0.07558037,0.25417584,-0.31837538,0.12646125,0.13877913,0.08902578,0.022147689,0.01987535,-0.14484048,-0.09445155,-0.0039064987,-0.08268258,0.0046362877,0.14114588,0.028405836,-0.13840151,-0.00021948038,0.41672,-0.12709768,-0.32349038,0.028836448,-0.12598939,-0.4376299,-0.025539199,-0.098243654,0.17304419,-0.065142974,0.018826745,0.07135142,0.18874349,-0.06910484,0.06690886,-0.061905544,0.14786299,0.34034225,0.16919827,0.2734509,-0.25845847,-0.36292472,-0.16559118,0.08345907,-0.029441614,0.20274162,0.010242941,-0.24730009,-0.16810012,-0.054240372,0.068786114,0.15026835,0.0469887,0.13924281,0.14057265,0.024435576,-0.17657532,0.37510332,-0.033066668,-0.04750741,0.1688557,0.28517547,0.21140495,0.275618,-0.18342806,0.2044925,-0.10307727,-0.20345627,0.06600841,-0.23839787,-0.35521975,-0.096991025,0.29684997,-0.7257954,0.20765257,-0.19164972,0.07712059,0.08585184,0.12023794,-0.19971149,0.032852404,0.0062861573,0.25893426,0.25651675,0.057503134,0.067018054,0.13959305,0.22678395,0.18607011,0.08794114,0.14191785,-0.114555225,0.4429333,-0.1243461,-0.10578253,-0.009047067,0.19291678,-0.2776829,0.29072002,0.093092404,-0.40513515,-0.19052725,-0.3640995,-0.10204661,-0.036649115,0.13542022,0.35747403,-0.2833577,-0.07571672,-0.16861337,0.16923404,-0.286557,0.035131726,-0.039969876,-0.07017078,0.047509763,-0.09038466,-0.03797389,-0.19551833,0.00996337,0.3325191,-0.07675106,-0.40866664,0.152492,-0.06083517,-0.21161176,1,1,0,Peripheral,0.059498276261669134
109,2,0.005012531328320802,0.00012923463311743027,0.21215677993154014,0.00629811295638024,0.0,2,9.271181310891137e-05,10.26135910415708,0.6666666666666666,3,0.0,0,-0.5962694212601098,6,5,2.3333333333333335,0,1,2,3,0.1017594,0.009422719,0.04624393,0.2197318,0.09530225,0.08367182,-0.038416214,0.0599526,-0.020250771,0.094320804,0.574064,0.637084,0.13834192,-0.20079815,0.7368544,0.34127894,0.09188235,0.12332444,-0.081563555,0.102969944,-0.07299921,-0.14145255,0.22980726,-0.025544051,-0.41396153,0.056702293,0.14477228,-0.05390844,-0.0367688,-0.123629116,-0.013881732,0.06253442,-0.03598512,-0.08450954,-0.115412496,0.69077617,0.4854232,0.25519896,0.14716752,0.02778154,0.18609548,0.08590739,-0.10522358,-0.16961156,-0.1382489,-0.057834823,-0.22696684,0.14260693,-0.35984033,-0.09099318,0.5100847,-0.23481421,0.10223627,-0.10506243,-0.0030528961,0.23623253,-0.1699053,-0.18720075,-0.2911006,0.22058414,-0.101495415,-0.21934834,0.108962655,0.27382532,-0.14501333,-0.2242724,-0.28963143,-0.021834558,-0.16269739,0.018800233,0.04327371,-0.69661826,-0.025972864,0.14813808,-0.011899902,0.019897936,0.05932861,0.1822023,0.18301229,-0.1793978,0.48710328,0.2865862,0.025288431,0.054576576,0.27285144,-0.056887083,0.07404409,-0.3101708,0.28055725,-0.23297618,-0.20968188,0.114441946,0.2788092,-0.19119751,0.08117184,-0.120438136,-0.49020052,0.2932749,0.19532584,-0.5133437,0.030940076,0.17540817,-0.034675743,0.24428588,-0.056639757,0.07659434,0.09488092,-0.058732364,0.3861342,-0.3920708,0.031849347,-0.53845745,0.121477626,-0.44448623,0.24817365,-0.40676546,-0.79431283,-0.0051292335,-0.2018403,-0.24696432,-0.40313983,0.37131104,0.46145472,0.005998243,0.02751239,0.14767303,-0.13990563,-0.23496516,0,0,0,Peripheral,0.011016512933197728
110,13,0.03258145363408521,0.011380779939141657,0.2889786744441174,0.11095367320113987,0.05128205128205128,10,0.009988235710117655,903.6453079477867,0.18681318681318682,14,0.1479289940828401,1,0.732102991262413,20,9,2.95,5,11,4,0,-0.0011174743,0.19724193,-0.046467744,0.26045865,0.13395742,0.15554452,-0.08144835,-0.10405026,-0.035923414,0.123427406,0.031846687,-0.03350674,-0.11262629,-0.12428289,0.37004,0.22130752,-0.25646633,-0.017443573,-0.025729474,0.28770915,0.14211968,-0.07137291,0.035840645,-0.10420998,-0.20962995,0.060341578,0.067219384,-0.25242954,0.022611087,-0.008685844,-0.001714446,-0.0036198164,0.05901176,0.0875924,-0.08655978,0.14802508,0.18761003,0.2254899,0.20940034,0.17663696,-0.04348757,0.13470112,-0.29357097,-0.099899195,0.18668059,0.0925233,0.003260312,0.18993978,-0.044534247,-0.010886818,0.031560197,-0.19934808,-0.013297169,0.1108385,-4.0222898e-05,-0.07651166,0.010219006,-0.25408706,-0.3849454,0.09653545,-0.1424658,0.059118535,0.24628149,0.3095053,-0.12733679,0.10923243,0.15270057,0.18125613,-0.13210839,-0.14491284,0.011070218,-0.28767696,-0.09834427,0.029610174,0.047491226,-0.24922855,0.1375147,-0.17542085,0.02954238,-0.08219466,-0.038152516,-0.02298988,0.097358204,0.13682169,0.077984504,0.25881237,0.079540595,0.086360805,0.06598366,-0.12631796,0.17324926,0.043687966,-0.04081644,-0.12924571,0.14465408,0.14371337,-0.15591444,0.20179878,-0.0544851,-0.3606178,-0.034979552,0.07427895,-0.23732413,-0.03765257,-0.25510952,-0.33892277,0.20422548,0.054692697,0.036021624,-0.11875316,-0.117093205,0.054821044,-0.037426922,-0.1362034,0.1554107,-0.0421925,-0.077958204,0.06726288,0.15494452,-0.20519641,-0.1865021,-0.1265092,0.2394353,0.06957648,-0.24736062,0.046202242,0.12690483,0.021129863,0,0,0,Broker,0.9308089124227654
111,3,0.007518796992481203,0.0002735661839451465,0.21961597706233127,0.009199440965582372,0.0,3,0.0005114860014357501,21.721428571428575,0.5,4,0.0,0,-0.4634321800078576,13,8,2.076923076923077,0,1,5,7,0.11569575,0.5180449,-0.19885238,0.5051418,0.6385036,0.031217188,-0.010353154,-0.023480421,-0.043929454,0.22680448,-0.087542705,-0.21723266,-0.10590534,-0.015387419,0.018378524,-0.11296422,-0.23444405,0.036423784,0.10157719,0.18391684,-0.057778828,0.040642522,0.32098895,0.19403358,-0.17409593,0.16984648,0.026095167,-0.6166516,0.14859821,-0.11290603,0.14739475,-0.40647268,-0.039249793,0.41888836,-0.11919692,0.049375318,0.079932034,0.15921935,0.22993532,0.3475099,-0.330769,0.102286145,-0.2875238,-0.038105562,-0.10660266,-0.010869002,-0.1448226,0.2795222,0.4328527,-0.19479655,-0.21740831,-0.253217,-0.0096488865,-0.038121585,-0.069754705,-0.23590045,0.11075578,0.23471895,-0.16241768,0.36066043,-0.44927323,-0.3323216,0.5228789,0.12374685,0.5700615,-0.037266646,-0.030926336,-0.09707019,-0.35339698,-0.17893477,0.18291782,-0.14212699,-0.31574225,-0.15023187,0.12172467,-0.520815,-0.053828064,0.009785995,0.005228073,-0.22284035,0.061706364,-0.16320987,-0.22096412,-0.18423282,0.31893525,0.44370103,0.1765988,-0.17150606,0.36849022,0.1847586,0.02232121,0.107549906,0.42956418,-0.5697506,0.24809122,-0.30326855,-0.22110741,0.1572308,0.1939067,0.04088029,0.24023417,-0.4121677,-0.2808321,-0.05101001,-0.41732308,-0.041461103,0.14797635,0.073294826,0.4632537,-0.33529216,-0.10359331,0.029229889,0.110180646,-0.0948778,0.16297469,-0.20789918,-0.6120498,-0.05738732,0.34719533,0.20984519,-0.13069084,-0.18651931,0.1882095,0.0004811876,-0.3289445,0.22839098,0.2145149,0.46247348,0,0,0,Peripheral,0.01650599017349478
112,15,0.03759398496240601,0.010351953084730947,0.276671235157741,0.09931775877401453,0.22857142857142856,10,0.019754295133209636,821.9554268807219,0.325,16,0.0,0,1.1306147150191697,15,8,2.2,1,3,5,6,0.1191301,0.0974432,-0.081978634,0.16663598,0.29685834,0.17577358,-0.2516149,0.019105135,-0.027040783,0.046185613,0.1407712,0.16510943,-0.17213602,-0.2247849,0.24153727,0.1810617,-0.09762606,-0.063524365,0.11047393,0.056078825,0.34265935,-0.02097592,0.06410528,0.15467714,-0.4607744,-0.20560542,-0.1561797,-0.38959232,-0.16570154,-0.16192618,0.0017328598,0.1228988,0.070441484,0.24493629,-0.06869932,0.01938534,0.20263731,0.050966073,0.14996487,0.14171518,0.19660386,0.14780954,-0.321782,-0.11417549,0.1506161,-0.20970042,0.025456091,-0.13768254,-0.28422195,0.2722566,0.28169563,0.032554,0.16221905,0.09202181,0.1824925,-0.06205004,-0.06992879,-0.419527,-0.17491937,0.53455377,-0.19926631,0.1443561,0.13611679,0.11281862,0.033696048,0.24275322,0.113949075,-0.009794702,0.10423896,-0.27790987,0.17349418,-0.2628167,0.048748277,0.045463808,0.021962695,-0.08361165,0.09777927,-0.10317297,0.33943686,-0.17375009,0.004643105,-0.24432872,-0.080116585,0.011409993,0.24241787,0.15601733,0.066165835,-0.03334035,0.25412163,-0.02736975,0.17821836,0.10709049,0.18452367,-0.19212513,0.102143854,0.24974479,0.031352423,0.13356687,0.051237818,-0.081648506,0.09566027,0.11730364,-0.26973596,0.06723135,0.066179186,-0.10632483,-0.23402904,0.09253067,0.23228657,-0.024408448,0.09987451,-0.0022379844,0.032611616,-0.04835993,0.30046,-0.04981165,-0.37153283,0.015514214,0.18635513,-0.2839405,-0.22448717,-0.34706587,0.1856389,0.28069323,-0.29501837,0.12707251,0.068594046,0.01231773,0,0,0,Peripheral,0.07748226108936834
113,1,0.002506265664160401,0.0,0.2023750966200548,0.0027063046967109082,0.0,1,0.0,0.0,1.0,2,0.0,0,-0.7291066625123621,9,5,2.111111111111111,0,1,2,6,-0.41954368,-0.26961905,0.15176462,-0.10638427,0.24569425,-0.042540286,-0.13543189,-0.2261356,0.19499573,-0.17686988,0.5726921,0.49085063,0.23932037,-0.4720854,0.7292872,0.2429147,-0.1748931,0.2915267,0.15299135,0.4595826,-0.09619954,0.027142363,0.068184204,0.14921069,0.007176071,0.06524621,-0.1141183,0.04609793,0.045766506,0.104336135,0.18253994,0.19367915,0.25511703,0.1805997,-0.4937588,0.23813215,0.60115963,0.2131759,-0.11383704,0.21293727,0.28835604,0.35256696,0.11604734,-0.18726483,0.07532481,-0.05463221,-0.26261544,0.06899925,-0.28334343,0.12787826,0.55363554,-0.35132807,0.06355733,0.052300323,-0.038383074,0.50292915,-0.18568976,-0.39030895,-0.08939203,0.25116485,-0.29858443,-0.048512638,0.1730183,0.4959298,-0.259512,0.011337615,-0.15081589,0.04813832,0.15071853,-0.06729694,0.09363522,-0.40460658,-0.13745695,0.44678426,-0.025081946,-0.10491851,0.08450516,-0.019276597,0.098312,-0.1303453,0.2611695,0.11695788,0.18242167,0.058862034,0.029981289,0.034923244,0.08927036,-0.10702854,0.20118047,-8.099041e-06,-0.37551513,-0.035624713,0.25813335,-0.02833303,0.2955509,-0.08885577,-0.46188304,0.22251837,0.40103924,-0.3003808,0.4189606,-0.2271806,-0.010433259,0.3891858,-0.17377855,0.19291954,-0.05132006,-0.07759271,0.3664575,-0.26656523,-0.16686152,-0.5498354,-0.15147811,-0.17060399,0.12518331,-0.09712989,-0.5399422,-0.1252939,0.20549147,-0.2383771,-0.5332302,0.19379257,0.5438808,-0.0152569255,0.04811846,0.085076906,-0.013603031,0.18279323,1,1,0,Peripheral,0.01792306205195911
114,1,0.002506265664160401,0.0,0.2060990038548147,0.0035918082596693318,0.0,1,0.0,0.0,1.0,2,0.0,0,-0.7291066625123621,13,8,2.6923076923076925,0,6,3,4,0.31378624,0.061518714,-0.0646928,0.31141314,0.25296387,0.1396936,0.02439483,0.10596718,-0.041442007,0.04920086,0.48935097,0.38193417,-0.06881312,-0.30349702,0.48220035,0.24147168,-0.13617595,-0.042439714,0.035525665,0.021398965,-0.03115066,0.019930605,-0.1089012,-0.097734556,-0.80792737,0.11952009,0.37482882,-0.11285869,-0.39895874,-0.25474164,-0.20404465,-0.00018176409,-0.402968,-0.03087506,0.17105037,0.61813074,0.326882,0.26937237,0.3021361,0.15922816,0.11506967,-0.14495672,-0.30311394,-0.3110659,-0.15479197,-0.03086786,-0.18689698,0.17674737,-0.18011321,-0.40522075,0.2357377,-0.149748,0.021630215,-0.24452724,-0.12545136,-0.06961246,-0.18049861,0.2839607,-0.2770819,0.24947917,-0.33755,-0.31828547,0.1497763,0.022848492,-0.15154909,-0.34198073,-0.12052813,0.06776586,-0.36938313,-0.116868176,0.22306478,-0.36871147,0.09270227,-0.18668978,0.12209889,-0.069363125,-0.01932013,0.33542725,-0.0450116,-0.051581405,0.4124789,0.27996558,-0.07783453,0.093381636,0.22915047,-0.021201976,-0.11816306,-0.5340742,0.17225838,-0.16957898,0.31312624,0.2590096,0.09425705,-0.23883428,-0.037962094,-0.09729406,-0.21541996,0.21589772,0.043741636,-0.3750549,-0.23485082,0.21076573,-0.10387185,0.11425923,-0.11071771,-0.009640926,0.06316168,-0.08187645,0.28432113,-0.62384754,0.10846491,-0.24674551,0.13372804,-0.51267904,0.22990297,-0.578396,-0.6237738,-0.021333264,-0.24487716,-0.19228093,-0.04961185,0.34577587,0.30128455,-0.058634453,-0.24367471,0.11146942,0.034069113,-0.32110786,1,1,0,Peripheral,0.018061423542620834
115,2,0.005012531328320802,5.9613019147533826e-05,0.20701850227864113,0.00418561735563137,0.0,2,0.00016976066632242245,4.733333333333333,0.6666666666666666,3,0.0,0,-0.5962694212601098,7,5,1.8571428571428572,0,0,3,4,-0.0049828263,0.027359733,0.07833236,0.5463818,-0.007164685,-0.29171008,-0.3528042,0.23046537,0.190814,0.3543191,-0.33104035,0.23730408,0.06330049,-0.2830223,0.3919245,0.6366731,-0.29190838,-0.3671385,0.06803069,0.14743532,-0.10205249,-0.043178275,-0.09337255,-0.21270928,-0.2512863,-0.08473546,0.3424368,-0.30341226,-0.41937032,-0.0333258,0.41339117,-0.053336274,0.3140898,-0.091471925,-0.22484557,0.08552079,-0.018756744,0.06697027,-0.004804145,-0.0030544233,0.20964245,0.117065094,-0.096020766,-0.014886729,0.1416124,-0.5572024,-0.23444672,0.010553995,-0.20104437,-0.11623284,-0.079217754,-0.24410322,-0.38951877,-0.0665648,0.0054501058,0.010528343,-0.0013128901,-0.07846787,-0.22024062,0.46044248,-0.2231221,0.36696112,0.34380952,-0.076313555,-0.3833253,-0.101771966,-0.22644787,0.09663795,-0.06834633,-0.084706716,0.0039284932,-0.28215656,-0.19025941,-0.11738202,-0.09359262,-0.265275,0.022688609,0.17024143,0.20706366,-0.22153233,0.05524766,-0.6167096,-0.075470254,0.35501748,-0.37672162,0.60856444,-0.053756554,0.07566816,0.32472956,0.13868606,0.022409042,-0.43362814,0.030923955,-0.021489773,0.35623816,0.13433975,-0.72069275,-0.17020975,0.08260802,-0.19058226,-0.10238046,-0.388239,0.012853771,-0.09082974,-0.28737056,-0.16610815,0.15349399,-0.17292358,0.3519383,-0.12707047,-0.37295815,-0.37058523,-0.0027854822,-0.80485934,0.3090149,-0.2895209,0.031248154,0.0092720855,0.15202346,-0.45575488,-0.28363502,0.059118245,-0.09638036,0.3407225,-0.60807484,0.34345567,0.28874794,-0.28884384,0,0,0,Peripheral,0.010669026176878225
116,26,0.06516290726817042,0.043975019493279414,0.3181312733351498,0.16907468814107748,0.033846153846153845,10,0.03932194147357511,3491.6605227858786,0.10541310541310542,27,0.28402366863905326,4,2.0604754037849355,8,3,3.25,8,0,0,0,0.106037654,0.09406986,-0.023020428,0.37969017,0.11111933,0.0946862,0.11238068,-0.079836845,0.20480026,0.071132034,0.1866485,0.02502598,0.080581784,-0.20476002,0.24965322,0.29072046,-0.111783504,-0.014802332,0.08427914,0.27585667,0.062234964,0.033314634,0.33335033,-0.034003988,-0.1618633,0.014859774,0.011270108,-0.17546442,0.054743074,0.013837964,-0.0298381,0.22010942,0.03070433,0.08152341,0.018947208,0.19265793,0.19415618,-0.028083283,0.27932692,0.23746562,0.08446189,0.29444084,-0.11562368,-0.2232535,0.16511245,-0.16977488,-0.12791178,-0.12898281,-0.21062636,-0.18967536,-0.003698472,-0.06958646,-0.032677855,0.013014171,0.013452784,0.1561894,-0.217257,-0.0052867085,-0.2389025,0.09013801,-0.23668958,-0.062350985,0.20031303,0.14135106,-0.043719325,0.22309585,0.03943859,0.1386387,0.062189326,-0.04086335,-0.088726625,-0.3860168,0.104300044,-0.068105645,-0.09432997,-0.18796593,0.008794669,0.023358343,0.087257996,0.038599584,0.064223774,-0.058970943,-0.10224038,0.15577228,0.03920659,-0.098855704,0.22936738,-0.22657311,-0.043367416,-0.011176598,-0.027444694,0.15379353,0.14568312,0.05360557,0.012695416,0.020526463,-0.26709569,-0.14927077,-0.03202076,-0.19828914,-0.13278274,-0.01592789,-0.050813798,0.23019342,0.06421637,-0.13603696,-0.02092706,-0.085238196,0.29642448,-0.053601738,0.034165498,-0.08419319,-0.06826062,-0.018875824,0.09152143,0.029985921,-0.15904143,-0.06600119,0.18923835,0.017221646,-0.20827176,-0.06454408,0.36663815,0.040131234,-0.17762923,-0.02927263,0.076969564,0.054120995,0,0,0,Coordinator,1.0
117,4,0.010025062656641603,0.002576439910066652,0.24495628210798487,0.01808202449966597,0.16666666666666666,3,0.005200111684502126,204.57190529920226,0.5,5,0.0,0,-0.33059493875560525,18,12,2.1666666666666665,7,4,6,1,-0.029381393,-0.07871863,-0.28394026,0.6662867,-0.058109045,0.10528742,0.07286084,-0.39230135,-0.01973011,0.11816011,0.21590024,0.122488596,0.1874025,-0.24535753,0.5826823,-0.25254378,-0.23521858,0.012217859,0.17810428,0.23465134,0.12276894,0.3007178,0.3814459,0.03859851,-0.16194062,-0.07552621,-0.0358191,-0.017085565,-0.1287996,-0.11505109,0.09222962,0.09031535,-0.17769746,-0.28330362,0.12466746,0.047619063,0.20858386,-0.3117901,0.17755246,0.3367224,0.38573128,0.33323723,-0.31402487,-0.33984533,0.101788856,-0.3505116,-0.3655156,0.09245056,-0.29944995,-0.15581006,0.05862319,-0.1656687,0.20619582,0.22589816,0.07327364,-0.065746985,-0.0478,-0.23610964,-0.2018539,0.1883775,-0.6433794,0.009928576,0.1009546,0.37709945,0.0038237923,0.32896546,-0.06638991,0.3207271,0.030975299,-0.17700976,0.33303776,-0.24369131,0.076423384,0.04779501,0.23772562,-0.43308574,-0.2785864,0.1691666,0.110795684,-0.22156115,-0.11188079,-0.22796007,0.084750466,0.08728803,-0.11498607,-0.051498044,-0.18626446,-0.058408592,0.100622416,0.080966,0.068807274,0.289577,0.051330388,-0.3206763,0.19621173,0.28851885,-0.42741612,0.10233958,0.16726777,-0.098944135,0.10194131,-0.14344613,-0.18879199,-0.059303522,0.13229543,0.17137192,-0.048210353,-0.5333735,0.11905149,-0.23133704,0.38299963,-0.14289285,0.24721579,0.11951354,0.101158686,-0.1657909,0.038955685,0.095575936,0.27175668,0.08598238,-0.23429354,-0.29080924,0.17912927,0.12956443,-0.21680555,-0.1792153,-0.21855536,-0.0011607206,1,1,0,Peripheral,0.03284479637516323
118,2,0.005012531328320802,0.0022669739675822724,0.17576408553852163,0.0004823612622519872,0.0,1,0.004521353635344643,180.0,0.6666666666666666,3,0.0,0,-0.5962694212601098,10,7,2.0,0,3,2,5,-0.027898554,0.23907694,-0.19124344,0.065527864,0.0064990553,0.4449881,0.32915628,-0.20293017,-0.32451046,-0.102994196,-0.31476557,-0.035075337,0.11890825,-0.021195702,0.66964,0.20670484,-0.7342024,-0.3339664,0.12991823,0.6445014,0.012497366,0.2657448,0.56132317,-0.14103007,-0.500211,-0.13600694,-0.08792941,-0.60553336,0.42913368,-0.150373,0.092691764,0.08040675,-0.49985445,-0.25769788,-0.031676024,0.11675018,-0.4474205,-0.30427682,0.18995789,0.6055595,-0.25249514,0.45672253,-0.23628508,-0.57790226,0.23753864,-0.54793566,-0.50238925,0.107998885,-0.3497222,-0.65490067,0.32603833,-0.52851444,0.024580754,0.14007483,-0.0037544912,0.18963319,-0.3411476,-0.36977094,-0.7093727,0.44919044,-0.35472506,-0.085264586,0.35954216,0.5395658,0.29485738,0.34550953,-0.40391773,-0.37013268,0.14359657,0.07087839,0.0022877348,-0.34579313,-0.2963988,0.048693173,-0.30019593,-0.06608181,0.116010234,-0.17573512,-0.3607138,0.035253942,-0.3045361,0.15629582,-0.046241496,0.26817405,-0.1975369,0.33793455,0.064445,0.3671601,0.47000286,-0.03186587,0.36253083,0.5796372,0.11681692,-0.6351207,-0.06676668,-0.06967559,-0.26986897,0.43639377,0.26849777,-0.1798011,0.43417388,-0.071343765,-0.1805481,-0.12571862,-0.37341946,-0.08535039,-0.16756538,0.09372094,0.2436268,-0.4625996,0.44399115,0.4451757,-0.04647031,0.013049774,0.038356673,-0.077316165,-0.1387084,-0.25349203,-0.18471383,-0.10417846,-0.11542811,0.074577615,0.13280867,-0.2945603,-0.46600395,0.38143873,-0.26528668,0.030252133,1,2,0,Peripheral,0.020017337978889813
119,1,0.002506265664160401,0.0,0.1964985057926122,0.00211545016974988,0.0,1,0.0,0.0,1.0,2,0.0,0,-0.7291066625123621,7,5,2.857142857142857,0,1,2,4,0.13427189,0.16103321,-0.12257922,0.31132013,-0.054588493,0.05517678,-0.12960194,-0.086279534,0.15308884,0.42407143,-0.41799307,-0.121478066,-0.11243451,0.022909999,0.34607318,0.44023752,-0.63267803,0.17486235,0.19172907,0.6828774,-0.19346842,0.061267447,-0.29570755,0.052739043,-0.2906843,-0.13075742,0.25176618,-0.14126082,0.21877684,-0.21489221,0.32936978,-0.08285742,-0.36570945,0.015370726,-0.0046377564,-0.15660158,0.264538,0.1545939,0.23116723,0.058842085,-0.2698842,0.09975067,-0.26148853,-0.29886344,0.16900346,-0.5006058,0.110711195,-0.291023,-0.21765672,0.18528894,0.36085564,-0.35019532,-0.13376538,-0.35208237,-0.17198989,-0.17463462,-0.19361328,0.2635123,-0.4301708,0.32518792,0.082961984,0.0064329086,0.055804133,0.3545904,0.094695,0.18489008,0.159966,0.39386797,0.008209981,0.32716233,0.036189955,-0.16872327,-0.019171607,-0.116863996,0.42734084,-0.029108971,-0.08425484,0.0067493236,0.24452914,0.08484312,0.033647474,-0.20693602,-0.17131017,0.14447302,-0.27141955,-0.026377097,0.17165042,0.25024557,0.54725826,-0.07579951,0.5181659,0.28746995,0.34011313,-0.10416524,0.2719486,-0.13423489,-0.24454208,0.40388316,-0.17683846,-0.31685054,-0.038993787,-0.178926,-0.2696302,-0.14089094,0.36262378,-0.14809236,-0.20654526,0.24548526,0.44607002,-0.4729832,-0.1169581,-0.17061868,0.24092613,-0.27440634,0.34410235,0.03702539,-0.2641066,-0.59552574,0.6220325,-0.2850922,0.11373033,0.048000094,0.47794887,0.07101668,-0.18749066,-0.029562626,-0.10386854,-0.18091448,1,1,0,Peripheral,0.01783073999190841
120,3,0.007518796992481203,0.011332770787941376,0.21553552095234768,0.006587869907517326,0.0,2,0.004720238620000587,899.8333333333331,0.5,4,0.5555555555555556,1,-0.5962694212601098,11,6,1.8181818181818181,0,0,4,7,0.13987692,0.27472532,-0.45510033,0.25674313,0.23916258,0.28636643,0.04990112,0.19844265,0.08927234,0.06649499,-0.2750612,-0.17107634,-0.027509358,0.03531939,0.07506743,0.19041803,-0.22253454,0.32663912,0.4312293,0.2851748,0.046148308,-0.25420976,0.3312416,-0.12850077,-0.22563125,0.051311355,0.07679481,-0.7862204,-0.20589377,0.07598441,0.17756416,-0.62609386,-0.15257071,0.06704759,-0.48510912,0.29834,0.42707774,-0.26153013,0.1038264,-0.060603585,0.14063333,0.36483547,-0.1993875,-0.0010497001,0.09637905,-0.5093382,-0.312415,0.027312258,0.056534864,-0.51428115,-0.10326616,-0.23722062,-0.21920785,0.010652076,-0.006187095,-0.009467404,0.18014422,0.1740177,-0.47564787,-0.060614318,-0.7079062,-0.58944017,0.3287121,0.23825309,0.35291654,-0.038348924,0.09402424,-0.37018248,-0.4029993,-0.26286018,0.07374684,0.064761534,-0.5507479,0.15230255,-0.20079504,-0.26990587,0.039567064,0.17658497,0.14309819,-0.15714075,0.23191762,-0.055518705,0.23281473,-0.1514885,0.0060573346,-0.2649353,0.17160328,-0.38281226,0.08943424,0.09341957,0.2456511,0.1731353,0.34607244,-0.014968471,0.05991506,0.03158599,-0.102597415,0.19927968,0.04813768,-0.28258094,-0.09615892,-0.27308014,-0.012313434,-0.23278369,0.1993861,-0.39597863,0.6078436,-0.08905943,0.7047253,-0.043643117,-0.060241442,-0.035860766,0.22650696,-0.06399052,-0.067459255,-0.030899314,-0.31086242,-0.0879235,0.22544603,-0.12113942,-0.28434706,-0.2733258,0.21639945,0.018844824,-0.44200194,0.04147431,-0.107835494,0.06150389,1,1,0,Peripheral,0.031362900742763364
121,3,0.007518796992481203,0.0,0.21683046066434442,0.010130843662496185,0.0,3,0.0002604650680556525,0.0,0.5,4,0.0,0,-0.4634321800078576,16,10,2.0625,0,4,4,8,0.19158772,0.003724192,-0.3607783,0.37581357,0.16167961,0.41161692,-0.27267766,-0.65689135,-0.14531921,0.30437842,0.143609,0.17307845,-0.0039447504,-0.27628082,0.024324099,0.10725937,-0.31671423,0.24281068,0.030345635,0.18084805,0.23282135,0.103144646,0.26041654,-0.116425544,-0.18201976,-0.37541667,-0.3224714,-0.40688187,-0.1846137,0.010690027,-0.08060037,0.38186833,0.12935846,0.35483378,0.05334231,0.20978029,0.22314318,-0.22460729,0.25384042,0.47826314,0.12389347,0.2193681,-0.37447134,-0.30996972,0.24740268,-0.03771736,-0.39065292,-0.018746331,-0.21717532,0.2564717,0.62403494,-0.20184287,0.27621266,-0.10146407,-0.03893659,-0.03079093,-0.06349028,-0.3274477,-0.1821321,0.21966308,-0.20105413,0.44385237,-0.09696385,-0.028332464,-0.39570552,0.2965226,0.07995228,0.15067945,0.08835343,-0.30040208,0.38595656,0.021345744,0.3798021,0.1346382,0.12712938,-0.24203955,-0.30022925,-0.20094234,0.34703657,-0.15951082,-0.11298787,-0.5669006,0.09235361,-0.18010858,0.49524376,0.007017755,0.12655894,-0.17650558,0.34962535,0.25382408,-0.1912627,0.17294095,0.255875,-0.11093269,0.085337184,-0.15071213,-0.3032878,0.35857236,0.47767338,0.044417057,0.11983047,-0.38616127,-0.46444088,-0.08076692,0.09646801,-0.19778942,0.22645333,-0.43580177,0.24322665,-0.1555372,0.2537037,-0.05297281,0.28894013,-0.059028726,-0.040038474,-0.010165696,-0.15099974,-0.016609523,0.20066345,0.07787771,-0.15523496,-0.4681793,0.1079616,0.43135095,-0.4918258,-0.13474509,-0.4319107,-0.06817195,0,0,0,Peripheral,0.016583131168065895
122,2,0.005012531328320802,7.123852667359677e-05,0.21243429043504772,0.0067323666901087115,0.0,2,6.940858567412389e-05,5.656410256410257,0.6666666666666666,3,0.0,0,-0.5962694212601098,9,6,2.3333333333333335,0,2,3,4,-0.13919349,0.5257393,-0.02587286,0.48093134,0.0073930323,0.38803634,-0.21957736,0.07945939,-0.0547621,-0.318553,0.105592355,0.009054846,-0.115701474,-0.016565155,0.2839065,0.40676188,-0.8715647,-0.0108588915,0.2998736,0.013424789,0.07971248,0.32844993,-0.05498136,-0.19378282,-0.0035159902,-0.031211868,0.07117836,-0.46476424,-0.28934968,-0.31672958,0.0076080794,0.2659714,0.057373114,0.32449502,-0.5054343,0.33561665,0.1389763,0.25574625,0.00445525,0.10790678,0.112854466,0.06572227,-0.4287152,-0.2893984,0.11472088,0.04154744,-0.0016633311,0.3221113,-0.015453319,-0.06445536,0.31251156,0.1656738,-0.13006577,0.20137854,-0.025311869,0.39110973,-0.23653641,-0.24527302,-0.33882883,0.09048026,-0.2676659,-0.16061877,0.3182221,0.45947275,-0.13593957,0.12627926,-0.03100105,0.12116585,-0.33101952,-0.4513761,-0.36079028,-0.35718802,-0.18821053,-0.27218628,-0.1155488,-0.23135306,0.03777124,-0.08171224,-0.18391158,0.18106613,-0.19764522,-0.12701026,-0.267389,0.37828287,0.08192887,0.3394969,-0.08478767,0.5050384,0.51545113,-0.14161932,0.10335337,0.22245735,0.21048424,0.09035256,0.23235919,0.07304595,-0.48026624,0.2728273,-0.24160586,-0.11892601,-0.14246665,0.40133956,0.5236686,-0.10703981,-0.034699738,-0.2182744,0.40809324,0.24739301,0.08105676,-0.31709397,-0.117687166,-0.2075519,0.39686763,-0.09041467,-0.07851779,-0.10187149,-0.21083269,0.0028608525,-0.067556866,-0.05429866,-0.25338224,-0.39424554,-0.22406735,0.22899085,-0.2075901,-0.16648445,0.11498717,0.07572138,0,0,0,Peripheral,0.011069866653629993
123,10,0.02506265664160401,0.018102609771191974,0.2645049104846808,0.04058689633520135,0.08888888888888889,4,0.019810570747695235,1437.365318442414,0.2545454545454545,11,0.18999999999999995,1,0.33359126750565615,20,11,2.5,2,1,11,6,0.09244322,0.4604555,-0.22436109,0.4080827,0.30879658,0.1592292,-0.043492112,0.29546297,0.1858369,0.22731656,0.04641589,-0.08877331,-0.026369506,0.30208603,0.093484834,0.17584509,-0.08582804,0.08826608,0.2556067,0.16174681,0.2712924,-0.091698065,0.08820897,-0.1965535,-0.34478518,-0.14908846,0.072146356,-0.47447395,0.06390974,-0.2368185,0.3306475,-0.39390513,-0.093105115,0.12377383,-0.31660983,0.07564493,0.16208477,-0.11932265,0.028375166,0.1313925,0.10728691,0.17057817,-0.0550752,-0.15006818,0.06463624,-0.19572036,-0.19434375,0.0144621255,0.042926095,-0.097845085,0.26760522,-0.24691014,0.01931853,0.022420138,0.07413194,-0.38544467,0.13481781,0.20040761,-0.26491848,-0.0853447,-0.45764187,-0.33883205,0.29414272,0.22576243,0.15276617,0.007357195,0.10439518,-0.23325506,-0.081235684,-0.1861821,-0.03869184,-0.16155133,-0.21034591,-0.0360179,-0.04528559,-0.47652993,-0.3042479,-0.118017845,-0.05858298,-0.06723206,-0.015806498,0.13301401,-0.12337193,0.17515525,0.016991086,-0.11964572,-0.09872681,-0.36737645,-0.015952494,-0.23201384,0.3472892,0.14888763,0.37346834,0.053053416,0.03948232,0.029498594,-0.0007232101,0.26620588,0.3004503,-0.17360437,0.076702386,-0.075438835,-0.083905354,-0.20345007,-0.022125427,-0.20393434,0.24029817,0.14084196,0.5210163,-0.29451713,0.034688983,-0.04172231,0.032937236,-0.29475757,-0.19166137,-0.1971238,-0.52964914,-0.18893777,0.23131487,-0.014824102,-0.23155776,0.03474273,0.4915995,0.020221852,-0.26983634,0.060404945,-0.022407891,0.03417551,0,0,0,Peripheral,0.04524286475652124
124,0,0.0,0.0,0.0,7.590317288714358e-60,0.0,0,0.0,0.0,0.0,1,0.0,0,0.0,11,7,1.8181818181818181,0,3,1,7,0.00038481597,0.0017471062,-0.007543265,0.005126875,-0.0015716162,-0.0012271851,0.005134358,0.005863118,-0.00015470851,-0.004753709,0.005995283,-0.0025161654,-0.0016071042,-0.0028786352,-0.005129924,-0.0035871603,-0.0020147627,-0.0008123368,0.00014524162,0.004822636,-0.0016486421,-0.0009835316,0.0018071197,-0.004296435,-0.0024808533,-0.0022110976,0.0031255465,-0.003188501,0.0008416306,-0.0051596146,-0.0077605434,0.0015439726,0.0010435609,-0.003371711,0.0062621646,0.006487823,0.0020759124,-0.0064559616,-0.0010128114,-0.0030348655,-0.0034745634,0.002315388,-0.007504571,-0.0035754573,-0.0062831827,-0.001946927,0.0031676088,0.0020740144,-0.0035747048,0.0041806307,-0.0022296673,0.004539473,-0.007409594,0.0056391703,0.0070843045,0.0003648596,0.0024492154,-0.0020492533,6.07986e-05,0.006856053,0.002237279,-0.0021805894,0.0071752733,-0.007526786,1.9818544e-05,-0.0077934507,0.004260023,-0.005814816,0.0026825303,0.006388818,0.0001314003,0.007245235,-0.0011872789,-0.00021127053,0.004353037,0.0049992446,0.001193176,0.007769583,0.0004072711,-0.0045713075,-0.0010277759,0.006038001,-0.001717967,-0.0023399182,-0.00086689554,0.0018176883,0.00434753,0.0055281,0.002032387,0.0039692884,0.0056973314,0.007803384,-0.0014303429,-0.0062951585,0.00037282985,-0.0003974298,-0.0044335686,0.006108471,0.007028212,-0.00048684608,0.00067367125,-0.0009730207,-0.005653876,0.002535075,0.0064408975,-0.0033094771,0.0004967833,0.000331413,0.00084188953,-0.006498888,0.006298499,-0.0011223461,0.0058303773,0.0016783569,0.0060516484,0.0075301016,-0.0046578357,0.0029051881,-0.0039568506,0.0028000763,0.0050432524,0.0074937697,0.005466098,0.0002623219,0.005421945,0.0045892596,0.004227422,0.0030346,0,0,0,Peripheral,0.0
125,2,0.005012531328320802,0.0001464671956434824,0.19914900679042793,0.003938756680572606,0.0,2,0.0003030781677303761,11.629641801288146,0.6666666666666666,3,0.0,0,-0.5962694212601098,7,6,2.4285714285714284,0,2,1,4,0.3041831,0.32886887,-0.22640552,0.22813481,0.015195103,0.36750177,0.49183428,0.1032524,-0.12021819,0.21031302,0.1119786,0.020713577,-0.10913938,-0.060518157,0.28712848,0.07622896,-0.77636385,-0.13840224,-0.037349988,0.5232493,0.15560631,0.19505855,0.3666087,-0.17956434,-0.2103423,0.08119442,0.04816983,-0.25686958,0.3043956,-0.32358578,0.29636642,0.08467435,-0.22687921,-0.02203346,0.11913632,0.124086194,-0.029441075,0.13002846,0.28176647,0.5307657,-0.19337669,0.5318354,-0.071823515,-0.21795797,0.16179709,-0.1620479,-0.106747165,0.058820125,0.12137563,-0.20084687,0.24478054,-0.076972045,0.050519124,0.06533396,0.08494423,-0.058780544,0.0077792434,-0.19895357,-0.67294204,0.46912044,-0.6623958,-0.15351391,0.52954835,0.54443705,0.24827066,0.34439045,-0.22991677,-0.021002326,0.17351964,-0.09717297,0.08273135,-0.2622187,-0.41910413,0.09197797,-0.22704127,-0.050345436,-0.08053969,-0.5528123,-0.061878663,0.2094693,-0.14445427,0.06094589,0.15502074,0.11315624,-0.1383486,0.55433565,0.044061683,0.34094933,0.21308489,-0.10449783,0.40414044,0.3218569,-0.12135656,-0.62834215,0.11533359,-0.28537953,-0.3062609,0.5199245,0.4006864,-0.089213654,0.21466161,-0.24817903,-0.013500317,-0.14036374,-0.5542762,-0.17733891,-0.38378417,0.1410611,0.23846239,-0.09080524,0.06364435,0.434871,-0.09821316,0.17436829,0.38521838,-0.14670698,-0.11812212,-0.25589782,0.06382771,-0.010960263,-0.004045997,-0.10060372,-0.051007573,-0.2051593,-0.5453939,0.15546077,0.30883765,0.0076707373,0,0,0,Peripheral,0.010652167550574415
126,4,0.010025062656641603,0.0034271148871115745,0.2105068244168425,0.005118142853058965,0.0,2,0.005665717948122795,272.1163491515461,0.4,5,0.0,0,-0.33059493875560525,9,8,2.3333333333333335,0,3,2,4,0.2650575,0.3585524,-0.26664305,0.13511197,0.32856876,0.25174516,0.29635227,0.17238475,0.13856748,0.4052512,-0.244256,-0.09998327,-0.028635232,0.33213675,0.20513637,0.24181725,-0.8850695,0.30476436,0.26512232,0.49648198,0.12453222,0.2037432,0.23376215,-0.07397714,0.08830049,0.07432219,0.08013399,-0.7366989,0.04927882,-0.27434972,0.5429204,-0.21100242,-0.27244085,0.09147188,-0.08681037,0.07432459,0.21921651,-0.014110894,0.11588202,-0.0679859,-0.36871088,0.10935513,-0.30591005,-0.19994245,0.38078675,-0.46229142,-0.13170968,-0.16003022,-0.04853536,-0.17881626,0.40149865,-0.3405872,-0.09780488,-0.4001923,0.09450852,-0.12766297,-0.09960425,-0.003968661,-0.19633353,0.3021711,-0.52451074,-0.28133276,0.37633345,0.6011861,0.24651326,-0.10127632,-0.10328977,0.004960858,0.15572762,-0.02949118,0.024262339,-0.074954055,-0.4496958,-0.07678329,-0.0654692,-0.067994125,-0.31725088,-0.0049756,0.03516143,0.0055597275,-0.075991295,-0.0033311944,-0.07744233,0.00037895518,-0.2309584,-0.345481,0.121099874,0.13344741,0.50762564,0.07102541,0.48117688,0.3120519,0.5606699,-0.24676897,0.13810466,-0.093095504,-0.14288959,0.42710322,0.066795886,-0.26193616,0.3023535,-0.09195828,-0.09441592,0.21614252,-0.2392671,-0.107209645,-0.087563016,0.10253228,0.37520722,-0.41649193,0.1811433,0.09662344,0.36953723,-0.08896353,-0.021943707,0.004623409,-0.33977336,-0.43466946,0.4000856,0.06963604,-0.022902,0.2321398,0.4205901,-0.1407232,-0.43077612,0.1625776,-0.04960009,-0.17315571,1,1,0,Peripheral,0.02790680297468004
127,1,0.002506265664160401,0.0,0.17691287041132242,0.0004956397553272734,0.0,1,0.0,0.0,1.0,2,0.0,0,-0.7291066625123621,13,7,2.6923076923076925,0,4,4,5,0.04268469,-0.031602193,-0.06463004,0.13128382,0.22271687,-0.11028541,-0.009719108,-0.3407558,0.052905947,0.38051432,-0.1924937,0.07561451,0.21894187,0.16855346,0.025971059,0.35352623,-0.22483052,0.11933115,0.23798957,0.18846788,0.6013505,0.50099635,-0.19996642,-0.027480971,-0.053996455,-0.64049107,-0.5748275,-0.06145155,0.49177793,-0.27967292,0.30218005,0.16170566,-0.20980741,0.028537758,0.036021486,0.4191945,0.43692878,0.32905525,0.11503776,0.45565507,-0.30952793,0.2699819,-0.3253468,-0.4768297,-0.012851331,-0.34306127,0.11040379,0.3320834,0.004182971,0.17592418,0.5396618,-0.5693733,0.5845386,-0.002134604,0.024281636,0.07845825,-0.002602124,-0.14422855,-0.89813703,0.6252565,-0.23133236,0.0739,0.07959159,0.17299017,-0.10247451,0.27873918,0.23925957,0.1512842,-0.4205048,-0.17897448,0.09997777,-0.014971912,-0.15589273,-0.003976983,0.24145485,0.1135346,-0.055489067,0.06434886,0.13026056,-0.1385067,0.21606772,-0.23119594,-0.25002915,0.18496855,-0.023581201,0.16488886,0.0061008884,0.044632506,0.6968847,0.05922601,0.35727337,0.2691035,0.20919105,0.17372443,0.37093905,-0.08546543,0.4132487,-0.09777193,-0.3069752,-0.050852984,0.35928053,0.37711376,-0.5561431,-0.09436722,0.20577356,-0.2914225,0.41473082,0.15293269,0.25105235,-0.1967621,0.09870696,0.1862101,0.11131541,-0.72488534,-0.060005747,0.10391191,-0.3668131,-0.020115023,0.27978468,-0.25458974,-0.4654427,-0.2960331,0.60769993,-0.22246295,-0.50697875,0.011146347,-0.21857727,-0.5280075,1,1,0,Peripheral,0.017577641762941246
128,3,0.007518796992481203,0.0004727060532403035,0.21425595651397622,0.006744796876328803,0.0,3,0.0005411175901786851,37.53333333333334,0.5,4,0.0,0,-0.4634321800078576,11,7,1.6363636363636365,0,1,3,7,-0.0992093,-0.010109628,-0.002041448,-0.119896404,-0.05406719,-0.18772557,-0.28643376,0.14872204,0.15971027,0.44826683,-0.034563333,0.058847766,0.16446383,-0.008448732,0.4031855,0.6849494,-0.33593065,-0.0077271243,0.19129652,0.3488052,-0.091209345,0.094275534,-0.051925376,0.013536929,-0.2977044,-0.17474751,0.14120844,-0.34063426,-0.4480716,-0.2223313,0.5759214,0.04635624,-0.26994467,-0.038410164,0.13999498,-0.1251477,0.1753481,0.14439847,-0.2182963,0.21933205,-0.38927832,0.34618217,-0.13620204,-0.2957138,0.41732264,-0.3503285,0.08722756,-0.038388804,-0.23450735,0.25429252,0.16162969,-0.16333412,0.06231916,-0.3755151,-0.0791682,0.01417265,-0.15213718,-0.15031157,-0.2957842,0.24052307,-0.3177666,0.50814766,0.34021667,0.15460666,0.07923576,0.4397434,-0.09119598,-0.20613061,-0.24130456,-0.15599035,-0.29980406,-0.35715643,-0.059750058,-0.26996693,0.08628155,-0.41776714,0.16291896,0.012504025,0.03417358,-0.2134265,-0.08285637,-0.49275506,0.10391653,-0.09199678,-0.38374364,0.20908752,-0.1318745,0.19298045,0.19760516,-0.14113386,0.09158134,0.06661322,0.31041008,0.2377492,0.37482595,-0.335877,-0.042331066,0.28113213,0.033917524,-0.14565106,-0.3110001,-0.30628607,-0.32875702,0.07925802,0.21931286,0.045263045,-0.02665022,0.11723543,0.317924,-0.3243244,-0.12155216,-0.12979542,0.3741048,-0.50249124,0.28813604,0.10060729,-0.25320217,-0.4894674,0.4105432,-0.14953187,-0.11624551,0.4812457,0.37011704,-0.055642895,-0.5013032,0.074758396,0.2034452,0.0689813,0,0,0,Peripheral,0.016172233241359642
129,2,0.005012531328320802,0.00018891449729852272,0.21009833769417072,0.005646964595646394,0.0,2,0.00011124964840913001,15.000000000000002,0.6666666666666666,3,0.0,0,-0.5962694212601098,9,7,2.3333333333333335,0,3,1,5,0.113524,0.14570975,-0.06629127,0.2485923,0.2678483,0.22143306,0.022740863,-0.15727712,-0.08011884,0.047663376,0.02979034,-0.21413743,-0.24708031,-0.33766735,0.4428016,0.24361251,-0.357285,-0.011838193,0.2521704,0.41132203,0.103427395,-0.49486557,0.18835258,-0.44505054,-0.19226614,-0.10785926,0.045900296,-0.2912496,0.25400993,-0.46033862,0.23999879,-0.23545599,-0.08126447,0.38899633,-0.10036568,0.10271851,0.28837144,-0.2548635,0.2863783,0.16902247,0.09146588,0.17677735,0.27519262,-0.24547444,-0.07133525,0.09802509,0.24330242,0.08293744,-0.16502817,-0.19140321,-0.18416692,-0.36139128,0.038023893,0.2488255,-0.14856672,0.41140184,-0.11309269,-0.046596307,-0.11141745,0.12032926,-0.071706146,0.18023123,0.06802525,-0.20226242,-0.25880787,0.22348107,-0.079033226,0.07081705,0.19130614,-0.15885082,-0.25090417,-0.42693532,0.009560092,-0.11162221,-0.11515461,-0.13926773,-0.26877862,0.008405886,-0.090319686,0.015150023,-0.30395222,-0.4068707,0.1794679,0.27127245,0.061597317,0.1819291,0.18165979,-0.23946318,0.36617705,-0.087590516,0.19874926,-0.12529586,0.39210787,-0.03666073,0.03312402,0.46673834,0.20150381,-0.14306737,0.070319176,-0.24840707,0.24687254,-0.006641368,-0.19918726,-0.10049303,0.1196514,0.24819528,0.049641162,-0.020194335,0.40385917,-0.18295516,-0.020307457,-0.4990437,0.32451454,-0.29408926,0.26076847,0.40884015,-0.08445053,-0.14658493,0.31456462,0.49036518,-0.9408308,0.042606562,0.50465953,0.21656734,-0.10100178,-0.2295292,0.13405715,-0.048029892,0,0,0,Peripheral,0.01092968998962506
130,1,0.002506265664160401,0.0,0.1583676402121833,3.819292110797943e-05,0.0,1,0.0,0.0,1.0,2,1.0,1,-0.8619439037646144,10,8,2.2,0,3,4,3,-0.1288123,0.3027741,0.55070037,-0.08959815,0.16067201,-0.11160462,0.06426403,-1.1065983,-0.5020995,0.010543456,-0.084285825,0.0563354,-0.33477163,0.16116887,0.2206805,-0.09075581,-0.44554108,0.06666069,0.31811664,0.6032873,-0.22494456,0.060998693,-0.4001421,0.008571216,0.09076449,0.050331034,-0.040777944,0.08417106,-0.32426903,0.42239174,0.7862105,0.18330114,-0.004116221,0.18360233,-0.20987885,-0.45598492,-0.27210248,0.099760704,0.13855387,-0.14997724,-0.34480947,-0.2338365,-0.7130344,-0.19568646,-0.18296963,-0.21518224,-0.5936232,-0.19376501,-0.10143974,-0.6177742,0.2874725,0.25031772,-0.41988152,0.46439695,0.08761469,0.03025457,-0.012734018,-0.124515,0.18120375,0.18690196,-0.15169641,-0.36445028,0.24961202,-0.24651341,0.19917974,0.35866675,-0.5546516,-0.09165854,-0.45029384,-0.5289891,-0.36238572,-0.60642856,0.25772324,-0.21917918,0.09310373,0.34833097,-0.45120043,-0.4227475,-0.16213226,0.100503236,-0.17799371,0.16573285,-0.11361543,0.19390292,0.062287435,0.47597697,0.06807686,-0.18672048,-0.077464715,0.28684604,-0.132979,0.1476752,0.027025012,-0.02216208,0.21352874,0.12970592,-0.030079124,-0.05296316,0.31510192,-0.065163285,-0.5087957,0.96489173,-0.28681254,-0.37317032,-0.19751206,0.17874753,0.43408528,0.04668414,-0.14502718,0.3468469,-0.28757516,0.2625764,0.332825,0.14086713,0.38672024,0.07846743,-0.2075796,0.30342886,0.40513757,-0.08291421,-0.17264555,-0.096201874,0.4269361,0.6311349,-0.26650608,-0.118340105,0.069716096,-0.564489,1,1,0,Peripheral,0.020631200100210578
131,10,0.02506265664160401,0.016615898677036202,0.2462562775399454,0.041803527848577854,0.08888888888888889,5,0.014635321459690544,1319.3189708553514,0.2545454545454545,11,0.0,0,0.4664285087579084,21,10,2.142857142857143,4,2,13,2,-0.10976443,0.0953164,-0.25665906,0.2414364,0.20366776,-0.0907148,-0.4092091,0.09557673,0.15571392,0.20817406,0.017981458,-0.07712602,-0.03814099,-0.22305536,0.16242091,0.13385014,-0.4462548,-0.094138615,-0.01854637,-0.08266995,0.060630977,-0.044261828,0.23578173,-0.052976754,-0.46717897,-0.05241127,0.028691323,-0.24121696,-0.48688343,-0.29196286,0.1166061,-0.19998646,-0.024153288,0.3424503,-0.29476863,0.0067983307,0.41227475,-0.23328988,0.1375775,0.31133673,-0.036844995,0.12552299,0.06767327,-0.18154813,-0.10337603,0.11129304,-0.1933261,-0.11604522,-0.08981586,-0.39452434,0.121844105,-0.34264126,0.18571782,-0.115607016,-0.24026775,0.036388904,-0.24163121,-0.018062215,-0.20566748,-0.0028262807,-0.16918607,0.008534947,0.18686363,-0.015904889,0.066309705,-0.051674064,0.03404555,0.115212746,-0.18085057,0.010712934,0.11728106,-0.59824634,-0.0016586952,0.054639816,-0.25628817,-0.03116095,-0.40420967,0.02083217,0.15757993,0.1529176,0.0022158464,-0.038174342,-0.009913847,0.35092044,0.06737947,0.12806797,0.19269042,0.1663089,0.34507883,-0.2034913,-0.077391155,-0.055650797,0.08175524,-0.04199724,-0.05584511,-0.10722664,-0.3129627,-0.06623564,0.17604506,-0.52451456,-0.18986548,0.04454684,-0.15812695,-0.19915359,-0.13739885,-0.28114402,-0.098320976,-0.39343625,0.1902466,-0.07941487,-0.05816228,0.36220258,0.05713003,-0.5276576,-0.046685245,-0.012567112,-0.13412221,0.2382544,0.11891245,-0.33637938,-0.42959747,-0.038471058,0.11893619,-0.04558302,-0.20396484,0.16718525,0.19132122,-0.17582333,1,2,0,Enabler,0.3529709990035078
132,13,0.03258145363408521,0.005396238885654717,0.2790481358034261,0.11714363894340214,0.038461538461538464,10,0.0035814053285460417,428.4667637598702,0.17582417582417584,14,0.0,0,0.8649402325146652,15,9,2.7333333333333334,7,6,2,0,-0.061625086,0.18308082,-0.016868751,0.2537156,0.25706103,0.12293017,-0.052839626,-0.039615814,0.036141913,0.1822196,0.07228955,-0.008471639,0.016795153,-0.19328935,0.3778754,0.07613857,-0.17647348,-0.0024411501,0.11356922,0.24316113,-0.011520948,0.029129675,0.10086225,-0.04717707,-0.24732788,0.07455028,-0.006455688,-0.13255168,-0.13235669,-0.08870107,0.10454755,0.0029845894,-0.079980925,0.39244744,-0.10110983,0.06826739,0.22625048,0.17571709,0.26117668,0.26203248,-0.07890786,0.1824609,-0.11777374,-0.16389434,-0.11986641,-0.093038544,-0.027877873,0.33739355,-0.033269566,-0.14320767,0.17201495,-0.0815765,0.09942877,-0.008015192,-0.03210193,-0.118540615,0.00957492,-0.05310896,-0.10467784,0.19927318,-0.022743475,0.027380483,0.20585375,0.3070032,-0.011574653,0.24592078,0.09998552,-0.06723151,0.0037741223,-0.15524253,0.029609237,-0.31914294,-0.20998241,-0.0062107896,0.047161344,-0.3466735,0.0057526953,0.019008176,-0.059614595,0.12288745,-0.029908229,-0.11407372,-0.08066973,-0.010279435,0.20791373,0.1442744,0.08870226,-0.022652796,0.2447564,0.13196214,0.06163674,-0.04260923,-0.004371177,-0.1600213,0.14775042,-0.08054056,-0.031410415,0.031531565,0.089154765,-0.12194022,0.0508887,-0.049226876,-0.2577522,-0.062431514,-0.20086573,-0.24381009,0.014034485,0.0124854185,0.31603187,0.039776556,0.026985861,-0.10071381,-0.030570075,-0.13481222,0.13724287,-0.0014088387,-0.2054917,0.09658439,0.065807104,-0.08891079,-0.1696472,-0.077593096,0.1689433,0.20330751,-0.23908818,0.07327626,0.23098841,0.041099843,0,0,0,Peripheral,0.07527860148694673
133,0,0.0,0.0,0.0,7.590317288714358e-60,0.0,0,0.0,0.0,0.0,1,0.0,0,0.0,8,5,2.125,0,0,1,7,-0.0020520668,0.005350112,-0.006361047,-0.0056901816,0.002120017,0.0020901635,-0.0025941944,0.00269185,-0.0062553072,0.004663731,0.00047400594,0.00121623,-0.006276937,0.0063491985,0.0049542105,0.0018147882,-0.0075622164,0.0023275567,0.007174736,0.0008397959,-0.0058897026,-0.0072193034,-0.005989939,0.0066352114,-0.00709222,0.0036314204,-0.006156071,-0.00054320786,-0.005340643,0.0058456827,-0.0066580866,-0.0030980324,-0.0057702977,0.00024936534,-0.0077947974,0.0026485566,0.0055055274,-0.0021535708,-0.0066319425,-0.0027240394,0.004529109,-0.003343476,0.0067811524,-0.0069987457,-0.007218492,-0.00037410483,-0.0063590854,0.0021515712,0.0063533625,-0.0024068756,0.0034043705,-3.1915493e-05,0.0045513595,0.0020472752,0.0046830066,-0.007641621,0.0011424059,0.000896547,-0.0017902711,-0.0055413004,-0.0015363758,0.0009505013,-0.00734941,0.0041666348,0.0024180217,-0.006144454,-0.0021310141,0.0069013136,0.0013181623,-0.006518891,0.0042771315,-0.004461712,0.0019806502,-0.003008727,0.0020879814,0.007031982,0.00068812445,0.0054218853,0.003227016,-0.003410332,-0.0009314148,0.007260438,-0.00017086323,0.00018569455,0.0051401583,-0.005675778,-0.003990993,0.005950719,-0.0008278964,-0.005043539,-0.0028448924,0.0041600605,0.007162708,0.0060445378,0.007595854,0.0031383075,-0.00028497074,-0.0023420146,-0.003018898,-0.007074042,0.0018036738,-0.0076501686,0.002186506,0.0029413179,0.00042160228,0.0065065743,0.0037995279,-0.0062148124,0.0058041094,-0.005513927,0.00411088,-0.0031924257,0.004205941,-0.0041780416,0.0044047935,0.004216668,0.00053167995,-0.0021115392,-0.0014739707,0.006895138,-0.0003145784,0.0023245644,-0.00761039,-0.0008707391,0.005486318,0.0013412572,-0.0053407205,0.0066845035,0,0,0,Peripheral,0.0
134,1,0.002506265664160401,0.0,0.2063608831481499,0.0018516418390543208,0.0,1,0.0,0.0,1.0,2,0.0,0,-0.816160320663924,11,5,2.3636363636363638,0,2,0,9,0.15773332,0.03531037,-0.23356204,0.084170386,0.19574542,-0.10106989,-0.22661437,-0.12519696,-0.36089396,0.12538393,-0.24991031,0.002254802,-0.15652512,-0.33499074,-0.14831646,-0.10293544,-0.023278367,0.14594868,-0.056413658,-0.06733528,0.23175792,-0.23000255,-0.16477151,-0.29754412,0.10070775,-0.35781425,-0.22228092,0.047999095,0.06751531,0.040293023,0.24434057,-0.089719124,-0.12248427,0.21209711,0.08913393,0.29949492,0.26059404,0.28497398,0.035822716,0.03814085,0.41970658,0.36162034,-0.0751854,-0.23281759,0.16997573,-0.043349586,-0.3304875,-0.37772593,-0.10187822,0.037372366,0.38266686,0.25255385,-0.061154354,-0.3146416,-0.38255414,-0.2563974,0.23894301,0.54903996,0.43801686,0.11397239,-0.05196745,-0.002948778,-0.21153681,0.23076303,0.49159548,-0.22555308,-0.26211038,-0.13411085,0.030545833,-0.0770723,-0.007726668,-0.4278383,-0.5450274,-0.07539348,0.24226631,-0.17426665,0.00042503464,-0.21246365,-0.2640446,-0.51213807,-0.5860095,-0.06126264,0.16062373,0.5752063,0.0330353,-0.0109195225,0.1280091,-0.313798,0.03925322,-0.102646574,-0.067878015,0.24276562,-0.008870908,0.1212719,-0.58990824,0.15835944,-0.23401578,-0.12948751,0.09188865,-0.105997674,-0.19528137,-0.102147475,0.13932048,0.44200101,-0.27414382,-0.33694372,0.2444808,-0.036017217,1.0164728,0.031157413,-0.042442065,0.15702404,-0.050109785,0.146143,-0.13856721,0.27805465,-0.30223617,-0.014969939,0.12381963,0.51876605,0.22113797,-0.12076067,0.31541255,0.1678088,0.045704987,0.22845569,0.083167784,-0.0137225175,1,1,0,Peripheral,0.017789519475796576
135,10,0.02506265664160401,0.0052141582419609105,0.2640748211993398,0.03538261249001847,0.2,6,0.009789407232664834,414.00937856993824,0.34545454545454546,11,0.0,0,0.49341595793489246,19,10,2.263157894736842,2,3,11,3,-0.016805358,-0.28710097,0.28004465,0.20669644,0.15567315,0.28092664,0.120170556,-0.28599507,-0.27502537,-0.07739557,-0.17714508,-0.19657013,0.32663995,-0.04797752,0.261242,0.07995834,-0.18833618,-0.28104937,-0.1309504,0.21513338,-0.43492982,0.16475298,-0.25718203,-0.3195438,-0.3636354,-0.22911453,0.08245251,-0.14676179,0.25855044,-0.037817653,-0.039440285,0.103544235,0.27330425,-0.1623362,-0.18325222,0.30236915,0.116709515,-0.054999202,0.11407002,0.06224028,0.2101423,0.16020508,0.0021893831,0.04122004,-0.108591996,0.042354308,-0.11640012,-0.26174778,-0.15946645,0.22977903,0.013673996,-0.0013955364,0.029926604,-0.21713468,-0.41173092,-0.21243027,0.1644617,-0.010585865,0.397495,-0.12035925,-0.1442216,0.20948195,0.1273651,0.020629112,0.3377151,-0.062445614,-0.029203784,-0.016858239,0.049950432,0.019589892,0.18672371,-0.20942114,-0.36821547,0.17354488,-0.20682941,-0.031419884,0.028224742,-0.081373736,-0.05969753,-0.018258866,0.034235697,0.16050717,0.028504798,0.23615678,0.18804578,0.37887913,-0.020325722,-0.20855044,-0.0062942533,-0.086842634,-0.070852526,0.13044158,0.19227271,-0.08791866,-0.13781403,0.3002727,-0.11294051,-0.15385713,-0.0837789,0.14687401,-0.3190758,0.4051938,-0.27183023,0.39430743,0.25351298,-0.04013779,-0.12760036,0.1363222,0.23130853,0.22917223,0.23986739,0.17085078,0.1722457,-0.1323113,-0.15236083,-0.05809054,-0.12671296,-0.15920642,0.14710014,0.027613042,-0.01786974,-0.11154585,-0.030019026,-0.2662992,0.013748334,-0.2985885,0.114583574,-0.009213608,0,0,0,Peripheral,0.04433257226693717
136,9,0.022556390977443608,0.008132589702116515,0.26910690147074395,0.027894836494545657,0.1111111111111111,4,0.012273389135867022,645.7357549377534,0.28888888888888886,10,0.0,0,0.34790748253502396,13,10,2.6153846153846154,4,3,5,1,-0.36244696,0.16452111,-0.012799655,0.12782799,0.29024026,-0.14786936,-0.044738606,-0.1314308,-0.10597904,0.25872073,-0.024527928,-0.115038216,-0.2490615,0.12754433,-0.016912442,-0.052142683,-0.1409083,-0.024351304,-0.0014243856,-0.016073018,-0.05409403,0.041595038,-0.13048546,-0.52829134,-0.0023471783,-0.056255046,-0.4164237,0.077077635,0.15043145,0.14773789,0.31553054,-0.30219692,-0.034743566,-0.13849334,-0.22762161,0.010845196,0.3195801,-0.09606771,-0.11119245,-0.14696875,0.36099836,0.3841472,-0.014655945,-0.3006589,-0.06932227,-0.07310731,-0.4394594,-0.5633128,0.24263443,-0.19021071,0.41014764,0.4066324,-0.1706284,-0.19334751,0.07243589,-0.30595013,0.13864134,0.15382434,-0.026336426,-0.16148305,-0.17485039,0.20905192,0.1888253,-0.042283516,0.25435978,0.23681511,-0.035968937,-0.10544403,0.073003195,-0.33941084,-0.16517136,-0.23774362,-0.47737184,0.11241622,-0.070346996,0.19705862,0.23609747,0.19318771,0.083386734,-0.26705438,-0.050110634,0.086374305,-0.056949064,0.08229269,0.3067875,0.20354006,0.009011187,-0.333626,-0.062396005,-0.06621421,0.073202,-0.16634427,0.027053274,-0.103160396,-0.14683637,0.10071282,-0.04359654,-0.20722063,-0.4030391,-0.08146444,-0.052482963,-0.13403025,0.01935981,0.31944662,-0.10378679,0.18424854,0.38741753,-0.030256515,0.038525205,-0.048655044,0.3564333,0.14690746,0.14921007,-0.13586015,-0.09899827,-0.47443065,-0.535336,-0.3340047,0.09121765,0.32255042,-0.22004636,0.12138836,-0.058036324,-0.2328007,0.09387605,0.1473562,0.10050082,-0.042062875,0,0,0,Enabler,0.2193266708064787
137,1,0.002506265664160401,0.0,0.20062509578455093,0.0015042371382710607,0.0,1,0.0,0.0,1.0,2,0.0,0,-0.816160320663924,11,5,2.272727272727273,0,1,3,7,-0.1950476,-0.10019504,0.4797199,0.10988957,0.023437409,0.29600814,0.10026617,-0.0920424,-0.18321554,0.059408724,-0.30662605,-0.21587451,0.12879789,0.068148,-0.22791728,-0.15041421,-0.37457842,-0.29867813,-0.3623325,-0.32529655,-0.3458913,-0.06083542,-0.021257618,-0.24644671,-0.2952453,0.03215588,0.39785096,0.34938678,0.200199,0.24653819,0.5515248,0.25695148,-0.09311551,-0.05833382,-0.19682305,0.66513485,3.3265256e-05,0.2844641,-0.04674719,0.2881928,-0.13244766,-0.09457288,0.012650836,-0.1496211,0.29889914,0.666151,-0.32719976,-0.33057514,0.030330874,0.05256325,0.20997137,0.04004207,0.056960963,-0.35095078,-0.020370966,-0.025785342,0.3126475,0.039941438,0.39234254,-0.14553061,-0.043996017,-0.120192334,0.83038217,-0.0015301632,0.14230698,0.07888287,-0.13584937,0.3051586,0.067983754,-0.26381513,-0.014082027,-0.21221109,-0.5073875,-0.068821184,-0.37177813,0.14458941,0.039620906,0.09971332,-0.027966816,-0.48089576,-0.11052167,0.2079351,0.06613348,0.30361268,0.27858698,0.4880481,-0.004597771,-0.22865762,-0.31700575,-0.21606238,-0.2327561,0.027817212,0.2965171,-0.200325,-0.0071361526,0.111043945,-0.03919121,-0.33716774,-0.14156295,-0.018363826,-0.2971458,-0.18096945,-0.24038748,-0.19110957,0.49343076,-0.07962446,-0.10300125,0.12339583,0.3590447,-0.05624803,0.62873137,-0.3535302,0.12167874,-0.09072769,-0.0027324967,-0.005503102,0.056548387,-0.2254647,0.08698039,-0.27535668,-0.15164192,-0.01877233,0.17385495,0.22833514,-0.21268207,-0.39669743,0.23051777,-0.48179513,1,1,0,Peripheral,0.01773523687968519
138,6,0.015037593984962405,0.009604284811591871,0.22126160086865665,0.0058570842052621955,0.0,3,0.009826741188648026,762.5898183252061,0.2857142857142857,7,0.0,0,-0.08861794366458153,13,7,2.6153846153846154,0,3,2,8,-0.50704205,0.36048517,-0.1331215,-0.00435717,0.23426978,0.18709402,-0.25828925,-0.71001464,0.3476465,0.09424365,0.23778863,-0.038889024,-0.3570066,-0.2296989,-0.20845556,0.104123116,0.047671065,-0.53706074,0.14775941,-0.023070747,-0.2770245,0.060350675,-0.40229777,-0.35018218,0.11140913,0.11097169,-0.59661824,0.022001673,0.057832297,0.3154135,0.24097864,0.11580144,0.4405365,-0.402115,-0.004124566,0.16097417,0.408774,-0.021438586,-0.25814864,-0.26138216,0.22697979,0.13276877,0.3053451,-0.06599267,-0.21982838,-0.18750596,-0.40466398,-0.23481981,0.15156241,-0.20672166,0.36293903,0.35035583,-0.31902793,-0.4544517,-0.16763811,-0.3978711,0.12783922,0.028029349,0.04482984,-0.17199099,-0.46099898,0.42874575,0.56681716,0.15799735,0.4846772,0.107049555,-0.16832767,-0.031322733,-0.007911073,-0.51811856,-0.10471834,-0.22343071,-0.18701264,0.21272154,-0.17162104,-0.104794696,0.2748771,-0.018731277,-0.16913502,-0.23584445,-0.3102217,0.3779838,0.11006892,-0.011186506,0.65904284,0.025965936,-0.17420332,-0.31976065,0.14348708,-0.14090091,0.097704545,0.022322576,-0.0037056664,-0.121145524,-0.16188017,-0.029697327,0.15498595,-0.08835176,-0.3966558,-0.034390047,0.10137239,-0.16998538,0.3425435,0.3936061,0.19609262,-0.31485656,0.3439916,-0.10628701,0.21708627,-0.24390896,0.3528834,0.53153723,0.27806664,-0.44838274,0.040885154,-0.13992202,-0.11598902,-0.22444862,-0.08901177,0.20748971,0.03590822,0.122098,0.2727883,0.098440856,-0.0351375,0.18383227,0.15892495,-0.003396536,1,1,0,Peripheral,0.036441651206101607
139,14,0.03508771929824561,0.00693488932090007,0.28343109081604534,0.07933796731910005,0.04395604395604396,10,0.004295922302907237,550.6371469687865,0.17142857142857143,15,0.0,0,1.0754498595343664,13,8,2.6153846153846154,3,8,2,0,0.04066307,-0.2510548,-0.083618045,-0.020281658,0.24892037,-0.060239177,-0.056584667,-0.26330763,-0.074756555,0.023596376,-0.07619151,-0.10527305,-0.07232471,0.16104524,0.07319393,0.2494792,-0.2676487,-0.054704513,-0.04526985,0.20053875,-0.021688305,0.040662106,-0.18174747,-0.06965989,-0.021339035,-0.14275144,-0.07808883,0.049569644,-0.09271677,-0.0023719382,0.15040727,0.28403416,-0.01773169,-0.11471941,-0.18127385,0.36031362,-0.21055925,-0.04192711,0.051284976,-0.010329067,0.2342845,0.13285433,-0.003958765,-0.16417915,0.08555892,-0.06369271,-0.27885324,-0.30606914,0.060096055,0.028263412,0.2249854,0.09957223,-0.007616247,-0.034658562,-0.15815535,0.075956054,0.15619634,0.11881847,0.22812283,-0.15457146,-0.09192701,-0.014875255,0.13976601,-0.017819628,0.35595775,0.018396284,0.002119312,0.08667256,0.10568969,-0.021993706,0.02389839,-0.13617669,-0.4972377,-0.00042797436,0.070608474,-0.016512306,-0.1260766,-0.041993834,-0.019192928,-0.18879624,-0.121185474,0.11849791,-0.1555638,0.07275834,0.07191917,0.13038293,0.16070765,-0.0932625,-0.08427443,-0.18855017,0.028130809,0.045417994,-0.01927123,-0.010012757,-0.25959936,0.16857935,-0.12549293,-0.30068734,-0.02471269,0.081403844,0.07914551,-0.1055742,-0.20947039,0.2236397,0.22304818,-0.009576785,0.17948993,0.0155640235,0.41147113,-0.0004664445,0.015344013,0.12591837,0.07259341,-0.0028291421,-0.06867208,0.034274876,-0.060051937,-0.056327105,-0.04485703,0.03814595,0.05656837,-0.08459971,0.15948807,-0.08827193,0.06700884,0.20918752,0.10259249,-0.08620985,0,0,0,Broker,0.844706212347966
140,8,0.020050125313283207,0.005203888393587871,0.2549544977042292,0.029472007178967075,0.21428571428571427,5,0.0042371046034605266,413.19394233927056,0.3888888888888889,9,0.0,0,0.20239900713515546,11,7,1.8181818181818181,2,1,5,3,-0.16644011,0.046686597,0.04252875,-0.01879734,0.50993794,0.19015749,-0.2070165,-0.3806395,-0.12280695,-0.10488414,0.069846734,-0.46057004,0.010452572,-0.25034863,-0.06809529,0.29335502,-0.06199019,-0.10797205,-0.10294035,-0.08093432,-0.31678045,0.164276,-0.30987626,-0.18293801,0.10091665,-0.03874271,-0.093244866,0.12811232,0.2984931,0.08104601,0.17518884,0.15451118,0.10284845,-0.22069305,-0.34222898,0.16444719,-0.080720805,-0.031455595,-0.056659386,-0.10233504,0.10799951,0.12085634,0.047780544,-0.182367,0.17785671,0.040929213,-0.45117572,-0.14880143,0.114260025,-0.0736116,0.37405846,0.01697137,0.1607728,-0.055968057,-0.22352651,-0.27574077,-0.077625565,0.21633884,0.10329839,0.07923209,-0.13223463,0.26395237,0.34186745,0.14560986,0.08680462,-0.0507807,-0.09411706,-0.24798873,0.015691211,-0.31289977,0.06924081,0.06337003,-0.67512053,0.108151145,-0.18460117,-0.13016982,-0.28310913,0.14752004,-0.05802403,-0.14551792,0.066473044,0.09388288,0.23458168,0.03115232,0.021242509,0.2808461,0.20665078,-0.11868118,-0.027665108,0.056665372,0.07366341,-0.04060529,0.46171868,0.065339945,-0.33915815,0.4597142,-0.062507175,-0.19552158,-0.19765776,-0.16050982,0.030835588,0.321595,-0.23880652,0.010253651,0.20947462,0.18096809,-0.06471603,-0.10849428,-0.10131015,0.006251348,0.5276779,-0.06292202,0.13473247,-0.051283002,-0.022457572,-0.33798444,-0.23745686,-0.17607144,0.298144,-0.30796736,0.19008917,0.028052077,-0.13431661,-0.20157774,0.13390797,-0.12728694,0.053361896,-0.09023423,0,0,0,Peripheral,0.03653138482729052
141,3,0.007518796992481203,0.0001301410981389823,0.21146616541353383,0.004811711227669809,0.0,3,0.00016767036239398046,10.333333333333334,0.5,4,0.0,0,-0.525143369864187,8,6,3.125,0,3,3,2,-0.029326605,0.06742679,0.5584819,0.31040594,0.16579619,0.31475934,-0.19702756,-0.3322237,0.058608055,0.07850888,-0.33991542,-0.41928273,-0.4414661,-0.15042824,-0.07422814,-0.06578432,-0.2734957,-0.07135467,-0.2406655,-0.3203115,0.19591762,-0.22608268,-0.36404842,-0.69530046,-0.22866608,-0.020965096,-0.053589508,0.36868167,0.4120854,0.4530768,0.14511456,0.06782369,-0.20475698,-0.14676194,-0.28024164,0.37093148,0.061258864,0.060300644,-0.22432728,0.24389103,-0.0913104,0.14269413,0.00020726897,-0.21863255,0.27382734,0.050645966,-0.53324294,-0.25173634,0.026974283,-0.049067196,0.44942012,0.22449613,-0.034569886,-0.26230016,0.02298733,0.037673984,-0.15182407,0.20832504,0.15710923,-0.19314684,-0.1539941,0.14438175,0.68256867,0.05496821,0.17051198,0.2591406,-0.07763782,-0.08577148,0.06367405,-0.2813601,-0.067979,-0.27251822,-0.8810211,0.369829,-0.2913221,0.13623622,-0.06086742,0.22486487,0.18049854,-0.18023366,0.22590682,0.03899851,0.007982937,0.04871962,0.11628727,0.56685823,0.5399366,0.038320746,-0.07065685,-0.12527233,0.13432688,-0.057744317,0.30729723,0.24658091,-0.10720856,0.3023402,-0.19288483,-0.21809475,-0.17518015,0.23806596,-0.12389005,0.22737892,-0.29814783,-0.11643534,0.26118928,0.09652151,-0.2593824,-0.19063398,-0.31847998,-0.04347077,0.6570673,-0.32747385,0.1792607,-0.118953265,0.21184172,0.050130315,0.121484846,-0.23814537,0.15500101,-0.08529448,-0.021108128,-0.09115075,-0.12829459,-0.054255497,0.2408865,0.10787841,0.2013114,-0.27904168,0,0,0,Peripheral,0.0157845430017898
142,0,0.0,0.0,0.0,7.590317288714358e-60,0.0,0,0.0,0.0,0.0,1,0.0,0,0.0,12,7,2.3333333333333335,0,3,4,5,0.004189036,-0.007633756,0.0038336115,-0.0035311924,0.0053631123,0.007713182,0.0008655414,0.0004984727,0.0033912435,0.0061131157,0.0024797302,0.0011381675,-0.001259408,0.004833821,-0.0026360545,-0.0030621933,0.0060592825,0.0029686186,-0.007080796,0.0037416257,0.007214277,-0.0059326515,0.0026370585,-0.006155057,-0.0009957151,-0.00728071,0.007295588,-0.004693322,-0.0077464683,0.0034881914,-8.573756e-06,0.0039257305,0.0060911328,-0.007074057,-0.0008872971,-0.003919743,-0.0037206328,-0.007088518,0.0033138935,0.0056507774,0.006016043,-0.0011952678,0.0014852788,0.00027239043,0.0002159467,-0.003710634,-0.0023428937,-0.006286662,0.0076026935,-0.007038853,0.005926884,0.0011752769,-0.00096049067,-0.0008903872,-0.0019528614,-0.00312128,-0.004744035,-0.0055477694,0.0005173581,0.004049969,-0.0019307937,-0.00040196348,0.0017513419,0.005147461,-0.002033377,-0.006489749,-0.0022299048,-0.0047514327,0.001856193,-0.0038228491,-0.0068263924,-0.0017730566,0.0011265166,0.0009820014,-0.0020810235,-0.0015603602,-0.0025605476,0.0035898201,-0.001674219,0.006244039,0.0030895034,-0.0052143726,-0.0016819537,-0.0041342303,0.0039476426,-0.0005014809,0.0036705164,0.0058077397,-0.0052749207,-0.0017741658,0.0005313046,0.00464944,-0.006552888,0.0051592933,-0.00028292555,0.0070390347,-0.0011756765,-0.003294223,-0.0029201033,0.007734211,-0.004017013,-0.0071982415,-0.007585956,0.00062055327,0.007130948,-0.001746146,0.0026438972,-0.0015550489,0.0005793618,-0.0017180052,0.0052026995,-0.005050149,0.0074092057,-0.0005097417,0.0067641838,-0.0018034326,-0.005259974,0.006994229,-0.0017586295,-0.0018431386,0.0070999498,0.0043502264,-0.00014863629,0.0025013965,0.0061451886,0.001588353,0.0014040526,0.0026134476,0,0,0,Peripheral,0.0
143,0,0.0,0.0,0.0,7.590317288714358e-60,0.0,0,0.0,0.0,0.0,1,0.0,0,0.0,8,5,2.0,0,2,1,5,0.0051104613,0.0004295269,-0.0014416454,-0.0020388486,0.0051205168,0.0061979266,-0.0015606722,-0.005606807,0.0064798817,0.0033516353,0.0068637915,-0.0057040397,0.005894549,0.0037939614,0.005575859,0.003904134,-0.005913498,0.0034469208,0.00333054,0.0013295338,0.0066578826,0.0045185024,0.0019190367,-0.0045878096,0.0010473253,-0.0056400867,0.0026950696,-0.00030722842,-0.0035372274,0.0004267143,-0.0050764224,-0.0019106558,0.007786487,0.004813441,-0.004759824,-0.0061298544,-0.0031555584,0.006671288,0.005951794,-0.0007332554,-0.0012226272,-0.005358584,0.002865035,0.0025013722,-0.00023980252,-0.0043297373,-0.0054887915,-0.0008819951,-0.0043004015,-0.003597118,-0.0046742223,0.0015699798,-0.0020961398,-0.0017071702,0.001605574,-0.00026873313,-0.0059498725,-0.001183264,-0.0005014166,0.0017309273,-0.0039605834,0.0016651126,0.0025452394,-0.0024064528,-0.0041669663,-0.0018425584,-0.0064148745,0.0069714095,0.007168131,-0.0054735783,-0.0041558174,-0.0031239428,-0.0070582666,-0.0035966663,0.00034607295,-0.0053462563,0.001212352,-0.00034565106,0.004350342,-0.0071311155,0.002553788,0.0051667513,-0.004680359,0.0016371626,-0.00014077034,0.0030939896,0.0007433845,0.0006087059,0.0010821428,0.0019340664,-0.0061171055,0.0006438503,0.0053865146,-4.239846e-05,-0.0006984109,-4.7022477e-05,-0.0018074308,-0.0017492715,0.0044190977,-0.0026375009,-0.0072177183,0.00442362,-0.0042102085,0.0030687666,0.0040494734,-0.0071392227,0.0021031797,-0.007196647,0.0077181617,-0.0016447902,-0.0016814023,-0.0008610459,-0.0025584418,-0.0051269317,-0.0019647134,0.0007591136,-0.0016855439,0.0022650333,-0.0052866647,0.0004678769,-0.0027121594,-0.00077691954,0.0068277437,-0.004024365,0.007493783,-0.006386375,-0.0035368046,0.0041885395,0,0,0,Peripheral,0.0
144,7,0.017543859649122806,0.005136777107653203,0.25778732545649835,0.02416102868619002,0.14285714285714285,4,0.004214701692786392,407.8652391247719,0.35714285714285715,8,0.0,0,0.05689053173528696,20,10,2.3,6,1,8,5,-0.076615594,0.177465,0.20010944,0.2810556,0.36262298,0.118698135,-0.08121934,-0.27526546,0.19238538,0.44698983,0.10155855,-0.4506193,-0.21411404,-0.15019445,0.06848692,0.1959959,0.063323595,-0.16989382,-0.03211391,0.24158923,0.027878342,0.09370744,-0.10435535,-0.011837462,-0.3890489,-0.1304743,-0.049050044,0.18104175,0.2065689,0.083540626,-0.20151295,0.06804369,-0.111704685,-0.38686523,0.0226299,0.13489522,0.078968115,0.097606,-0.3932563,-0.2705669,-0.123106405,0.059105575,0.21375142,-0.25473088,-0.04956556,-0.32270914,-0.49309167,-0.2188837,0.22430868,0.03077062,0.28775185,0.40381178,-0.1613528,-0.31448328,0.11581333,0.17996104,0.37655726,0.17887501,0.18367524,-0.22449881,-0.11553447,-0.094284855,0.3243878,-0.017608764,-0.034473713,0.05073514,0.1411361,-0.2472975,-0.08867704,0.20401156,-0.1480699,-0.2457287,-0.7028994,0.03181284,-0.018355453,0.047212612,-0.0018865272,0.29078344,-0.05191213,-0.21835671,-0.10696248,-0.2462676,-0.12666124,0.086234964,0.27987087,0.4884541,0.37261772,0.050034318,-0.041254256,-0.37437093,0.022849295,-0.09360807,0.0666606,-0.16873768,-0.03395793,0.1769555,-0.07605608,-0.15242709,-0.115777835,0.12728,-0.14209491,0.009601677,-0.027307088,0.08262393,0.010247067,-0.039354913,-0.14981142,-0.4049455,-0.07358941,0.2502276,0.35276756,0.013875903,0.07261808,-0.13446258,0.19177198,-0.26717952,-0.14104493,-0.14349954,0.12266769,0.32621834,-0.22523259,-0.20176998,0.006066202,-0.1349793,0.1484411,0.21232182,-0.16768482,-0.1464922,0,0,0,Enabler,0.1881609007667861
145,0,0.0,0.0,0.0,7.590317288714358e-60,0.0,0,0.0,0.0,0.0,1,0.0,0,0.0,9,4,1.8888888888888888,0,1,0,8,0.0024000276,-0.0078008967,-0.0011372529,0.0077394703,0.0035816347,-0.003400107,-0.007634336,-0.005612132,-0.006632586,-0.00063650217,0.007522313,-0.00064705405,0.00771656,-0.0025398592,0.0059354007,-0.006059207,-0.0023863353,0.0065322043,-0.0056478046,0.0060671363,-0.000402743,0.0017952789,0.002749185,-0.0044398103,0.006146197,-0.003824505,-0.0014793016,0.0029315334,0.0005295174,0.0028047524,0.0033174977,-0.0026443042,-0.0025927443,-0.0014208034,0.006810789,-0.004914213,-0.0028277645,-0.00041243713,-0.0030777752,0.0070545236,-0.0009221863,-0.0072726617,0.007060171,-0.0062572965,0.007788853,0.0028622355,0.0062594246,-0.0066349935,-0.0027234536,-0.0061356165,0.0011185994,0.0072461395,0.0010315673,-0.0032801786,-0.0071265157,0.0061413012,-0.0014384314,-0.005664549,0.004537666,-0.005248376,0.006234059,0.0016297447,-0.0073402924,0.0075738477,0.0050594388,-0.0038363393,0.005998303,-0.007256644,-0.0017700046,0.004468524,0.0036086822,-0.007758322,-0.0026444392,0.0017842362,-0.0007799957,0.0023736246,-0.0018299418,0.006803627,-0.00142032,0.0073198527,0.006738391,-0.00726955,-0.0045897663,-0.0045603374,0.0017957343,-0.00063602254,-0.0018430911,-0.005481406,-0.0012709796,0.0016503371,-0.004221741,0.007782788,-0.0023877425,-0.0049411673,0.0042572105,-0.0060478104,0.0004632501,-0.007301324,-0.00122381,0.0063487645,0.0053965095,-0.007451674,-0.0039337706,0.0017731646,-0.0072762035,-0.007763413,-0.0024500443,0.0058789896,0.0039620064,0.004725158,-0.0052841315,0.0055197617,-0.006535452,-0.0024203332,0.007807442,-0.004512338,-0.0050424067,-0.0042973747,-0.0067426153,0.0024818992,-0.007411803,0.003971101,-0.0013792273,0.0048556495,0.007299345,0.004285382,-0.0023482954,0.0003653979,0,0,0,Peripheral,0.0
146,9,0.022556390977443608,0.012955538626512388,0.22825862970849467,0.02466504241297084,0.0,5,0.00741265184328913,1028.68272248371,0.2,10,0.0,0,0.34790748253502396,15,8,2.4,4,1,10,0,-0.1607216,-0.2322615,0.092891775,0.3394503,0.56706995,0.33357292,-0.06340986,-0.25939065,-0.042278122,0.057969313,0.2282372,0.12137274,-0.040278524,-0.25342909,-0.22833651,0.016118083,-0.29778653,-0.061513238,-0.17554282,0.2427881,-0.05753821,0.065123394,-0.12635022,-0.12404338,-0.15893254,0.09754876,-0.07319895,0.2283143,0.1125939,-0.029700266,0.18985818,0.30663574,-0.29028147,-0.11855402,-0.067654856,-0.3054507,-0.0033893737,0.12260515,-0.086339295,0.044572044,0.21595016,0.2609645,0.08530396,-0.027670098,-0.027111484,-0.052290797,-0.44762567,-0.35215804,-0.08379658,-0.23670407,0.30782187,0.048517834,0.082124405,-0.2784242,0.10253924,0.08768726,-0.049862273,-0.08218648,-0.019758578,-0.1296789,0.13101098,0.06394749,0.045017872,-0.01630018,0.47325185,-0.033922337,0.4246467,-0.18795252,-0.22160608,-0.5069869,0.28667912,-0.09667544,-0.8142645,-0.37932286,-0.03009943,0.22153571,-0.15229712,0.035032816,0.21729319,-0.0037758676,-0.092019305,0.15192561,0.14193599,-0.07531539,0.058976136,0.28116718,0.069375835,-0.24318862,-0.33298644,-0.0008628319,-0.32199538,-0.4652635,0.2767538,-0.11324161,-0.54747903,0.4211369,-0.1122481,-0.18431616,-0.4045683,0.028762959,-0.0745668,-0.12452873,-0.1450865,0.09841492,-0.01906174,0.053403117,0.30325225,0.18769497,0.20653619,0.13476647,-0.1939197,0.21953054,0.106920145,0.05668434,-0.14272007,0.039270885,0.017942669,0.089544185,-0.059061877,0.32912418,0.019320812,-0.037415687,0.17367241,-0.25762165,-0.12502174,0.017505571,0.26751763,-0.11724152,1,1,0,Enabler,0.3194405652156498
147,6,0.015037593984962405,0.004340851861815753,0.22698255071641366,0.010733278263509715,0.0,4,0.0031302739727836564,344.6679786800326,0.2857142857142857,7,0.0,0,-0.08861794366458153,17,10,2.9411764705882355,4,2,9,2,-0.22325271,-0.12260385,0.07192025,0.06388078,0.6873158,-0.081264876,-0.3834547,-0.29745877,-0.05027666,0.15950412,0.4614719,-0.24532662,-0.36854842,0.25494173,0.028476052,-0.15950827,0.084528364,-0.4672915,0.25040713,0.29395673,-0.047118537,0.25422084,-0.3808173,0.21818224,-0.22145653,0.10365001,-0.30921766,-0.046153396,-0.27079546,-0.39588976,0.13126576,0.29084858,-0.18472217,-0.45686054,0.078233995,0.28623298,0.16434602,-0.22655521,-0.2524803,0.17619857,-0.18954675,0.18355513,0.38945767,-0.48895973,-0.15087906,0.09050056,-0.39361796,-0.42775968,-0.2330764,0.03265405,-0.14423652,0.048540812,-0.3466989,-0.29073042,-0.337341,-0.2178187,0.011605356,0.008633145,-0.019809801,-0.28736237,-0.335338,-0.19366615,0.27720648,-0.15962258,0.22254728,0.47166213,-0.117299564,0.26898614,0.009910531,-0.2762349,0.02471896,-0.1580921,-0.515359,0.42036125,-0.21984267,-0.0002493473,0.06894142,0.1523451,-0.2829788,-0.20676242,-0.3045302,0.41445723,0.10084403,-0.015740855,0.2836833,0.42886478,0.25775236,0.19264676,0.20011604,-0.054647755,0.2146013,0.4511877,0.11280908,-0.04155507,-0.16202708,0.23412782,-0.0544185,-0.092368826,-0.34696323,0.042135492,-0.17492422,-0.13941449,0.041974764,0.122452356,-0.008524483,0.20610172,0.10314578,0.018021448,0.35299963,0.11941938,-0.13857503,-0.33573124,-0.04587099,-0.22308883,0.071003385,-0.080512494,0.048640765,0.038971674,-0.16836736,-0.12077583,0.4729579,-0.3863764,0.29967472,0.0618062,0.4228918,-0.079560265,-0.07987132,-0.061185665,0,0,0,Peripheral,0.026512586417293184
148,14,0.03508771929824561,0.01110964892584025,0.2884653908305399,0.0846902377218478,0.03296703296703297,10,0.008453560768328846,882.1172343606416,0.1619047619047619,15,0.1377551020408163,1,0.9299413841344979,16,9,2.75,5,7,4,0,0.0758151,-0.014745248,0.036953066,0.108891994,0.3571582,0.05143128,0.14566825,-0.28146157,0.052447483,0.0030822395,0.111011356,-0.15944126,-0.1034715,0.02142577,0.15190934,0.14623001,-0.15493964,-0.25077757,0.025983065,0.123328924,-0.17739008,0.053000525,-0.31423575,-0.20227902,-0.25135812,-0.10471828,-0.19873409,0.039700106,-0.059988793,0.106991865,-0.0041228933,0.111135274,-0.025643798,-0.115966536,-0.1350954,0.29946473,-0.15333837,-0.05721062,0.033019044,0.029599754,0.07321632,0.08067174,0.057649024,-0.2704844,0.07930904,-0.14041586,-0.33095324,-0.09754533,-0.0123073,-0.03651723,0.1907257,0.15754353,0.13978134,-0.12910278,-0.11779447,0.04628245,0.18672967,0.02431163,0.0019585087,-0.13320619,-0.23478104,0.086752705,0.26644564,0.11340358,0.3361261,-0.11765368,-0.0917839,-0.012912052,-0.026326446,0.04158387,0.15974422,-0.098199494,-0.38269678,-0.07796489,-0.040431857,-0.05801886,-0.040139988,0.0820955,0.07735501,-0.050755307,-0.20419407,0.19943391,-0.03004686,0.17194843,0.28752208,0.11508493,0.24232538,-0.08865095,-0.057559785,-0.1342007,-0.10612181,0.074499875,0.15393662,0.16309847,-0.26080593,0.1659471,0.0627114,-0.13541548,-0.139497,0.21833067,-0.07348803,-0.10619167,0.06754589,0.2311884,0.0043209046,0.054561004,0.0843034,0.08860502,0.09735468,-0.020724008,-0.048734467,-0.18334883,0.117513195,-0.10508877,-0.124372184,-0.014390383,0.07127898,-0.096233346,0.021283308,-0.24023484,0.059469204,-0.15703544,0.08821347,-0.09055587,0.07123105,0.023774907,0.003797909,-0.13913585,0,0,0,Peripheral,0.07663612535164643
149,3,0.007518796992481203,0.002432797834172599,0.20915133939162134,0.002508394789548525,0.0,2,0.004722108841313357,193.16658083113856,0.5,4,0.0,0,-0.525143369864187,7,5,3.142857142857143,0,4,0,3,-0.09865753,-0.55360585,-0.5360642,-0.069581635,0.70267123,0.15725264,-0.23871146,-0.86042905,0.036749437,-0.16489786,-0.046861902,-0.23171517,-0.3241304,-0.027728777,0.032853026,0.2343716,-0.27881828,-0.16639908,0.65834045,0.1376014,0.23216276,0.14680374,-0.2784526,0.0010296307,-0.2056121,-0.12301679,-0.0007733762,0.27351144,0.43217206,-0.083024666,0.4673151,-0.2479803,-0.32608148,-0.36521855,-0.16643134,0.4151407,-0.10182662,-0.3690704,0.0706047,-0.111086085,-0.11279977,-0.19459613,0.1881779,0.010348934,-0.060039416,0.07135542,-0.4273383,-0.07100066,-0.25121078,-0.28626758,0.27345848,0.15044616,-0.016641444,0.19688259,0.16770956,0.41056448,-0.16257809,0.10935605,0.030808643,-0.16282481,-0.27845556,0.64927614,0.10212429,-0.041127842,0.3438384,-0.29636148,-0.7152458,-0.15153526,0.1509487,-0.17431542,0.024309138,-0.6399899,-0.43472493,0.22075114,0.07216075,0.015918335,0.003466613,-0.21264583,0.13374832,0.16138387,0.14686173,-0.54368377,-0.05205657,-0.28299353,0.67861575,0.50832886,-0.11474691,-0.04477062,0.25993815,-0.057689223,-0.00021396836,-0.013326157,-0.35059783,0.19328764,-0.22278091,0.19754633,0.32326168,-0.35043138,-0.011168149,-0.043555904,0.027526945,-0.07597888,-0.1992425,0.3205208,0.25262648,-0.37641826,-0.054696646,0.042627238,0.30564618,0.13279139,-0.13871853,0.31580475,0.05423436,-0.032849174,0.031186467,-0.37317443,0.20574185,-0.2801397,0.09483631,0.13867292,0.58035934,-0.20059101,-0.12000562,-0.46303654,-0.12559307,-0.3793668,0.4454749,-0.35340524,1,1,0,Peripheral,0.02537542205489397
150,3,0.007518796992481203,0.002594055783293658,0.20955614843560513,0.002706740658726221,0.0,2,0.004686995446164097,205.9706232492997,0.5,4,0.0,0,-0.525143369864187,14,8,1.9285714285714286,0,4,3,7,-0.36963803,-0.12172788,-0.36423162,0.15334447,0.37873504,0.119837634,0.0048657455,-0.22387806,-0.13893387,-0.021886755,-0.08688105,-0.14663137,-0.06452209,0.102623746,0.32076198,-0.211637,-0.027550321,-0.35133675,-0.22215006,0.26155975,0.076697625,0.346462,-0.11516739,-0.1317584,-0.14851984,0.44782016,-0.024508374,0.3268652,-0.36824176,0.21034187,0.18832345,0.19709697,-0.16431783,-0.55802953,-0.2232524,0.7020038,-0.41604215,-0.3031008,0.20090145,-0.22436255,-0.26247424,0.33049652,-0.06887345,-0.21184188,0.027799724,-0.19702034,0.012888669,-0.4499745,-0.04494728,0.2553492,0.25136113,-0.10284141,-0.3095567,0.044223968,-0.53519905,-0.19539745,0.4380472,-0.12977047,0.027605476,0.010286686,0.34389642,-0.07171246,0.07212066,-0.0041146963,0.046047326,0.48392564,0.37815285,-0.33891928,0.07657625,0.15992591,0.5288254,-0.26564133,-0.5629406,-0.05101474,-0.21840161,0.05880053,0.28403243,0.050064772,0.19373123,-0.093876265,-0.015038588,0.32574052,-0.0026475622,-0.032776486,0.19798526,0.48078722,0.2256792,-0.07958364,-0.16112964,0.2379168,-0.18346001,0.30864877,0.20965108,0.11756068,-0.14482711,0.19191729,-0.1566666,-0.55910647,-0.10637428,0.29854622,0.07415343,0.14902963,-0.19617063,0.07737516,0.067937374,-0.08180266,0.52749425,0.28418252,0.5208125,-0.30540267,-0.1838284,0.36244354,0.344662,-0.09045477,0.103824355,-0.10408558,-0.24592783,-0.35747054,0.36609674,0.4683514,0.044836663,-0.46654835,0.27789742,-0.37479234,0.064651094,0.08679179,0.17227171,-0.24603774,1,1,0,Peripheral,0.02544672888766308
151,13,0.03258145363408521,0.005877310634282827,0.28097926477092383,0.0774680283285051,0.07692307692307693,10,0.004613534804111569,466.66434167269074,0.2087912087912088,14,0.0,0,0.9299413841344979,18,9,2.2222222222222223,5,7,6,0,-0.06160407,-0.061504528,-0.28185531,-0.2609821,0.19732817,0.2514204,-0.13328186,-0.3317315,-0.17064461,0.15269332,0.0027227653,-0.043009326,-0.05005887,0.038733307,0.029527036,0.14948744,-0.25471026,-0.14541823,-0.10806756,0.21748574,-0.073381655,0.052776944,-0.16362683,-0.33284578,-0.1670494,0.0025430627,-0.17348231,0.20511693,-0.073956706,0.04262284,0.28804293,0.3220642,0.18715478,-0.17161183,0.08378075,0.12169077,-0.108625315,-0.026982129,-0.18799746,-0.07909818,0.10890208,0.22928475,0.2050396,-0.17991015,0.04751482,0.047670856,-0.2314891,-0.15467402,0.17374107,-0.0033858307,0.11700775,0.12355594,0.14562999,-0.18617983,-0.091144726,0.064342976,0.22559094,0.20040098,0.16146718,-0.16801588,-0.12862925,-0.16921735,0.17908807,-0.0032680074,0.2073779,-0.1276621,0.032400634,0.25275937,0.044508666,0.038667377,-0.0016408355,-0.14827333,-0.18344131,0.03006756,-0.16106302,-0.12468256,0.035268847,-0.00962022,-0.056290973,-0.036471475,-0.055927932,0.00090095337,-0.21330655,0.008050754,0.30991024,0.3075396,0.021454373,-0.20138128,0.048733708,-0.18651323,-0.08531608,0.006383807,0.10632178,0.057375714,-0.09438569,0.31719851,-0.1915835,-0.0062802453,-0.33427224,-0.0023661724,0.05771778,-0.05202988,-0.13506985,0.3637835,0.0903666,-0.019556861,0.07628491,0.090048656,0.2920773,0.067793034,0.100339204,0.04969129,0.08882211,-0.07196154,-0.09068747,-0.10112004,0.17953102,-0.061283253,0.0643175,-0.07582283,-0.04150699,-0.24956769,0.14756136,-0.12470009,0.007226543,0.08649264,0.069557086,0.12939309,0,0,0,Peripheral,0.06919948677079815
152,25,0.06265664160401002,0.037492927671226355,0.31504561597981373,0.11473899484314366,0.016666666666666666,10,0.034907634869416414,2976.975950023044,0.09230769230769231,26,0.22560000000000002,3,2.239517662733314,17,8,2.588235294117647,13,4,0,0,-0.107676096,-0.2938549,0.040771272,-0.008758142,0.09238276,0.02910846,-0.03821226,-0.09993143,-0.06797412,-0.03692256,-0.029594852,-0.08939917,-0.017847564,-0.25283495,-0.07440567,0.011842541,-0.24200964,-0.07302604,0.119520225,0.2427702,0.047694337,0.15349422,-0.14046395,-0.15443987,-0.1776566,-0.027922465,-0.17563473,-0.13621151,-0.1702196,-0.04380225,-0.0054120007,0.22876908,-0.0953686,-0.17788887,0.09664494,0.18599471,0.10656847,-0.01393273,-0.12337747,-0.08045996,0.085758805,0.04564145,0.14028686,-0.028268743,-0.1259182,0.0069169113,-0.3350097,-0.14356826,0.047501326,0.21213633,0.22554983,0.15147972,0.14873427,-0.08177594,-0.13582575,0.06432011,-0.08004676,0.0044175503,0.063748576,-0.19481567,-0.05537122,0.020792237,0.5001963,-0.0300077,0.22689155,-0.2690977,-0.08840048,-0.018815078,0.2370627,-0.13214236,0.13908578,0.034826744,-0.30042502,0.011116157,-0.03261625,0.10071953,-0.10766296,-0.01170186,0.07871425,-0.10397001,-0.14234075,-0.10183761,-0.15789887,0.13475002,0.20815709,0.32156602,0.07653834,-0.08683245,-0.17433871,-0.12299865,-0.029445454,0.26234132,0.004802245,-0.023123508,-0.32652155,0.3462793,-0.15800606,-0.0050011408,-0.017466275,-0.10598998,-0.09285951,0.052803308,-0.26075011,0.2125811,-0.08024303,-0.121398844,0.23291957,0.11909229,0.20343572,-0.087116376,0.025515966,0.014947301,0.060423434,-0.03248775,-0.10618328,-0.19867872,-0.06209424,-0.13474227,0.18972099,0.048956495,0.068771504,-0.022511678,0.19972472,-0.2138885,-0.081509896,-0.09533827,0.3682705,-0.13619523,0,0,0,Coordinator,1.0
153,13,0.03258145363408521,0.0024639289081604663,0.2797691904179052,0.07675133170671465,0.05128205128205128,10,0.003022293680335234,195.6384192368492,0.18681318681318682,14,0.0,0,0.9299413841344979,18,7,2.6666666666666665,9,8,1,0,0.070298694,-0.004825441,-0.11775553,0.15417814,0.33754507,-0.052207366,0.0012293044,-0.23609412,0.027902097,-0.15970197,-0.17236146,-0.127317,-0.054696728,-0.07114035,0.14187698,0.07038101,-0.103688605,-0.16310209,-0.11037505,0.16866432,-0.062143315,0.049736742,-0.1789958,-0.27807888,-0.05518408,-0.19659205,-0.08703749,0.18084073,-0.008716683,0.11289708,0.25420454,0.3323603,-0.26028594,-0.23510309,-0.007645887,0.12705232,0.13242242,-0.1786058,-0.253234,0.06691936,0.011739659,0.13163896,0.063423686,0.026135858,-0.144509,-0.056553308,-0.19624339,-0.28086123,0.23234364,0.028519271,0.2837692,0.1779737,0.15318908,-0.13054109,-0.0014884784,-0.09321616,0.30293813,0.13903858,0.056483015,-0.09950635,-0.20532608,-0.026648406,0.33975843,0.007659947,0.11123623,0.033019524,-0.09031078,-0.08767633,0.042745262,0.052018166,0.02846802,-0.23851572,-0.48647082,-0.0111206,0.019574607,-0.012522538,0.023663925,0.16476628,0.05207969,-0.074590474,0.1181962,-0.2349409,0.03320086,0.079368174,0.15273172,0.27371567,0.11969095,-0.043386567,-0.10958058,-0.177796,0.07192509,-0.03009852,0.07193893,-0.15856737,-0.23328514,0.16177937,-0.13958311,-0.29681045,-0.13765451,0.04241259,0.011649156,0.12147811,-0.108328044,0.31210142,0.12097496,0.20825419,-0.03996135,0.12900768,0.16921525,0.054158926,-0.0070651253,0.02999131,0.107802324,-0.034033794,-0.030748079,0.09022263,-0.028589826,-0.10304529,-0.17277823,-0.2597212,0.023286484,-0.08069771,0.032632325,-0.18926796,-0.042126127,-0.072485454,-0.08456862,-0.13849173,0,0,0,Broker,0.8046479553704259
154,4,0.010025062656641603,0.0004719324604979512,0.2139736693512437,0.003793929951837448,0.0,4,0.0006047298392970525,37.471909295997825,0.4,5,0.0,0,-0.37963489446431853,10,4,2.1,0,0,0,10,-0.18085265,0.12980029,-0.034856323,-0.14539722,0.24189126,0.4085838,-0.26291907,-0.10227274,0.09942442,-0.24042799,-0.11624125,-0.06383076,-0.09351056,0.4364022,-0.017652048,-0.20502125,-0.31396413,-0.37588075,-0.28734854,0.0022433915,-0.024899239,-0.009982201,0.25823972,0.0947393,-0.09461055,0.17590223,-0.19234118,0.18207617,-0.34547874,0.013639033,0.2743411,0.34146234,-0.26339525,-0.26988384,-0.036366355,0.82200557,-0.18312855,-0.1069621,-0.02431513,-0.1839987,-0.18450557,-0.031941842,0.14083658,0.24953422,-0.43200472,-0.46826088,-0.16371363,-0.3395163,0.056323886,0.023284722,0.31799412,0.17500134,0.092080824,0.0940909,-0.10415849,-0.05735737,0.31953704,0.2227557,-0.1939575,-0.18554156,0.11474052,0.25221616,0.24682881,-0.19201875,-0.022710573,0.16657557,0.03960516,0.09254639,0.21012743,0.023972359,-0.14101182,-0.5676457,-0.7449123,-0.011725527,0.14136791,-0.0075886957,0.102051616,0.16074926,-0.28943217,-0.18887196,0.26179186,0.20121016,0.13712324,-0.13949382,0.19346796,0.6189263,0.5254297,0.043397352,-0.5914863,-0.17019188,0.28317958,-0.09985771,0.15939203,-0.08936571,-0.28611788,0.3008896,-0.23198473,-0.07766295,-0.33233795,-0.23629092,0.25813958,-0.071457036,-0.3045323,0.7034249,-0.13730887,-0.16922699,0.4310786,0.17203526,0.26845667,0.12954232,-0.09040324,0.122386254,0.29620257,-0.36566368,-0.058617495,0.05520942,-0.21954557,-0.027438879,0.28442773,0.2789873,0.15929073,-0.32575607,0.21191382,-0.32450137,-0.29408827,-0.15451874,-0.49056745,-0.2293802,0,0,0,Peripheral,0.020711018025712728
155,5,0.012531328320802004,0.003227500385536708,0.21784844404774512,0.004783395181066676,0.0,4,0.005420672702019914,256.26675811200016,0.3333333333333333,6,0.0,0,-0.23412641906445003,12,6,2.3333333333333335,0,1,7,4,-0.6128943,0.24707781,-0.1669158,0.11922587,0.5972848,0.3203351,0.20855626,-0.44005024,-0.20289154,0.11506346,-0.060603455,-0.29503518,-0.34103516,0.1266253,0.21022458,-0.16927645,0.03742969,-0.24315095,0.2128768,0.37564492,0.013203597,0.6096805,-0.56941277,-0.2053275,-0.036981303,0.07394066,-0.6398272,0.041031998,-0.30367586,-0.18795572,0.01630428,-0.12549342,-0.40797445,-0.43667594,0.039306764,0.2703901,0.13381457,-0.29683995,0.2244713,-0.037848663,-0.19179623,0.1899761,0.2840879,-0.30013537,0.07870681,-0.015309341,-0.3519597,-0.27690023,-0.47747064,0.33035263,-0.08493699,-0.06741035,0.12889284,-0.086388275,-0.29866654,0.14859247,0.14941476,-0.37291387,0.17814285,-0.5759339,-0.23440798,0.33048567,0.18690921,-0.15187083,0.105857864,-0.19580115,-0.34973463,-0.28430733,0.08412848,0.05415434,0.31007847,-0.14059058,-0.31461608,0.061605822,-0.39685237,0.14052224,0.037641134,-0.052163992,-0.20611776,0.06621329,0.09856405,0.027468417,-0.27033737,0.10088581,0.41090134,0.575448,-0.05160871,-0.24122368,0.123072326,-0.03315082,0.23872505,0.46917385,-0.0028010765,0.12993334,-0.25584146,0.0017609543,-0.13482757,-0.40815583,-0.25436285,-0.36768323,-0.2552306,0.069430426,0.08696913,0.19285558,0.006122049,-0.115928106,0.048347916,0.0799447,0.48763493,0.011259871,-0.07549662,0.10228744,0.13287808,-0.23446217,-0.055428125,-0.42930472,0.14829217,-0.14194927,0.09085111,0.2102372,0.23946801,-0.38731936,0.12260845,-0.20213608,0.24202424,-0.40931246,0.28257763,0.019184005,1,1,0,Peripheral,0.03592968542112572
156,14,0.03508771929824561,0.009073678836849858,0.2826910618583011,0.07707984347014937,0.03296703296703297,10,0.008077277661473939,720.4591733247156,0.1619047619047619,15,0.0,0,1.0754498595343664,11,5,2.8181818181818183,2,8,1,0,0.016811224,-0.140313,-0.023823742,0.027564509,0.2984025,0.24502291,-0.20027603,-0.28163695,-0.053842694,-0.051882192,0.10862545,0.014810172,-0.08044267,-0.009012567,-0.13366872,0.22781269,-0.11601093,0.0012570086,-0.19050859,0.22413334,-0.14838105,0.113316365,-0.1491257,-0.15603566,-0.3069534,-0.13638528,0.018485546,0.06011254,-0.06322808,0.03996667,0.036259413,0.2923037,-0.20987174,-0.27481714,-0.060868096,0.10146799,0.027253617,-0.040293723,-0.08375073,0.026876034,0.21630092,0.038682766,0.1529293,-0.06518543,0.061593447,0.10623693,-0.3880485,-0.28030735,0.09597366,0.02177492,0.17929186,0.04019714,0.0026155005,-0.1615076,-0.25297004,-0.060894333,0.23313777,0.023981472,-0.06122478,0.029364953,0.14652796,0.11985174,0.23454005,0.13666807,0.25723737,-0.1645944,0.028173314,0.07105585,0.015500791,-0.25239784,0.20719758,-0.027277967,-0.35333422,0.14298895,-0.1025373,-0.11009496,0.031666663,-0.044682834,-0.18243474,-0.1551644,-0.031259168,0.07913611,-0.21357183,-0.050983243,0.15900207,0.26991323,0.11683376,-0.16805136,-0.08066249,-0.19245158,-0.008866236,-0.06446157,-0.0513018,-0.08473769,-0.22652164,0.22288565,-0.05277417,-0.0755984,-0.17187703,0.07358931,-0.15582132,-0.066744536,0.05908596,0.24942333,0.030692283,0.29762062,0.12179039,0.10708665,0.20975414,0.26913023,0.034267515,0.21562546,0.25350514,0.039195307,0.17060281,-0.04370039,0.0010857823,0.1617599,0.32957694,-0.02968456,-0.008162329,0.06554915,0.13765514,-0.24969761,-0.21486594,-0.17019323,0.062866285,-0.04528743,0,0,0,Peripheral,0.07181295438383856
157,1,0.002506265664160401,0.0,0.16988076886777612,0.00015469147146890958,0.0,1,0.0,0.0,1.0,2,0.0,0,-0.816160320663924,8,6,2.25,0,3,0,5,-0.12374523,-0.49613556,-0.5235942,-0.02844007,0.788495,0.23228216,-0.20321144,-0.87634087,0.059102967,0.13612184,-0.1056982,-0.18425833,-0.4517638,-0.048654318,0.11022872,0.35922143,-0.39603087,-0.30474114,0.6488832,0.10902082,0.26875973,0.12843704,-0.48734406,0.08710548,-0.24381655,-0.28846952,-0.03350546,0.391641,0.52223724,-0.022732088,0.5119718,-0.46278152,-0.27643126,-0.20656344,-0.24344295,0.43163195,-0.022760604,-0.47081304,0.14262253,-0.13013439,-0.31451365,-0.1754841,0.3237402,-0.080379866,-0.18711594,0.11513564,-0.4465428,0.021836156,-0.2929731,-0.1684121,0.29940128,0.040939342,-0.075898565,0.14052175,0.22789744,0.35141137,-0.17163944,0.04569281,-0.07157004,-0.1813724,-0.30812725,0.5454127,0.21802194,0.04670157,0.30014303,-0.30875054,-0.9270075,-0.1486121,0.22489278,-0.070796825,-0.01982616,-0.6858904,-0.59911245,0.14742738,0.11057132,-0.25071678,0.019487616,-0.2799634,0.23649095,0.24322848,0.16311538,-0.71167314,-0.053990938,-0.38639352,0.74903196,0.47831142,-0.081251614,-0.06458246,0.28203368,-0.08696062,-0.011730912,-0.031119496,-0.39058667,0.1418545,-0.106747106,0.20637412,0.3018368,-0.27923015,0.030594723,0.090692736,-0.0041441177,-0.12095257,-0.10056616,0.46189252,0.25055578,-0.24273416,-0.12796319,0.09972174,0.39224422,0.33458158,-0.22828676,0.39282674,0.0915142,0.09564181,0.14665328,-0.46205,0.22671859,-0.27504334,0.06526216,0.079891,0.69103444,-0.26441848,-0.12870628,-0.5047999,-0.14847864,-0.37183633,0.34785473,-0.37856233,1,1,0,Peripheral,0.017524367993341047
158,30,0.07518796992481203,0.06194435769816964,0.3379937877993631,0.15200850556257076,0.029885057471264367,10,0.06398998185687238,4918.4439455923675,0.09247311827956989,31,0.41222222222222216,7,2.385026138133183,11,4,3.0,11,0,0,0,0.009574962,0.14657544,-0.0092141945,0.19551401,0.01890241,-0.028147716,-0.1067409,-0.2851644,0.106375046,0.07533102,-0.049036056,-0.09551442,-0.047261365,-0.19667776,0.12658273,0.122123376,-0.026838401,-0.16972803,-0.04642067,0.037446536,0.004741629,0.038230605,-0.018067902,-0.079510786,-0.1838374,-0.018455945,0.1172361,0.18289466,-0.08474637,0.024267495,0.28749457,0.24682488,-0.18185931,-0.1382148,-0.036233697,-0.07757757,0.16576499,-0.09185847,-0.16599303,0.015502028,-0.103745654,0.1769088,0.08023646,-0.045290157,-0.13005257,-0.08619717,-0.275281,-0.32373646,0.017887836,0.14104535,0.14110725,0.027861621,-0.08942515,-0.09881245,-0.19735408,0.12386203,0.2307711,0.043731023,-0.09772832,-0.06976795,-0.17182535,-0.04975345,0.2058182,-0.101458736,0.24406083,-0.01462546,0.029000718,-0.048458207,0.15053616,-0.006937219,0.25029513,-0.12060698,-0.26563248,-0.016376238,-0.02940225,-0.03862965,-0.012099391,0.12581079,-0.1602576,0.011820461,-0.100541435,0.002457814,-0.07933753,0.014209453,0.17930125,0.24362564,0.07608973,-0.18415184,-0.076089844,0.13063626,0.05109398,0.013284735,-0.091545224,0.033155624,-0.10998646,0.32300106,-0.19589935,-0.10908844,-0.030784277,0.0058997413,0.014177848,0.16040513,-0.07040841,0.103844784,0.08809221,-0.023329897,0.020612013,0.14693834,0.22654383,-0.16124246,0.23416469,-0.06203296,0.056950737,-0.032688715,-0.06017614,-0.11317783,-0.21540159,-0.06118782,-0.20979445,0.18976587,0.037502334,-0.14167126,0.22338514,-0.12790945,0.12245609,-0.060314316,0.016581971,-0.06520672,0,0,0,Peripheral,0.14861409288649657
159,0,0.0,0.0,0.0,7.590317288714358e-60,0.0,0,0.0,0.0,0.0,1,0.0,0,0.0,7,5,2.142857142857143,0,1,3,3,0.003346825,-0.0006970903,0.0051302705,0.005074041,0.002320896,0.003942744,0.00130999,-0.0053643603,-0.0022582412,-0.00019853469,-0.0058704168,0.0070121633,-0.0008666748,-0.0071073603,0.0053379526,0.00086120423,0.002550627,0.0032609468,0.00744576,-0.006931629,0.0057967547,-0.0029317774,-0.0028866772,-0.006166761,-0.004900518,-0.00047909096,-0.005027896,-0.0011843033,-0.0037294999,0.006700132,0.0029124776,-0.005529818,-0.0065429546,-0.0034247888,-0.00277072,0.0065384675,-0.0032595396,0.006936935,-0.0075398944,0.0034341766,-0.006061144,-0.00030186772,9.180419e-05,-0.002352178,0.0005316278,-0.003338269,0.0031739334,-0.0077243457,-0.0028639482,-0.0032584155,0.0066104354,-0.0072529726,-0.0024560792,-0.0034024455,0.0002690805,0.003018138,0.0014516748,-0.0019317577,0.0025661206,-0.0036560027,-0.00025349855,-0.0071312916,-0.0057914415,-0.004541029,0.0020790594,0.005940155,-0.0007747533,-0.005858968,-0.0016659144,-0.005612936,-0.003871466,-0.004306605,0.006081205,0.0077813203,-0.001777892,-0.007680989,-0.007015205,-0.005621668,-0.006372669,-0.005978981,-0.0012772763,-0.0025273813,0.0039729048,0.0013680747,0.0047312006,-0.004777154,0.0066684214,-0.0018759444,0.0018279878,0.0033248467,0.0025333045,0.0017138775,-0.0023782179,-0.0058141034,-0.0021726051,0.0009344211,0.004192585,-0.0018680654,0.0005480079,-0.007300419,-0.0012768283,-0.0025434345,-0.0027059354,0.001813475,-0.0071855607,-0.0067399433,-0.0018579233,-0.0036550062,-0.003692219,-0.0021534124,0.004374897,-0.005408909,0.0009151818,-0.002174981,-2.3825094e-05,-0.00032986887,0.00511224,0.0048383884,-0.00698651,-0.004915701,-0.003766249,-0.0012477012,-0.005248918,0.0004420895,-0.0070966734,-3.7590973e-05,0.0055403356,-0.0030492432,0,0,0,Peripheral,0.0
160,2,0.005012531328320802,0.00032430489682687034,0.20915133939162134,0.0025855378176426152,0.0,2,0.0002669359678388074,25.750133112950333,0.6666666666666666,3,0.0,0,-0.6706518452640555,7,6,2.4285714285714284,0,1,2,4,-0.13235788,-0.41301966,-0.4483794,0.24345294,0.38074106,0.5009036,-0.003555759,-0.63683426,0.088316426,-0.26187858,0.022071656,-0.17782173,-0.08084846,0.06654595,0.4812576,0.02286135,-0.0024524063,-0.31029335,0.005731006,0.07959596,0.004034907,0.3429148,-0.10699776,-0.25058788,-0.34257147,0.23803554,-0.16699351,0.3243103,0.11615749,0.055646874,0.29707032,-0.2018333,-0.3724377,-0.38672447,-0.40375316,0.23210984,-0.007909834,-0.20486242,0.12751181,-0.25123337,-0.40761048,0.21243405,0.12990525,-0.11677214,0.319723,-0.23491208,-0.318071,-0.3762238,-0.030161532,-0.116571665,0.20469399,-0.0048863357,-0.42741582,0.008867271,-0.26573622,0.06366405,0.2045118,-0.0631505,0.047515474,-0.03355997,-0.10577957,0.117792144,0.25683197,-0.013145814,-0.18126614,0.13495411,0.07757877,-0.024627255,0.0336727,0.07902539,0.32661998,-0.13627031,-0.116527975,-0.07262089,-0.12605731,0.010615523,0.023793079,-0.15426962,0.060275897,0.39836904,0.00095830514,-0.12748605,-0.31697887,0.2264387,0.47725993,0.6395973,-0.21382037,-0.18933363,-0.042258177,-0.23263678,-0.183117,0.3220741,-0.075053416,0.1672267,-0.036493868,-0.10550219,0.11701884,-0.7133187,-0.2342614,0.07379955,-0.26190934,0.04542795,-0.46514925,0.3980285,0.106183924,-0.37082252,-0.10368919,0.022134803,0.7699838,-0.24276833,-0.12946638,0.3128296,0.29202816,-0.07412284,0.104951054,-0.13274011,0.09159948,-0.12038734,-0.30323777,0.3541256,0.5947846,-0.013342948,0.040717766,-0.40679285,0.24635088,-0.38781866,-0.016590724,-0.0966971,0,0,0,Peripheral,0.010485184647104203
161,14,0.03508771929824561,0.01099276520760085,0.28171034698628616,0.0774526485766121,0.06593406593406594,10,0.010720568015179184,872.836550248715,0.19047619047619047,15,0.0,0,1.0754498595343664,11,7,2.3636363636363638,1,5,5,0,-0.09081836,-0.09804886,-0.111108184,-0.13917299,0.13104212,0.22303978,0.010745998,-0.096170194,-0.16340263,0.026147729,-0.02555119,-0.15814549,-0.14133267,-0.15438862,0.20901085,0.12440363,-0.09777779,-0.11604463,-0.13773747,0.1626744,-0.08169911,0.27994576,-0.09561997,-0.41397247,-0.38125512,0.18024239,-0.23136841,0.14761212,0.042966846,0.0357126,0.05168468,0.34916225,0.05179188,-0.05273619,-0.04168648,0.062291782,-0.28557488,-0.09550666,0.039106667,-0.103941076,0.0027708944,0.15319043,0.20558532,0.021958984,-0.11366333,0.0037117011,-0.3337413,-0.34553888,0.19427373,-0.01836789,0.20550153,0.17761378,0.11305806,-0.18848749,-0.10159504,0.037735716,0.24746181,0.063287504,0.14647627,0.090506345,-0.15074939,-0.016262265,0.35741082,0.010415106,0.040252198,-0.024766093,0.076365516,0.10817784,-0.049270485,0.035671934,0.20834163,-0.08668879,-0.26992187,0.23286735,-0.027796933,-0.06213193,-0.12994204,0.08254093,-0.14485863,-0.008057233,-0.08918708,-0.100416,-0.10756988,0.15707855,0.14458463,0.44122472,-0.07998715,-0.1470628,0.12193326,-0.17046998,-0.21569377,0.2181591,0.074531,0.07590872,-0.2569744,0.17319387,-0.1399051,-0.26993224,-0.22276583,0.016169788,-0.11036104,-0.09349697,-0.038768087,0.103349075,0.123062246,0.068176225,-0.05659796,0.22747704,0.3385403,-0.120369256,-0.085265696,0.08230165,0.099226825,-0.0032856155,-0.09790697,-0.28404295,0.030605806,-0.16124038,0.013081656,0.084018655,0.10564486,-0.071833216,0.27695352,-0.088444866,0.0070688375,-0.0028216532,0.023040343,-0.059868716,0,0,0,Peripheral,0.0723509828364965
162,9,0.022556390977443608,0.013945382051189049,0.2671151563118322,0.02770292921819655,0.08333333333333333,4,0.015114087560989363,1107.2772802464617,0.26666666666666666,10,0.0,0,0.34790748253502396,16,11,2.5625,6,4,6,0,-0.3357902,0.05566705,-0.34043807,-0.13194695,0.07208436,-0.0046837,-0.20788966,-0.3640751,-0.07411995,-0.11440133,-0.08670521,0.028469333,-0.042855613,-0.31442603,0.31228498,0.32251558,0.005860671,-0.21980594,0.21224599,0.16343208,0.068597056,0.25121415,-0.15630102,-0.56250983,-0.23432621,0.15998659,-0.43306553,0.15870717,0.14649919,0.25623327,-0.015030188,0.2760575,0.31406066,-0.18232688,-0.07700763,0.2457986,0.085389785,-0.3498995,-0.09194082,-0.17482097,0.3350943,-0.11956817,0.10780132,0.03983778,-0.31422126,0.17755145,-0.29349726,-0.25661096,0.06715357,-0.24469483,0.2279022,0.21381405,-0.00027948825,-0.35772118,-0.12170127,-0.0993057,-0.09716496,0.068682805,0.085027836,0.00842869,-0.118662655,0.17226501,0.3320587,-0.067221,0.30724484,0.13569364,0.08305324,0.060483377,0.071495995,-0.093019255,0.25514892,0.049362868,-0.13791974,-0.08898251,0.012006863,-0.17920111,0.027698582,0.24314897,0.011082338,-0.11009773,-0.32252604,0.024573887,0.082947716,-0.17879435,0.24014264,0.26217252,0.26492363,0.03899636,0.061676722,-0.37271535,0.04459803,0.2912529,-0.14923833,-0.29772273,-0.21662055,0.11144232,-0.011375731,-0.079808585,-0.41115057,-0.08943506,-0.14030291,-0.092123225,0.24141778,0.07328305,-0.031709798,-0.049443625,0.21795638,-0.06761968,0.48121977,0.019736253,0.21561158,0.14140393,0.27419537,-0.035306726,0.1053803,0.22583674,-0.26851612,-0.22013864,0.21826947,0.024161674,0.3578836,0.05170081,0.3324104,0.05254055,-0.11388759,-0.16811207,0.12419788,-0.36394092,0,0,0,Enabler,0.228054016063651
163,0,0.0,0.0,0.0,7.590317288714358e-60,0.0,0,0.0,0.0,0.0,1,0.0,0,0.0,6,5,2.1666666666666665,0,2,3,1,0.0015221825,0.00017452706,0.007342036,-0.0075971615,-0.0033672592,-0.0074880673,-0.0057837786,-0.0062963553,0.00020470005,0.0018666731,0.0046145096,0.007345464,-0.0026169224,0.0029062163,0.001573626,0.007397714,-0.0033673365,-0.007115882,0.0019775815,-0.0013813972,-0.0020122863,0.006349489,0.0018240064,0.004095598,0.006028666,-0.004798338,-0.00728081,-0.005151717,-0.0066092135,0.0006098412,-0.005502795,-0.0017606597,-0.006684823,-0.0048790164,0.0018471526,-0.005470232,-0.006421786,0.0049241604,-0.0002979245,0.005719926,0.0034133904,-0.006177881,-0.0032621697,-0.005379716,-0.0045735026,0.0051179556,0.0055078864,-0.0065795854,-0.0064913984,0.0038336348,-0.0006041359,-0.0071796495,0.006976463,-0.0022113165,-7.838849e-05,0.006023529,-0.004814484,-0.005968501,0.0030995486,-0.0008762134,-0.0013185544,0.0046305005,0.0033979258,-0.007576544,0.002656457,-0.0033377316,0.0026712539,-0.0013492061,-0.0004904531,-0.0064394902,-0.003062713,-0.0055579236,0.0019450849,-0.0009183828,-0.0050585214,-0.00225099,0.0073941275,0.00026586838,-0.0022764383,-0.005822126,0.0014581252,0.001351838,0.0018042251,0.0057391785,-0.001879652,-0.0078029456,0.0028640786,0.0047036586,-0.0077745477,-0.0033588447,0.0063692387,-0.005924479,0.0028367024,0.0003423579,0.0021636272,-0.0075325724,0.007231283,-0.0018785195,-0.004377513,0.0038176458,0.0004832549,-0.0022341711,-0.0055237506,-0.0042136917,0.0030696886,-0.0043966817,5.715154e-05,0.0053175613,0.004050344,-0.005510065,0.0021775411,-0.0061003873,-0.006940488,-0.0065520825,-0.0017272644,0.0022308128,-0.0071241288,0.0027148891,-0.0005304096,0.007507081,0.004487468,-0.002752426,0.0071083102,-0.004737295,0.002980329,0.005955633,0.0075359168,0.0065774303,0,0,0,Peripheral,0.0
164,1,0.002506265664160401,0.0,0.1709537000395726,0.00017366015086094742,0.0,1,0.0,0.0,1.0,2,1.0,1,-0.9616687960637925,5,3,1.4,0,0,0,5,-0.022912,-0.18943748,0.59892696,0.21754813,0.31386214,0.27721328,-0.045220748,-0.49685323,0.1519448,0.071686804,-0.114599966,0.10747465,-0.0151781095,-0.3767481,0.51206464,0.39799234,-0.14311153,-0.65163636,0.18856011,0.49413124,0.20553893,-0.36094657,-0.13817565,0.45480448,-0.46349666,0.16029023,0.3141652,-0.13149951,-0.24886872,0.032232393,0.14885363,0.1378264,0.02031779,0.28911984,0.30614126,-0.18545917,-0.19865273,0.28823593,-0.18158686,-0.055838067,0.12407932,0.6058872,0.4260366,-0.039025903,0.49497172,0.008583838,-0.20761244,0.17067166,0.04519355,0.15891893,0.6520583,0.35949647,-0.093939796,0.6031873,-0.5601889,-0.07105922,-0.27972063,0.110205606,-0.058230843,-0.23398454,-0.06938231,-0.30630806,0.49635226,0.5653655,0.15942882,-0.1312573,0.16268606,-0.28367308,-0.40456346,-0.45397097,0.36443254,-0.40480766,0.033178072,0.30975273,0.41684914,0.2520314,0.07670473,-0.3239101,-0.15999013,0.10505087,-0.046430722,0.43911815,-0.026197782,-0.27124545,-0.17739558,-0.07318072,-0.048608847,0.5015294,0.03540892,0.5715732,0.12514253,0.20833278,0.020176597,-0.20793813,-0.10888757,-0.36509714,0.3932433,-0.21054648,-0.29285195,-0.37607285,-0.18906973,0.41029814,0.2722126,0.2693728,-0.0056193247,0.6775135,-0.061468482,-0.48163795,-0.0029511305,-0.036337566,0.14409578,0.27504674,0.12280684,-0.15088697,-0.77219915,-0.14090325,0.38386634,0.17631195,0.3915312,0.22229557,0.06924144,-0.03508355,0.22515564,0.29068163,-0.29668346,0.17157377,0.27695316,-0.15649565,1,1,0,Peripheral,0.020652367093352657
165,2,0.005012531328320802,0.000998212185389818,0.19626104536265132,0.0010820957483038552,0.0,2,0.0009785229879199077,79.25904573213694,0.6666666666666666,3,0.0,0,-0.6706518452640555,9,7,2.3333333333333335,0,1,3,5,-0.4468954,-0.02581393,0.14915694,-0.3597452,0.40549454,0.20725511,-0.38337126,-0.9751931,0.22268285,0.2673998,0.025788227,-0.040937547,0.18596105,-0.05912037,-0.49080634,0.24016678,0.039247077,-0.31779087,0.1902651,0.14682086,-0.050402414,0.07228437,-0.2724365,0.06983821,-0.20836,0.015729537,0.1624347,-0.11251505,-0.30850616,0.11537905,0.39197344,0.037934314,0.15726206,-0.4566559,0.100466646,0.14307049,0.33521163,-0.35353535,0.038865454,0.33105803,0.5831783,0.18165535,-0.14913808,-0.16171266,0.086882666,0.33035484,-0.89801896,-0.33556685,0.19052468,-0.15610527,0.24085724,0.16238418,-0.078620896,-0.26293984,0.12679154,0.15055758,-0.09127603,-0.15948188,0.20424648,-0.2725022,-0.095561326,0.47860572,0.38338643,-0.044786047,0.4222708,-0.29267755,-0.17752157,0.008188673,0.14207888,-0.43419713,0.18963157,-0.2540266,-0.32597655,0.4816094,-0.19422184,0.0018020538,0.36621785,0.07543609,-0.09103909,-0.36570078,-0.44449532,0.020840026,-0.5113826,-0.14379288,0.54282886,0.39341173,-0.02700597,-0.6734719,-0.013526381,0.047636956,0.05329159,0.016335787,-0.32616046,-0.54208475,-0.27306366,0.42696458,0.051574215,0.1307437,-0.17549491,-0.03268321,0.06306512,-0.103000656,0.06402181,0.09222397,0.23540217,0.07222486,0.07704389,0.39450923,0.3894106,0.27684197,0.17598107,0.6260953,0.4495935,-0.87143314,0.24972534,-0.25889927,0.14900114,-0.109226264,-0.23029083,0.10969516,0.07082373,0.32492298,0.56086254,0.01847282,-0.1940858,-0.11411774,0.34252775,0.27758425,0,0,0,Peripheral,0.010418747897353227
166,7,0.017543859649122806,0.014589766501055085,0.24663024303355197,0.016810369886496906,0.09523809523809523,3,0.012443051347245618,1158.4420499502748,0.32142857142857145,8,0.0,0,0.05689053173528696,16,14,2.25,4,4,4,4,-0.4894842,-0.3281282,-0.021384696,0.09078719,0.31436017,-0.010787504,-0.07403509,-0.25953972,0.24933855,0.11572314,0.09803607,0.09785152,0.23071289,-0.066421434,-0.29701424,-0.08019439,-0.34405488,-0.3524465,-0.025932517,0.0695559,0.009359526,-0.13302194,-0.35079655,0.041205745,-0.2092426,-0.16223761,0.42722008,0.17790006,0.023178546,0.17068058,-0.13362199,0.3397748,-0.18276624,-0.36183554,-0.003264216,0.0055210935,0.17236133,0.017425412,-0.10320652,0.07256258,0.15888543,0.07146431,-0.17705093,0.013784862,-0.06684735,0.16359717,-0.63106054,-0.19983657,-0.025268685,-0.24131906,0.08868639,0.22064765,0.2786658,-0.29086956,-0.06629768,0.33550164,-0.20414108,-0.1896647,0.20438468,-0.16516776,-0.20393468,0.09352551,0.23609771,-0.19947919,0.36500618,-0.27775368,-0.018293712,-0.04166883,-0.009795066,-0.44270292,0.15731594,-0.21716923,-0.37555355,0.53433967,-0.26036674,-0.12085422,0.2965882,0.07030764,0.16544117,-0.13661964,-0.2771196,0.010187117,-0.1829934,0.001194495,0.36629894,0.599037,-0.16327429,-0.5756151,0.11712431,-0.10424957,-0.028117264,0.07375195,0.05607295,-0.11659771,-0.51562345,0.20990522,0.08338108,-0.10692869,-0.17370641,0.013844644,-0.04535387,0.05101461,0.07779791,-0.021605765,0.017331215,0.031034013,-0.055858582,0.4755042,0.4717913,-0.044002876,-0.11581395,0.098330975,0.35730708,-0.14930163,-0.0083567295,-0.078829944,-0.004642764,0.06723814,0.3609312,0.14706138,-0.013165857,0.07247603,0.10010908,-0.0813475,-0.2396405,-0.2706947,0.27963963,0.042550422,0,0,0,Peripheral,0.028774386127391558
167,2,0.005012531328320802,0.00024122928116580592,0.21037048579999218,0.0029122107566430877,0.0,2,0.00023509359663816153,19.153846153846157,0.6666666666666666,3,0.0,0,-0.6706518452640555,11,7,2.090909090909091,0,4,0,7,-0.5257653,-0.1334892,-0.4120997,-0.026383165,-0.020696362,-0.04425674,-0.0475174,-0.05998582,0.374213,-0.16942987,-0.17230883,0.008846331,0.019466229,-0.5836481,0.24110982,0.018451633,-0.13705395,-0.1152541,0.11024706,0.091520995,-0.14034754,0.474295,-0.2930071,-0.71371067,-0.4619465,0.30288836,-0.43757704,0.14516406,0.32224154,0.45428538,0.08558615,0.40298045,0.1875687,-0.21191235,0.041028082,0.0803228,-0.15701899,-0.1505399,-0.0146125415,-0.14324555,0.3771864,-0.18273912,0.061675463,-0.15584919,-0.45899802,-0.12727825,-0.09313751,-0.30061328,0.2760728,-0.29514202,0.3038033,0.07836672,-0.06018824,-0.31626746,-0.07670183,0.0135644,0.0070693884,0.22400329,0.106884666,0.015568875,-0.40774423,0.09161924,0.6869503,0.29490107,0.30138063,-0.031462796,0.046491317,-0.14057195,0.21406697,0.010950804,-0.12373922,0.110687174,-0.13711344,0.0016646403,0.31900007,-0.24218087,0.3153682,-0.2717527,0.00038397813,-0.29807314,-0.29156822,0.37871665,-0.4825588,0.18652149,0.34255043,0.5122925,0.08789711,0.09433233,0.02586389,-0.30586195,-0.16508791,0.3386602,-0.062119365,-0.03989259,-0.47739995,-0.038276326,-0.22587174,-0.19586028,0.012313788,-0.46712303,-0.31702554,-0.18672504,-0.16745308,0.06942637,0.22029482,-0.016596144,0.12875463,-0.04003476,0.34183592,0.26172876,-0.036879174,-0.013045384,0.28220862,-0.13904506,-0.031607136,0.067226924,-0.04779038,-0.3634032,-0.014096088,-0.06613168,0.38881123,-0.032328192,0.68958783,0.06696057,-0.06704795,-0.18159173,-0.037217896,-0.025296759,0,0,0,Peripheral,0.01051545873101255
168,0,0.0,0.0,0.0,7.590317288714358e-60,0.0,0,0.0,0.0,0.0,1,0.0,0,0.0,11,6,2.272727272727273,0,4,3,4,-0.0077489363,0.0031179069,0.0059588337,-0.003692614,-0.0076921256,-0.0028229188,-0.00685299,-0.006598061,0.006149362,0.00078505185,-0.0036980761,0.003090418,-0.0058012074,-0.0036055949,-0.001745142,-0.0008822493,0.0023486186,-0.0007703053,0.0040404787,-0.0056035602,-0.006206682,-0.0064947214,0.0058493232,-0.0042836135,-0.0053473907,-0.0050323447,-0.0020286487,-0.0015017958,0.0048035076,-0.004509841,-0.0066004433,-0.0073309857,0.004257736,0.0047559757,0.003732727,-0.0038950387,0.0007427251,0.0028289584,-0.002432107,-0.0066222902,0.0019516861,0.0018502036,-0.0004611602,0.003650751,-0.0049610725,0.0028388128,0.006658612,-0.005197825,-0.0072036665,0.002797502,0.0011676708,0.006089491,0.0021868339,0.001404346,-0.002513175,-0.0016156919,-0.0014385981,0.00284738,-0.004431866,-0.0014659455,-0.0048936335,0.0045032324,0.006684201,0.0038596448,-0.0007142294,0.0010701464,-0.0035801753,-8.027628e-05,0.0068369517,-0.0059194947,-0.0058556814,-0.0020938134,-0.0015900275,-0.0067068236,0.007694589,0.0057366528,0.007555268,-0.00051963236,-0.00760692,-0.005153249,-0.00060039386,-0.001427074,0.0038231686,0.004020986,0.0034077829,-0.0076676626,0.007430287,0.0012358315,-0.0055025043,-0.003586864,-0.0058113476,-0.0015995149,0.004605786,0.007371516,-0.004889231,0.0049011456,-0.006431873,0.0016172854,0.0077154674,-0.004764733,0.0055455538,-0.0063094674,-0.0051169517,0.0009919675,0.007031708,-0.0055887094,0.0070533715,0.0037395563,0.004738001,-0.0018138867,0.00161348,0.005951524,-0.005026019,-0.0034934552,-0.007366619,0.0019782009,-0.0038108984,-0.0076812776,-0.004932942,-0.001617739,0.0065164585,0.00716589,0.0032689078,-0.0060893167,-0.00010592304,0.0028730845,0.004338545,-0.003785288,0,0,0,Peripheral,0.0
169,12,0.03007518796992481,0.0011663484442276284,0.2797691904179052,0.07506331054215153,0.045454545454545456,10,0.002088800300258737,92.60923282011792,0.19230769230769232,13,0.0,0,0.7844329087346295,16,10,2.625,3,8,5,0,-0.0653229,0.04923744,0.08374023,-0.15932974,0.07007043,-0.16999282,-0.096306115,-0.34213832,-0.063813716,0.07875684,0.045438968,0.024004674,0.019417023,-0.096400626,0.1156623,0.009434931,-0.19736588,-0.16919006,-0.081502885,0.14679013,-0.021518702,0.21416733,-0.32704067,-0.19133417,-0.12459935,-0.1415611,-0.3082549,0.057411727,0.09275217,-0.11246097,0.062000476,0.23402494,0.040489353,-0.10692359,0.04244405,0.19557069,0.14752966,-0.2517655,-0.121273465,-0.11169587,0.061275955,0.13938221,0.074050836,-0.12770821,-0.013830293,-0.09786063,-0.33973286,-0.3318353,0.11852035,0.01822438,0.29982966,0.27303976,-0.05921609,-0.10296927,-0.09307632,-0.025952827,0.1845058,-0.06008612,0.050357558,-0.115809016,-0.21655317,0.10698511,0.200732,0.016669564,0.16175587,-0.18350467,-0.16148083,0.104815714,-0.0418026,-0.058207292,0.09257795,-0.06325468,-0.4136815,-0.19714089,-0.19613646,-0.042492334,0.01709149,0.15418322,-0.14585893,-0.12362254,-0.029171728,-0.04240873,-0.20010096,0.05563949,0.24498314,0.2166903,0.03872963,-0.27115852,-0.13630696,-0.2443554,0.03961095,0.07314462,0.15811606,-0.1227065,-0.09514727,0.19263768,0.013153456,-0.04715193,-0.24940968,0.02542165,0.005445517,0.00729889,-0.14142756,0.1793168,-0.07208259,-0.032910362,0.12223155,-0.054172624,0.31534895,-0.04286265,0.064899385,0.040971756,-0.15300003,0.12376922,-0.07039191,-0.014203702,-0.033308603,-0.091815375,0.2694981,-0.048579004,0.13487364,0.018407697,0.12643117,-0.2222019,-0.10913391,-0.058199767,0.044144638,-0.06463326,0,0,0,Broker,0.7756010665013681
170,1,0.002506265664160401,0.0,0.20224908472925776,0.0013128815359787923,0.0,1,0.0,0.0,1.0,2,0.0,0,-0.816160320663924,13,8,1.8461538461538463,0,3,3,7,-0.27572468,0.06695043,0.17177188,0.2080588,0.31187263,0.1492773,-0.28930157,-0.5236035,0.0041426164,-0.24916661,-0.19001564,0.17141947,-0.03285068,-0.083101034,0.45055148,0.22896476,0.30540663,-0.37479234,-0.051533222,0.22451963,0.08298764,-0.01976568,-0.3129186,-0.44169033,-0.39513206,-0.19343169,-0.1811576,-0.043464895,0.18737754,0.13010733,0.0076483376,0.13217492,0.070168644,-0.47595337,0.044262003,0.3362418,-0.0067845313,-0.31314883,-0.37617907,0.1134587,0.32244888,0.053986493,-0.06966113,-0.01900716,-0.13765103,0.17363936,-0.58994716,-0.5529861,0.34348214,-0.047207925,-0.0670252,-0.24630421,0.10062716,-0.10855473,-0.114428975,0.37625834,0.25757557,0.34111354,0.086277045,-0.67180544,0.27589926,0.21003318,0.45913845,0.18871932,0.4909275,0.07945248,-0.027126888,0.408604,0.29110035,-0.025282439,0.6153143,-0.010755785,-0.31360877,-0.35448912,-0.24269547,-0.20143303,0.28794956,-0.12237062,-0.44697264,-0.1303321,-0.028401965,-0.105309926,-0.38040164,0.41304362,-0.10924299,0.10688713,0.20549014,-0.1437226,0.20378694,-0.13752557,-0.121535674,-0.0428517,0.11427316,-0.2945908,-0.42351848,0.31174633,0.03121893,0.23473245,-0.15605241,-0.1520611,-0.1969561,-0.250925,0.0779438,-0.10431035,0.25770575,0.062222347,-0.45173493,0.07201474,0.21462864,0.37570354,-0.19912012,0.34619534,0.1606051,-0.30483374,-0.013368008,0.19762966,-0.5549522,0.075172834,0.27929,-0.15479507,-0.18239652,-0.07520731,0.06464291,0.21869247,-0.22244024,-0.25865674,0.29714978,-0.1507651,1,1,0,Peripheral,0.017705337229941068
171,2,0.005012531328320802,9.364992173772921e-06,0.20861402060063453,0.0029585128247747753,0.0,2,8.077719024369569e-05,0.7435897435897437,0.6666666666666666,3,0.0,0,-0.6706518452640555,11,7,2.090909090909091,0,5,4,2,-0.18639664,0.022643507,-0.120094806,0.08095547,0.39384452,0.37277925,0.24165305,-0.11939408,-0.038514204,-0.062880576,0.10515764,-0.369103,-0.2922902,-0.24586931,0.4114769,0.32118702,-0.10458326,0.106484376,-0.3172599,0.60318077,-0.10126478,-0.009527023,0.01784247,-0.34941927,0.03903725,-0.5132784,-0.28772345,0.39152882,-0.38295,0.010700409,0.3808128,0.42499834,0.15729527,-0.53363,-0.052592866,-0.021322545,0.38533697,-0.24364421,-0.42801097,-0.14063457,0.1650731,-0.08366762,-0.046323214,0.1307444,0.052259427,0.11589559,-0.21340013,0.16103807,0.46062037,0.07887934,0.17314544,0.26267198,-0.22667679,-0.5135896,0.06249973,-0.2751884,0.10275655,0.40366086,0.5279353,-0.44380257,0.09151066,0.20851655,0.33635277,0.19009237,0.43421277,0.15032224,-0.060610164,-0.19499913,0.074749686,-0.44270116,0.0063623963,-0.2588371,-0.3085339,0.21659946,-0.0631096,-0.31254265,0.008828893,-0.33195084,0.44208428,-0.07453106,0.03167615,-0.32630408,0.27922678,0.4398076,0.5217213,0.16409416,-0.099529,0.15977758,0.1518092,-0.16397975,0.17643549,-0.025456976,0.13053367,-0.22350451,0.23565622,0.22659832,-0.32045853,-0.1313312,-0.4222184,0.25415763,0.10379679,0.0888753,-0.13347356,0.5386314,0.10651826,0.17777419,-0.011762512,-0.052742645,0.32382166,0.066131815,0.12731649,0.5049607,-0.116744205,-0.2870797,-0.013233528,-0.012342271,0.18383309,-0.23735811,0.003914995,-0.030878656,-0.08195376,0.17808545,0.3293563,-0.305077,0.20515388,-0.009838851,-0.45567578,-0.22429956,0,0,0,Peripheral,0.010464726785302083
172,2,0.005012531328320802,0.0,0.2117418709746988,0.003021276977033806,0.0,2,9.337273949810316e-05,0.0,0.6666666666666666,3,0.0,0,-0.6706518452640555,4,4,2.5,0,2,1,1,-0.6032691,0.19861189,-0.28112644,0.18425173,0.0404747,0.1896058,-0.31556,-0.46730947,-0.17093869,-0.24085742,-0.24642837,0.017624196,0.013690402,-0.5163095,0.40644374,0.21830922,0.3358213,-0.13129258,0.0026754972,0.01787672,0.107736036,0.20885609,-0.41385975,-0.4767597,-0.17337123,0.05332001,-0.4685459,-0.11376404,0.32057992,0.36453158,0.058837038,0.119063675,0.10811708,-0.6199715,0.12123419,0.15375444,-0.12124352,-0.41333184,-0.25665337,-0.17609166,0.51252866,-0.10153258,-0.02073736,0.08173478,-0.3822078,0.24263129,-0.4648621,-0.5138132,0.12797804,-0.13441734,0.06604733,-0.07725914,0.20252046,-0.16064928,-0.29408476,0.15177533,0.17797814,0.26263088,0.11191934,-0.22948799,-0.086624175,0.15279113,0.6093309,0.3588954,0.43484926,0.011697404,0.239873,0.2535584,0.13439563,-0.37021378,0.36559793,-0.22540215,-0.19437544,-0.27256608,-0.111431524,-0.033904426,0.25194806,-0.087587625,-0.4521967,-0.5265604,0.037660018,0.055028424,-0.2893575,0.098539986,-0.023105143,-0.007313599,0.19396527,-0.043520365,0.18009703,-0.20521422,-0.22738032,-0.033788115,0.0725693,-0.2685595,-0.27043998,0.26590243,0.043307245,0.21750192,-0.2915374,-0.22660017,-0.19434498,-0.24779625,0.09572854,0.17572953,0.4144389,-0.0875859,-0.15951101,-0.058637314,0.39300483,0.16477269,-0.10125091,0.3322453,0.3045672,-0.22797179,0.24766204,0.3470385,-0.23165038,0.03675894,0.18788148,-0.21161135,0.17429203,0.121262744,-0.053587303,0.22588924,-0.35873234,-0.048054636,0.09686486,-0.21412492,0,0,0,Peripheral,0.010472192520167196
173,12,0.03007518796992481,0.005720205362070005,0.28097926477092383,0.0696603862033425,0.030303030303030304,9,0.00565207503430626,454.19002595372046,0.1794871794871795,13,0.0,0,0.7844329087346295,14,9,2.7142857142857144,2,6,6,0,0.0092135435,-0.0635923,-0.19955005,0.069124416,0.15971489,-0.17093627,-0.031878423,-0.24083635,-0.11017125,0.16660582,-0.075666495,0.026388867,-0.10916044,-0.0047785477,-0.032902975,0.10051425,-0.11028905,-0.06951904,-0.28072995,0.13755172,0.034605335,0.05719679,-0.19287872,-0.33207062,-0.11834888,-0.1165417,-0.11617123,0.1417003,0.09139768,-0.19363225,0.04493433,0.19214272,-0.09361668,0.0031542033,-0.0915086,0.14236681,0.043578584,0.104535796,0.06565078,-0.104743004,0.20125191,0.29181248,0.2640924,-0.00079452014,-0.05949039,0.039642535,-0.33315408,-0.19622575,0.082422346,-0.20390499,0.2903101,0.27519956,0.23867294,-0.12711611,-0.059580117,-0.07400464,0.108216636,0.034528054,-0.059359923,-0.03531494,-0.13112797,0.13949312,0.2002734,0.0038256806,0.16785058,-0.12602149,0.15426631,-0.028749136,-0.0018463855,-0.1881897,0.045049846,-0.24311088,-0.39433035,0.023685597,0.1284841,-0.0003325726,-0.09511243,-0.07256307,-0.19692399,-0.16350415,-0.11467802,-0.14204453,0.02128301,0.1276982,0.07038147,0.31065607,0.06441995,-0.17022344,0.06355252,-0.23191504,-0.16211545,-0.040562626,-0.045269195,0.0032161784,-0.35358253,0.04695944,-0.084479935,-0.13183708,-0.08370121,0.11787198,-0.14119084,-0.023100479,-0.03581271,0.13354251,0.0890539,0.06869861,0.22092876,0.0068728123,0.5431111,0.030136602,0.036795072,0.16639738,0.19298026,0.2139212,-0.014950602,-0.1172407,0.10627386,-0.062052958,0.13096578,-0.057498615,0.1690606,-0.16932073,0.19514911,-0.100491025,0.1023084,0.036695328,-0.09132681,-0.048312005,0,0,0,Broker,0.7422192906353211
174,2,0.005012531328320802,0.00014175501033974978,0.2098268928134289,0.0025112960646078084,0.0,2,0.0002794408677206123,11.255489575986473,0.6666666666666666,3,0.0,0,-0.6706518452640555,11,6,2.0,0,1,1,9,0.17444597,-0.037579197,-0.09046256,0.00466888,0.19028783,0.13826263,-0.35940257,0.22605896,-0.30512235,0.12137618,0.040698443,-0.104022235,0.09088798,-0.29865968,-0.3931935,0.029935345,0.016776267,-0.027862258,0.029643849,0.08707157,-0.06908291,-0.31318992,-0.070726156,-0.1370213,0.08238371,-0.38614842,-0.1563717,0.008803068,0.18193269,-0.019790273,-0.1542794,0.1477278,-0.26591623,-0.03473526,-0.12470904,0.32279733,0.13720486,0.5265154,0.052428424,0.2549178,0.3379976,0.4120077,0.008277092,-0.1438857,0.39249665,-0.15751974,-0.52452177,-0.4572211,0.21803887,0.03864545,0.085705295,-0.0056886896,-0.031886283,-0.34375486,-0.47668874,-0.26743433,0.27612478,0.6396724,0.5052695,-0.11047063,-0.24142127,0.07200466,0.0080109,0.22847933,0.40777725,0.27462253,-0.2150035,0.2252511,0.03208935,-0.22053565,-0.14681782,-0.3118293,-0.7522975,0.01483849,-0.04693464,-0.07471115,0.039474305,-0.20175943,-0.5557969,-0.56009734,-0.52819943,0.06369905,0.06683332,0.26823682,0.2594993,0.37292904,0.083929315,-0.1633325,-0.06035207,-0.062834665,-0.08176215,0.19846158,-0.13006638,0.4008682,-0.42252606,0.36424786,-0.14187643,0.035039444,-0.077693455,0.02792997,-0.1566407,0.014831536,-0.03870036,0.5224876,-0.4249238,-0.14648603,0.27449313,-0.0068079,0.9004437,0.23119982,-0.1419951,0.32199094,-0.035009664,0.09228345,-0.21804266,-0.00016702595,-0.21611711,-0.02141718,0.1904001,0.3265256,0.026913267,-0.07365835,0.560449,-0.26773039,-0.00061729254,0.105579175,-0.39737245,-0.41655892,0,0,0,Peripheral,0.01042794625665315
175,12,0.03007518796992481,0.0018942330904689042,0.2780924915027294,0.0700274173872861,0.12121212121212122,9,0.0019521038489978314,150.40400161632147,0.2564102564102564,13,0.0,0,0.7844329087346295,12,6,2.5,3,7,2,0,0.0731354,-0.1109947,0.06798977,-0.13697463,0.33183652,0.1178625,-0.09446224,-0.38220036,-0.039286673,0.14472325,0.12649329,-0.14007582,-0.0744139,-0.08108287,0.12456039,0.07392842,-0.23550458,-0.17947237,0.0040914584,0.10771869,0.04463532,0.15015258,-0.34061262,-0.39201382,-0.10790644,-0.08058959,-0.042123772,0.10722062,-0.042940956,-0.0012482335,0.23544799,0.121391416,0.10744177,-0.20840357,-0.14428487,0.2511532,-0.1283607,-0.15331288,0.029356664,0.060887422,0.12460573,0.11713561,0.13223012,-0.070009954,0.10043278,0.051005416,-0.28556997,-0.18641241,0.10874093,-0.027470576,0.17290685,0.22180119,0.0735237,-0.33429873,0.0061487653,0.08114632,0.0013972942,0.10972492,0.057413876,-0.05397788,-0.059379134,0.3648596,0.12126911,-0.0008023211,0.37845623,-0.23407628,-0.009753615,-0.110299274,0.029845264,0.09141931,0.029904384,-0.15185297,-0.4425083,0.27193236,-0.14292482,0.040613748,-0.004291946,0.030762669,-0.052693132,-0.04367154,0.21066767,-0.047805354,-0.080168374,0.16698273,0.201404,0.27706587,0.1110038,-0.15428638,0.028086264,-0.037012573,-0.012466203,-0.028051347,0.08815736,0.106239356,-0.23670003,0.119265854,-0.05821128,-0.13287653,0.021666255,-0.073550865,0.07433161,0.056955643,-0.2795688,0.22411084,0.0044600656,0.0025159956,0.019117003,-0.04327317,0.16567044,-0.07718369,0.016847631,0.029645601,0.13401596,0.056611665,0.075115554,-0.19364847,0.02924834,-0.27598032,0.014291271,-0.09927075,0.17088678,-0.18378294,-0.008246654,-0.13080622,-0.03621477,-0.29368982,-0.008423015,0.014655005,0,0,0,Broker,0.7316160527062852
176,13,0.03258145363408521,0.006635755944119601,0.28049398106665624,0.07536110115738341,0.01282051282051282,10,0.005020281933069199,526.8856577190405,0.15384615384615385,14,0.0,0,0.9299413841344979,14,8,2.7857142857142856,3,10,1,0,0.10789422,0.11885005,-0.10264537,0.045535535,0.31175098,0.022205764,-0.14746721,-0.14516087,0.044419874,-0.028630009,-0.05846226,-0.019348027,-0.106177084,-0.008896681,0.017243242,0.025980376,-0.0456118,-0.22334506,-0.030341044,0.14233463,-0.0968097,0.11156657,-0.2211718,-0.17268069,-0.047578953,-0.17241134,-0.146946,0.08986989,-0.042973958,0.17339168,-0.045857806,0.0031172016,-0.21127427,-0.11859139,-0.01691988,0.08676917,-0.027113367,-0.00431574,-0.009726595,-0.044178348,-0.06149772,0.25419462,0.15969501,-0.12846757,0.0507731,0.0022080098,-0.47186375,-0.19513555,0.17651309,0.084992625,0.2713018,0.052373055,0.07524261,-0.10596472,-0.26218906,0.11495494,0.13465746,0.12522152,0.0656047,-0.030310592,-0.23439866,0.10675916,0.17723282,-0.013552139,0.30886966,-0.0014751868,-0.17850669,0.20519212,-0.05282844,-0.010048386,0.16955216,-0.09782143,-0.5101474,0.09802869,-0.11790093,-0.062223095,-0.0425204,0.07714112,-0.01716118,-0.12767188,-0.040860742,0.1484295,-0.12593053,-0.032435954,0.4196371,0.3060816,0.27993637,0.092881255,-0.0020294716,-0.29590356,-0.063077636,0.19054462,0.04748221,0.01015299,-0.17251486,0.23793705,-0.1131076,-0.22388393,-0.19049636,0.083111025,-0.20134504,0.05855248,-0.02452161,0.34201205,0.0119836405,0.12383311,0.059351157,-0.009359751,0.13577639,0.09572584,0.06192454,-0.07349153,0.081318185,-0.008959787,0.075502954,-0.06172689,0.01282072,0.1099166,0.032315522,-0.19956058,0.08558312,0.15754199,0.14154688,-0.0018756762,-0.098996736,-0.026667807,-0.23326115,-0.106188916,0,0,0,Peripheral,0.06905988915489242
177,1,0.002506265664160401,0.0,0.1755740703109124,0.000294988672131186,0.0,1,0.0,0.0,1.0,2,0.0,0,-0.816160320663924,12,8,3.0,0,4,3,5,-0.6286071,0.14109719,-0.16916052,0.17162527,0.55059594,0.21684133,0.039089557,-0.684252,-0.009039244,-0.014036643,0.0111735,-0.19570348,-0.29786968,0.14811048,0.4746228,-0.088182114,-0.049550794,-0.29499695,0.09730251,0.26783222,0.01145671,0.6059112,-0.5556868,-0.23361467,-0.1391982,0.06766316,-0.623172,0.09779682,-0.34224826,-0.14117292,0.21749026,-0.08714631,-0.5267858,-0.7982841,0.15528372,0.20472132,0.13310689,-0.5294368,0.23348027,0.129277,-0.06370079,0.09140864,0.23709404,-0.25754145,0.09360665,-0.01684816,-0.5254855,-0.22010401,-0.5655669,0.18567868,-0.045530476,-0.20999528,-0.00010970403,-0.19592516,-0.032723617,-0.2530308,0.07355795,-0.6019666,-0.067783184,-0.63287306,-0.19094656,0.09351307,0.24913855,-0.29366222,-0.011707265,-0.2477258,-0.42230144,-0.16924202,0.4115692,-0.14504658,0.18268076,-0.004084556,-0.53761786,-0.009556708,-0.23269913,0.22101688,-0.08965962,-0.11911141,-0.15232128,0.13810806,0.14422442,0.17442344,-0.21652089,0.11874139,0.3905787,0.6303291,0.2649563,-0.28444797,0.16493471,-0.06325682,0.099124074,0.5758996,-0.09527214,0.27906665,0.061393652,-0.03806984,-0.13797587,-0.5132916,-0.35559672,-0.24098127,-0.107378006,-0.0684571,-0.028315578,0.2844093,-0.1037368,0.033236325,-0.027435051,0.5113021,0.64572453,-0.18525457,-0.22048491,0.0497294,-0.06837899,-0.21053238,-0.117971905,-0.29336825,0.21168265,0.18329886,0.010150791,0.11839127,0.37160864,-0.45255482,0.16438323,-0.24495156,0.06627412,-0.39340448,0.11868965,0.10568577,1,1,0,Peripheral,0.017546289677940988
178,2,0.005012531328320802,0.0002274655597259659,0.2001306408349895,0.0025577438775223715,0.0,2,0.00012237461325004302,18.06099290780142,0.6666666666666666,3,0.0,0,-0.6706518452640555,4,4,2.75,0,0,2,2,-0.22839367,-0.26999566,0.19111997,0.31121206,0.46625233,0.15396844,-0.057877004,-0.30408007,0.1453148,0.23965783,0.206458,0.22029214,0.32698986,-0.10835541,-0.5804318,-0.2275815,-0.43433648,-0.18894593,-0.19456463,0.26178494,-0.03777366,-0.07256344,-0.31237632,-0.074896224,-0.23254403,0.13596956,0.38553098,0.19085628,0.036846694,0.19860768,-0.053796433,0.4716489,-0.2319591,-0.30901548,-0.18199459,-0.1337127,0.24961807,-0.12992786,-0.3495064,0.16052896,0.37627885,0.17042929,-0.026366515,-0.007462157,-0.13025619,0.1465514,-0.6669377,-0.2565573,-0.071769096,-0.2903007,0.6081637,0.17916024,-0.018730318,-0.21887875,0.041895494,0.028814288,-0.18214372,-0.40890184,0.008870288,-0.22846793,0.24079144,0.47821298,0.30849406,-0.05595907,0.29928836,-0.4174292,0.23231201,0.033443063,-0.008268315,-0.563389,0.31049907,-0.23487633,-0.43958232,0.25580704,-0.024183376,-0.109782815,0.07142685,-0.23058914,0.07252594,-0.12936331,-0.14602265,0.06595544,-0.29120848,-0.10304285,0.3780501,0.43351686,-0.07511176,-0.4169737,-0.034800205,-0.06417057,-0.043860033,-0.26492077,0.022800729,-0.053971324,-0.52276593,0.45894942,-0.156867,-0.12447475,-0.25010175,0.094160736,-0.32485414,0.07650086,0.09911115,-0.18234776,-0.05091886,0.15641911,0.15779468,0.41383764,0.4492426,0.059400443,0.010714655,-0.0148288505,0.44546133,-0.23783942,0.10482076,0.009343987,0.08377493,0.34008768,0.26859802,0.35078633,-0.02858014,0.08930447,0.3766136,-0.2727561,-0.09029047,-0.088441744,0.43923447,0.18569788,0,0,0,Peripheral,0.010456631687972694
179,6,0.015037593984962405,0.00785520545178089,0.24588344441725052,0.014388351324916492,0.0,3,0.010384051783126342,623.7111680768544,0.2857142857142857,7,0.0,0,-0.08861794366458153,16,7,2.5625,0,1,7,8,-0.09249958,-0.30745322,-0.24729308,-0.044566154,0.59215206,0.33243135,-0.14745456,-0.15739915,0.014287041,-0.0064569367,-0.18085986,-0.061002187,-0.09426907,-0.06786466,0.23860376,0.5135619,-0.23399888,-0.11996622,0.46295273,0.009616026,0.14490208,0.3980659,0.023180438,-0.31169018,-0.32710186,0.012334537,-0.06936324,0.4549643,0.0838145,0.07866803,0.09944979,0.27032557,-0.4376847,-0.25073525,-0.44412982,0.1190735,-0.06257024,-0.35107663,-0.10840798,-0.23068321,0.017907267,-0.3066088,0.10291983,-0.06136669,-0.007699975,-0.08075241,-0.13904856,-0.32298547,-0.07724889,-0.05291072,0.15559372,0.14598723,-0.12331017,0.13726546,0.057744622,0.14235683,0.060338452,0.2197118,-0.0937594,-0.056717116,-0.43228653,0.33369663,0.30291888,0.3561393,0.35553363,0.085975215,-0.30537707,-0.08104691,0.12107026,0.17501225,0.18185762,-0.2613278,-0.13780487,-0.028918326,0.17112677,0.014106799,0.032492165,-0.1400065,0.15308352,0.16438298,0.007278554,-0.068062216,0.075954966,0.11145411,0.45471358,0.36568466,-0.17936973,-0.16867426,0.08723981,-0.35906008,-0.20025003,-0.07300901,-0.2303726,0.19695342,-0.058840312,0.32744294,0.325679,-0.33600417,-0.2609414,0.15971401,-0.2475966,0.10135172,-0.31423432,0.3720888,-0.07454649,-0.3542761,-0.110631295,0.03958417,0.48720095,0.03405162,-0.054630395,0.10300758,-0.011922604,0.012411758,0.12718865,-0.15136336,0.16841838,-0.12106358,-0.008485709,0.28217193,0.65074307,-0.019979814,0.09341798,-0.17355712,-0.02536501,-0.14530301,0.14034,-0.37577817,1,1,0,Peripheral,0.03733740194621625
180,13,0.03258145363408521,0.0016966659140051222,0.28049398106665624,0.07258618462486668,0.10256410256410256,9,0.002951787189250172,134.71697023792072,0.23076923076923078,14,0.0,0,0.9299413841344979,10,7,2.6,1,7,2,0,0.026816992,-0.01984596,-0.10063931,-0.03545512,0.28324687,-0.012541113,-0.19212182,-0.33336413,-0.05150259,-0.02554294,-0.21387847,-0.025951529,-0.16538978,-0.10418705,0.055136856,0.049779106,-0.17696272,-0.13550292,-0.072076,0.17564803,0.079705566,0.16108283,-0.15574908,-0.18456112,-0.12589006,-0.14425193,-0.09185363,0.08310783,0.07638875,0.054787077,0.28693956,0.22797121,-0.04234736,-0.3863702,-0.14476834,0.05720313,0.016038565,0.02425739,-0.08927539,-0.026618244,-0.065396324,0.03836409,0.31498665,-0.04208985,0.08089633,-0.11737405,-0.21035667,-0.08494889,0.14830543,-0.023781208,0.24841167,0.32843062,0.099812575,-0.025994,-0.09426475,0.10970955,0.059605733,0.15358913,0.14928478,-0.14226152,-0.061255217,0.045818184,0.37653464,-0.2216536,0.25976342,0.060021117,0.07503559,0.27034613,-0.039906736,-0.1380118,0.07406845,-0.14037976,-0.31805217,0.1144485,0.10755659,-0.0515205,0.06707799,0.12676148,-0.075679824,-0.061127342,0.042014487,-0.010968297,-0.043511476,0.09588777,0.29946387,0.27125874,0.113408566,-0.08970198,-0.16961592,-0.22822206,-0.19130771,0.1187465,0.08434745,-0.12303282,-0.039623428,0.29814082,-0.18189031,-0.24889815,-0.1285808,0.06319715,0.06748442,0.014379685,-0.03951809,0.45441684,0.065027125,0.045074873,0.07434312,0.007711414,0.22633532,-0.09722664,0.17981166,-0.02299514,0.104671106,-0.103062004,-0.113402285,-0.022242278,0.054076847,-0.24485004,0.009429355,-0.14206475,-0.08178518,0.04726632,0.039644662,-0.052123137,0.0629453,0.21971588,-0.05981937,-0.019511057,0,0,0,Broker,0.7578594567309004
181,3,0.007518796992481203,0.00012178515975697374,0.2098268928134289,0.0035191444712594252,0.0,3,0.00019166075434258454,9.669863469863472,0.5,4,0.0,0,-0.525143369864187,11,8,2.0,0,3,3,5,-0.24742952,-0.110949144,0.13141905,0.07333683,0.22114873,0.15948458,0.117864735,-0.45432612,-0.124051176,-0.056072194,-0.37112862,-0.4717789,0.2807001,-0.30511805,-0.13715704,-0.17480236,-0.1361305,-0.030989388,-0.15750574,-0.12494616,-0.19254304,0.26005888,-0.25264633,-0.09669204,-0.43589643,-0.38438657,-0.08624132,0.23014998,0.09292166,-0.12875551,0.10500574,-0.010860546,-0.1982075,-0.53262895,-0.22471182,0.765775,0.025920399,0.22031265,0.06800132,0.25959745,-0.21097286,-0.07030217,0.008548932,0.058891725,0.08111703,0.32492515,-0.22468086,-0.5066804,-0.24952768,-0.24466038,0.22537461,0.5879966,0.26004243,-0.28149024,-0.2006143,0.0911256,-0.032771733,-0.4713509,0.48722434,-0.4092182,-0.12483084,-0.097008504,0.78854054,-0.23110533,0.3185275,-0.07451461,-0.1859852,0.3440975,0.09111688,-0.28650504,0.06751733,-0.20118187,-0.3889793,-0.46562272,-0.45007485,0.3234297,0.38355902,-0.24787827,-0.14058328,0.0197167,0.24826573,-0.027528945,-0.08188255,0.17583114,0.15049899,0.50904274,0.07007637,0.13180085,-0.17166498,-0.021304656,-0.12323187,-0.0086792,0.41517052,-0.2830293,0.07016685,0.21049535,-0.18106307,-0.013418861,-0.31246877,-0.20895772,-0.07829071,-0.1942755,-0.21321552,0.008255498,0.15671363,-0.37177068,-0.25934246,0.050074752,0.35001832,0.13370252,0.6132891,-0.00860493,-0.0018323078,-0.10258047,-0.23476686,0.081949286,0.008144815,-0.11527358,0.5956923,-0.06774606,-0.013489357,-0.051899057,-0.03200667,0.31925023,-0.1495324,-0.16275421,0.17899542,-0.27026653,0,0,0,Peripheral,0.015580488162374237
182,8,0.020050125313283207,0.01086442261557429,0.26047476349253246,0.02128943993610668,0.07142857142857142,4,0.01134246177744927,862.6460200992142,0.2777777777777778,9,0.0,0,0.20239900713515546,18,9,2.5,3,3,9,3,-0.35573393,0.09560548,0.010418358,-0.010916637,0.17274907,0.03897977,-0.16531761,-0.48477906,0.050127637,-0.08236051,-0.011106156,0.07231587,0.09802719,-0.14317758,0.19887896,-0.00012252314,0.19267525,-0.2153392,-0.00010766914,0.18233238,-0.050600987,0.04765488,-0.31375363,-0.37175742,-0.18967773,-0.17685264,-0.19765466,-0.019636236,0.10639005,0.09284558,0.20211947,0.23224609,-0.06719208,-0.5170647,-0.039055135,0.3483271,-0.07133227,0.01185929,-0.09506626,0.097808175,0.4363559,0.25152245,0.033738334,-0.044607736,-0.12615128,0.042598896,-0.3868337,-0.50899976,0.23064971,-0.15124202,-0.0044348408,-0.113022216,-0.036673285,-0.058268104,-0.1491337,0.1110991,0.092317946,0.25748977,0.23333772,-0.46009162,0.09973672,0.10442122,0.39335003,-0.051128693,0.25575143,-0.037207335,-0.19945428,0.054721292,0.23844391,-0.2866918,0.6194068,-0.12933719,-0.40084904,-0.22365305,-0.26389694,0.05099809,0.16559872,-0.1215262,-0.30854702,-0.049199387,0.054281197,-0.076612204,-0.42989734,0.27945518,0.024836564,-0.11962336,-0.009923495,0.029942725,0.11832189,-0.23391065,-0.10758769,0.013832009,0.1021834,-0.13855924,-0.22668232,0.37003985,-0.003909223,0.09806742,-0.23059669,-0.0996206,-0.022584554,-0.14587082,0.022828283,0.09139004,0.050909657,-0.20290783,-0.32597965,-0.012460267,0.34384242,0.3323805,0.04632178,0.24605459,0.39459953,-0.16645917,-0.0403275,0.32785955,-0.26513895,-0.10345291,0.1837165,-0.19703968,-0.10411288,-0.085500754,-0.045179725,0.2456302,-0.34302655,-0.014156369,0.33425862,-0.12042654,1,1,0,Enabler,0.2823397606046352
183,1,0.002506265664160401,0.0,0.20377166253148554,0.0017370606760783338,0.0,1,0.0,0.0,1.0,2,0.0,0,-0.816160320663924,14,7,1.9285714285714286,0,2,3,9,-0.34088776,-0.10870959,-0.31925046,-0.26277658,0.11639889,-0.1741398,-0.21570256,-0.40369183,-0.07467885,-0.15529208,0.03629794,-0.15996665,0.20627093,-0.20453756,-0.12647237,0.096456595,0.099698,-0.041808564,0.21041216,0.25204462,0.13788775,0.15910362,-0.2046133,-0.007095251,-0.543863,-0.3559434,0.02254156,0.13877472,-0.10251275,-0.06684982,0.026367188,0.44736362,-0.2425184,-0.8251292,-0.0374944,0.62615013,-0.118922256,0.58674353,0.17798802,0.43357024,-0.13298132,0.12894809,0.25076488,0.0010965784,-0.26615182,0.12955093,-0.09019756,-0.1525581,0.08498122,-0.26173556,0.5794887,0.64984703,0.38982838,-0.05944625,-0.24455729,0.05966538,0.02011538,-0.091201864,0.4305526,-0.31397763,0.08102474,-0.108496845,0.66494983,-0.39444107,0.294747,-0.09468906,-0.023086514,0.15066989,-0.17341672,-0.21243234,0.016640844,-0.2677615,-0.56140447,0.10535429,0.21414608,0.04123128,0.28148776,-0.010903212,-0.3543492,0.03225553,0.23474848,-0.22996403,-0.010375494,0.21251027,0.114332385,0.2745137,0.36026642,0.20689844,0.037664887,0.35277486,-0.24313444,0.23146763,0.29421347,0.16685879,-0.09258698,0.15485193,0.10673125,-0.18727599,-0.12942177,-0.40474993,0.22497314,-0.2389827,0.113485314,0.39694437,-0.120605595,-0.08994589,-0.10201149,-0.014807816,0.13748725,0.10910109,0.30194598,0.13681205,0.048162512,-0.23760664,-0.27769402,0.09644112,-0.2608615,0.08684862,0.56314063,0.03083801,-0.20753665,0.10843027,0.024069862,0.18841629,0.097532995,-0.12287029,0.22896166,-0.22568865,1,1,0,Peripheral,0.01777161596735879
184,4,0.010025062656641603,0.0024127080083554187,0.18319911453761306,0.0007365202750484937,0.0,2,0.005043229934131812,191.5714285714286,0.4,5,0.0,0,-0.37963489446431853,15,9,2.533333333333333,2,2,8,3,-0.44295928,0.17439003,-0.0808532,-0.3871959,0.42785174,0.20377275,-0.42392212,-1.0110903,0.2637991,0.19873247,-0.14652649,-0.17875369,-0.03923938,-0.24394144,-0.3034203,0.2922786,0.034479942,-0.3455131,0.22517665,0.19836612,0.07663161,0.22573194,-0.34724367,-0.03611392,-0.053792432,-0.022894504,-0.12842584,-0.094663806,-0.1212832,0.12492712,0.6551522,0.0073298262,0.40867293,-0.600845,0.1870256,0.28520527,0.3625347,-0.3000513,-0.1149393,0.06618581,0.44062346,0.14984056,0.04585579,-0.23403652,0.06765726,0.21592979,-0.9156256,-0.33331954,0.039150022,-0.12655972,0.21288992,-0.041948553,0.00083108485,-0.40629455,0.24488227,0.11992185,0.12588662,0.020333814,0.27865234,-0.3003612,-0.22769974,0.3347469,0.5678644,0.056826796,0.4957942,-0.29357454,-0.19160047,-0.06320785,0.104262434,-0.38791513,-0.25736672,-0.541903,-0.303135,0.35292125,-0.28948915,-0.053505592,0.6095689,0.1740731,-0.28946555,-0.3840855,-0.34777495,0.3503637,-0.2988751,-0.12677528,0.45535177,0.06273759,0.06345493,-0.36611786,0.0617709,0.16693178,-0.062684774,0.017930143,-0.27354795,-0.36300778,-0.46561477,0.40872228,-0.00035285132,0.11728794,-0.36518648,0.007319879,0.186509,-0.1762343,-0.024186255,0.24170421,0.16706277,-0.13529757,0.22552899,0.18279813,0.4289024,0.36556992,0.031078199,0.7904085,0.31951988,-0.9187198,0.26551405,-0.38218293,-0.0045608203,-0.12535271,-0.12498582,0.20081766,0.07327768,0.13377288,0.49870813,-0.019560095,-0.1525953,-0.07778564,0.40259245,0.11651692,1,1,0,Peripheral,0.026968562155810373
185,13,0.03258145363408521,0.005100421032658901,0.28195488721804507,0.07707367751999102,0.0641025641025641,10,0.0037289669005739355,404.9785304141493,0.1978021978021978,14,0.0,0,0.9299413841344979,17,8,2.588235294117647,6,9,2,0,-0.10327934,-0.050738323,-0.081482105,0.13148318,0.16844234,0.11548829,-0.13568851,-0.23460203,-0.07433896,0.08627983,0.101390414,-0.03645131,0.025180561,-0.05211926,0.05664501,0.18388149,-0.29089683,-0.19857591,-0.07608097,0.11166822,-0.020982418,0.07005053,-0.24241883,-0.3531027,-0.16305518,0.20272572,-0.12699242,0.046201386,-0.064953655,0.047395546,0.13466571,0.20588142,0.06028801,-0.18657781,-0.035159472,0.31659743,-0.20803013,-0.3238809,0.03199296,0.012813532,0.121348955,-0.020812418,0.09791486,-0.03285511,-0.040709276,-0.14255051,-0.26399627,-0.2641265,0.32253245,-0.055954006,0.3079584,0.08981082,0.011583005,-0.20313376,-0.24728118,-0.02394549,0.10243219,-0.010478743,0.084620476,0.009667051,-0.17702761,0.141325,0.116976514,0.007921165,0.35889742,0.026405647,-0.026691124,-0.039281726,-0.013604721,-0.028676705,0.10505719,-0.1738073,-0.49586943,-0.007592695,0.061886996,0.025165824,0.087579675,-0.041770313,0.10983623,-0.13513371,0.017407639,0.10510423,-0.13027166,0.087972924,0.10686036,0.35358867,0.13674013,-0.008316037,0.058443762,-0.119342245,-0.078883156,0.10064735,0.060868725,-0.095330544,-0.17121068,0.094145805,0.043678693,-0.2383161,-0.07671132,0.00067584874,0.037596773,-0.058600433,-0.16687618,0.057408076,0.2178321,-0.0007568351,0.24890982,-0.014872792,0.14358877,-0.010141763,0.13588214,0.06999302,0.2038098,0.06344865,0.008224202,0.064152025,-0.1036519,-0.13863342,0.16135429,-0.084077016,0.17755863,-0.010992312,-0.10771663,-0.029965796,0.0813716,-0.020596026,-0.04682499,-0.008497306,0,0,0,Broker,0.8130146718623447
186,6,0.015037593984962405,0.003171322259584247,0.24832724011864524,0.012867465935895753,0.06666666666666667,4,0.004346810773754335,251.80615873324882,0.3333333333333333,7,0.0,0,-0.08861794366458153,14,8,2.5,5,0,6,3,-0.6202968,-0.0799127,0.12588598,0.060923584,0.21022254,0.03094842,-0.08102135,-0.09255692,-0.1360469,-0.019914601,-0.01809468,-0.17901729,-0.35074633,-0.061570127,0.19724315,-0.14418882,-0.118030496,-0.18728836,-0.061075177,0.26121414,-0.049626086,0.3192945,-0.29064968,-0.3061295,-0.44489723,-0.1500259,-0.50240564,0.036628656,0.041032672,0.034688678,0.230155,0.11242706,-0.13154635,-0.5367664,0.012379259,0.2074266,-0.10576119,-0.15139237,0.022657698,-0.25009412,0.33204314,0.073529445,0.1720811,-0.3008578,0.05349306,0.33659643,-0.33273053,-0.33743513,-0.22856706,0.0471555,0.1303775,-0.014513736,0.18528208,-0.21093217,-0.029903729,-0.15652673,0.14119063,-0.38095164,0.18052788,-0.582998,-0.5406391,0.41015267,0.29366878,-0.19865818,0.3055493,-0.19145755,-0.35495195,0.019883407,0.18109153,0.33633363,0.1921225,0.057408918,-0.51511276,-0.088904396,-0.19920728,0.4427075,0.034215424,-0.12759846,-0.15228255,0.17719808,0.08049856,-0.20762129,-0.17705482,-0.008118888,0.42987156,0.26055452,0.3309653,-0.27059233,0.017238496,-0.09313782,0.20774132,0.032342393,0.2710082,-0.054246917,-0.110410094,-0.0009623404,-0.0077691386,-0.2239161,-0.108359165,-0.23121706,-0.3125628,0.06745013,0.118080765,0.10548711,-0.10417729,0.11356553,0.45909837,0.19285926,0.26559505,-0.108776055,0.20662011,0.23211138,-0.17928754,-0.23778746,-1.3071081e-05,-0.10666657,-0.07605204,0.14215341,0.17812636,0.26444736,-0.009506542,-0.25593197,0.30497426,-0.049861602,-0.20947662,-0.11969901,-0.12984839,0.22228493,0,0,0,Enabler,0.16282911648346957
187,1,0.002506265664160401,0.0,0.15235085838423448,4.542126506599966e-05,0.0,1,0.0,0.0,1.0,2,0.0,0,-0.816160320663924,10,7,2.4,0,5,2,3,-0.48553658,0.25139302,-0.17663711,-0.395917,0.63825893,0.20776777,-0.40863162,-1.1971416,0.25986734,0.38613486,-0.08937077,-0.0039689215,0.17156944,-0.048158288,-0.38008884,0.51771396,0.09746948,-0.3094174,0.26597658,0.19553931,0.08742113,0.15584087,-0.39226952,-0.056375947,0.05895418,0.0623566,-0.06771063,-0.12026064,-0.19530687,0.079246506,0.66992927,-0.031020273,0.30008435,-0.47525784,0.18019918,0.23178287,0.2269033,-0.56167895,0.0077714683,0.25540987,0.52985895,0.18220156,0.08568482,-0.18975714,-0.085615434,0.25482073,-0.9612988,-0.4003275,0.08606791,-0.040886045,0.2518173,-0.020072848,-0.1881691,-0.29229993,0.2289361,-0.03641794,0.07644126,-0.023569597,0.37220234,-0.34643906,-0.07810584,0.45431176,0.6424785,0.14329429,0.46446866,-0.07930413,-0.28311476,-0.09001165,0.050377768,-0.24849094,-0.14655538,-0.5102518,-0.43953952,0.5179025,-0.17254207,-0.09447422,0.6150177,0.26758146,-0.16913792,-0.4081147,-0.3989915,0.25461447,-0.39289698,-0.17451216,0.58509195,0.06801345,0.008315257,-0.55247325,-0.00631946,0.06229211,0.003847479,0.076608576,-0.308661,-0.46661857,-0.36376148,0.29767042,0.07582101,0.14889441,-0.35747144,-0.08454133,0.28199002,-0.23117273,-0.107196115,0.3785818,0.20960382,-0.21712223,0.24806057,0.22966582,0.5068758,0.3590104,0.09784457,0.81296027,0.34245884,-0.9332934,0.19511975,-0.39192232,-0.08908832,-0.28509852,-0.022544237,0.11603613,-0.17098412,0.25535652,0.5756353,0.06124411,-0.137699,-0.19493473,0.38477078,0.087097615,1,1,0,Peripheral,0.017507294331217872
188,26,0.06516290726817042,0.03258203297556102,0.3117197985366487,0.11499198062046262,0.036923076923076927,10,0.029816518712611404,2587.0460002925206,0.10826210826210826,27,0.2174556213017752,3,2.385026138133183,16,5,3.0,15,1,0,0,-0.089931436,-0.15828918,-0.05521803,0.12339672,0.022557955,0.20252521,0.01180078,-0.10535852,0.09159362,0.13446917,-0.08142651,-0.13903047,0.09219914,-0.14705949,-0.00070794416,0.033544447,-0.23069276,-0.06307318,0.10157807,0.07921625,-0.2282305,0.11781401,-0.12188332,-0.27489814,-0.21613015,-0.03338966,0.017542046,0.13077007,0.09194263,-0.012872078,0.31538397,0.20026612,-0.027056625,-0.2387614,-0.0008549739,0.19510834,0.010067754,0.060551845,-0.0857016,0.023847673,0.119464636,0.124148965,0.07601373,-0.08251345,-0.17028324,0.15534136,-0.2698965,-0.17961325,-0.0129002,0.19930378,0.02516947,0.07571512,-0.13468914,-0.07757911,-0.020690577,0.069487356,0.103462,0.06274579,-0.009217921,-0.14378239,-0.11341668,0.024804058,0.33109617,-0.025663726,0.17502229,-0.09694999,-0.031388566,0.014000193,0.030261533,0.016209861,0.3478489,-0.083879754,-0.15969762,0.15767488,-0.2042736,0.045858912,-0.2628244,0.010902527,-0.045565065,-0.08860155,-0.32720774,0.14564718,0.031330626,0.21887888,0.15143403,0.47048947,0.11648049,-0.09992862,-0.17661,0.070323505,-0.14090198,0.20094685,0.07425692,-0.031134183,-0.1622925,0.20479964,-0.15678446,-0.3523275,-0.12343301,0.004537654,0.016635776,0.0527349,-0.2485542,0.18642661,0.10215591,0.031408288,0.03004153,0.108628474,0.2955739,-0.07035715,0.17820181,-0.0017054372,0.1775908,0.20246498,-0.08976656,0.033486262,0.01783789,-0.13995355,0.08564759,0.08228001,-0.004945265,-0.120603696,0.14844276,-0.023231193,-0.013350696,0.031800807,-0.046325088,-0.07773243,0,0,0,Coordinator,1.0
189,23,0.05764411027568922,0.0207597067501141,0.3081708065229487,0.10077201650860687,0.019762845849802372,10,0.03200180415240859,1648.3414756658094,0.10144927536231885,24,0.2438563327032136,3,1.9485007119335773,11,6,3.3636363636363638,9,2,0,0,-0.075754255,0.12126353,0.15807475,-0.121364385,0.19127843,-0.055862784,-0.031528037,-0.14752965,-0.095954426,0.22795714,-0.10580101,-0.022312596,-0.26638123,-0.028449003,0.053243447,0.18800572,-0.15678447,-0.29012465,-0.2195074,-0.09289124,-0.19661023,0.14837655,-0.09061769,-0.22552128,-0.25380108,-0.0664793,-0.12969384,0.15916876,-0.1059877,-0.17518464,0.111306585,0.29528493,-0.10667763,-0.3656577,-0.010526008,0.08989559,-0.10351644,-0.043705855,-0.26704526,-0.13140523,0.04501473,0.10768544,-0.018915288,0.039048195,-0.026260514,-0.07474107,-0.18769808,0.01684625,0.20066199,0.15392843,0.09487065,0.1610323,0.083039016,-0.20188062,0.11574893,0.02029427,0.04995405,0.119462416,-0.123138905,0.10985969,-0.07407782,0.05481795,0.06517377,-0.018384356,0.029693367,-0.1120053,-0.07125954,-0.011904484,0.0754334,-0.28513503,0.26556432,-0.12551288,-0.39055791,0.19580512,0.18048288,0.038994562,-0.050621945,-0.029756239,0.08249974,0.04571232,-0.25092158,-0.04504103,-0.024751628,0.088672705,0.2688451,0.26544252,0.4281992,-0.02286646,-0.10450936,-0.060385376,-0.0317944,-0.056720164,0.2722363,0.08979791,-0.15118979,0.1721201,-0.13759829,-0.060580462,-0.045033194,-0.0060515916,-0.024981659,-0.012794681,-0.09210466,0.27393174,0.1778782,-0.13851121,-0.1006409,0.14700696,0.4506009,0.10377028,0.080677405,0.06576973,0.24628405,0.036657218,-0.122714914,-0.018120764,-0.009376626,-0.10645367,0.005039156,0.20394178,0.028869642,0.017271973,0.088844456,-0.029184418,0.045200188,-0.11606931,-0.014521731,-0.07468495,0,0,0,Coordinator,1.0
190,2,0.005012531328320802,9.235819867927777e-05,0.1987833721390379,0.002001040680792975,0.0,2,9.025914870929416e-05,7.333333333333334,0.6666666666666666,3,0.0,0,-0.6706518452640555,9,5,2.0,0,1,3,5,-0.31492478,-0.32349813,0.023864867,-0.43050665,0.23779018,0.20061424,0.04671967,-0.42451954,-0.3841279,0.2831722,0.13904272,-0.03821773,-0.48946017,-0.38663948,0.3382037,0.14617218,-0.15193212,-0.5094914,-0.21370389,0.29189605,-0.014395647,0.21942872,0.15323564,-0.689975,-0.11017164,0.29697505,-0.17727278,0.13029562,0.265654,-0.15166916,-0.002034588,0.28156975,0.04741006,0.28024018,0.09081187,0.14766769,-0.38986585,0.19268951,-0.2676955,-0.10936331,0.20959756,0.5467314,0.42077705,0.2248833,-0.06644964,-0.115817204,-0.40987235,-0.40960416,0.33018255,-0.10193507,0.2383988,0.14478338,0.42659348,-0.34727234,-0.0710596,0.13749754,0.56924564,0.053630307,-0.051601257,0.27020445,-0.23567232,-0.2712095,0.32208613,0.2311402,0.16159816,-0.12567909,0.23874341,0.16845505,-0.2519644,-0.094362944,0.15163897,-0.006682375,-0.11091872,0.021338131,0.06543849,-0.19983298,-0.3827763,0.5890725,-0.07642014,0.12644963,0.017228656,-0.1414557,-0.05756183,0.0017217845,-0.08960239,0.42161393,0.22088611,-0.23654677,0.0161697,-0.024966974,-0.16541643,0.13851738,0.029699132,0.27638894,-0.049085736,0.26508,-0.11932955,0.3198135,-0.20238456,-0.07249615,-0.2681112,-0.06259162,0.095087446,0.36271217,0.22895487,-0.20565127,0.19003962,0.5413952,0.5631546,-0.07744362,0.09241145,0.34884566,0.30640507,-0.18374461,0.055708442,0.014231159,0.6130946,-0.10494522,-0.005756952,0.026020024,0.2717124,0.009332128,0.22266088,-0.011990636,0.21598725,-0.12483857,0.10982965,-0.28929672,0,0,0,Peripheral,0.010335868612557817
191,6,0.015037593984962405,0.008195198137141384,0.25435554430320123,0.018045660960470118,0.06666666666666667,4,0.009606679544285074,650.706927287163,0.3333333333333333,7,0.0,0,-0.08861794366458153,17,11,1.8823529411764706,3,2,6,6,-0.46416995,0.033674836,0.20428444,0.2546499,0.3765572,-0.063595705,0.208715,-0.14069194,0.0032024817,-0.1983669,0.105178855,0.13836676,-0.442017,0.11541027,0.22793397,0.14257126,-0.05337315,0.057844874,-0.50485796,0.08432474,0.0020392206,0.3074591,-0.2911701,-0.15728123,-0.18562905,-0.53273624,-0.17995465,-0.06573687,-0.26701263,-0.08938874,0.31009144,0.5848893,-0.08665347,-0.036517702,-0.11912603,0.6329387,-0.4379006,0.04914171,0.07600848,-0.4293113,-0.1394771,0.13486125,0.12464587,-0.0789112,-0.16112727,-0.043727532,-0.544601,-0.28158692,0.35877332,-0.13715617,0.022863414,0.36244866,0.117001675,-0.064770155,-0.19263111,0.23657411,0.22518879,0.35937434,-0.26412627,-0.0880214,0.11877295,0.18265857,0.14047854,-0.14373341,0.25557396,-0.03956525,-0.09622119,0.02365982,0.038515132,0.034487553,0.3635135,-0.20352301,-0.34592724,0.31956232,0.07957066,0.1260592,0.22982788,-0.016491981,-0.30491918,-0.23124418,-0.16065359,0.009752995,0.34363055,0.066929944,0.09771036,0.11306414,0.13944173,-0.11723469,-0.030377537,0.06366574,-0.05361685,-0.07495405,-0.09263037,-0.11100206,0.2005498,0.27317494,-0.12642878,-0.018597925,-0.058208037,0.005367603,-0.032009892,-0.2893375,-0.3367799,0.14850667,-0.0788291,-0.18220185,0.07505786,0.13429272,0.23609582,0.03241784,0.15992689,0.25487915,0.17728463,-0.10463539,-0.05017026,0.04298565,0.06226267,-0.55791116,0.3409159,-0.16808602,-0.18359642,0.266848,-0.12400383,-0.11249377,-0.01726867,-0.10640233,0.17907871,-0.14616954,1,1,0,Peripheral,0.04111889735505546
192,2,0.005012531328320802,0.000172259206698929,0.19253825137829753,0.0011422526350525425,0.0,2,9.295876019846752e-05,13.677553271101662,0.6666666666666666,3,0.0,0,-0.6706518452640555,11,6,2.0,0,1,1,9,-0.44150707,-0.63298595,-0.11523389,-0.24901395,0.3378114,0.5296225,-0.20192923,-0.4603321,-0.24108449,-0.002889155,0.12481964,-0.116366126,-0.21161735,-0.108771846,9.09542e-05,0.29859883,-0.17662871,-0.39642,-0.14683107,0.3310661,-0.00089652784,0.46923795,-0.020385562,-0.64481974,0.148333,0.459509,-0.26701206,0.3509542,-0.07945729,0.22135635,0.12731934,0.19553836,-0.13839574,-0.023381602,0.19791538,0.12421881,-0.22302122,-0.22045057,-0.17802401,-0.19256386,-0.15701222,0.4157668,0.3821703,-0.23997727,0.027320735,-0.03652646,-0.051668998,-0.42966685,0.24612248,0.13106802,0.30603966,-0.019004641,0.029940024,-0.10518128,-0.17137635,0.2091494,0.78856695,0.11709197,-0.08426043,0.2590166,-0.21732828,-0.35139173,0.27565986,0.00015075105,0.014737289,-0.11668827,0.09609509,0.1189163,-0.07171342,0.20999992,0.35649332,-0.09592459,0.0644339,-0.01650546,-0.4209843,-0.4227151,-0.20949486,0.40757367,-0.18204144,0.2928035,0.09687069,-0.28357303,-0.18501402,0.5538547,0.27317804,0.59007925,0.016032591,-0.30664814,0.2649394,0.2205583,0.11025817,0.19784273,-0.084618025,0.17530239,0.15871458,0.19094892,-0.27061695,-0.095826216,-0.3042684,-0.047755327,-0.19462349,0.044282667,0.14502284,0.4014798,0.22895269,-0.27874243,0.17701836,0.7320222,0.44908988,-0.20917848,0.14768618,0.1623139,-0.10388136,-0.38996956,-0.34149277,-0.07389897,0.35594997,-0.007861188,0.19169918,0.18565336,0.1261188,-0.21991125,0.3408881,0.0026528472,0.47748804,-0.022570685,0.2202236,-0.057556313,0,0,0,Peripheral,0.010221656945567712
193,9,0.022556390977443608,0.016353171177330768,0.26236836031921484,0.02675538899542897,0.1111111111111111,4,0.014457453892629837,1298.4581446512402,0.28888888888888886,10,0.0,0,0.34790748253502396,16,10,2.4375,3,2,8,3,0.20580056,-0.17371544,0.014777705,0.20072474,-0.0189594,0.16690041,-0.1613517,-0.36481524,0.2650084,-0.051560253,-0.31733558,0.08277169,-0.13805835,0.106393665,0.06398494,0.13541472,-0.04988771,-0.085473806,-0.14432466,0.08139712,-0.1596906,0.1692663,-0.021171939,0.05241302,0.11365375,-0.084105805,-0.18207636,0.22180961,-0.14850302,-0.16309169,0.21799009,0.26784137,-0.21374743,0.017167745,0.033110484,0.5088074,-0.06476496,-0.26476818,-0.4272698,0.15019089,-0.20278107,-0.036432475,0.29394522,-0.14866082,-0.35157895,-0.14590013,-0.38783196,-0.2734462,0.037040804,-0.019087333,0.10312063,0.31490564,0.34156692,-0.24499865,-0.061945975,0.0072923824,0.21499251,0.18045303,0.01407467,-0.10132477,0.062989205,0.0769333,0.3111036,0.15591303,-0.08134967,0.09762225,0.030145742,0.030602932,-0.054611545,0.09628855,0.051067498,-0.4360463,-0.78010607,-0.14836405,-0.21665898,0.15318334,-0.09198098,0.06519055,0.10718628,-0.22877999,-0.00044240826,0.08831107,-0.07001419,-0.020052996,0.13686651,0.30599785,0.17333786,-0.053627532,-0.19985813,-0.19608474,0.2185097,-0.027219197,0.22219455,-0.2625247,-0.114509955,0.04265923,-0.18927772,-0.20881386,-0.16784665,-0.062148962,0.21121103,0.15449762,-0.15184198,0.48744783,0.1055056,0.20741096,0.13432305,0.1492687,0.27052197,0.19264574,0.12441805,-0.10677479,0.45331433,-0.27605313,-0.08810371,-0.23480561,0.08364816,0.036329072,-0.11737044,0.26715404,0.23004663,-0.44374898,0.2889513,0.14793648,-0.056527,0.08810013,0.06966154,0.032338567,1,2,0,Enabler,0.30748916748386607
194,1,0.002506265664160401,0.0,0.18227386648439278,0.001521069394284516,0.0,1,0.0,0.0,1.0,2,0.0,0,-0.816160320663924,6,5,2.3333333333333335,0,3,1,2,0.08416864,-0.27531412,-0.006694681,0.46459517,0.4592293,0.3921263,0.060582496,-0.4565625,-0.22560488,0.3492733,0.23066875,0.26732457,0.06586194,-0.14932671,-0.3461327,-0.116474465,-0.32617012,-0.10664451,-0.2346691,0.13516437,0.012610967,0.17779529,-0.1516562,-0.29588577,-0.003171641,0.37798437,-0.107794434,0.26495007,0.038912054,-0.11628064,0.12444616,0.33333337,-0.5954139,0.005864678,-0.03458325,-0.121355295,0.21092314,0.26994318,-0.22901352,-0.08819784,0.34942433,0.30234313,0.32892194,-0.28917295,-0.013213649,-0.0041653714,-0.2951207,-0.43689495,-0.13822967,-0.31669936,0.18988082,0.13018614,0.080896705,-0.18428335,-0.048215702,0.24941128,-0.17549463,-0.06264578,-0.2656583,-0.18866241,0.24893749,0.16864654,0.18286674,0.24267401,0.45860553,-0.08067524,0.34460253,-0.31633973,-0.049981605,-0.617776,0.5669069,-0.24614635,-0.7730785,-0.27286926,0.34746012,0.027754217,-0.018649932,0.120901816,0.17658189,0.022154542,-0.015916701,0.10280151,0.10111799,0.09395875,-0.044084497,0.31420836,-0.21908712,-0.31266388,-0.16353354,-0.013926746,-0.15417507,-0.6228463,0.08324847,-0.13280971,-0.7414826,0.43222645,-0.23734127,-0.3243898,-0.58210236,0.1931123,-0.11599121,0.098440796,0.0067064166,-0.059416432,0.08480782,0.19520412,0.39339408,-0.0027774945,0.29167703,0.099181525,-0.2204612,0.24706301,0.17480534,0.09079951,0.24738705,-0.06441938,-0.034597192,0.20179717,0.28631586,0.24175516,-0.10472493,-0.14574355,0.21885437,-0.17244738,-0.082475334,0.04850811,0.36983368,-0.11070012,1,1,0,Peripheral,0.017737866949320866
195,7,0.017543859649122806,0.006306422111909241,0.24330489144208833,0.015694455475154436,0.09523809523809523,3,0.012558247360458942,500.73622210770566,0.32142857142857145,8,0.0,0,0.05689053173528696,12,10,2.4166666666666665,2,0,6,4,-0.18987617,0.14504352,-0.20613901,-0.078425765,0.2733639,-0.15495475,0.16725595,-0.23343657,-0.18536381,-0.022438532,0.11179997,0.24667303,-0.5399262,-0.40933645,0.24701573,0.0014959427,-0.24916744,-0.47660106,-0.37269062,0.035032485,-0.023921916,0.13184996,-0.15133567,-0.42611444,-0.2541975,0.13751745,-0.086099364,0.10204624,0.10441832,-0.18387976,0.10545441,0.26471466,-0.0850392,0.02872489,-0.0141972825,-0.036984444,-0.42898193,-0.012302786,-0.3363495,-0.08528422,0.35127953,0.30283305,0.52196074,0.019646352,-0.11586884,-0.33091336,-0.3252565,-0.4226191,-0.013343859,-0.08325528,0.17079417,0.17599636,0.32806072,-0.43590856,-0.04755781,-0.06143394,0.2521817,-0.017554885,0.22498316,0.110539086,-0.0028301498,-0.03734,0.23301779,0.07454085,0.054659788,0.0430618,0.1382452,-0.0024195379,-0.22049539,-0.10764153,-0.14578329,0.04882978,-0.30238393,0.18613917,0.23836054,-0.072452895,-0.31792986,0.19326705,-0.059707288,-0.03992795,-0.04530779,0.0403202,-0.039489314,0.12068102,-0.01632079,0.42007253,0.31744334,-0.08122413,0.15602586,0.0055839997,-0.29543513,-0.003055338,-0.04769644,0.22353223,-0.30524373,0.23071979,0.123039275,0.18015449,-0.11639519,-0.28942314,-0.25852823,0.024410717,-0.19214782,0.30121356,0.10475696,-0.30226037,0.21773574,0.43588686,0.62564784,0.1375594,0.24958724,0.36092767,0.38545126,0.18171957,0.14920399,-0.0975172,0.2370773,-0.20649475,-0.017013954,-0.09720145,0.20025422,-0.03621834,0.33218056,0.06740518,-0.061590247,0.0025443914,-0.0736032,-0.1933825,1,2,0,Peripheral,0.03902930394775648
196,2,0.005012531328320802,0.00013014109813898233,0.2096914332312382,0.002676255785897884,0.0,2,0.00024086598405561642,10.333333333333336,0.6666666666666666,3,0.0,0,-0.6706518452640555,6,3,1.6666666666666667,0,1,0,5,-0.37714463,0.26814154,-0.47054595,0.0014154027,0.019986264,-0.32034066,-0.122700475,-0.38694537,-0.0975489,-0.031236248,0.134613,0.020285083,-0.46882474,-0.6441493,0.22254232,0.16632,-0.04443324,-0.51213163,-0.04533048,0.05484,-0.15605877,0.1913911,-0.28783327,-0.6868192,-0.058731277,0.23709376,-0.611271,0.19781192,0.29811645,-0.08489535,0.06378654,0.32143626,0.16642886,-0.15234561,-0.16241074,0.015511679,-0.47717884,-0.23827247,-0.13362879,0.02540323,0.43484437,0.22079708,0.10092246,0.1141989,-0.3421738,-0.031426374,-0.3531825,-0.13769487,0.09021274,-0.2463979,0.15345758,0.1347541,0.38537198,-0.3246302,0.036803596,-0.015829967,0.23464221,-0.1098677,0.10315116,0.06271239,-0.2994082,-0.013814782,0.5579899,0.15898004,0.1448498,-0.009757787,0.22035073,-0.13598467,-0.048820555,-0.4254041,0.06871626,-0.14672148,-0.10015542,-0.13656472,0.3291973,0.13506904,-0.11364893,0.18988858,-0.16480453,-0.13903902,-0.062912054,0.17183252,-0.10298672,0.27582002,-0.0919467,0.40426743,0.37116304,-0.17310643,-0.005146401,-0.39095056,-0.22641388,0.25664678,-0.37743756,0.0076243235,-0.30086517,0.21495146,-0.0002758362,0.2431379,-0.23556098,-0.0760012,-0.38314188,-0.21066618,-0.04443686,0.1307351,0.22980979,-0.30810416,0.2461164,0.13958436,0.73519987,0.16239116,0.32942042,0.25410604,0.39046404,-0.17625846,0.4688779,0.07295962,0.05691212,-0.3738202,-0.12895603,-0.09376006,0.52896863,0.23414874,0.30048862,0.1605391,-0.11573108,-0.07947561,-0.19269857,-0.14641075,0,0,0,Peripheral,0.010450817992755435
197,12,0.03007518796992481,0.0066928831052460655,0.28025196727798785,0.07004272851888119,0.06060606060606061,9,0.004057506584618393,531.4216114396429,0.20512820512820512,13,0.0,0,0.7844329087346295,16,7,2.4375,4,11,1,0,-0.11316412,-0.030934557,0.16646002,0.16180433,0.21316917,0.13872121,-0.062431592,-0.35762224,0.17285082,0.07489836,0.084720716,-0.10175913,0.013387303,-0.016777603,-0.1619613,0.07351143,-0.37782937,0.022192944,-0.16150682,0.17693615,-0.2879372,0.22078474,-0.21230929,-0.24917923,-0.26613465,-0.078070864,0.17800827,0.21064363,0.041907057,0.12170082,0.123626225,0.12072879,-0.010760489,-0.22102775,-0.101788126,0.38427413,-0.04181852,-0.21191324,-0.07253826,-0.026658408,0.048779983,0.116417736,0.004931063,-0.034536004,-0.06364928,0.17946434,-0.2385858,-0.12858813,0.035122573,0.13347666,0.3007274,0.3002805,0.121673815,-0.25484726,-0.13103172,0.04773045,0.0591631,-0.14633213,0.13413252,2.7717942e-06,-0.13037196,0.05648943,0.3659953,-0.056134082,0.29094052,-0.12671852,0.084071375,0.1480685,0.012726964,-0.19295965,0.020936994,-0.17844518,-0.22221912,-0.014130008,-0.17024896,0.0030743983,0.06516357,0.14115854,-0.10115537,-0.09387987,-0.020041546,-0.10124206,0.0039275973,0.03374523,0.16949655,0.2384381,-0.087019905,-0.14528653,-0.0922397,-0.1416812,-0.049987167,0.02553845,0.10823224,-0.008573759,-0.32689863,0.11711744,-0.06339694,-0.17418456,-0.009243676,0.052010283,-0.018835437,0.059965376,-0.1791283,0.18736076,0.05206336,0.07246313,-0.01833591,0.11489627,0.4600815,0.1296456,0.16109942,0.09272137,-0.009959901,0.096982785,0.014109589,0.067064434,0.22035015,-0.1956635,-0.13154098,0.022100361,-0.0070021152,0.036331926,0.11817693,-0.23863482,-0.21037124,-0.09225368,0.04046608,-0.06673861,0,0,0,Broker,0.745791387753175
198,2,0.005012531328320802,9.214829368227941e-05,0.20942103808845128,0.002501914556024982,0.0,2,0.00013593097763952037,7.316666666666666,0.6666666666666666,3,0.0,0,-0.6706518452640555,10,8,2.0,0,2,2,6,-0.711816,0.29104474,-0.33059335,-0.025113635,0.04703912,-0.25773925,-0.11995935,-0.33930206,-0.3565143,-0.16882071,-0.00657462,-0.0800659,0.042621434,-0.3843114,0.4411525,-0.015072113,-0.11766118,-0.22790092,0.06637172,0.22002333,-0.0058899214,0.40193683,-0.58355147,-0.53272384,-0.31165603,0.41062278,-0.8020366,-0.027354708,0.31518424,0.16332202,-0.072023965,0.16192792,0.04284371,-0.32293957,0.18642256,0.36272252,0.1963558,-0.50989085,-0.02860927,-0.48849076,0.5497484,-0.0657797,0.013386229,-0.17164734,-0.1024816,0.23474082,-0.054684654,-0.43000516,-0.1743417,-0.01681625,0.109803945,0.026130883,0.28147763,-0.23365204,-0.26252198,-0.17441137,0.074165724,-0.24212012,-0.07032639,-0.5227884,-0.48371178,0.1717258,0.4253854,-0.014285349,0.11797324,-0.2084737,-0.40228972,-0.14453521,0.2742238,-0.07599375,0.052040026,-0.07146291,-0.46856073,-0.19631381,-0.069288015,0.1642798,0.270669,-0.01640577,0.026880957,-0.12607192,-0.10743015,0.17202003,-0.4420954,0.18139528,0.17024086,0.30131802,0.27848828,-0.22479069,-0.10339284,-0.3725493,0.29591894,0.16529915,-0.12056865,-0.09787546,0.07009984,0.058183864,0.11018238,0.020433394,-0.22741656,-0.29939932,-0.35287187,-0.030924097,-0.17471342,0.061323274,0.19176896,0.049847636,0.27712333,-0.05901002,0.5361985,-0.039368268,0.13587278,0.17677091,-0.020706428,-0.1388689,-0.10752529,-0.0473799,-0.030823436,0.036660474,0.040287655,0.07746482,0.4164041,-0.17548388,0.197375,0.028851114,-0.3283087,0.023812646,0.08881029,-0.25359932,0,0,0,Peripheral,0.01041407856052232
199,0,0.0,0.0,0.0,7.590317288714358e-60,0.0,0,0.0,0.0,0.0,1,0.0,0,0.0,11,5,2.5454545454545454,0,1,0,10,-0.003344005,0.0014589867,0.0073328605,-0.006249749,0.0072576674,-0.0011505932,0.0018572947,-0.0046205735,0.00062209275,-0.0048949895,-0.0028198203,-0.003061762,0.0049228566,0.0045265993,0.0056348573,0.0052611344,-0.0040569613,0.005406906,-0.002828016,-0.006362632,-0.005904096,0.00014766399,0.002755139,2.8841197e-05,-0.006052887,-0.006842437,-0.0010327967,0.0047738906,0.0042839395,-0.0015023965,-0.0047714952,0.0014311988,0.0044578454,-0.0074136397,-0.0046301,-0.0067030564,-0.002327931,0.00088471454,-0.0005421052,0.004925943,-0.0075077983,-0.0015759096,-0.0019553918,0.005240294,-0.00010751281,-0.007060376,-0.0023231572,0.0068960087,0.0019164262,0.0008344883,-0.005375359,0.005321134,-0.005583385,-0.0028750757,0.0042116754,-0.00535764,0.001336392,-0.0020282753,-0.007076187,0.0024043508,0.0054831784,-0.0035662726,0.0031920178,-0.005825892,0.0034295795,0.0028761588,-0.0041119875,-0.005810445,-0.004017422,0.006437433,-7.474236e-05,-0.00696487,-0.007332434,0.004850055,0.0018702764,0.003373566,-0.0049210554,-0.003720048,0.0063146455,-0.00072546396,-0.006682869,0.0030084662,-0.0021658456,0.0013402477,0.0075897016,0.0017086491,-0.00074874423,-0.00414934,0.0014990559,-0.00085537974,-0.006330748,-0.004133202,-0.004377758,0.004988716,0.0061934376,0.007222049,0.0013723243,-0.007761413,0.0020480705,0.004404478,-0.00554436,0.0019393889,0.0022209175,0.0047831694,-0.0023041898,0.00032099336,0.0005365992,0.0039750794,-0.00421492,0.0066771246,0.0026278272,-0.0016079824,-0.0033599483,0.0012284731,0.0043007256,0.00077897124,0.0065838248,-0.0024556983,-0.0003674617,-0.00019673258,-0.002917963,0.006684712,0.0037422078,0.0013062591,0.0063377675,-0.003641731,0.0007120576,-0.006782403,0,0,0,Peripheral,0.0
200,2,0.005012531328320802,0.0007632976841407924,0.2058377883873181,0.001768671178841824,0.0,2,0.0005311843814035222,60.60659941846306,0.6666666666666666,3,0.0,0,-0.6706518452640555,7,5,2.0,0,0,2,5,-0.3573327,-0.43034834,-0.122984014,0.0019802407,0.3672766,0.45274395,0.0031731839,-0.41354284,-0.21123703,-0.18997835,-0.03611641,-0.2735086,-0.077743605,0.045772973,0.3220661,-0.15070118,0.18237664,-0.18928456,-0.08684576,0.4487021,0.015950417,0.6090093,0.05616885,-0.38717398,-0.054313663,0.18724482,-0.039132215,0.31775287,-0.06276393,0.22231299,0.101825505,0.009946983,-0.23413008,-0.11669288,0.057720996,0.120163396,-0.19808713,-0.03867706,0.10514311,-0.09498956,-0.14396153,0.47577143,0.32815653,-0.37979892,0.19372159,-0.027488425,-0.37203848,-0.59685856,0.15492485,-0.010940693,0.11401898,0.043217856,-0.27789778,-0.260821,-0.36703518,-0.09122972,0.5321782,-0.009069643,-0.049840465,0.08831425,-0.09354777,-0.27061,0.19969067,-0.21230917,-0.2894314,0.031606022,0.44426474,-0.12062855,-0.09020757,0.2322633,0.3593936,-0.17548737,-0.27929732,-0.05391044,-0.49661523,-0.23777217,-0.11095247,0.102172665,-0.20915635,0.47242874,0.17195141,0.019298097,-0.37671146,0.44722554,0.36671922,0.69408745,-0.10725991,-0.28859633,-0.054758463,0.025152346,-0.083945125,0.4621479,-0.09527378,0.25881645,0.011226732,-0.039069008,0.15959565,-0.31833893,-0.44629335,0.039331924,-0.19679923,-0.0091128405,-0.34611934,0.39939886,0.22370353,-0.25731012,0.06700957,0.35176888,0.5715122,-0.2897672,0.028595854,0.19269471,-0.09816243,-0.15360913,-0.15270934,-0.3849739,0.1077237,-0.15306912,0.028174985,0.20717701,0.09136419,-0.2309872,0.35367072,-0.25008628,0.34302774,-0.25745356,0.2878832,-0.18443915,0,0,0,Peripheral,0.010467297230078583
201,4,0.010025062656641603,3.295419995200985e-05,0.21755661759892028,0.0064948796164658994,0.0,4,0.0004078341415402661,2.616596430389534,0.4,5,0.0,0,-0.37963489446431853,12,6,2.25,0,1,4,7,-0.1285694,-0.047566865,-0.23086509,-0.28559935,0.1928561,0.34092674,-0.30333957,-0.32097426,0.07202593,-0.026318753,0.08845214,-0.5017714,-0.08027206,-0.06630496,0.14142986,0.56379783,-0.35775554,-0.27950278,0.034025975,0.251017,0.054270156,0.037909467,-0.017419409,0.11369207,-0.026711758,-0.13763745,-0.3068229,0.5858191,0.02514837,-0.1720809,0.50623286,0.26146692,-0.26351753,-0.1810302,-0.20728043,0.15865655,0.015678063,0.28319463,-0.22808868,0.13884154,0.2762635,-0.06490517,-0.16086051,-0.20257771,0.26110035,-0.056851536,-0.21012358,0.09822397,-0.15364979,0.086794846,-0.12339384,-0.19428678,-0.0038471187,0.014047558,-0.3776113,0.102814026,0.23676516,0.419223,0.2511031,-0.41358665,-0.048034847,0.008168871,0.18675536,-0.026830744,0.75403863,0.1531492,0.14782423,0.39043003,0.32772723,-0.076575376,-0.021187346,-0.0128587475,-0.29516765,0.17597155,-0.15901193,-0.19712287,0.15151456,-0.2308293,-0.23991622,-0.31265685,-0.16374992,0.26853898,0.044164192,0.1903875,0.7253345,0.36559552,0.2115726,-0.25738573,-0.22607863,-0.16068846,0.17050214,-0.1557114,-0.05149213,0.10002347,-0.062987834,0.48339504,-0.30832064,-0.07918065,-0.25220826,0.32183143,-0.0056570335,-0.3328665,-0.043054357,0.65742886,0.049805317,0.08947339,0.19103675,0.20554814,0.33738437,0.19537161,0.18316565,0.3045532,0.50483775,-0.12466212,0.09914867,-0.25420386,0.12727733,-0.13675414,0.022167731,-0.051802285,-0.16344303,-0.10143509,0.12869318,-0.09239549,0.072497904,0.3908483,-0.35313872,-0.37297884,0,0,0,Peripheral,0.021023300364228507
202,6,0.015037593984962405,0.0005556708077749693,0.21468078656654857,0.007387885921206084,0.06666666666666667,4,0.0009386218960759899,44.12081780814034,0.3333333333333333,7,0.0,0,-0.08861794366458153,6,5,3.0,0,1,3,2,-0.10790936,-0.28661582,0.14784457,0.24147333,0.41233432,0.38743842,-0.0074593658,-0.1979043,0.22436136,-0.056122057,-0.2565766,-0.40116054,0.20994672,-0.16012718,0.017400905,0.13139525,-0.097160436,-0.12520383,-0.37186947,0.0047343946,-0.4050055,-0.24353562,-0.12127081,-0.49131745,-0.14203307,-0.3420276,0.06108716,0.12811296,-0.15876283,0.25966513,-0.019241625,0.26981688,0.12340385,0.10181875,-0.32205194,0.39266452,-0.11209507,0.10272701,-0.17950779,0.1831395,0.17569064,0.0629984,-0.21918909,0.02055127,0.26262698,0.35003242,-0.2605339,-0.12799346,0.1286121,0.0021955408,-0.01080659,0.10449981,-0.29573917,-0.3134469,-0.17464416,-0.18060614,-0.15691744,0.108536035,0.44322854,-0.009386341,-0.174184,0.36320272,0.49780506,0.13699993,0.4954451,-0.15762514,0.028853064,-0.18006733,0.09649939,-0.25502333,0.06881279,-0.19941047,-0.8240572,-0.06957611,-0.4439688,0.15939379,0.049272567,0.08301375,-0.16446109,-0.17312294,0.28837705,0.1282082,0.15560289,0.40304792,0.29926598,0.43382856,-0.13228853,0.28984168,-0.13000771,0.22539914,0.12781386,0.1441699,0.13886213,0.2971867,-0.22661869,0.5028641,-0.021574514,0.12790065,-0.46407756,0.0891846,-0.17069857,0.054360814,-0.51319283,0.4496247,0.016631166,0.14045641,-0.3276219,-0.28888494,0.32297692,-0.069752246,0.61428815,0.10910465,0.27956834,-0.15511231,0.1848237,-0.08830991,-0.077660754,0.068318725,-0.009011996,-0.13326213,0.033935145,-0.21872652,-0.003697599,-0.2466409,0.07423727,-0.38649458,-0.43472436,-0.27000657,0,0,0,Peripheral,0.025043557048419745
203,3,0.007518796992481203,0.0004123229280972886,0.20821283979178715,0.0019578120238576938,0.0,3,0.00023267158767286978,32.73885281385281,0.5,4,0.0,0,-0.525143369864187,7,5,2.4285714285714284,0,0,3,4,-0.3887932,0.0871634,-0.1348408,0.33316875,0.69102526,-0.079928316,-0.2246503,-0.41416398,-0.039013613,0.28678933,0.26045614,-0.15293384,-0.07407788,0.16533385,-0.029548682,0.24332765,0.17554003,-0.23927283,0.30956212,0.12138129,0.05961687,0.24830368,-0.26195955,-0.061053544,0.34293917,0.09635609,-0.2800251,-0.24880962,-0.06727295,0.04575791,0.07453066,0.35881662,0.105020255,-0.4830951,0.29672432,0.5447308,0.4579248,-0.16205391,-0.29282963,0.25972664,-0.08554479,0.30829582,0.2809324,-0.20281446,-0.17508759,-0.13975982,-0.5130011,-0.46432012,-0.31531942,-0.11733552,0.055737585,0.6413506,-0.08985679,-0.43177563,-0.45767894,-0.42242116,-0.03191624,-0.045314435,0.20596841,-0.19903786,-0.4953917,0.1715777,-0.006438608,-0.19163108,0.41447827,0.15840031,-0.077245146,0.3364168,-0.06687391,-0.50262046,0.13490415,-0.2982317,-0.31302866,0.41877365,-0.34220862,0.10047849,0.17486429,0.0070713954,-0.43523288,-0.20991912,-0.6259544,0.2884385,0.21200415,0.16946961,0.2952505,0.43654796,0.1317576,-0.05165141,0.3269531,-0.039023306,0.07627311,0.2813723,-0.03379415,0.008934107,-0.203577,0.2359045,0.032999605,-0.15657844,-0.17921062,-0.09410085,-0.13264509,-0.122904085,0.07049473,0.3221029,-0.099339366,0.1439884,-0.008658157,0.16749948,0.2978749,0.08751828,-0.15601344,-0.22103927,-0.13921075,-0.5092603,0.1520053,-0.010982517,0.2926066,-0.039562445,-0.1493911,-0.09577059,0.23527738,-0.28633344,0.5276132,0.05175968,0.3652654,-0.15323386,-0.02687018,0.0075181318,0,0,0,Peripheral,0.015409162479188492
204,10,0.02506265664160401,0.007271800467075945,0.2619451855445064,0.03075587425892149,0.13333333333333333,5,0.012121159329473106,577.3882288862972,0.2909090909090909,11,0.0,0,0.49341595793489246,11,8,2.727272727272727,3,2,3,3,-0.2764187,0.07064265,-0.08949334,-0.18830691,0.35997653,0.22559059,0.012060696,-0.2750058,-0.10996149,-0.01779662,0.107389584,-0.35514677,-0.13706024,-0.16323204,0.12908438,0.13995665,-0.19416186,-0.067953125,-0.17454761,0.064968996,-0.0824405,0.041878507,-0.18431336,-0.3034574,-0.22612202,-0.0027680686,-0.31944266,0.29711205,-0.0405696,-0.09428072,0.11834777,0.25377652,0.09766508,-0.17896038,0.11930991,0.19467787,0.19099487,-0.023939498,-0.37591898,-0.22078633,-0.027751973,0.09135177,-0.17636599,-0.09772961,-0.06652258,-0.15001479,-0.20246342,-0.28846666,0.0033691076,0.012901104,0.18368761,0.29591763,-0.19328417,0.09749149,0.039082326,-0.044846594,0.11856271,0.42434847,-0.03543802,-0.28244975,-0.327604,0.024948677,0.12410888,-0.32690996,0.5678017,0.13959771,0.012136375,-0.1619587,0.015847405,-0.23348413,-0.096242554,-0.07271083,-0.37564173,0.31614605,-0.101932205,-0.15081508,-0.027491162,0.2494736,0.086255714,-0.09219921,-0.14137039,-0.05018869,-0.009318024,0.3599767,0.4687527,0.04013492,-0.0009038369,0.11817672,-0.1414623,-0.09516707,-0.10666494,-0.117192425,-0.031403195,-0.22609204,0.1019493,0.21507844,-0.07636478,-0.039227527,-0.21019632,0.18292782,0.14098474,-0.10841369,0.083015986,0.44906026,0.19791926,-0.017587664,0.25307456,0.21677963,0.33503515,0.048458256,0.37139,0.34871337,0.016507618,-0.2933272,0.058006503,-0.23877628,0.3201115,-0.10899149,0.09044339,-0.13357815,-0.09836407,0.1121557,0.30232838,-0.09151975,0.124359064,0.03053213,-0.096873604,-0.07808787,0,0,0,Enabler,0.25140906905245686
205,2,0.005012531328320802,3.739664949638501e-05,0.20794624204557488,0.002360764499930018,0.0,2,9.647930635178776e-05,2.969331366662466,0.6666666666666666,3,0.0,0,-0.6706518452640555,13,7,2.4615384615384617,0,4,5,4,-0.21266711,0.09306043,-0.062931985,-0.027899165,0.42578772,0.12418093,0.13988279,-0.3549988,-0.038248125,0.18834732,0.3349652,-0.23136362,-0.3176071,-0.023865696,0.22796527,0.25337875,-0.029872227,-0.4114729,0.09223433,0.20125371,-0.434139,-0.12461965,-0.108194925,-0.09820152,0.11532396,-0.041253515,-0.5427359,0.34590316,-0.40505025,-0.13397232,-0.044689994,0.49328005,0.3914434,-0.31601238,0.22343686,-0.0017672343,0.41958323,0.07247084,-0.3408179,-0.16385378,-0.24130988,0.028066868,0.24798334,-0.16603208,-0.05284018,0.044418395,-0.33485895,0.08665465,0.08675186,-0.09446335,0.37976298,0.6329335,-0.14507711,-0.26982793,-0.20208776,-0.41754517,0.072947346,0.3096965,0.21583107,-0.3166197,-0.50220805,0.27888447,0.22083616,-0.30499613,0.75817245,0.23482624,0.02809749,0.19983171,0.058640365,-0.7051612,-0.19114381,-0.19129914,-0.11922128,0.45781556,-0.32237095,-0.16443697,0.3099579,-0.0068169613,0.19426352,0.16790947,-0.41571495,0.19523901,0.5069628,0.2420637,0.5496547,0.1547375,-0.16533796,-0.17351861,0.1751165,-0.08801282,0.044590812,0.13460019,0.13218789,-0.21950802,-0.00034304822,0.03686499,-0.23161456,-0.32195434,-0.11218786,0.09554774,0.35977015,-0.030741638,0.29187095,0.7418594,-0.1076917,-0.100172095,0.21679036,0.09821984,0.37430796,-0.07415129,0.11946775,0.42903543,0.15115424,-0.4668785,0.26154968,-0.036317352,0.24439646,-0.1658402,-0.03786374,-0.17973739,-0.15887648,-0.09899715,0.24871042,0.040565193,0.17155002,0.30215466,0.031818595,-0.03280851,0,0,0,Peripheral,0.01037833555048662
206,4,0.010025062656641603,0.0008145946380437057,0.21453898948163008,0.004505425922507509,0.0,3,0.0006188424952199965,64.67962885530828,0.4,5,0.0,0,-0.37963489446431853,11,7,2.8181818181818183,0,1,3,7,-0.4512761,-0.00857352,0.17728895,0.016526643,0.19704147,-0.10918752,-0.0002687628,-0.45463052,-0.13112178,-0.16013859,-0.23819713,-0.00230054,0.14921373,-0.052331906,0.5067746,-0.29363537,-0.33596155,-0.29588407,-0.19550765,0.3045584,0.012986228,0.2897687,-0.32124636,-0.33487937,-0.52597415,-0.3033716,-0.5572057,-0.17090519,0.31997263,0.18982477,-0.041001435,-0.08088967,0.09818105,-0.38803464,-0.17922445,0.52591354,-0.16394666,0.016650949,-0.021715075,-0.46260598,0.032670144,0.10441159,-0.0005029293,-0.019086698,-0.042501036,0.5703322,-0.13750657,-0.18523312,-0.36468747,-0.015361959,-0.12424963,0.1878989,0.06950527,-0.11972027,-0.20425116,-0.19070464,0.013366519,-0.31039926,0.120744556,-0.7417078,-0.28598976,0.44946164,0.58407617,-0.0073239137,0.62112015,-0.1976944,-0.2150557,0.12419271,0.13836169,0.02302942,0.4082034,-0.09333631,-0.42732581,-0.24474818,-0.2919671,0.2750695,-0.15090755,0.1671201,-0.5463134,-0.07925794,0.11669779,-0.098519854,-0.5324089,0.22410035,0.19709627,0.24343981,0.14118497,-0.4128844,-0.12477649,-0.025618736,0.08712647,0.09743774,0.30913866,-0.110317566,-0.16512199,0.07141589,0.022010652,-0.0025906165,-0.26238483,-0.1279729,-0.049609013,0.16126375,0.04495535,0.13835485,0.05125345,0.08438507,-0.2917631,-0.004915002,0.4530133,0.34131715,0.27235976,0.14105351,-0.109767705,-0.43256992,0.2460631,0.09287462,-0.22169445,0.09443197,0.27254546,0.16746351,-0.19559436,-0.28062376,0.07065372,-0.08897836,-0.0627547,-0.29914823,0.0065041506,-0.10676198,0,0,0,Peripheral,0.017782821822883123
207,24,0.06015037593984962,0.022633958519230758,0.2944805349729719,0.11175384628390062,0.010869565217391304,10,0.022697261848675893,1797.1589403854414,0.09,25,0.15972222222222232,2,2.239517662733314,13,5,2.6153846153846154,12,1,0,0,-0.160787,-0.039542325,-0.20920174,0.0071460386,0.3159843,0.0023560962,-0.04237923,-0.10572882,0.010041519,-0.09454945,0.0003227064,-0.02897095,-0.004891645,-0.04459702,-0.046657823,0.18279077,-0.13279155,-0.20555532,-0.17564653,0.13385253,-0.15408573,-0.022309074,-0.06669488,-0.17746717,-0.2079238,0.0017437141,-0.10173212,0.0012906669,-0.020087272,0.027921868,0.29743433,0.29130474,-0.0449533,-0.20513336,0.012508266,0.22350277,-0.025689809,-0.01964995,-0.01062535,-0.17540398,0.0062984177,-0.07351043,-0.0062144166,-0.09568761,-0.1747788,-0.1610485,-0.46877438,-0.28394556,0.042444605,-0.040643997,0.13205346,0.15347849,0.08570524,-0.016366238,-0.08796042,-0.11121025,0.057004727,0.14848204,-0.12820518,-0.054429717,-0.1361456,0.19311628,0.24970531,0.18294637,0.19258171,-0.06971797,-0.12318103,-0.18727899,0.08738945,-0.12800197,0.2470132,-0.20932382,-0.40859672,0.027384223,0.11577716,-0.058617298,-0.19426808,0.09718573,0.26590255,0.06416547,-0.09103296,-0.14895102,-0.06388391,0.12531911,0.25596574,0.30264965,0.037057653,0.01319214,0.010602622,-0.24183294,-0.028120102,-0.033831686,0.009764298,0.007340607,0.09198403,0.26878092,-0.063935526,-0.20683412,-0.09482287,-0.08825744,-0.13314049,0.10069389,-0.22004847,0.36210963,0.038851637,-0.11633974,0.08585893,0.041644584,0.3042075,0.2106242,0.12476689,0.12067939,0.06932205,0.11627613,0.02949712,0.085145034,-0.09085324,-0.06965241,-0.10363181,0.017591698,0.069101416,-0.040022254,0.065582044,-0.054863896,0.035314098,-0.20882986,-0.04268632,-0.004522621,0,0,0,Peripheral,0.10562121816925624
208,4,0.010025062656641603,0.001351420540915769,0.21553552095234768,0.005298692844648578,0.0,4,0.0007832534278202467,107.30414236925297,0.4,5,0.0,0,-0.37963489446431853,8,6,2.0,0,1,2,5,-0.15160601,0.13977444,-0.17015167,-0.005647083,0.5281392,0.17966731,-0.36994338,-0.5310349,0.22134893,0.10054531,0.09621056,0.059548397,-0.27864268,0.2619427,0.06956715,-0.14091823,0.07807995,-0.7244665,0.16307242,0.087726496,-0.014499846,0.012493441,0.1223468,0.26396984,0.073984705,0.0330187,-0.020450903,0.14370075,-0.39985722,0.105657145,0.17859122,0.36171913,-0.21237509,0.05218663,0.22707263,0.8908734,-0.069989555,-0.0067478996,-0.05450604,-0.06032522,-0.18328243,0.25270265,0.24290675,-0.15424311,-0.43999344,-0.2929406,-0.49545038,-0.36442426,-0.1179358,0.04782364,0.17047644,-0.18792865,-0.11228486,-0.1811348,-0.26813722,0.0011512038,0.23212273,0.0686929,-0.036120012,-0.44608107,0.24533078,0.15331693,0.2880213,-0.2101022,0.23616846,0.2621975,-0.091058545,-0.013135745,0.049442567,-0.09730873,-0.09232551,-0.23257889,-0.34078884,-0.019640958,-0.18976703,0.048457954,-0.14154302,-0.2345903,-0.06483785,-0.30947652,-0.13799709,0.37422466,-0.045639936,-0.008904239,0.14800243,0.50622505,0.61974907,0.12123452,-0.48086986,-0.08023384,0.0376836,0.1411308,0.20489614,-0.1969378,-0.18434025,0.46841067,-0.2582989,-0.38897166,-0.27241862,0.04404919,0.55096674,-0.35183504,0.008529432,0.2556173,0.12196264,0.101689346,0.19240344,0.10533235,0.30326873,-0.044779584,0.021245077,-0.10857655,0.36173832,-0.6634176,-0.09004196,-0.13898653,0.06762946,0.029752139,-0.20548205,-0.05892093,0.52391493,-0.60315114,0.4364911,-0.16830043,0.21743026,0.081919394,-0.1407442,0.0044903774,0,0,0,Peripheral,0.02116601437436326
209,9,0.022556390977443608,0.02007190229404658,0.25778732545649835,0.024392221243976348,0.08333333333333333,4,0.009905873185596782,1593.7291140495927,0.26666666666666666,10,0.0,0,0.34790748253502396,21,10,2.761904761904762,5,1,11,4,0.0018933759,-0.034030546,0.14947085,0.29128754,0.18261564,0.25218087,-0.007006689,-0.25519386,-0.20111102,0.0045093666,-0.38003474,-0.082594335,0.31037432,0.060785696,-0.03485139,-0.08028415,-0.33376762,-0.30419296,-0.049549464,-0.20839693,-0.28240788,0.06695811,0.021857524,-0.16011715,-0.07469229,-0.07274318,0.07730435,0.074133225,0.08955356,-0.04335317,0.3562058,0.49014792,0.034251243,-0.2960377,-0.18038481,0.3790087,-0.050763868,0.10295021,-0.07863729,-0.01701643,-0.0749656,0.06196265,0.060913563,-0.16078909,0.28702205,0.2780205,-0.5539504,-0.17079233,0.1304733,0.062331967,0.09455791,0.016989125,0.1505708,-0.13195713,-0.18276297,0.021170836,0.23883043,-0.05707984,0.35486895,-0.08146967,0.017985433,0.06215938,0.5819717,0.024731705,0.36350763,0.0338464,0.11494893,0.18031682,0.082634516,0.01904277,-0.23925959,-0.1966465,-0.4231449,0.05459959,-0.28138366,0.22048683,0.07815937,0.106776096,-0.016307509,-0.17157781,0.027991818,-0.040215276,0.19559889,0.22865774,0.23559074,0.31627482,-0.09686006,-0.2680946,-0.1729506,-0.06115055,-0.008475858,-0.02263218,0.26404625,-0.2778628,-0.17882752,0.30995265,-0.05842964,-0.28128132,0.083188824,0.15396546,-0.3239008,-0.07517343,-0.1615488,0.042291716,0.19140357,-0.14843671,0.01527313,-0.06948009,0.21612364,0.21003713,0.48611516,-0.2929002,0.3929962,-0.20413299,0.013186189,0.020297918,-0.005823496,-0.09256417,-0.0046035107,-0.21043913,-0.08537841,0.0016671664,0.11864191,0.012410978,0.03219464,-0.41729704,0.22476207,-0.18449056,1,1,0,Enabler,0.3109258532030216
210,8,0.020050125313283207,0.005787110712342141,0.228902064887377,0.016186701273056207,0.0,4,0.005801472864040754,459.5023776706783,0.2222222222222222,9,0.0,0,0.20239900713515546,17,9,2.6470588235294117,5,1,10,1,-0.31472296,-0.11559999,-0.54228294,-0.012509541,0.34428644,-0.07595923,-0.02882725,-0.16282102,-0.057544135,0.11038953,0.058909517,-0.27518004,-0.11834419,0.09319398,-0.16604166,0.049641464,-0.077959,-0.28778782,-0.2626259,-0.0105319545,-0.009748362,0.22882032,-0.11609138,-0.26091,-0.031775076,0.20794336,-0.01134238,0.4113472,-0.44898015,0.1197383,0.31819406,0.054557055,0.02818131,-0.35812673,0.05935079,0.5381375,-0.2620241,-0.2193493,0.0075695273,-0.42067793,-0.048251778,0.23414549,-0.07151992,-0.073275335,-0.09661109,-0.2796775,0.02200413,-0.3462884,-0.16017587,0.06899086,0.5062483,-0.018492913,-0.0031708765,0.24951632,-0.40133798,-0.036198825,0.23340194,0.10880263,-0.27403262,-0.14096178,0.1545999,0.1621586,0.17657551,0.31800917,-0.060198013,0.32969305,0.2643324,-0.15724143,0.027619861,0.24971376,0.3618523,-0.3873971,-0.75178987,-0.038465757,-0.16525637,0.111043885,0.20200507,-0.18001898,-0.018637255,-0.09317704,-0.16064547,0.36960247,0.21211821,0.11835646,0.25628966,0.33509254,0.492895,-0.12940395,-0.2982696,0.0027064031,-0.14327353,0.14565869,0.26013067,-0.07144763,-0.22937976,0.27982435,-0.22941618,-0.13155267,-0.11537995,0.40348104,-0.08258922,0.07788853,-0.11796141,0.23794967,0.00021950857,0.178031,0.46442378,0.09203072,0.28519088,-0.103736535,-0.18770179,0.1312423,0.4012819,-0.2472456,-0.07007618,-0.010625297,-0.28174543,-0.31563798,0.12533887,0.1851229,0.0763465,-0.40715846,0.13799782,-0.20453918,-0.08346666,-0.06282271,0.29981133,-0.20805585,0,0,0,Enabler,0.1930150741661085
211,13,0.03258145363408521,0.004013249156469648,0.28025196727798785,0.07767053740608046,0.038461538461538464,10,0.003369610877306682,318.6559962728465,0.17582417582417584,14,0.0,0,0.9299413841344979,8,6,2.875,2,6,0,0,0.07622909,-0.13398087,-0.0862909,0.08345434,0.30155483,0.011049074,-0.029260987,-0.31662112,-0.02526544,-0.006147829,-0.0027214403,-0.106935956,-0.063789405,0.041837025,0.06214702,0.07668942,-0.2163702,-0.2772437,-0.24455516,0.17416151,-0.09743743,0.09051581,-0.092401214,-0.0706781,-0.17554921,0.049992386,-0.24003476,0.2238119,0.027304923,0.053847373,0.17812812,0.2958899,-0.22098124,-0.14948447,-0.09984809,0.22421704,0.04594155,-0.07495009,-0.20203678,0.09804431,0.19140843,-0.099969715,0.15640469,-0.11083988,-0.029665042,-0.051254656,-0.17538574,-0.33196792,0.011840865,-0.07270118,0.2194165,0.2290792,-0.026092803,-0.07927302,-0.044233996,0.1332719,0.15274432,-0.10561073,-0.076888055,-0.01831637,-0.03283312,0.026339395,0.24233513,0.057652924,0.19955197,-0.12851162,-0.004759394,-0.025822923,0.076822326,-0.028621666,0.0697961,-0.1861733,-0.3955106,-0.09779544,0.09473707,-0.11815552,-0.036423504,0.13315223,-0.07662813,-0.07204108,-0.05337373,0.021983387,0.07041707,0.2168421,0.23579001,0.20001763,0.001106856,-0.23584181,-0.041691273,-0.18680307,-0.05062058,-0.17243204,0.15852244,-0.114619374,-0.40938443,0.2689912,-0.032761425,-0.16992593,-0.21646567,0.07059969,0.054525647,0.01870731,0.041093007,0.14778756,0.086552426,0.13672964,0.106062464,0.053930677,0.26657146,0.024952417,-0.019897591,0.025694015,0.26635668,-0.0009183571,-0.054402515,0.0854108,-0.07020263,-0.049247716,0.08216275,-0.20336728,0.16626701,-0.19322959,0.072118886,-0.111103974,-0.032140218,0.016400626,0.05907715,-0.02710151,0,0,0,Broker,0.8109092989443477
212,0,0.0,0.0,0.0,7.590317288714358e-60,0.0,0,0.0,0.0,0.0,1,0.0,0,0.0,5,4,1.4,0,0,1,4,-0.0038883472,-0.004111273,-0.0051855566,-0.0072475234,-0.002091772,-0.00079863146,-0.0006062435,-0.006380243,0.0006127646,-0.0075344527,-0.0053736493,0.004806989,-0.007781159,-0.005058855,-0.003604358,0.00054220296,0.002871693,0.0028650519,-0.0057481034,0.00068757404,0.0006788336,0.005176088,-0.0052857613,-0.0004429426,0.006979336,0.002854242,-0.0007262761,0.004816955,0.0010710536,-0.0033690007,0.0037357332,-0.0048550367,0.0077351863,0.004124867,-0.0035242345,0.0008941926,1.4339574e-05,-0.002873361,0.006110982,0.004900432,-0.006998078,-0.001494742,0.0022773761,-0.007629792,0.0005913116,-0.0057444116,-0.003000794,-0.0064178267,-0.00023621973,-0.0069562867,-0.00076044444,-0.0018376308,-5.641021e-05,-0.007257499,0.0060043195,0.0071828244,-0.0014973795,0.006771312,-0.003854677,-0.0019418839,-0.0044367556,-0.004976048,0.0016146554,0.002487558,0.00139583,-0.0013672346,-0.007549621,-0.0065830844,0.007484623,0.0061272355,-0.0056336196,0.007011338,0.0063380944,0.0023277262,0.0043393886,0.0034363018,-0.0042844526,-0.0029952666,-0.0012359805,-0.0067271227,0.004397979,0.003639711,-0.006607149,-0.0012012273,-0.0066630905,0.00077828765,0.0063325707,-0.004232512,-0.0075013908,0.0076385625,0.005821337,0.00017071329,-0.0055514537,0.0010967469,0.0072120484,-0.00028953236,-0.0047497945,0.002163915,0.0012130644,0.0017615333,0.00011940859,0.00024467986,0.0036066724,-0.0024292786,-0.0028017024,0.0024000723,-0.00038682856,0.0054480135,-0.0075158384,0.0032026693,0.00045349635,-0.0074004997,-0.00043299235,0.0064216694,0.0038295314,-0.0048694275,0.005269248,0.006683615,-0.0043394733,-0.0010875268,-0.0017149374,-0.0075145354,0.0069720782,-8.883141e-05,0.001468854,0.004387196,0.0058926074,-0.0026377589,0,0,0,Peripheral,0.0
213,10,0.02506265664160401,0.006542210499961578,0.2655862878783221,0.03224661488474487,0.13333333333333333,5,0.009855706884327783,519.4580559074493,0.2909090909090909,11,0.0,0,0.49341595793489246,23,12,2.5652173913043477,6,3,11,3,0.3498358,0.10709338,-0.04280715,-0.2739913,0.34508047,0.23392555,-0.110401936,-0.3789768,0.09555165,0.044652995,-0.05636991,-0.10414813,-0.20209028,-0.10373838,-0.2206224,0.074573144,-0.04429866,-0.43158934,-0.099096954,0.13265768,0.13460585,0.2008902,0.15261653,0.034841295,0.13723642,0.056971263,-0.100833334,0.16552475,-0.18311882,-0.17564628,0.3038768,0.0359404,0.030325666,-0.23830177,0.07966573,0.3915017,0.15773816,0.22303288,-0.19883586,0.25715697,0.1814813,0.016526487,-0.17267941,-0.108925074,-0.06563943,-0.000301874,-0.4026281,-0.17163724,0.120775156,0.11858424,0.08607877,0.08469117,-0.033356532,0.05228598,-0.19676228,0.36831143,0.09511385,0.107679114,0.09073068,-0.41393355,-0.019591201,-0.10994509,0.3099809,0.037134487,0.4854409,0.13173184,-0.20810424,0.08298191,0.2820219,0.20792371,0.050388314,-0.34030116,-0.2773592,0.059947703,-0.37843084,-0.043763902,0.2982275,0.09641621,-0.17751402,-0.110888876,0.08816255,-0.0298371,-0.1497523,0.17476648,0.37803307,0.3880757,0.20976043,0.0075142537,-0.24339265,-0.04956352,-0.14320408,0.011335573,0.23110506,0.16033767,-0.1282773,0.32586592,-0.3418178,-0.12341446,-0.08046334,0.10420306,0.20427777,-0.26441637,0.012877397,0.33896416,0.44044578,0.20742646,0.24699587,0.16703725,0.47427052,0.0975836,0.27376407,0.3598848,0.3354036,-0.23892038,-0.053446375,-0.1880532,0.15291715,-0.047126096,0.16243976,0.043796957,0.13473023,-0.081732914,0.32090273,0.115341045,0.14070168,-0.03448555,0.01191802,-0.27929118,0,0,0,Peripheral,0.04104954871506198
214,1,0.002506265664160401,0.0,0.19721434734376925,0.0012038153155880741,0.0,1,0.0,0.0,1.0,2,0.0,0,-0.816160320663924,11,8,2.5454545454545454,0,2,5,4,-0.2503898,-0.5955604,-0.2304287,-0.09925402,0.33463165,0.08259844,0.34650075,-0.061410367,0.59853756,-0.34309968,-0.19996634,-0.027144644,0.05312684,-0.6698739,0.21656522,-0.08286908,-0.46750048,0.18932547,0.307155,0.055527233,0.12649184,0.59220386,-0.11107419,-0.38704646,-0.52575433,0.10069726,-0.3024908,0.22403298,0.24823545,0.04355334,0.08196379,0.62304515,0.054720897,-0.12631522,-0.034326565,0.036269344,-0.21912447,0.22941378,0.1267802,-0.07507836,0.20091505,-0.1245234,0.21524452,-0.206017,-0.12457803,-0.019312534,-0.03815191,-0.39859307,0.20585714,-0.21798667,0.3390645,0.14036544,-0.21891375,-0.42794934,-0.2877303,0.18692282,0.11954171,-0.16329877,0.28148848,0.19292839,-0.2869464,0.10569866,0.5048483,0.16239195,0.07146797,9.3863426e-05,-0.026814766,0.024776595,-0.035463717,0.17441098,-0.00635409,0.21537712,-0.18962824,0.21180068,0.12753485,-0.23536785,-0.19964944,-0.19081268,-0.037683185,-0.2933413,-0.2910697,0.07502338,-0.5569639,0.0919784,0.32671618,0.7868791,0.11141705,0.04081129,-0.10496538,-0.16173702,-0.025981467,0.16837537,0.37417498,-0.06484339,-0.44509202,0.08620247,-0.35426062,-0.41601297,0.18631569,-0.5379147,-0.3135814,-0.10951523,-0.21925949,0.18672644,0.1500531,0.20477524,0.0064443513,0.07066056,0.27129406,0.0990515,0.039746244,-0.02262312,0.34007415,-0.10114383,-0.23993018,-0.37862545,-0.07083499,-0.2735514,-0.13917363,-0.088627405,0.33660015,0.07867311,0.3437473,-0.02972088,-0.18350677,-0.14141142,0.19024375,0.016985163,1,1,0,Peripheral,0.017688295440991417
215,1,0.002506265664160401,0.0,0.19174263876929631,0.0009678603448428706,0.0,1,0.0,0.0,1.0,2,0.0,0,-0.816160320663924,8,7,2.5,0,2,3,3,-0.1908322,0.095453754,-0.2777321,-0.13522047,0.21855398,-0.301735,0.32178342,-0.41917327,-0.25418463,-0.0011932771,0.402824,0.12190397,-0.7610454,-0.7101331,0.14394471,-0.045044914,-0.12369002,-0.4600119,-0.37941772,0.12015072,-0.20729117,-0.015626939,-0.23938295,-0.37400246,-0.247157,-0.0013570902,-0.08241419,0.018248564,0.20975466,-0.50501126,0.03697469,0.4427247,-0.07110395,0.117375046,-0.08497871,0.03657763,-0.39107367,0.022345804,-0.21074751,-0.021280548,0.49676296,0.61422247,0.12609808,0.14247417,-0.103128105,-0.24436246,-0.39026076,-0.19313546,0.10290478,-0.15959464,0.3771374,0.23994824,0.48482317,-0.4673462,-0.032269385,0.0070965807,0.25396028,0.024370294,0.18069296,0.10254534,-0.12533218,0.17624427,0.31087947,0.058574863,-0.055434316,0.046989404,0.23019457,0.20330733,-0.19631647,-0.273319,0.08210395,0.14601716,-0.032571495,-0.005141209,0.40743867,0.07502126,-0.43850982,0.29196766,-0.25041527,-0.0011692839,0.1269709,-0.11490685,-0.009368352,0.21418549,0.08938756,0.6338171,0.52822477,-0.075079024,-0.04844146,-0.15501758,-0.30282417,0.05231078,-0.09927179,0.29299605,-0.3085826,0.18455197,0.06401751,0.20276155,-0.09990181,-0.24426536,-0.48231685,-0.05396452,-0.034236833,0.30138648,0.3387151,-0.19904952,0.056495514,0.2516619,0.5618027,0.10227944,0.18010952,0.24078916,0.78873706,0.037100706,0.40862146,-0.15296938,0.2971275,-0.09002733,-0.21119408,-0.042899933,0.29776016,-0.08025214,0.3167413,-0.026747711,0.109711766,-0.22063635,-0.08752857,-0.2932413,1,1,0,Peripheral,0.017651427061408306
216,1,0.002506265664160401,0.0,0.17014773707448297,0.00016692257362907353,0.0,1,0.0,0.0,1.0,2,0.0,0,-0.816160320663924,11,5,2.1818181818181817,0,1,1,9,-0.47998092,0.033256453,-0.39077204,0.12667811,0.53230214,-0.016105415,-0.24332292,-0.29581782,-0.29718542,0.059367504,-0.038532928,-0.05876922,0.039994463,0.0109745655,0.22715104,-0.16026987,0.2618791,-0.26949635,-0.31886816,0.22794658,-0.001996268,0.4654618,-0.22557837,-0.1406795,-0.012637173,0.5998004,-0.122100554,0.24510911,-0.561972,0.32601333,0.33747682,0.21303333,-0.22718816,-0.3400624,-0.22179303,0.67554885,-0.5235481,-0.32050517,0.1176641,-0.091837995,0.017156446,0.4121854,-0.089870475,-0.3710127,-0.003013499,-0.46207088,0.10326641,-0.36870566,0.044566862,0.46644077,0.39682364,-0.1202262,-0.20483387,0.10398173,-0.42672783,-0.22436416,0.47041044,-0.12460053,-0.046996005,-0.03992361,0.25024733,0.04688357,-0.05140316,-0.002039619,0.080813184,0.08775145,0.6085579,-0.22305161,-0.03700182,0.2786426,0.7231464,-0.32766,-0.76310056,0.07391431,-0.2879561,-0.094744936,0.29851344,-0.09589238,0.29495507,0.19840331,-0.015271586,0.55126643,0.11306305,0.03216594,0.073638104,0.69956774,0.26088446,-0.107579835,-0.31981412,-0.06456628,-0.16259786,0.39859214,0.23956212,0.12787391,0.052274037,0.24276277,-0.19904357,-0.5474709,0.090779744,0.005433375,0.12744375,0.15028653,-0.16263919,0.21317613,0.24814762,-0.1969164,0.53290856,0.14658909,0.4447887,-0.557528,-0.118565135,0.3773383,0.4784553,-0.16114677,0.042644303,0.018880483,-0.37462404,-0.5152801,0.32098818,0.3246822,0.2337096,-0.4627241,0.27673152,-0.16986038,0.12132219,-0.17006454,0.12919566,-0.19946545,1,1,0,Peripheral,0.017526279124586708
217,9,0.022556390977443608,0.002787625702378649,0.25296887077506847,0.031619479950799084,0.1388888888888889,6,0.005117118313205496,221.3402683945671,0.3111111111111111,10,0.0,0,0.34790748253502396,16,8,2.9375,7,2,6,1,0.05730142,-0.28270254,-0.24256726,-0.1986246,0.2025759,0.09641567,0.11724621,-0.33449292,-0.23357326,-0.20215248,0.10788224,-0.22786613,-0.13741836,0.030000893,0.0344444,0.26815104,-0.16487166,0.060957447,0.044108823,0.3082438,0.17302158,-0.0041371067,-0.23314989,-0.14106785,-0.28698814,0.12907252,-0.1688893,0.23823267,0.025813371,0.030767469,0.17319581,0.47922674,-0.438466,-0.05148406,-0.087707736,0.20334001,-0.18045375,0.013731737,-0.25873452,-0.03385229,-0.100216694,0.031979732,-0.095897,-0.0071022213,-0.07088138,-0.2614715,-0.17611322,-0.25188577,-0.14352287,0.11919734,0.16728336,0.05032387,-0.080275364,-0.13028857,-0.13295905,-0.045500796,0.04203783,0.47587928,-0.33598337,-0.021163723,-0.2271859,0.38431364,0.26567414,0.09710952,0.6325323,0.042741913,-0.03882444,0.03128816,0.13191587,0.034853168,0.12364652,-0.032222904,-0.46764383,0.044827927,-0.28237396,0.048197813,0.019668465,-0.22992088,-0.14481123,-0.18942128,-0.38329774,-0.03684858,0.019865813,-0.032654002,0.12928855,0.32294738,-0.17747843,-0.16515353,-0.26400095,-0.2835737,-0.29439393,-0.2525559,0.43992034,0.041290626,-0.13347135,0.15687579,-0.15192832,-0.36537746,-0.090220965,0.27330953,-0.18363139,0.06692879,-0.14942591,0.19284742,0.09259249,-0.22681797,0.29184377,-0.040448807,0.29284015,0.19267471,0.08678754,-0.18576604,0.21076502,-0.25313073,0.055903304,-0.11592724,0.1315596,0.036092177,0.004204827,-0.0044591613,0.2374864,-0.20535628,0.11642257,-0.16594836,0.028448766,0.31023127,0.058914755,-0.12361516,0,0,0,Peripheral,0.04126291508628324
218,6,0.015037593984962405,0.0008237507669026375,0.22247399320218353,0.007063763192747585,0.0,4,0.001562150452136343,65.40663464283632,0.2857142857142857,7,0.0,0,-0.08861794366458153,11,6,2.090909090909091,0,1,2,8,-0.17099334,-0.023395818,0.24646793,-0.09409214,0.64764595,-0.19007905,-0.011188052,-0.3205625,-0.040857658,0.121767074,-0.16452757,-0.5381603,-0.21041273,-0.025801945,0.12202876,-0.18643458,-0.03427618,-0.20033999,-0.46148068,0.12238797,0.20553869,0.308307,-0.2483177,-0.081912234,-0.06670359,-0.111467116,-0.31440356,0.17841804,0.043146297,0.11876422,0.38850948,0.5139937,-0.16376089,-0.03366222,-0.30522922,0.10465334,0.33625433,-0.23337874,-0.35680625,-0.43975005,0.20401487,-0.039743207,0.017052999,-0.20566753,-0.17822455,-0.27116576,-0.25359583,-0.26016667,0.21294747,-0.10865403,0.30346456,0.1546345,-0.44743153,-0.21388339,-0.28729835,-0.13818263,-0.103095435,-0.06610897,0.084150046,-0.5063517,-0.319554,0.50682515,0.33123007,-0.22659689,-0.0693616,0.15400603,0.16888012,-0.20160675,-0.14210664,-0.14654097,-0.028890645,-0.31967905,-0.48898658,-0.18461505,0.08826402,0.09511232,0.27138305,0.13062912,-0.03309108,0.0052636964,-0.22722338,0.050761733,-0.043161634,0.0059319553,0.43525344,0.29191813,0.6002055,-0.41410524,-0.09276812,-0.35190013,0.5111093,-0.25988066,0.710743,-0.050339386,-0.0015421535,0.064264156,-0.12715007,0.0446902,-0.23109792,0.43492582,-0.28156286,-0.2229468,-0.21000479,0.67295,-0.2250379,-0.23047133,0.2874454,0.15282509,0.15878715,-0.17693129,0.40259513,0.32023895,-0.16768895,-0.25294572,0.24505356,-0.09061294,0.071564265,-0.046207532,0.13052446,0.39859045,-0.32845682,0.02079639,-0.08210672,-0.039352354,0.0902351,0.28919643,-0.058655687,-0.14192283,0,0,0,Peripheral,0.025059933046392004
219,7,0.017543859649122806,0.016141799705019288,0.2429409349851817,0.016753636157053765,0.09523809523809523,3,0.015252680941530103,1281.6750383782364,0.32142857142857145,8,0.0,0,0.05689053173528696,27,13,2.5185185185185186,9,3,10,5,-0.14022794,-0.43103182,-0.0349488,-0.27923185,0.30137703,0.18142205,-0.14061709,-0.3389766,-0.14189655,-0.012114301,0.081491776,-0.1455068,-0.16328864,-0.024837764,0.14247097,0.057758708,-0.19747923,-0.5616816,-0.016884688,0.32852477,0.0006111742,0.13860603,0.1778538,-0.6845874,0.13576134,0.07892054,-0.06727731,0.26458076,0.054832436,-0.10068668,0.12331713,0.35301083,0.020224288,-0.13109097,0.020645343,0.14153038,-0.24392527,-0.04429935,-0.1632153,-0.25411507,0.06502915,0.19821379,0.30058986,-0.15504807,-0.060709834,0.022045054,-0.17574668,-0.20328909,0.34645233,-0.04736252,0.3136056,-0.08445205,0.114362955,-0.1400008,0.084051766,0.18217213,0.5944474,0.09962068,0.012810482,0.2651691,-0.17134966,-0.15275925,0.24954888,0.10556634,0.19908905,-0.074809685,0.06271545,-0.06570991,0.025778292,-0.064192735,0.34105974,-0.16110198,0.055051085,0.01529647,-0.2414966,-0.3469291,-0.27290636,0.27331492,-0.017495986,-0.049721915,0.09252764,-0.2526052,-0.22489876,0.2920486,0.32828394,0.38221538,0.104244344,-0.27250218,0.12312293,-0.035602283,-0.16044775,0.0035432114,-0.083007745,0.1519262,-0.09193523,0.17555629,-0.15953979,0.22674488,-0.17437704,-0.18556494,-0.27620426,0.1243587,0.11457236,0.33551225,0.121857025,-0.21884465,0.31481937,0.44680735,0.2386735,0.012041486,0.3017011,0.0803751,0.13520305,-0.093090974,-0.21931034,-0.121013656,0.43538266,-0.13272496,0.16956659,-0.17651643,0.22003411,-0.13519657,0.37704733,-0.22494395,0.40882745,0.20879377,0.23950806,-0.17983273,1,2,0,Peripheral,0.04165367489694778
220,6,0.015037593984962405,0.0007884512686496836,0.22323850864274086,0.010696650731496522,0.0,4,0.0016616008347778342,62.60381918205353,0.2857142857142857,7,0.0,0,-0.08861794366458153,22,14,2.272727272727273,9,3,6,4,-0.07911376,-0.062409434,0.06570304,-0.081655025,0.48401356,0.2887919,-0.19817133,0.07372597,-0.18162227,0.25306663,0.0021338952,-0.044743106,0.1811494,-0.2567254,-0.2161837,0.091453545,-0.1840312,0.08708124,-0.061248936,0.24425548,-0.23421168,-0.36939764,0.016089458,0.021438178,-0.108351484,-0.26990503,0.1451495,0.088595256,0.18827748,0.12389032,0.11538606,0.31873754,-0.2524549,-0.33959466,-0.4761711,0.19259511,-0.04168169,0.1751705,-0.047194976,0.043987412,0.13921948,-0.07276561,0.16591264,-0.048244517,0.2060352,-0.07986993,-0.4838186,-0.18994693,0.057993308,-0.03743631,0.06110449,0.011383247,0.156755,-0.039124314,-0.40517476,0.1911597,-0.029085942,0.26955527,-0.026782611,-0.38324806,0.18101253,0.07463759,0.18209967,-0.06281054,0.30710757,0.41418234,-0.18280715,0.31642437,0.0076314216,-0.31397045,0.11982573,-0.07018311,-0.8227783,-0.108914845,-0.34565532,-0.12005583,0.16503337,-0.043109618,-0.37774676,-0.2660117,-0.25591326,-0.05305379,-0.27680224,0.1045256,0.43174645,0.3951546,0.13396469,-0.047605958,0.0056828945,0.01692769,0.28284168,0.06972491,-0.04908954,0.29043978,-0.27639067,0.4340256,0.12998599,0.14559525,-0.16990328,0.16546108,0.18062772,-0.061028086,0.057929806,0.6152117,0.20822594,-0.11966689,-0.06786566,-0.22679566,0.46127614,0.30934015,0.005388879,0.28402013,0.33925107,-0.1316924,-0.30291075,-0.1589221,0.00748762,-0.11607421,-0.14407642,-0.11001538,0.067800686,-0.08811616,0.28612483,-0.10816514,0.26780525,-0.044382893,-0.64625245,-0.31172395,0,0,0,Peripheral,0.02561875314610775
221,12,0.03007518796992481,0.0029417496827652333,0.2790481358034261,0.0751324645229155,0.015151515151515152,10,0.002878389290458336,233.57786656124227,0.16666666666666666,13,0.0,0,0.7844329087346295,10,6,3.3,2,7,1,0,-0.027578712,-0.13692686,-0.0699667,-0.023019562,0.3346082,0.048666935,0.15413034,-0.2173376,-0.04206572,0.03296474,0.04990891,0.0007375923,0.12049165,-0.0633009,-0.03485329,0.0112571595,-0.22483495,-0.028900245,-0.20484754,0.15692869,-0.17962803,0.18138604,-0.16801625,-0.29713959,-0.14270912,-0.20221154,-0.1610741,0.06744532,-0.13020879,0.04198812,0.22886641,0.29495877,-0.17480688,-0.13912676,-0.061492838,0.20821324,0.13466142,-0.09954377,-0.10691677,-0.012754653,0.14651138,0.07176452,0.22477862,-0.091974266,-0.015450041,-0.10953218,-0.27282363,-0.26696604,0.075111344,0.047258224,0.20642944,0.16104026,0.015012759,-0.17335056,-0.08592767,0.10776317,0.081950136,0.08299691,0.038916647,-0.041406944,-0.009871435,0.08885466,0.27822444,0.12962514,0.22921745,-0.13940257,-0.05454371,-0.047196075,-0.10214512,-0.17361122,0.13766828,-0.14078647,-0.40690514,0.037594274,0.11510885,-0.15360616,-0.010944296,-0.059854906,0.10233787,-0.08292076,-0.020855723,-0.041169133,0.0154188005,0.05828951,0.19252457,0.25501364,-0.051553927,-0.007776322,-0.048093807,-0.08572437,-0.26000476,-0.020419316,0.09751601,-0.05750536,-0.19129357,0.16888869,-0.0028098777,-0.12264406,-0.29178485,0.114457704,-0.010218078,0.09012219,0.07658443,0.19129167,0.11276578,0.13593683,0.12746266,-0.0049382634,0.36182085,-0.017884742,-0.03449541,0.018170686,0.03585368,0.13168043,0.02007785,0.0017637945,-0.0899031,-0.01525098,0.14211611,-0.13617237,-0.032957293,-0.055392172,0.12118475,-0.16563243,0.119767986,-0.11083978,-0.12690605,-0.001295027,0,0,0,Broker,0.7809626318538649
222,4,0.010025062656641603,0.0002053889409659932,0.21610913511323218,0.004619286780565434,0.0,4,0.0006030323816466307,16.308087301640825,0.4,5,0.0,0,-0.37963489446431853,11,8,2.3636363636363638,0,1,3,7,-0.11194621,-0.044549763,-0.2718806,-0.26182696,0.15551348,0.16049807,-0.7263675,-0.20299925,0.22303212,0.113914184,0.00063962035,-0.2996485,0.16150035,0.12968019,-0.22886789,-0.010855447,-0.3837776,-0.23242149,-0.06646772,0.32627016,0.024931202,-0.091779284,0.20479995,0.03883387,-0.11301285,-0.3465099,0.16988203,0.19444184,0.08604547,-0.1250733,0.16822627,0.4529227,-0.21640201,-0.25983104,-0.058399074,0.5796047,-0.2635284,0.5182674,0.17664418,0.2134898,0.083209306,-0.09891162,0.034831293,-0.0058570285,0.12694956,-0.09096976,-0.09477574,-0.23463628,-0.03823194,-0.08905053,-0.044300362,0.014995823,0.4245146,0.10063381,-0.4255699,0.120982036,0.14640093,0.37071425,-0.031841025,-0.37669525,0.2313936,-0.034107566,0.47929713,-0.31326917,0.47673962,0.26813895,-0.20463881,0.29322958,0.06826146,-0.16810986,0.12929353,-0.48987338,-0.704387,0.0553708,-0.013443828,-0.03242211,0.1620766,0.0063968566,-0.12993123,-0.44929984,0.25713086,0.22936293,-0.20430596,0.12818813,0.36894783,0.20973471,0.43598473,-0.026194412,-0.3718857,-0.050741855,0.06511433,0.118830286,0.059320804,0.15923093,0.112838164,0.5619616,-0.21548973,0.025880218,-0.21070711,0.033404842,0.0765642,-0.39931384,0.22893952,0.7749457,-0.0042118914,0.09099482,0.054903287,0.077536225,0.5048788,0.3035287,0.17478134,0.44714594,0.3017815,-0.37866402,-0.39644223,-0.4344689,-0.045150656,-0.09910206,0.17100024,0.13680503,0.12930869,-0.1003428,0.21441028,0.266321,0.007761842,-0.15103726,-0.29001385,-0.022074347,0,0,0,Peripheral,0.02077334485256861
223,2,0.005012531328320802,0.0002843373376613647,0.20928610185256957,0.002683461416319895,0.0,2,0.00014663258517890455,22.576668947650017,0.6666666666666666,3,0.0,0,-0.6706518452640555,15,9,2.2,0,3,3,9,-0.16125305,-0.08044856,-0.24691567,0.2949083,0.5064056,-0.14129324,0.11130481,-0.28415814,-0.20060682,-0.04929286,0.08146463,-0.13501221,-0.1860295,-0.02923769,-0.41479027,0.016732784,0.08914227,0.092078246,-0.08909969,0.045673143,0.10273372,-0.1570563,-0.2760173,-0.1310337,0.120684765,-0.44160005,-0.092467144,0.03164328,-0.03336074,0.29725912,-0.008501284,-0.20098768,-0.19691552,-0.050663035,-0.09427838,0.50335443,0.3882008,0.116640314,-0.0031069824,0.21068208,0.113294445,0.43998352,0.16539955,-0.08779805,0.0040535983,-0.06973275,-0.5558369,-0.372204,-0.353164,-0.1673294,0.3029607,0.23581858,-0.064925164,-0.38200197,-0.3473861,-0.4302276,0.017354893,0.41115624,0.36025438,0.186011,-0.33110294,0.03595679,-0.047521234,0.14799917,0.50723714,-0.018988037,-0.17541076,0.32586643,-0.0045706816,-0.25480872,0.02520834,-0.48721185,-0.42131642,0.27739277,0.06958307,-0.1271812,0.117260136,-0.06566789,-0.26141426,-0.42746368,-0.5774415,0.16446072,0.18445602,0.31185916,-0.21965598,0.4020053,-0.026058607,-0.121058226,0.07961559,-0.1663017,-0.1812764,0.23893026,-0.19426902,0.23987463,-0.45457232,0.2935677,-0.028154133,0.109675966,0.06781161,-0.077491865,-0.32914898,-0.09876627,0.0656157,0.5198924,-0.43148115,0.020343827,0.2769172,0.114534356,0.82248795,0.08366028,0.04680974,-0.037820727,-0.22672407,-0.01832965,-0.1408991,0.39532575,-0.054941036,0.21808371,0.11699006,0.3061679,0.30935,-0.243936,0.55399644,0.19089358,0.1001084,0.012914065,0.21159776,0.07837654,0,0,0,Peripheral,0.010490493379420813
224,25,0.06265664160401002,0.030008481020713913,0.3147403392201434,0.10989670385004317,0.02,10,0.03474419762026308,2382.7034015257054,0.09538461538461539,26,0.22560000000000002,3,2.239517662733314,9,5,3.3333333333333335,7,2,0,0,0.09645564,-0.03468933,-0.09547746,-0.020810438,0.13289833,-0.09554477,0.011042646,-0.17467156,-0.11805108,0.046665765,0.13533992,-0.091092505,0.03289346,-0.0010998106,0.056916907,0.12042508,-0.12136481,-0.301397,0.21105358,0.20770873,-0.22099845,0.07693594,-0.014475762,0.03380449,-0.22376,-0.15966964,-0.1693937,0.14104843,-0.10180397,0.03687136,0.060807087,0.06859038,0.017996315,-0.061254203,-0.052465495,0.24487412,-0.0005438487,-0.050190523,-0.2829786,0.0083393175,0.06536242,0.0890157,0.19072199,-0.06776985,-0.04777065,0.056221142,-0.40304488,-0.27817145,0.052132975,0.026050063,0.24299482,0.1411402,-0.011301196,-0.16893616,-0.02720639,-0.06218142,-0.037744567,0.09966457,-0.15935612,-0.09713669,-0.18265285,0.15637349,0.19442226,-0.17886859,0.32397228,-0.12140267,0.10340898,-0.08194762,0.11404887,-0.039799232,0.30133477,-0.17089613,-0.23675442,0.10612844,-0.020511515,0.0059169144,0.10632683,0.07765203,-0.11579374,-0.222012,-0.08926696,0.09872867,0.044086304,0.13664693,0.10064989,0.37067422,0.1770209,-0.0111084245,0.013793889,0.15244725,0.06133265,-0.045428045,0.01523591,-0.03241943,-0.2024866,0.18565229,-0.063571304,-0.16977149,-0.12996477,-0.0409986,0.13286075,0.28040075,-0.10754282,0.39817253,0.113611534,-0.052300952,0.1361715,0.16681366,0.23991224,0.09205337,0.00870999,0.044098984,0.1808899,-0.0028914374,0.03500337,-0.07662239,0.06217508,-0.18516183,-0.20888728,0.07722978,0.22197849,-0.13233386,0.10598122,-0.16849823,-0.121314704,-0.27587432,0.25018963,0.08280399,0,0,0,Coordinator,1.0
225,3,0.007518796992481203,0.0004587525084748042,0.2129914951312708,0.005142802723741912,0.0,3,0.0002911382308367232,36.42540792540793,0.5,4,0.0,0,-0.525143369864187,16,8,2.6875,0,2,3,11,0.1060204,0.2267391,0.2794631,0.25973475,-0.05751095,0.4175195,-0.0337665,-0.44441617,0.12465632,-0.03422656,-0.32465693,-0.04020046,-0.16689543,0.27258903,-0.3062547,0.05614529,-0.21599469,-0.57216984,-0.21001409,-0.109291226,-0.05020889,-0.10405492,0.11268123,0.2302371,-0.18339598,-0.039809357,0.14161931,0.3077356,0.08694847,0.37551126,0.61403257,0.28050646,-0.00396972,-0.062012054,0.15464383,0.62042314,-0.049981344,0.081797026,-0.19191405,0.29888618,-0.0696904,-0.0034907202,0.17245965,-0.2945146,-0.14179586,0.22465011,-0.12335917,-0.5254205,-0.24122234,0.11621723,0.26154828,0.035437778,0.35216805,-0.11876481,0.14117664,0.07974982,0.4048387,0.21045336,0.13803211,-0.4039966,0.10931574,-0.09664664,0.5414947,-0.01422697,-0.012246976,0.31824312,-0.17549807,0.15074979,0.12844098,-0.16369592,-0.18740623,-0.27198172,-0.37565672,-0.22924706,-0.42135793,0.17074296,-0.18796162,-0.21722211,-0.13531736,-0.39691645,-0.02600184,0.13533688,0.24151243,0.33577317,0.20174478,0.46516618,0.03737173,-0.17499433,-0.4186555,-0.13041934,0.015638316,0.08059792,0.16734281,-0.18405423,-0.006125191,0.40409344,-0.2627077,-0.4037407,-0.23315732,-0.030643381,0.29221627,0.015572134,-0.14393938,0.23903532,0.5247552,0.11363195,-0.101484865,0.13526982,0.49728885,0.29895583,0.5124932,-0.233219,0.44463307,-0.56230366,-0.19643083,-0.19612792,0.28003174,-0.34274596,0.07548013,-0.0552768,0.17048314,-0.43300605,0.23991667,-0.07558029,-0.27953422,-0.2013022,0.018107248,-0.056578502,0,0,0,Peripheral,0.015918430409174008
226,1,0.002506265664160401,0.0,0.19151652716697404,0.0010331803359501046,0.0,1,0.0,0.0,1.0,2,0.0,0,-0.816160320663924,8,3,2.0,0,0,1,7,-0.23586768,-0.62900186,-0.17100598,-0.50606596,0.37511572,0.2094961,-0.21771164,-0.2898082,-0.29130757,0.15282185,-0.06303138,-0.04019593,-0.2368061,-0.039365515,0.23978882,0.37694165,-0.14159426,-0.56103057,-0.068832,0.42197552,-0.020699436,0.19376408,0.19147062,-0.91709423,0.31141168,0.39097977,-0.15237685,0.14656654,0.1835771,-0.0051267627,-0.12393009,0.19605298,-0.09856588,0.14735503,0.3692926,0.16192463,-0.2653786,-0.012022416,-0.13106823,-0.33354792,0.16693388,0.05961765,0.3534811,-0.026756505,-0.05937814,0.14337267,-0.14541648,-0.3634482,0.49198884,0.0012957514,0.505548,0.06999992,0.114946,-0.165029,-0.015762197,0.25427294,0.60806984,0.2881639,0.036807936,0.1759611,-0.31729746,-0.33225474,0.13678376,-0.015738124,0.12748347,-0.16124931,0.0006966145,0.22484548,0.008274016,0.068881996,0.13080192,-0.24881041,-0.15865596,-0.095990606,-0.4018789,-0.3379039,-0.25582093,0.54990965,0.07321876,0.12120724,0.061918054,-0.22727472,-0.34037456,0.3089262,0.29734048,0.48989183,0.042449486,-0.21355411,0.10299518,-0.044103272,0.01711707,-0.011992512,-0.07766955,0.25199255,0.038204182,0.3818395,-0.2907791,0.38692173,-0.21651158,-0.25956863,-0.10367746,0.038457416,-0.027261132,0.18765889,0.29145563,-0.23905097,0.16939645,0.428499,0.3030039,0.11465926,0.39416713,0.08314674,-0.016796708,-0.23620178,-0.22689441,-0.1761489,0.52572703,-0.028928043,0.13734484,-0.2995056,0.06085379,-0.30452478,0.50486004,0.054512817,0.17099915,-0.041164283,0.29796332,0.059507705,1,1,0,Peripheral,0.017661633425016164
227,1,0.002506265664160401,0.0,0.19174263876929631,0.0009678603448428706,0.0,1,0.0,0.0,1.0,2,0.0,0,-0.816160320663924,8,7,2.125,0,2,1,5,-0.13909602,0.1389191,-0.19820619,-0.11255369,0.12427899,-0.29380694,0.16993421,-0.4222458,-0.17898034,0.022151602,0.17014764,0.14055821,-0.53837824,-0.5365097,0.43548006,-0.008123904,-0.073333025,-0.44535598,-0.3064906,0.13553917,-0.064465895,0.098065704,-0.1748534,-0.3988571,-0.08065111,0.14004505,-0.10642574,0.21886174,0.2668098,-0.39373586,0.046954323,0.32997173,-0.28203225,0.092566,0.0781796,-0.0022026633,-0.41032442,-0.13405265,-0.21146657,0.044496965,0.2408988,0.7589574,0.3734199,0.35673168,-0.081345335,-0.22326632,-0.5554678,-0.33580405,0.10593422,-0.18277545,0.2348533,0.17403969,0.4464977,-0.37290773,-0.12345238,-0.12039186,0.42721176,-0.024914607,0.23154166,0.15624173,-0.16755903,-0.018714359,0.2230393,0.21495186,0.17769676,0.16261517,0.079881124,0.01830118,-0.033028856,-0.23412631,-0.042065248,-0.016875627,-0.148415,0.23998666,0.37828988,0.21681999,-0.34347242,0.23401947,-0.061491124,-0.023077305,0.04592989,-0.03374082,-0.039469037,-0.0073453463,-0.18009546,0.53178173,0.2865878,-0.23995422,-0.053933136,0.053671747,-0.37810126,0.06667149,-0.06904351,0.1784331,-0.3390622,0.08885658,0.051009674,0.31426692,-0.11280165,-0.0353113,-0.27135852,-0.12662977,-0.0133075155,0.27719584,0.130623,-0.21262099,0.21922348,0.3908328,0.8422972,-0.03750944,0.14066757,0.4395625,0.55543226,0.21408246,0.20411347,-0.28546855,0.24070932,-0.17416851,-0.103696,-0.12951317,0.16397837,-0.016273696,0.391661,-0.045937635,-0.044319417,-0.12945752,-0.087384306,-0.11029931,1,1,0,Peripheral,0.017651427061408306
228,9,0.022556390977443608,0.016283140598305917,0.2673350041771094,0.03002645192119132,0.08333333333333333,5,0.013953210626345632,1292.897646646088,0.26666666666666666,10,0.2098765432098766,1,0.20239900713515546,18,10,2.4444444444444446,2,1,10,5,0.03252231,0.11561019,-0.15240617,0.09804557,0.2056353,-0.24269594,-0.25956875,0.062135033,-0.28711745,-0.12605071,-0.00883789,-0.13394164,-0.18833892,-0.06960791,-0.06054084,-0.16094679,-0.081670724,0.10621189,-0.13403416,0.05500303,0.12261554,-0.16455296,0.084340625,-0.15533541,0.031237695,-0.29517677,-0.09216882,-0.0563732,0.28441945,0.1069865,0.29590866,-0.062233407,-0.26187444,0.05968755,0.06727439,0.17322388,0.15017483,0.21461076,-0.12309732,0.19022779,0.15765695,0.30180773,-0.007631881,-0.006313231,-0.07785429,-0.14676055,-0.4836456,-0.34463266,0.080398954,-0.048979126,0.3354105,0.176193,-0.014801277,-0.36816472,-0.44177115,-0.29929137,0.07115438,0.22370705,0.33424172,0.2018316,-0.09829069,0.2064899,0.002801306,0.27424926,0.52356917,-0.17344534,-0.2778392,0.00021403682,-0.06285872,0.024285516,0.009427281,-0.2332969,-0.3863435,-0.0768842,0.0332917,-0.084640406,0.09184079,0.07381785,-0.19456469,-0.6225751,-0.47878453,0.04183232,0.1996134,0.33427402,0.045854878,0.24082181,0.167163,-0.21018514,-0.077380486,-0.1592753,-0.24704547,0.30797818,-0.08093798,0.33521426,-0.35992637,0.31115815,0.0037724662,0.064940944,-0.12676165,-0.13713647,-0.16391344,-0.027297165,0.00064108544,0.33868328,-0.12887609,-0.14141335,0.23254801,-0.06069362,0.8712758,-0.086905144,-0.055201955,0.13685346,-0.06875721,-0.066794574,-0.07397337,0.18492159,-0.16784136,-0.025034826,0.26956972,0.31852278,-0.0019581653,-0.13160855,0.08657862,0.012787773,0.040038638,0.1303572,0.046562318,0.012075999,1,1,0,Enabler,0.34884187265266475
229,1,0.002506265664160401,0.0,0.19721434734376925,0.0012038153155880741,0.0,1,0.0,0.0,1.0,2,0.0,0,-0.816160320663924,10,7,2.2,0,2,3,5,-0.28534245,-0.42994913,-0.32034242,-0.15809214,0.1158944,-0.009980017,0.14885107,-0.1540227,0.39752576,-0.4368244,-0.17652935,-0.030393686,0.004260062,-0.35123616,0.24720274,-0.14124739,-0.56395316,0.063436046,0.26849577,-0.12826683,-0.015695173,0.44215125,-0.1424918,-0.50513965,-0.5457643,0.032559108,-0.3248734,0.16937047,0.18862921,0.20136555,0.088293634,0.66306776,0.16768338,0.11057547,0.03866435,-0.116194345,-0.12851691,0.08444248,0.26416376,0.01527392,0.27332228,-0.30877897,0.21694691,-0.23360105,-0.1335931,-0.12141971,-0.26114693,-0.2421956,0.36774725,-0.06358275,0.40201396,0.0031596352,-0.22406925,-0.5181324,-0.2389692,0.27363092,0.16904454,-0.0639766,0.09307474,0.2775251,-0.30821225,-0.088089675,0.51667047,0.22448358,0.14738765,0.030134622,0.030747823,-0.11472775,0.0065987166,0.13223049,0.08273593,0.32095563,-0.10059761,0.24797766,0.27942958,-0.22359087,0.011579495,-0.31323963,-0.08275639,-0.4534551,-0.3753812,-0.06794374,-0.45014137,0.34682706,0.59869426,0.7844855,0.07412001,0.023227183,-0.12848571,-0.06465048,-0.030696858,0.1969587,0.39439157,-0.11672454,-0.50995296,0.13454561,-0.24162008,-0.3225576,0.056050573,-0.41016135,-0.255793,-0.29213664,-0.09091412,0.20459506,0.25831756,0.20423034,0.10947703,0.06557548,0.16331525,0.085315175,-0.0632815,0.12760727,0.33402357,-0.054469943,-0.2702694,-0.34867796,-0.07244259,-0.3582058,0.04629821,-0.03335517,0.19134164,0.0011519102,0.49503267,-0.048509568,0.048515208,-0.18781361,0.1266373,-0.03639805,1,1,0,Peripheral,0.017688295440991417
230,3,0.007518796992481203,0.0018246412453179093,0.23401443088990487,0.006074574582192895,0.0,3,0.002343618795178757,144.87833951948733,0.5,4,0.5555555555555556,1,-0.6706518452640555,8,7,2.0,0,2,3,3,-0.22708046,0.18195362,-0.13890597,0.19412655,0.34205085,0.23045363,-0.31327778,-0.16027221,0.08218878,0.278603,-0.26842672,-0.044777475,-0.17743704,0.029866815,-0.24480988,0.09316718,-0.12429133,0.14608169,-0.0050548385,0.02993179,0.19423355,-0.07842339,0.041384105,-0.56067055,-0.014190757,-0.25991485,-0.24228935,-0.17913222,0.14897858,0.07958641,0.36716673,-0.49872896,0.047947235,0.051224098,-0.49294823,0.14167698,0.56180626,0.19261737,-0.0011725954,-0.12186764,0.15557511,0.58299834,0.05640803,-0.12912415,-0.05426987,-0.3742824,-0.5570702,-0.5966752,0.09294988,0.01128779,0.3533419,0.06957925,-0.05191403,-0.20468281,-0.122255154,-0.4952494,0.3682206,0.5063418,0.11575309,-0.12539907,-0.40272024,-0.043906897,0.13538161,0.16982196,0.5018467,-0.3773538,-0.055141382,0.039483286,-0.20200785,-0.18963929,-0.35258418,-0.026768288,-0.5552559,-0.016885953,0.13616946,-0.107965656,0.13662794,0.21436831,-0.1242316,-0.6460671,-0.40358743,0.060619358,0.3545339,0.37236157,-0.07385626,0.14407621,0.16265641,-0.22110377,-0.08640395,0.10123956,0.20059039,0.039866026,0.3795051,-0.024922192,-0.19080776,-0.07316815,-0.33641025,0.048267744,-0.07518662,0.0056409016,-0.16983707,-0.11658801,0.21740748,0.040747948,-0.53784525,-0.16193378,0.52611923,0.039926708,0.4427123,-0.31161997,0.1441497,0.28031483,-0.05613502,0.064223126,-0.2692641,0.08049193,-0.6449791,-0.18257965,-0.07598452,0.48468545,-0.01206787,0.11436154,0.074562415,-0.2504985,0.17058867,0.08418127,0.12844603,-0.07664445,0,0,0,Peripheral,0.019530532644621287
231,4,0.010025062656641603,0.0004208684510886558,0.2075476230512383,0.004904846219100432,0.0,4,0.0005452583064168559,33.41737588489036,0.4,5,0.0,0,-0.37963489446431853,11,8,2.0,0,2,2,7,-0.2944687,-0.4935864,-0.14404197,-0.048098758,0.47810173,0.009182315,0.12751879,-0.07192698,-0.04074948,0.029277608,0.084500864,-0.41445786,-0.17824258,-0.09754879,0.088603005,0.14150718,-0.28046134,0.018696608,-0.37637192,0.29319105,0.20250647,0.3166393,0.032272946,-0.026810082,0.046987858,0.27038643,-0.32687488,0.5308268,0.076240115,-0.2374664,0.33123305,0.24925695,-0.46461815,-0.039746687,-0.33273333,0.4987827,-0.20776565,0.036928,-0.42900854,-0.043780833,0.18267278,0.17353252,-0.29083937,-0.34553063,0.048355997,-0.44324464,-0.28087288,-0.2945991,-0.2377732,-0.09029768,0.18148217,0.18743947,-0.16045327,0.09491347,-0.32730156,0.0514909,-0.092037246,0.08549105,-0.12688628,-0.3960645,-0.11987721,0.29514045,0.20560732,-0.07448505,0.3771797,-0.052646935,0.085111596,-0.048742827,0.1279294,-0.22277512,0.31039822,-0.12742388,-0.67156005,-0.19685186,0.41616076,0.045985892,0.091700315,-0.16560508,-0.031051412,-0.11299299,-0.21493223,0.37086627,-0.049554177,-0.010678433,0.46504903,0.2977715,0.15704733,-0.22274111,-0.6069482,-0.17276861,0.21177536,-0.52406186,0.31234884,0.03669936,-0.432211,0.2168128,-0.18054232,-0.34120232,-0.4361014,0.30954438,-0.3258927,0.22609456,-0.050396673,0.045344554,0.14737162,-0.10943494,0.47194898,0.30951002,0.09148662,-0.012210514,-0.020868005,0.040157173,0.16274573,-0.5385069,0.503631,0.12875342,-0.09134105,-0.04000464,0.19721803,0.18933102,-0.046587076,-0.20806625,0.0759662,-0.24880396,0.21056712,0.55102515,0.24925202,-0.11147682,0,0,0,Peripheral,0.020871834502075
232,1,0.002506265664160401,0.0,0.19151652716697404,0.0010331803359501046,0.0,1,0.0,0.0,1.0,2,0.0,0,-0.816160320663924,7,5,2.142857142857143,0,2,0,5,-0.2629974,-0.68140984,-0.23215586,-0.5509879,0.21768719,0.32565874,-0.22164032,-0.38274232,-0.22032252,0.24268806,0.14094743,0.058597554,-0.16089725,0.15737534,0.23036732,0.29122245,-0.35550073,-0.38433677,0.10861453,0.4188718,0.08903637,0.2115765,-0.014969477,-0.88809913,0.20037375,0.21477495,0.08809071,0.00911088,0.16331151,0.14530812,0.04695778,0.42860526,-0.024611281,0.045386966,0.06884411,0.08109956,-0.3312187,-0.030133454,-0.3551141,-0.26581907,0.11252668,0.1791125,0.19750467,-0.17651878,-0.07847689,0.01590725,-0.26425195,-0.4394421,0.53555614,-0.14726074,0.32154632,-0.058302272,0.3032192,-0.2484463,0.032594234,0.1804675,0.5983034,0.27820012,0.025273116,0.31251866,-0.3265826,-0.30003437,0.2059007,0.21904185,0.15994775,-0.09731788,0.11579985,0.013837446,-0.23507592,0.23969425,0.1593408,-0.116233915,0.0057498105,-0.023294361,-0.11335706,-0.19278829,-0.109443225,0.31164598,-0.083572045,0.13395438,0.20205298,-0.019715877,-0.26159087,0.18611224,0.31525117,0.5126034,-0.10141729,-0.2912731,0.25981718,0.0049552363,-0.09556908,-0.18030669,-0.045757737,0.548653,0.13063124,0.4098501,-0.3698426,0.30773658,-0.041236337,-0.019420352,-0.037347805,0.27426383,-0.012346011,0.27376533,0.21212411,-0.2491786,0.23832956,0.7201152,0.4025098,-0.025209839,0.2594091,0.24972998,0.0320729,-0.13322406,-0.37613562,0.12329339,0.40514424,-0.04138023,0.28573883,-0.038027443,-0.0022514022,-0.25364074,0.4860035,-0.1855397,0.21231748,-0.047285616,0.3598933,-0.0015790667,1,1,0,Peripheral,0.017661633425016164
233,28,0.07017543859649122,0.06194857325958178,0.3271017422710855,0.13188820737959875,0.018518518518518517,10,0.053771334637315316,4918.778665384053,0.08620689655172414,29,0.38265306122448983,6,2.239517662733314,11,5,2.6363636363636362,10,1,0,0,-0.11867998,-0.07087864,-0.15696113,0.07461211,0.1504407,0.15743802,-0.10495927,-0.09588721,-0.18967687,0.01445262,-0.10427658,0.03314023,-0.16236044,-0.14303704,-0.010850318,0.05068843,-0.05205337,-0.22726996,-0.012283803,0.11138262,0.018389458,-0.06069975,-0.14326924,-0.1281832,-0.031449273,-0.091546535,-0.12381155,-0.046643358,0.036365867,-0.05048833,-0.052984703,0.1748223,-0.15147614,-0.3516312,0.07318761,0.21467902,0.18416661,0.0522435,-0.02462459,-0.04650049,0.2718374,0.13824445,0.07440164,-0.23848414,-0.15478897,-0.020217963,-0.27211872,-0.1723555,0.1406398,-0.10047382,0.03863246,0.22394575,0.1188576,-0.102917105,-0.09300884,0.008085032,0.07744738,-0.0038287821,-0.08419322,-0.07655214,-0.07142023,0.1289743,0.36038035,0.12353275,0.31193694,-0.07144447,0.034363303,0.05113911,0.10499111,-0.122665554,0.1392434,0.022896193,-0.32026964,0.04725126,0.05980372,0.18279149,-0.023707584,-0.0014980471,-0.08429176,-0.10583663,-0.2468984,0.16461726,-0.16747081,0.14704596,-0.12237689,0.24801716,0.10542254,-0.09496616,0.09845475,-0.09835321,-0.22322173,0.01880716,-0.064431384,-0.11704729,0.10922026,0.2557974,-0.11064238,-0.10333848,0.11704901,-0.19743612,-0.10383729,-0.04427566,-0.068714224,0.35396203,0.12378132,0.024540683,0.058790985,0.10120358,0.37590364,-0.0050096107,-0.032606184,-0.11045981,-0.021567566,0.04355587,-0.07658699,0.2367836,-0.26131234,-0.09377562,0.09953339,0.0945558,0.076526195,-0.082779735,0.140228,0.010695877,0.020654248,-0.022034101,-0.039517723,-0.13608867,0,0,0,Peripheral,0.13859623731236928
234,5,0.012531328320802004,0.006074831544808447,0.245697450888947,0.01395982281384139,0.0,4,0.005275242679527023,482.34769948933547,0.3333333333333333,6,0.0,0,-0.23412641906445003,16,10,2.5,5,2,5,4,-0.38656372,0.102563076,-0.08211432,-0.10250014,0.4755162,-0.093227945,0.003949311,-0.1408585,0.12169319,-0.008613278,-0.14561692,-0.12573278,-0.1438359,-0.16275892,0.04867922,0.00392175,-0.3061441,-0.17082636,-0.42899638,0.1692249,0.18545973,0.036505688,-0.041071173,-0.1907158,-0.13586435,-0.0769149,-0.08837472,0.19007204,-0.15615658,-0.17053191,0.083526604,0.24916752,-0.04637447,-0.009809658,0.07612669,0.47335342,-0.19270292,-0.28644937,-0.23432843,-0.3086672,-0.05679561,-0.08330919,0.21200207,-0.18330978,-0.2822679,-0.20699154,-0.12179231,-0.085072316,0.14524809,-0.03919643,0.21214314,0.6544312,-0.039651696,-0.023531033,-0.0522634,0.10759076,0.46636418,0.33269253,-0.032028757,-0.29642296,-0.030519206,0.27478108,-0.015328363,-0.008081771,-0.10597077,0.14614318,-0.15104586,0.23074067,0.27503642,0.0057486687,0.28303933,-0.42035684,-0.56128854,0.30492482,0.16678602,-0.03427939,0.026753621,0.093272366,0.19926406,-0.01699251,0.015746955,0.026387652,0.22415929,-0.0017053765,0.17891741,0.36709848,0.35165843,-0.28498402,-0.36581746,0.10312646,0.16325581,-0.29125452,0.24270068,-0.14401753,-0.2185499,0.234521,-0.029387007,-0.09893937,-0.1377235,0.23155397,-0.15377846,0.02266626,-0.26282772,0.21042326,0.012775898,-0.3701967,0.13456976,0.081611924,0.19915819,-0.030828295,0.034581613,0.29406402,-0.10004348,-0.26224706,0.15445869,-0.028896911,-0.2398543,-0.24579358,0.017675828,0.052718565,0.2286773,-0.02304568,0.19039316,-0.19726664,-0.49010807,-0.07982144,-0.29809132,-0.19154592,0,0,0,Enabler,0.15682916920399598
235,4,0.010025062656641603,0.0005910794238397166,0.21369212504946575,0.00522462808139057,0.0,4,0.0007957277702778389,46.93229733229734,0.4,5,0.0,0,-0.37963489446431853,10,6,2.5,0,0,5,5,-0.4256933,-0.09094964,-0.099072054,0.13925013,0.44671166,0.17848024,-0.120786615,-0.39217448,-0.106609456,-0.47997284,-0.23815346,-0.04122597,0.025320273,-0.2165077,0.2323279,0.1983784,0.09621336,-0.11880507,-0.23649535,0.35813424,0.0381367,0.07683585,-0.34160927,-0.43124077,-0.06843336,-0.67236793,-0.08714729,0.15661716,-0.24839628,0.13170058,0.10719029,0.6102374,-0.22696671,-0.66780335,-0.21924414,0.7906891,-0.17745404,0.07915299,-0.16587612,0.133982,-0.24782193,0.045087136,0.21075825,-0.19366618,-0.47642154,-0.028165173,-0.5061605,-0.18021144,0.08899757,-0.18229982,0.019929158,0.19853686,0.23874345,-0.012991147,0.1058377,-0.23928139,0.06752758,0.40386236,0.24786419,-0.46443757,0.20817012,0.054202586,0.56555194,-0.02774931,0.35296154,0.07013601,0.01739453,-0.0011261167,0.015403074,0.03294725,0.34931418,-0.24246371,-0.41310012,-0.101978034,0.12104048,-0.134552,0.36223593,-0.1582118,-0.2608911,0.014413989,0.031354334,-0.22735783,-0.15345772,0.2054154,0.18602946,-0.018723981,0.17069142,-0.084600165,0.12139043,0.2787056,-0.32694077,-0.14230391,0.10790751,-0.06992568,-0.06482455,0.26534107,-0.04112793,0.32859778,-0.28630337,-0.22187226,-0.15612599,-0.36685252,0.010370218,-0.031130955,0.18755352,-0.10082748,-0.13249795,-0.1552606,0.35931283,0.038080234,0.09544332,0.32821327,0.13761266,-0.06902797,-0.16475376,0.28489113,-0.27966768,-0.044814814,0.33257502,-0.063168176,-0.49019277,0.39416382,-0.17281248,0.064417824,-0.22643013,-0.44982523,0.03594261,-0.059982322,0,0,0,Peripheral,0.020964354203685507
236,2,0.005012531328320802,2.3469377759625994e-05,0.20942103808845128,0.00321020122292141,0.0,2,2.88269529211079e-05,1.8634920634920635,0.6666666666666666,3,0.0,0,-0.6706518452640555,6,5,1.5,0,1,0,5,-0.23841019,0.2531507,0.28395778,0.18790647,0.23539679,0.02729561,-0.2761853,-0.42191294,0.3549294,0.20230214,-0.26310915,-0.16131414,-0.372866,-0.17941962,-0.09113034,-0.028537305,0.03613372,0.10929771,-0.1968783,-0.031606354,0.2046026,-0.015855523,-0.09879492,-0.2928162,-0.13380063,-0.26349548,-0.23744066,0.12542427,0.41565445,0.3382363,0.012958595,-0.11971596,-0.05194342,-0.13363634,-0.35392222,-0.060585573,0.50315654,0.001853656,-0.11479254,-0.3857464,0.21582004,0.42570677,0.07681184,-0.24656099,-0.13133748,-0.30464622,-0.57631785,-0.6439932,0.47968942,-0.11294381,0.4756367,0.37334564,-0.3369959,-0.30153498,0.02650412,-0.00707886,0.1339829,0.091299295,-0.010830736,-0.28527814,-0.40416148,0.1506644,0.39958894,-0.12962,0.03023063,0.13279976,-0.0485854,-0.14797117,-0.12066972,-0.018556984,-0.19628355,-0.2438741,-0.6861847,0.060195915,-0.04718167,-0.12960345,0.1594366,0.19254914,-0.26618725,-0.41422924,-0.078932874,0.2717482,0.06256869,0.013742179,0.5504555,0.28260684,0.292172,-0.34191185,0.023417301,-0.21761656,0.24100488,-0.060313363,0.15224333,-0.16165008,-0.028753474,0.05473104,-0.012209289,-0.2728181,-0.02369022,0.044787917,-0.04265156,0.26498008,0.052781705,0.43404755,0.099689044,0.061783895,0.38316166,-0.086226285,-0.14456762,-0.2175992,0.36653206,0.038502082,-0.118102506,-0.14772235,0.17633882,-0.42296886,-0.55621755,-0.24987678,-0.10442581,0.26561385,-0.1353756,0.1764772,-0.08029049,-0.14284888,0.2359817,0.08548018,0.31476143,-0.1314961,0,0,0,Peripheral,0.010507579676741948
237,4,0.010025062656641603,0.001178961618496057,0.21524985425791116,0.0052171006074378246,0.0,3,0.0007046169944984877,93.61073147020542,0.4,5,0.0,0,-0.37963489446431853,8,6,2.0,0,1,2,5,-0.39215568,-0.28306803,-0.12609178,0.15639548,0.75150424,0.12639558,0.036174595,-0.52882427,0.104537874,-0.051382657,-0.083808914,-0.23678386,0.11784945,-0.09198392,-0.127774,-0.10862471,-0.0925538,-0.15750922,0.06158585,0.36544633,0.06364237,0.070271686,-0.48681217,0.007180492,-0.27310392,-0.26104528,0.20961656,-0.07791043,0.016009014,-0.019619092,-0.037260327,0.070700735,-0.24127558,-0.7818478,0.0461614,0.33313972,0.25412437,0.05348913,0.066869654,0.275217,-0.028494172,0.016348403,0.23006342,0.015268066,0.023448074,0.13128841,-0.6638429,-0.22139402,0.086652726,-0.19212894,0.4700981,0.38273057,0.34450334,-0.1127405,-0.083791815,-0.018567063,-0.29489595,-0.26233473,0.27082586,-0.056525588,-0.050279956,0.38058445,0.36276305,-0.20285231,0.1362187,-0.51789844,-0.122660756,0.27008998,0.46849546,-0.31348768,0.11766378,-0.4904588,-0.46719176,0.40817258,0.07760236,0.07931462,0.20818608,-0.13192561,-0.041177925,-0.18145727,-0.0072498005,0.045987554,-0.004624743,-0.13687404,0.16827391,0.18978772,-0.16238911,-0.23525497,0.05982212,0.13359831,0.0423137,0.3949604,-0.15248622,0.28738678,-0.3150211,0.653752,0.12255082,-0.072316475,0.12107337,-0.22006014,0.16050835,-0.023791768,0.30365568,0.12502258,-0.07445892,-0.26279733,0.013277885,0.21145378,0.42471987,0.085211985,-0.25215438,0.053204436,0.14322114,-0.3994207,0.10333301,-0.29616424,0.39353347,-0.1039387,0.21278588,0.19786076,0.20822462,-0.06392977,0.104060926,0.03607241,0.15315387,-0.13954432,0.59059095,0.16929904,0,0,0,Peripheral,0.01798511501679866
238,1,0.002506265664160401,0.0,0.20338887293374322,0.0016499629512490921,0.0,1,0.0,0.0,1.0,2,0.0,0,-0.816160320663924,5,4,1.2,0,0,1,4,0.22965482,-0.19199573,0.0074968166,0.39355502,0.03438794,0.19407411,-0.09234546,-0.43485898,0.34472913,-0.2259366,-0.3171222,0.07037228,-0.16892661,0.4467593,0.014659493,-0.17430736,-0.13421994,-0.42641628,-0.23131403,0.18774866,-0.24119124,0.15882042,0.047472894,0.24956654,-0.08910577,-0.11227222,-0.2747564,0.16930135,-0.23708509,0.30549288,0.27621475,0.4498446,-0.20122615,-0.19621338,-0.01512174,0.40788415,0.20001867,-0.3262243,-0.29702795,0.31044036,-0.16861293,0.11409166,0.36552933,-0.07150975,-0.51918334,-0.094943926,-0.36629647,-0.41251743,-0.057687275,0.023755664,0.12620054,0.3737543,0.24009721,-0.3190241,0.086288914,0.090028904,0.57009625,0.105781,-0.2924349,-0.34065264,0.034628395,0.062095057,0.17078882,0.38090193,-0.1672124,0.12556781,0.04617206,-0.03530835,-0.06789929,0.13028415,-0.20272419,-0.5115975,-0.6101738,-0.16264252,-0.27985576,0.06906645,-0.09301006,0.004516206,-0.12516755,-0.20374644,0.3635725,-0.11913107,0.1986421,0.20890637,-0.03503942,0.41114712,0.3611134,-0.15275651,-0.26091084,-0.26996347,0.18893452,-0.05284986,0.2834711,-0.21084926,-0.23820503,0.19558176,-0.25966913,-0.2523297,-0.24458547,-0.40318966,0.36968184,0.070419855,-0.1877448,0.39866668,0.1869454,0.056688167,-0.012414781,0.2707596,0.31911737,0.2959676,-0.29644468,-0.15547353,0.47353187,-0.40538633,-0.26866966,-0.3031464,-0.06793389,0.05878969,-0.22626211,0.10627911,0.42272523,-0.6655024,0.32953194,-0.15058711,-0.22360066,0.14408204,0.06991064,-0.17307864,1,1,0,Peripheral,0.017758006794516668
239,13,0.03258145363408521,0.007712681005754495,0.28097926477092383,0.07315054534755244,0.07692307692307693,9,0.00447450129882982,612.3945845379126,0.2087912087912088,14,0.0,0,0.9299413841344979,19,8,2.4210526315789473,7,8,4,0,-0.08266209,-0.24683514,-0.111501575,0.062484607,0.27117422,-0.03144902,0.013569646,-0.380685,-0.0002568789,0.091764554,0.033361033,-0.05078457,0.03807376,-0.003941215,0.005424316,0.2209629,-0.24299407,-0.17472377,-0.13795096,0.19907449,-0.10466865,-0.0048366864,-0.16792004,-0.094241336,0.033852957,-0.2984844,-0.1594824,0.07416549,0.0043303245,0.20156385,-0.017273905,0.1270334,-0.06048822,-0.2641572,-0.18229331,0.37832305,0.04726716,-0.0387703,0.031423874,-0.123383015,0.1184042,0.13943936,0.006053118,-0.11977169,-0.036002733,0.05563193,-0.27354944,-0.3355721,0.11285778,-0.05604573,0.24678342,0.2593929,-0.049326867,-0.0648134,-0.07722305,-0.0062877242,0.121366255,-0.024469383,0.12949365,0.12245044,-0.26644948,0.1831418,0.068570785,0.112661585,0.38247383,-0.06356747,-0.10472087,0.049227856,0.05110579,0.02608251,0.007963983,-0.11020851,-0.24335705,0.117891096,-0.009919389,0.002554511,-0.17291039,0.10935524,-0.1901938,-0.08367474,-0.16589068,0.092815414,0.06990457,0.27838054,0.050084073,0.25700766,0.032028105,-0.099651806,0.05681465,-0.33003587,0.08242173,0.14829196,0.14648084,0.02927452,-0.3141623,0.14466335,0.00041346918,-0.109967425,-0.055461217,-0.060952608,-0.122927204,-0.0017783771,-0.086773135,0.29089525,0.056043923,0.07205197,0.10119893,-0.025041183,0.49122944,0.0873117,-0.06323505,0.03777925,0.034653425,0.0846779,-0.16301957,0.14139035,-0.03617128,0.015411759,-0.028173607,0.008198715,0.093844876,-0.2620891,0.14299554,-0.037163425,0.04816703,0.1904975,0.12064387,0.0070116366,0,0,0,Broker,0.7766354363955307
240,3,0.007518796992481203,0.0003434890979803328,0.21009833769417072,0.004041065613546484,0.0,3,0.000355150508879681,27.273377868736407,0.5,4,0.0,0,-0.525143369864187,9,4,2.3333333333333335,0,1,2,6,0.08583096,-0.7182675,-0.39599276,0.12628849,0.6374091,0.028797003,0.0076831356,-0.09862869,0.20453507,-0.23710509,-0.0966257,-0.39676413,0.10221337,-0.27047333,0.17178926,0.6126986,-0.2256069,-0.16743857,0.245242,0.0570679,0.17656721,0.3025795,0.04692092,-0.07386078,-0.44946942,0.3643543,-0.39528498,0.4438212,0.06667622,-0.03926071,0.25996247,0.5333698,-0.31643647,-0.013568172,-0.5643044,0.016934302,-0.2970683,-0.2194837,-0.22401775,-0.25839114,0.05748513,-0.21094331,-0.3197449,-0.12295678,-0.20808905,-0.31132346,-0.16817191,-0.13929977,-0.28498128,-0.23181826,0.5072838,0.15332991,-0.35932213,-0.046210174,0.06626151,0.28063846,0.30023363,0.0870799,-0.02803426,-0.17983367,-0.24869603,0.31894034,0.44040632,0.3912635,0.5445196,-0.011752674,-0.2566703,0.22760068,0.015957618,0.2760799,0.023858897,0.08079339,-0.29561234,0.20262109,0.13653596,0.11956432,-0.43371475,-0.52784896,-0.18391544,-0.16000563,-0.48435718,-0.23988207,-0.21239148,-0.055731528,0.6024059,0.36917844,-0.37792775,0.008833542,-0.046699636,-0.21946307,-0.13061951,-0.004548755,0.13174425,0.15890759,-0.47774124,0.31633648,-0.06429498,-0.39679953,-0.17620635,0.0073268944,-0.14240092,-0.24373852,-0.18665859,0.17007662,-0.009552591,-0.22304368,0.032354765,0.18340501,0.28746113,0.3281452,-0.1765765,0.110966824,0.12489056,-0.025823792,0.14177689,-0.13688998,0.018855898,-0.2520329,0.024805708,0.11346157,0.44585323,-0.04622951,0.07479195,0.023707172,0.2230763,-0.0129607525,0.05154168,-0.28397793,0,0,0,Peripheral,0.015717465868770496
241,1,0.002506265664160401,0.0,0.16479555052013595,0.00011566845615187779,0.0,1,0.0,0.0,1.0,2,0.0,0,-0.816160320663924,14,6,2.2142857142857144,0,3,3,8,-0.48054683,-0.40559006,0.19731186,0.3446705,0.82509595,0.36397827,0.17308578,-0.40288424,0.20823234,0.07529595,0.25772345,-0.10597142,0.18251659,0.22941175,-0.50115496,0.055509657,-0.18824123,-0.27435902,-0.057272065,0.29047057,-0.074239075,0.0012462363,0.029821543,0.09957271,-0.3292509,-0.27283764,0.091890186,0.051849037,-0.14201,0.5131786,-0.27955827,0.37915295,-0.04721679,-0.31624895,0.14518698,0.3549603,0.35628703,-0.05891429,0.07055877,0.123045936,0.13405894,0.40990737,-0.16443464,-0.036445044,-0.45259145,-0.12301551,-0.75669765,-0.1948268,0.0005685233,-0.034765534,0.13598803,0.55274874,0.16239417,-0.5600912,-0.56640166,-0.3801047,-0.17728749,-0.16629037,0.18937467,0.32931337,0.04080985,0.036307495,0.37889215,0.07107763,0.30371982,0.0014244288,-0.3206698,0.43388146,-0.18643764,-0.47606024,0.14777705,-0.3641574,-0.37788272,0.6272625,-0.09277108,-0.16260867,0.20329505,0.15673047,0.05036124,0.19916084,-0.77532667,0.14758287,-0.3422949,0.23636071,0.0705687,0.28272757,-0.2700875,-0.45633596,0.310143,-0.44104564,-0.05292921,0.35621366,-0.32461667,0.11246635,-0.62516725,0.6595852,-0.23386033,-0.21894802,0.05740624,-0.32859576,-0.28216717,0.212192,0.10159435,0.07129841,-0.059492886,0.29230186,0.12763037,0.07555714,0.5067058,0.10509105,-0.53227925,-0.5790163,-0.12629443,-0.23128316,0.03343221,0.40058875,0.4573206,0.12836081,0.15624346,0.21315001,0.009702281,-0.23815434,0.3877325,-0.14106514,-0.15447266,0.045672882,0.26478866,0.23087488,1,1,0,Peripheral,0.01751827057849684
242,15,0.03759398496240601,0.014092308152280724,0.2897520339653773,0.08637783720977228,0.0380952380952381,10,0.011512155151959802,1118.9433595992418,0.15833333333333333,16,0.12888888888888883,1,1.0754498595343664,15,8,3.0,4,9,2,0,-0.1400593,-0.12964745,0.07677014,0.075016774,0.1528231,0.16264623,-0.10520829,-0.09989655,-0.07780952,0.077964075,0.01514025,-0.12292153,0.06404101,0.01835095,0.04513906,0.035972103,-0.080962986,-0.0571941,-0.16723353,0.157215,-0.11648441,0.20898831,-0.16804197,-0.26144043,-0.0024619624,0.121910915,-0.033053156,0.10961968,-0.05851636,-0.11763296,0.22191773,0.28057975,-0.057439245,-0.13051078,-0.13579315,0.27298716,-0.1152504,-0.17764118,0.03689835,-0.069496885,0.04241331,0.18228154,0.168535,-0.098198764,0.10306616,-0.09166963,-0.2197369,-0.4473847,0.22649975,0.019297032,0.35395685,0.18821241,-0.17156959,-0.041918192,-0.10671495,0.032825794,0.1431364,0.012455566,-0.00029720605,-0.061367813,-0.062282138,0.07577628,0.20188303,0.054521315,0.16727836,-0.07342967,0.06481297,0.019550752,-0.120234236,-0.061724946,0.2628502,-0.23438716,-0.4031558,-0.10227942,0.12248179,-0.12239122,0.062561795,0.0022399835,-0.025256822,-0.15401945,-0.0791288,0.14483993,0.082879566,-0.022310069,0.29973805,0.28094152,-0.038710825,-0.2011234,-0.007781858,-0.16016103,-0.14355037,0.022068093,0.08682477,-0.051447608,-0.13207792,0.04910957,-0.10374555,-0.373707,-0.1652382,-0.029861253,0.06345764,0.10953085,-0.07024934,0.06435593,0.16943355,0.022573764,0.23350884,0.04448819,0.28383076,-0.035347674,0.009410282,0.23250054,0.103807576,-0.049220514,0.2056072,-0.10289216,-0.17112687,-0.07086813,0.17232251,0.13372155,0.14216147,-0.1198707,0.0024515856,-0.18134665,0.06812087,-0.014805872,0.06657745,0.057499,0,0,0,Peripheral,0.0795205100772444
243,3,0.007518796992481203,0.00023501167581018576,0.21453898948163008,0.0050587974529355175,0.0,3,0.00027612175456661036,18.66016207100456,0.5,4,0.0,0,-0.525143369864187,7,5,1.8571428571428572,0,0,1,6,-0.23881286,-0.15769908,0.18541712,0.31844646,0.20791288,0.16531825,-0.24891621,-0.50901574,-0.06860819,0.27612516,0.19457811,-0.42156237,0.16504738,-0.13715388,-0.2205158,0.014996726,-0.19649945,-0.10334593,-0.2992435,-0.12497031,-0.06385377,0.072271,-0.2858215,-0.6936674,-0.042126052,0.21295051,-0.15166184,-0.0063039274,0.19232774,0.26195827,0.4064292,-0.06612948,-0.08759782,-0.19049592,-0.41004157,-0.013852144,0.15351604,-0.101433694,0.012596594,0.01855118,0.31151903,0.47126293,0.2940502,-0.47598898,0.33433908,-0.23416787,-0.4459449,-0.28037578,0.067441225,-0.16274108,0.4476351,0.3786502,-0.09086753,-0.3336462,-0.04946013,-0.2682244,-0.24628796,0.5583953,-0.17010733,-0.22695397,-0.044163052,0.4323441,0.3460654,-0.098136485,0.19897167,-0.10552119,-0.078398034,-0.43249005,-0.031484004,-0.33436298,-0.0025107039,-0.012119339,-0.8026678,-0.19629045,0.114107266,-0.23578194,0.22829674,0.12629187,0.014015381,-0.43262544,-0.21031778,0.17995344,0.2876051,0.21738224,0.4130239,0.06274208,0.103284486,-0.47547233,-0.1467952,0.09851657,0.056059163,-0.3025376,0.2749055,0.14979409,-0.14003088,0.34101877,0.11534927,0.20796983,-0.62305546,-0.09239175,-0.15673928,0.038255725,-0.112710126,-0.15173998,-0.044349343,0.20567788,0.2715667,0.087730676,-0.32677433,0.01875631,0.21567798,-0.18321683,0.4098933,-0.036883097,0.11359679,-0.36983132,-0.4004842,-0.0963621,0.10853759,0.3139419,-0.028866496,-0.23248918,0.10293001,-0.25763196,0.18343683,-0.23559587,0.10438878,-0.109701075,0,0,0,Peripheral,0.01584936859930969
244,1,0.002506265664160401,0.0,0.1985403606816552,0.001112854571797185,0.0,1,0.0,0.0,1.0,2,0.0,0,-0.816160320663924,8,6,2.5,0,2,2,4,-0.5803868,0.26246172,0.22580647,0.085564345,0.2942945,-0.33633494,0.24523003,-0.1758739,-0.17736734,0.016441217,-0.09530997,0.22508611,-0.6893937,-0.03527438,0.28730482,0.4059691,-0.18391179,0.119659886,-0.3878783,0.20416616,0.16030867,0.25156376,-0.4385658,-0.11511551,-0.057681628,-0.6119882,-0.03304308,0.11129844,-0.36003813,0.029731708,0.37107223,0.5430893,-0.32133833,-0.08823865,-0.08333464,0.64292586,-0.38473892,0.09199414,0.12746541,-0.3210258,-0.14108576,0.28241414,0.25072005,-0.06664635,-0.21623908,-0.2725143,-0.60784394,-0.20826852,0.35634136,-0.104639746,-0.037542503,0.25156325,0.287129,-0.05659082,0.044505347,0.076488696,0.47466186,0.45633802,-0.5707197,-0.14165908,0.09079798,0.11534445,0.2066929,0.10907575,0.3546103,0.07408466,-0.08019875,0.060530685,0.008692734,0.16001569,0.29979968,-0.09288345,-0.5010195,0.57195204,0.13064048,0.086651236,0.27055418,-0.1207477,-0.3577882,-0.2416341,-0.27710688,0.10462518,0.30210844,-0.008408717,0.47892082,0.08454459,0.0404791,0.014911357,-0.041862123,0.30017662,-0.1234636,-0.10082202,0.092263065,-0.22732487,-0.030543607,0.33362195,-0.14823797,0.04536787,-0.015614686,0.0821541,-0.10779868,-0.56018186,-0.36120933,0.10217131,0.16119356,-0.010534159,0.045474295,0.12606777,0.22444956,-0.047939476,0.13406698,0.13814849,0.19900595,-0.08281733,-0.2329722,0.22560574,0.35075375,-0.38621312,0.5969198,-0.390636,-0.30556393,0.35574636,-0.20552105,0.05583333,-0.13405642,-0.29387975,0.25661954,-0.20946053,1,1,0,Peripheral,0.0176740826646356
245,7,0.017543859649122806,0.015280713599634836,0.2521832531639658,0.01952070639202497,0.09523809523809523,3,0.012384265969525217,1213.3039405246057,0.32142857142857145,8,0.0,0,0.05689053173528696,17,10,2.3529411764705883,3,1,8,5,-0.15106271,-0.39260212,-0.35661432,-0.17327192,0.28198862,-0.012600381,0.27953053,-0.0757272,0.29091415,-0.21821491,-0.1233397,-0.0907808,-0.07638142,-0.34615323,0.16543138,-0.027516676,-0.2768578,0.009201057,0.19771905,0.02273982,-0.06600189,0.41181797,-0.21454455,-0.35879523,-0.38092342,0.20170338,-0.100622274,0.052191775,0.070106395,0.23359706,0.19848844,0.4734265,0.019778255,-0.19606386,0.016465869,0.13686551,-0.12360464,-0.026934667,0.32461762,-0.047583945,0.19593528,-0.050872922,0.20855191,-0.07358471,-0.09594943,-0.049852,-0.22219391,-0.20094244,0.023464838,-0.14968897,0.32772487,0.03920474,-0.21268988,-0.5499041,-0.27758154,0.18292016,0.08713616,-0.03692972,0.050697036,0.06835593,-0.36767,-0.09524632,0.4595558,0.2603362,0.06733668,0.07337377,0.07345154,-0.013184273,0.12771145,0.12202252,0.07041593,0.3123318,-0.144421,0.048509948,0.17196351,-0.055161778,-0.07141513,-0.02195656,-0.07429317,-0.24053122,-0.2889119,-0.041471582,-0.42957628,0.35322255,0.54194546,0.7242335,0.032380924,-0.14575237,-0.17127904,-0.041999687,-0.113778204,-0.29306704,0.0813056,0.02840424,-0.40804458,0.084510155,-0.1409048,-0.23896825,0.1774887,-0.3008109,-0.16709906,-0.040237833,-0.13238028,0.1105916,0.18283188,0.22302704,0.031102603,0.007610878,0.42086414,0.16463889,0.11264962,0.120819606,0.27376103,-0.06268755,-0.21385227,-0.1552926,-0.05683466,-0.26659536,-0.014980735,-0.013259058,0.34161186,0.09832527,0.19188292,0.08053229,-0.060706813,-0.08832319,0.10986992,0.039907828,1,2,0,Peripheral,0.04187076054076781
246,1,0.002506265664160401,0.0,0.19334049409237378,0.000887309068506275,0.0,1,0.0,0.0,1.0,2,0.0,0,-0.816160320663924,5,5,2.0,0,0,2,3,-0.05023609,-0.567344,-0.2496167,0.039713416,0.7999498,0.18762597,-0.17469127,-0.47558892,0.19947958,-0.20916587,-0.14147983,-0.19211967,-0.20442502,-0.0776239,0.41330194,0.48795894,-0.25939012,-0.16637643,0.3552667,-0.20202863,0.31394607,0.13281292,-0.016090905,-0.02062045,-0.56042546,0.23851806,-0.08752343,0.5534418,0.29780537,0.02377083,0.23224781,0.14868143,-0.36511877,-0.115340926,-0.65203536,0.15149596,-0.07430992,-0.30747548,-0.0866195,-0.39642173,0.049688514,-0.07120741,-0.046827782,-0.00094645104,-0.06425466,0.002898124,-0.2260309,-0.21055019,-0.111381516,-0.28017512,0.16514698,0.2484058,-0.235883,-5.2730076e-05,-0.004315505,0.16358215,0.3318371,0.23499215,-0.20798635,0.1370103,-0.11725772,0.33511502,0.26669797,0.3698555,0.2070398,-0.015924226,-0.57637525,0.12931046,0.12431465,0.044040173,0.25942618,-0.3742332,-0.11869752,-0.120446,0.26176915,-0.020417903,-0.07498578,-0.248868,0.1921978,0.13627703,-0.18869027,-0.260317,-0.015121304,-0.11548068,0.62336314,0.38138,-0.17063029,-0.34760487,0.165914,-0.38305888,-0.2823011,0.14027599,-0.0041582463,0.031747613,0.06708289,0.2623124,0.42998064,-0.6628099,-0.3338855,0.20237008,-0.15915696,-0.15034455,-0.20207992,0.30743632,-0.1260238,-0.4257573,0.09406316,-0.00063253584,0.42998302,0.16195358,0.04421091,-0.012330403,-0.07612366,-0.022555526,0.18278037,-0.1036434,0.14313667,-0.046810642,-0.08079954,0.26994503,0.60695356,-0.01585603,-0.050881375,-0.39160097,0.1739863,-0.5034694,0.12151045,-0.3294364,1,1,0,Peripheral,0.01763884078266833
247,7,0.017543859649122806,0.019423218937554262,0.25140250005819503,0.013488622571351661,0.047619047619047616,3,0.011388758700725556,1542.2230068607462,0.2857142857142857,8,0.0,0,0.05689053173528696,21,11,2.6666666666666665,2,1,14,4,-0.3325208,-0.19155382,0.11421087,0.34060034,0.47848353,0.18777902,0.018629687,-0.3771445,-0.18246943,-0.020724824,0.08436956,-0.16067134,-0.1179528,0.28727514,-0.25273457,0.09411278,0.11435261,-0.15747571,0.34873748,0.28723028,0.0928378,-0.05047441,-0.12912068,0.032119617,-0.08677506,-0.1555985,-0.10245082,0.15320902,-0.04559566,0.11126864,0.059997458,0.012770747,0.114560805,-0.37875226,0.14266367,0.51957136,0.2852464,-0.1255357,-0.005457078,0.11143194,0.007345661,0.2992995,0.018016076,-0.31504548,-0.30725104,0.004290698,-0.53360164,-0.14646351,-0.28828123,-0.090997,0.34424374,0.32864207,0.16227977,-0.4878837,-0.44757724,-0.3516769,-0.034312263,-0.116926275,0.22898191,-0.048423897,-0.4681455,0.16192722,-0.060207933,-0.20608678,0.27731848,-0.12743098,-0.20148401,0.19134118,-0.10505345,-0.25615066,0.20102595,-0.28906512,-0.41867885,0.36872485,-0.041809805,-0.25243288,0.2498653,0.08745381,-0.13886456,-0.20138627,-0.55674845,0.08057588,-0.025171109,0.28918424,-0.14683162,0.15435658,-0.112999745,-0.056825556,0.1200419,-0.20556684,-0.18628423,0.25755665,-0.23426628,0.19741073,-0.6064057,0.29125756,-0.13443391,-0.081394315,-0.124824986,-0.22753663,-0.31683987,-0.15449959,0.019635484,0.50349325,-0.2946592,0.05490235,0.026291162,-0.04248198,0.37655425,0.066558525,-0.2810558,-0.24743657,0.02490677,-0.18396392,0.04360952,0.25335982,0.16335443,0.061636213,0.032727137,0.053592384,0.052347764,0.015654942,0.5302125,0.113033414,0.26127946,-0.066886194,0.09532872,0.1457646,0,0,0,Enabler,0.18067384047748722
248,26,0.06516290726817042,0.044298966348062054,0.31201924118653984,0.11154284417304812,0.03076923076923077,10,0.04050687570174759,3517.382227002475,0.10256410256410256,27,0.2174556213017752,3,2.385026138133183,21,6,2.6666666666666665,17,4,0,0,-0.10802873,-0.19378586,-0.26080546,0.0154522825,0.055717897,0.0010462194,-0.12107022,-0.29189473,-0.16436765,0.009360134,-0.035549257,-0.17014898,-0.16976218,-0.022498002,0.08071146,0.25558767,-0.17904717,-0.22811824,-0.08464265,0.27990684,-0.060560282,0.07383656,0.077140875,-0.013283928,-0.16745608,0.09760079,-0.43591356,0.19903204,0.080662124,0.17459878,0.07415883,0.16403064,-0.06977213,-0.11823625,-0.12859416,0.123069085,-0.06350095,-0.029423513,-0.3790737,-0.22965533,0.08677285,0.02970977,0.06861666,-0.07870815,-0.08968289,-0.16186485,-0.40151593,-0.099095255,0.12265001,0.001983251,0.23122448,0.13088353,-0.07142805,-0.16958955,-0.2906514,0.32039186,0.04389683,0.08173315,-0.022635017,0.0008120776,-0.15340589,-0.0819796,0.19229066,0.124292344,0.35840958,-0.11375053,0.028495276,0.0014663783,0.20451215,-0.18759671,0.04329441,-0.049642466,-0.21551445,-0.0846461,-0.058282554,-0.08811822,-0.07819373,-0.12420597,0.032952685,0.12480509,-0.087400615,-0.0147307115,-0.0013651066,0.019691423,0.27128193,0.2805545,-0.002015388,-0.025038444,0.12972239,-0.10750077,-0.1598364,-0.16712613,-0.0470078,0.041898906,-0.16883662,0.24009624,-0.056311455,0.034948986,0.015548064,0.112899244,-0.19030224,0.06430934,-0.22020634,0.3541072,0.13049313,-0.08678477,0.2194633,0.17456472,0.15592843,0.0630879,0.25314108,-0.015358574,0.047526315,0.09436884,-0.13601357,-0.054578874,-0.028157981,-0.113763526,-0.11006289,0.0678348,-0.028328847,-0.023220856,0.12045831,-0.10298365,0.069909655,-0.02592175,0.045242548,0.09044517,0,0,0,Coordinator,1.0
249,8,0.020050125313283207,0.01695456318422169,0.2647204809088737,0.026132315366463755,0.10714285714285714,4,0.013077036597652832,1346.2092713903862,0.3055555555555556,9,0.0,0,0.20239900713515546,15,8,3.1333333333333333,3,3,5,4,-0.039377417,-0.21143842,-0.036427055,0.043391064,0.23567638,0.016673207,-0.23627025,-0.7280349,0.093023255,0.0113053275,0.027337898,-0.07859184,-0.23604737,-0.26340544,-0.013475045,0.032584112,-0.088778034,-0.28549895,0.022614306,0.2649453,0.04090167,0.22632849,-0.31290427,-0.20348921,-0.0741837,-0.11721401,-0.035016038,-0.099271886,-0.06460911,0.14743386,0.28028968,0.037418503,-0.16944154,-0.2942688,-0.08597851,0.48469904,0.16535132,-0.28158033,0.1888699,-0.06464236,0.004360593,-0.00019892553,0.32004502,0.010849544,0.03172703,0.16087851,-0.4873316,0.074797265,-0.07483111,-0.17818673,0.2302595,-0.026555698,0.098652445,0.20274991,-0.0855178,-0.15475795,-0.2060805,-0.027913272,0.27132764,-0.25652644,-0.30228916,0.035368487,0.039784465,-0.14431986,0.23189937,-0.48596796,-0.3146127,-0.096024364,0.021668,-0.013616044,0.10481221,-0.16914335,-0.3524986,0.42819515,-0.124626994,0.25379726,0.15768015,-0.15476592,-0.1005639,-0.06277368,-0.16140111,-0.25805444,-0.07955964,-0.08688065,0.31298253,0.40537792,-0.030838342,-0.2167728,0.093658574,0.12516485,0.003363673,0.06905756,-0.16617057,0.10578535,-0.16600704,0.34936935,-0.03385273,-0.16573675,-0.34879598,-0.019887047,0.15062332,-0.09979561,-0.14914142,0.14978628,0.19163269,0.0031666295,-0.17349795,0.4123036,0.34898973,0.22608908,-0.09877519,0.21692039,0.10764739,-0.15252104,-0.015141955,-0.52598566,-0.033029024,-0.17818323,0.19226435,0.12370294,0.25979224,-0.2510631,0.057986066,-0.26810706,-0.05777386,-0.14095044,0.31774312,0.14378645,0,0,0,Peripheral,0.03582221868891386
250,6,0.015037593984962405,0.0011680461091971635,0.23830669851444455,0.01721828905207466,0.13333333333333333,4,0.0027981654635732688,92.74402911636399,0.38095238095238093,7,0.0,0,-0.08861794366458153,10,7,2.0,1,2,4,3,-0.19501711,-0.09190958,-0.26339364,0.39788705,-0.05334931,0.43567425,0.08748999,-0.23164214,-0.16734818,-0.16206492,0.011506498,-0.035963047,-0.101547725,-0.025096018,0.11570427,0.2385889,-0.20776895,0.06866575,-0.2754278,0.3252379,0.002713961,-0.13094576,-0.12530944,-0.14810105,0.023354156,-0.17827721,-0.12809393,-0.082518086,-0.17041606,0.10246795,0.19146723,0.34882125,-0.11900578,-0.48657027,-0.24901155,0.22881487,0.09830251,0.14058098,-0.2706755,-0.15071367,0.1825723,0.12752502,0.12818843,-0.15189385,-0.056148905,0.2687494,-0.231001,0.101917304,0.3386647,-0.18680696,0.12310652,0.30066144,-0.13647693,-0.5911461,-0.0306672,-0.1018051,0.1305739,0.26084867,0.29658198,0.04235228,0.118231036,0.3599112,0.44119483,0.07836898,0.43133545,0.04897435,-0.07359064,-0.3831317,0.008383691,-0.031910032,0.32062823,-0.34069565,-0.4386694,-0.009242647,0.2507317,-0.199798,-0.14468423,-0.023579847,0.24738424,-0.21426176,0.15851414,-0.11839458,0.08429022,0.2518611,0.46076605,0.08818955,0.12090142,0.0982345,-0.0018710961,-0.1835304,0.11287636,0.011274823,0.3024243,-0.22626926,-0.097988404,0.5424748,-0.041817736,-0.06242372,-0.4008188,0.16188672,-0.049694635,0.26836777,-0.30067185,0.27740306,0.07669004,0.0824026,-0.46128142,-0.031558484,0.3548109,0.020235986,0.14720474,0.30782172,-0.17198773,-0.2329495,-0.22656822,-0.064628,0.11930207,-0.097634,-0.079327285,-0.04586829,0.17681402,0.05009267,0.035637017,-0.12460198,-0.126679,-0.23085782,-0.31603602,-0.30591506,0,0,0,Peripheral,0.02673267039458658
251,3,0.007518796992481203,0.011419322523716675,0.20149629657269724,0.0018756273320575012,0.0,2,0.004595450099285065,906.7056277056276,0.5,4,0.0,0,-0.525143369864187,6,5,1.6666666666666667,0,1,3,2,-0.4965517,-0.15821475,0.19318464,0.34938392,0.55802625,0.24958043,0.14153056,-0.42899057,0.1951431,0.005931923,0.16732563,-0.0037713859,0.17258021,0.060466066,-0.4019701,-0.1136127,-0.24076276,-0.14488325,0.053741127,0.21733199,0.077514954,0.011798113,-0.2187896,0.07820111,-0.09295487,-0.1703506,0.20625362,0.09352969,-0.15380558,0.46282884,-0.09853403,0.13669352,-0.07147345,-0.42258254,0.09497976,0.37118858,0.45800045,-0.0004251132,0.021628143,0.13352728,0.20999552,0.3227998,-0.087767385,-0.08253412,-0.25269678,-0.0062639327,-0.61638063,-0.3136862,-0.0419339,-0.08921773,0.3433691,0.48169303,0.10090519,-0.3942024,-0.39906436,-0.27817833,-0.1829895,-0.19026275,0.14230473,0.20247877,-0.11927405,0.1510503,0.24130909,-0.07666672,0.2501933,-0.21402411,-0.2063738,0.4360936,0.05664967,-0.48721313,0.2851315,-0.26458555,-0.3390457,0.5865214,-0.19450335,-0.16750315,0.16617341,0.034303274,0.0049355156,0.05196154,-0.6429116,0.16208985,-0.14282817,0.12285064,-0.00886466,0.3673008,-0.14556713,-0.43437636,0.35630906,-0.3486169,0.091888584,0.3280884,-0.30445045,0.22528806,-0.416401,0.6311978,-0.060963728,-0.046726327,0.094730355,-0.09899658,-0.20162468,0.09476911,0.1816173,0.2240265,-0.046149544,0.17847592,0.11134444,0.2074745,0.5554169,0.23313199,-0.43538326,-0.23926957,0.10710781,-0.105047576,-0.0987626,0.20082751,0.4046057,0.09249238,0.1196544,0.19506912,0.07618963,-0.16265571,0.55370325,-0.023285218,-0.007781082,0.07304064,0.3277662,0.21887076,1,1,0,Peripheral,0.027523207511620046
252,12,0.03007518796992481,0.003277207912405726,0.2790481358034261,0.07090217336908933,0.06060606060606061,9,0.0034485809917169986,260.213585452927,0.20512820512820512,13,0.0,0,0.7844329087346295,15,10,2.6,2,7,6,0,-0.023754679,-0.10940457,-0.004272574,0.16917647,0.22570746,-0.042381402,-0.010938016,-0.22558388,-0.09583189,0.081646815,-0.048983403,-0.035385363,-0.18522045,0.026078334,0.072474256,0.335394,-0.20273927,-0.08080249,-0.13460688,0.01850043,-0.22376889,0.11830164,-0.21589167,-0.20669806,-0.17835781,-0.042576745,-0.07474632,0.17875353,0.0023572056,0.082669176,0.1520855,0.24570477,-0.06618737,-0.13104035,-0.10382886,0.44581753,-0.07129081,-0.21662472,-0.05321194,-0.031286806,-0.08290318,0.10922115,-0.05717037,-0.2542989,-0.05739781,0.046390254,-0.20707645,-0.30299908,0.095721535,-0.10575038,0.22327426,0.12405144,0.12821718,-0.13600908,-0.00022444471,0.096426286,0.20905158,0.12243415,0.11349943,-0.0578439,-0.14086083,0.008922987,0.25230792,0.071555614,0.27206522,-0.034427997,-0.027278133,0.13545878,0.025885092,0.032610442,0.21454184,-0.18463442,-0.3013923,0.008822465,-0.05556915,0.11481756,0.0019291514,0.02262594,-0.0401696,-0.15651695,-0.24066758,0.076049216,-0.052060045,0.13081282,0.44219992,0.2898857,-0.038216546,-0.026517354,-0.12971261,-0.044359006,-0.065671414,0.04972067,0.12062842,-0.03610374,-0.23058231,0.21982859,0.017425966,-0.13845436,-0.097702704,0.055798084,0.015231313,-0.11439896,-0.05672733,0.12533888,0.18625258,-0.080775924,-0.0047435043,0.04161411,0.32004005,0.07343526,0.08325466,-0.022388356,-0.047178376,0.08084615,-0.17690492,0.0815964,0.17640844,-0.1936602,0.24195766,-0.12709461,-0.020711638,0.06683984,-0.10423584,-0.10948237,-0.0490822,-0.009818394,0.15997027,-0.019697407,0,0,0,Broker,0.7373050829336865
253,26,0.06516290726817042,0.03339137536123541,0.3153514855098912,0.11162626977366807,0.027692307692307693,10,0.033252780767022705,2651.3085950574527,0.09971509971509972,27,0.2174556213017752,3,2.385026138133183,13,6,2.8461538461538463,10,3,0,0,-0.21011578,0.05866004,0.041930154,-0.05321521,0.08008773,0.016322868,-0.033417404,-0.39702478,-0.12434421,0.2421469,0.02394924,-0.030325077,-0.22077258,0.0066143232,0.1030378,0.18221016,-0.09396769,-0.1988572,-0.001425429,0.062632754,0.0049842647,0.059127774,-0.19614942,-0.29654235,-0.15991229,-0.09754988,-0.0031665636,0.12290823,0.030807957,-0.04888494,0.07202417,0.25999588,0.044571765,-0.18781348,-0.21179879,0.018721854,0.031686813,0.019821797,-0.15537533,0.046011824,-0.062969156,0.12956643,0.09113537,-0.19028874,-0.065678425,-0.009222366,-0.50515866,-0.07913678,0.261651,0.07659284,0.24177936,-0.00086117454,-0.072983615,-0.32151964,-0.14380029,0.0837153,0.048712693,0.09566603,-0.06262744,-0.027031612,0.04830342,-0.02495102,0.2200462,-0.12095289,0.19799615,-0.09571931,-0.15906464,-0.090558,0.22331652,-0.031814095,0.24297303,-0.02616637,-0.37912136,0.15832137,-0.06071761,0.12719975,0.024647912,0.00481205,0.023216061,-0.03314496,-0.28656563,-0.03369516,0.18713854,0.19723004,0.2845499,0.19130859,0.023489011,-0.10287532,-0.16588627,0.04220197,0.00040271186,-0.04642344,0.1552727,0.073320515,-0.048880216,0.25452265,0.05422294,-0.00840558,-0.11027389,0.0049403836,-0.09196031,0.0720903,-0.2575556,0.37201226,0.05085357,0.06935791,0.2725425,-0.034232855,0.096889324,0.032443747,-0.030532606,0.17649661,-0.002990388,0.10050516,0.088484384,-0.0848725,-0.02925202,-0.25383112,0.22402835,0.069939025,0.0123532135,-0.012231986,0.0017516415,-0.15801235,0.05713942,-0.09483952,0.13591236,0.023944575,0,0,0,Coordinator,1.0
254,2,0.005012531328320802,0.0,0.2062298603651987,0.0026376097050901824,1.0,2,0.0,0.0,1.0,3,0.0,0,-0.6706518452640555,11,8,2.5454545454545454,0,4,2,5,-0.009335759,-0.44078222,0.19808258,0.12600847,0.2708416,0.4494543,0.12551366,-0.27763665,0.058377653,-0.14882058,0.036320582,-0.23807292,0.51541024,-0.08114139,0.38537645,0.18548426,-0.287395,-0.24854414,-0.25410336,0.4184931,-0.568338,-0.016017044,-0.18711708,-0.2857339,-0.09727661,-0.4999156,0.13623263,0.0107037835,0.035433806,0.19563964,0.02880541,-0.1363989,0.38069966,0.096033946,-0.54558694,0.47263035,-0.029505769,0.11386025,-0.13274103,0.09417243,0.16769719,0.19798408,-0.27332515,0.020595808,0.19665745,0.24281883,-0.30176532,-0.085768536,-0.11420227,0.21236032,0.016414635,0.06356529,-0.2041797,-0.3887161,-0.37557548,-0.41100457,0.027329274,0.010834727,0.31434742,-0.094282456,0.035295665,0.40622723,0.32752892,-0.012688344,0.56111306,-0.05719201,-0.15545778,-0.060979236,0.08241925,-0.016753163,0.011232958,0.036182597,-0.6770585,0.11967905,-0.42751762,0.11414167,-0.011148597,0.09282745,-0.31459484,-0.019495783,0.19524923,-0.07489358,-0.123950906,0.4066611,0.35099348,0.30428723,-0.18081242,-0.1545667,-0.12816343,0.0017702902,-0.042571943,0.24876687,0.29622534,0.034342892,-0.3836378,0.13855723,0.014789136,-0.016970785,-0.21823084,-0.09335317,-0.23942412,0.28197724,-0.5186959,0.26807582,0.08907796,0.18038037,-0.34286997,0.19864923,0.30978635,0.15904665,0.564004,0.2302092,0.4229038,-0.23935877,0.033294547,-0.04399386,-0.07602693,0.106326886,-0.0049349586,-0.045641683,-0.020684566,-0.27424115,0.0737103,-0.13908577,0.055298217,-0.7777921,-0.42726994,-0.18578571,0,0,0,Peripheral,0.010412243833470915
255,1,0.002506265664160401,0.0,0.177784362383792,0.00036120270080834736,0.0,1,0.0,0.0,1.0,2,0.0,0,-0.816160320663924,12,7,2.1666666666666665,0,2,3,7,-0.55918574,0.43953678,-0.2858741,-0.25609866,0.31815654,0.1757983,-0.23437096,-0.56004494,0.35353303,0.29545683,0.07656439,-0.19361056,-0.33338982,-0.29441613,-0.10954657,0.22446433,-0.07084233,-0.61375266,-0.07299807,-0.056385227,-0.16200072,-0.06909412,-0.36517915,-0.2802683,0.013586986,0.26311642,-0.595836,-0.0037110022,-0.01510105,0.23738885,0.31187662,0.15627676,0.37770882,-0.20077133,-0.11315244,0.025356907,0.5944961,-0.23436084,-0.20326626,-0.2523854,0.16735892,-0.057754017,0.07006533,-0.26102617,-0.20436117,-0.09484038,-0.7490694,-0.38102105,0.16655973,-0.1648566,0.49883497,0.3317937,-0.27971917,-0.3578277,-0.05664994,-0.46222973,0.09414615,0.12023335,0.062281936,-0.1740271,-0.4293766,0.23816378,0.40165472,0.16280238,0.68477887,0.24326348,-0.006929166,-0.05301988,-0.08261443,-0.53040755,-0.30686426,-0.31502977,0.1274658,0.13018474,-0.12954412,0.175086,0.38355207,0.06079941,-0.0445475,-0.48190498,-0.6463128,0.2694974,0.1971748,-0.001505193,0.6644934,0.11228814,-0.059101928,-0.2464341,0.03659655,0.066965416,-0.019911202,0.11453512,0.04240393,-0.17618619,-0.15586221,-0.034551997,0.12599267,-0.109525695,-0.5948504,0.0492668,-0.067430764,-0.27106422,0.2830807,0.35234135,0.18045087,-0.28868133,0.47730225,-0.018547125,0.2653481,-0.023398248,0.3636779,0.4336504,0.25466707,-0.44346252,0.30985704,-0.118650034,-0.23598221,-0.5418658,-0.18461603,0.04169821,0.086238585,0.3979536,0.2677929,0.29982394,-0.17490754,0.18665011,0.10717603,-0.016880523,1,1,0,Peripheral,0.01755663573649312
256,5,0.012531328320802004,0.005578993482339453,0.23918411640293663,0.00752540283011961,0.0,3,0.005743663441916074,442.9776614912349,0.3333333333333333,6,0.0,0,-0.23412641906445003,12,9,2.5833333333333335,0,3,6,3,-0.19059213,0.07462951,-0.079801455,0.019299222,0.12933517,0.07096848,-0.09040915,-0.59122133,0.17008035,0.33998236,0.26165122,-0.033152174,-0.0784371,0.029995112,0.2650565,0.20458737,0.1401062,-0.5367918,0.1356566,0.20140095,-0.23238623,-0.09359689,-0.35967216,-0.10736873,0.1472696,-0.013503781,-0.241871,-0.05859375,-0.054224074,0.010044814,0.3242512,0.13276456,0.25153062,-0.4138525,0.18200377,0.14242478,0.47443402,-0.1670916,-0.22478849,-0.16506225,-0.046369724,0.18690951,0.23483367,-0.33091158,-0.43324035,-0.13863106,-0.64874667,-0.14686413,-0.107732594,-0.080992855,0.3185001,0.69593525,-0.086145274,-0.29931527,-0.35753372,-0.37427565,-0.1673435,0.06848252,0.23205692,-0.031522363,-0.49164352,0.23627493,0.025233332,0.09972433,0.4941841,0.13548681,0.015073608,0.09178344,0.036817215,-0.55831695,-0.06835152,0.0446136,-0.35466263,0.21753885,-0.23971112,0.09618452,0.1340491,-0.045006573,-0.22841808,-0.2367771,-0.41620672,0.5152541,0.43697482,0.096684545,0.58805335,0.43869326,-0.24455652,0.04029519,0.14659137,-0.031701207,0.014132811,0.48009998,0.084509164,-0.19831717,-0.16827819,-0.0074030706,0.1103425,-0.118518226,-0.16305193,-0.17994756,0.04852978,-0.20209642,0.29217348,0.5043973,0.0052959397,0.024839263,0.23083702,0.3247827,0.0779541,0.25643322,-0.054168824,0.122406915,-0.105396815,-0.60995024,0.19615346,-0.071461916,0.19488265,-0.15990563,-0.20969276,0.03531289,0.09476832,-0.19480067,0.32726154,-0.02828721,0.13694257,-0.019854737,0.048359957,0.09818586,0,0,0,Peripheral,0.021320832789322296
257,3,0.007518796992481203,0.0004123229280972886,0.20821283979178715,0.0019578120238576938,0.0,3,0.00023267158767286978,32.73885281385281,0.5,4,0.0,0,-0.525143369864187,7,6,2.7142857142857144,0,1,2,4,-0.34661746,-0.019663967,-0.056874573,0.30079764,0.6290799,-0.08789589,-0.33144972,-0.38055053,0.15868497,0.43370193,0.25964952,-0.21530342,-0.22122535,0.15321901,0.015739214,0.16574265,0.21971068,-0.2119909,0.26715073,0.40618536,0.020763721,0.27620363,-0.21770619,0.009158075,0.19805197,0.4086324,-0.33744696,-0.22331049,-0.14099747,0.030583797,0.17030779,0.28586373,-0.06948934,-0.41235673,0.24843991,0.5081989,0.32732168,-0.09639643,-0.17924197,0.18700485,-0.25200608,0.26030284,0.35980934,-0.24273759,-0.04404229,-0.038806166,-0.54780126,-0.47513428,-0.38289145,-0.03280882,-0.09672111,0.5063535,-0.09267179,-0.42976516,-0.6772093,-0.31439158,0.0795205,-0.008725754,0.15590315,-0.13448799,-0.57762307,0.013985184,-0.06182293,-0.2177366,0.35018334,0.31152764,-0.20885901,0.31037223,-0.07399703,-0.60290897,0.08809201,-0.12634487,-0.46791595,0.43536553,-0.25717273,-0.037717197,0.19656032,0.048366494,-0.25763163,-0.11339271,-0.5331032,0.34961623,0.1936474,0.0721375,0.18465066,0.5548379,0.033761516,-0.0850832,0.14058308,-0.094280064,0.1859384,0.3634795,0.056310967,-0.09125065,-0.21663909,0.3444399,0.017343825,-0.11848567,-0.20448752,0.0115465,-0.11997312,-0.19722907,0.087930955,0.31055614,-0.009987545,0.17412077,-0.10001816,0.1378191,0.27370167,0.079476565,-0.12653352,-0.33354306,-0.032777786,-0.57123226,0.05667259,-0.05390784,0.22398788,0.085121155,-0.28577608,-0.052674912,0.36973357,-0.19210334,0.49175802,0.119557425,0.29565507,-0.04368216,-0.04514151,0.03397568,0,0,0,Peripheral,0.015409162479188492
258,9,0.022556390977443608,0.011300566298348575,0.26300569236857324,0.028167858594844872,0.05555555555555555,4,0.011658913290325687,897.2762646551752,0.24444444444444444,10,0.0,0,0.34790748253502396,15,8,2.4,1,1,9,4,-0.30257204,0.24688616,-0.23847665,-0.14625154,0.1226581,-0.018543858,-0.16151324,-0.33529878,-0.13587372,-0.1540096,-0.16068476,0.050342444,0.13421439,-0.07045625,-0.122932866,0.1692969,-0.10250469,-0.10175212,0.10698412,0.077940315,0.05003031,0.09697471,-0.077780396,-0.18672387,-0.43034858,-0.34136918,-0.044588298,0.006475739,0.058651246,-0.02663383,0.028264338,0.4049789,-0.35449618,-0.679632,0.07904207,0.60930914,-0.04727256,0.22223368,0.022773765,0.16159599,0.051045384,0.19262758,0.023418628,0.084556535,-0.0694121,0.19988967,-0.16136962,-0.20330983,0.21925652,-0.1041902,0.3569977,0.3248004,0.005873889,-0.16942732,-0.07136697,0.07411452,0.061174385,-0.04285486,0.3011812,-0.4707696,-0.12300291,-0.02011128,0.28759742,-0.022169342,0.082486525,-0.22495887,-0.2407521,0.12822089,-0.14767079,0.039956145,0.26314503,-0.095745735,-0.5961793,-0.029757772,-0.0011121081,-0.16480958,0.18622386,-0.19990669,-0.20396194,0.0008315124,-0.017264597,0.081884585,-0.053613275,0.18217318,-0.010549738,0.26154485,0.057662915,0.039271217,0.07040301,0.023000704,-0.061686732,0.004661418,0.18648982,0.058005627,-0.1650506,0.33378845,0.047649447,-0.11041704,-0.12877017,-0.21342711,0.055215944,-0.31589487,-0.188289,0.40631598,-0.0392227,0.14621429,-0.09127587,0.029143386,0.15750264,0.2361586,0.3037276,0.06546611,0.13672909,-0.038837675,0.024384446,0.00996855,0.16090347,0.08251312,0.43003124,-0.06225716,-0.15025508,-0.015988452,0.2681089,0.05731743,0.07181229,-0.064517744,0.2501478,-0.25164336,1,1,0,Enabler,0.3010966959382518
259,1,0.002506265664160401,0.0,0.20338887293374322,0.0016499629512490921,0.0,1,0.0,0.0,1.0,2,0.0,0,-0.816160320663924,4,3,3.0,0,0,3,1,0.27584678,0.060106993,-0.11435401,0.43888208,-0.15455852,0.19372608,-0.12274455,-0.36913517,0.33981216,-0.22172487,-0.24892984,0.07686538,-0.16092825,0.35224137,0.105637394,-0.100012146,0.08884083,-0.455075,-0.26846737,0.20771912,-0.10236829,-0.019727213,0.21295406,0.21963958,-0.07373543,0.0050912374,-0.08245077,0.12693094,0.30373827,0.051936083,0.32835168,0.427863,-0.47273853,-0.110904165,0.17858,0.6643665,0.106238626,-0.33033884,-0.3722586,0.052334532,-0.23013571,-0.1540316,0.30967632,-0.086501695,-0.4232576,-0.06905315,-0.25358135,-0.47273782,-0.0976459,0.06572278,0.29260933,0.42605942,0.2486755,-0.25643817,0.13526809,0.11775968,0.57427424,0.04484857,-0.1733975,-0.080806166,-0.08030937,0.06934949,0.24491347,0.14050566,-0.157534,0.11436049,0.11430072,-0.0047095167,0.13482337,0.06470289,-0.115540355,-0.47167426,-0.73345804,-0.24630801,-0.12639084,0.0012248541,-0.067892894,-0.09738828,-0.21395516,-0.16915211,0.14224866,-0.24715698,0.27129787,0.05518892,0.004058862,0.46453816,0.20295906,-0.05020832,-0.2455577,-0.21714756,0.20187429,-0.19346295,0.1173106,-0.29513103,-0.32464764,0.09690891,-0.32440263,-0.24860169,-0.29595917,-0.2397246,0.33634955,0.20295987,-0.27324918,0.47331628,0.26895714,0.39411756,0.1927928,0.030997146,0.40055004,0.2943915,-0.12706295,-0.2549111,0.5437852,-0.47432116,-0.20768303,-0.14738496,-0.07916038,-0.10546685,-0.23125233,0.30886894,0.47900763,-0.3584669,0.37858343,0.075011894,-0.40276882,0.12659752,-0.05240532,0.07485758,1,1,0,Peripheral,0.017758006794516668
260,4,0.010025062656641603,0.005935950392134196,0.21872863978127136,0.004958451306122612,0.0,3,0.004268256076682639,471.32039708584733,0.4,5,0.0,0,-0.37963489446431853,11,7,2.090909090909091,0,1,2,8,-0.07557571,-0.021788975,-0.29249114,-0.23523127,0.5801373,0.32776567,-0.41753098,-0.8093688,0.059083953,-0.17025803,-0.37814644,-0.24132374,-0.0865879,0.09132389,-0.10857553,0.32098833,0.27149147,-0.18227391,0.10307566,0.09985273,0.11890909,0.06553685,-0.18944135,-0.19223106,-0.033780195,-0.30002937,0.044136602,-0.08370602,0.091229066,-0.078143135,0.668471,0.10888395,0.10787057,-0.41563085,0.32098466,0.430381,0.2527919,-0.32690957,-0.0027488861,0.13958919,0.46874103,0.12415711,0.13039897,-0.043174468,0.1534484,0.27492002,-0.56992567,-0.21848942,-0.21420218,0.1037006,-0.06460368,-0.038703755,0.082075894,-0.2785313,0.20246638,0.30245104,0.050251752,0.060025603,0.21108878,-0.47627774,0.13089858,0.21437149,0.31523293,-0.17794073,0.35993975,-0.007241966,-0.31022826,-0.13596347,0.47352785,-0.066404074,-0.102365755,-0.48060796,-0.30102134,0.26988512,-0.26161447,-0.07838352,0.3919193,-0.008883575,-0.40989238,-0.22982249,-0.27544892,0.24879137,-0.5066791,-0.24258485,0.42421684,0.17368309,0.26650956,-0.2028908,-0.042256318,0.09310293,-0.11087863,0.1397837,-0.2069658,-0.14634162,-0.3154936,0.28734165,-0.17514051,0.07457154,-0.36267602,-0.283563,0.2708769,-0.30875948,-0.18583971,0.20443058,0.34418827,0.021803351,0.083459385,0.11675391,0.42921302,0.24464911,0.14608757,0.554347,0.041066363,-0.5086193,0.21782635,-0.4653359,-0.09002268,-0.06351432,0.05986433,-0.12502329,-0.03434192,-0.19151361,0.30395713,-0.1025471,0.020747727,-0.24178965,0.67661446,-0.14061977,0,0,0,Peripheral,0.019133961201181347
261,4,0.010025062656641603,0.013375495199042116,0.2105068244168425,0.0029867687084785925,0.0,3,0.005754708482353602,1062.027694299143,0.4,5,0.4375,1,-0.525143369864187,8,5,2.75,0,2,4,2,-0.6719531,-0.004159573,0.28420871,-0.062948264,0.3073973,-0.09404272,0.2804808,-0.079714105,0.07421491,0.17521526,-0.15830617,-0.05907961,-0.39653933,0.21697941,0.28984144,-0.3026399,0.013259486,-0.22045402,-0.56406724,-0.108204,0.04735282,0.39626107,-0.19964643,-0.008015757,0.06264827,0.08600133,-0.14230508,0.24627668,-0.39811462,-0.19310826,0.28195846,0.37864634,-0.23338756,-0.2964334,-0.31371456,0.994091,-0.5002189,-0.2586193,-0.26028094,-0.61629623,0.1748873,0.28161815,0.07146822,-0.042645216,-0.28637737,-0.34878486,-0.04073793,-0.11048599,0.37579936,-0.07619701,0.43892786,0.09451799,0.18220854,0.063562736,-0.071673945,-0.16446938,0.12923864,0.49873236,-0.44113433,-0.0829267,-0.108989164,0.17305784,0.027648238,-0.022487497,0.11807749,0.28426784,0.077912375,0.07860959,0.13265255,0.3102132,0.3396545,-0.67696154,-0.5052051,0.23841497,0.13183318,-0.031920496,0.21108344,0.050222218,-0.19196136,-0.25796726,-0.006271396,0.15057704,0.079522446,-0.32917696,0.33171743,0.30106628,0.23470819,0.15032315,-0.10289533,0.1278524,-0.09151755,-0.1577117,0.2094113,-0.13566956,-0.31617767,0.77118164,-0.19868909,-0.26762533,-0.0003007704,0.035873253,-0.20304896,-0.0994552,-0.24776344,0.37837896,0.032169957,-0.3610854,0.13562225,0.068947524,0.2251302,-0.06814366,-0.15699148,0.19941871,0.11799728,-0.061308812,0.11247048,0.027064502,-0.13210066,-0.18094043,0.29311478,-0.01961013,-0.19733776,-0.115362324,-0.105397746,-0.2886449,-0.21506613,-0.2695057,0.107972115,-0.28721154,0,0,0,Peripheral,0.023810824692280182
262,0,0.0,0.0,0.0,7.590317288714358e-60,0.0,0,0.0,0.0,0.0,1,0.0,0,0.0,8,5,2.375,0,3,1,4,0.0037396196,-0.005884085,0.004426051,0.0011921553,0.0015989849,0.0047620432,-0.0014970927,0.0058072107,0.007345914,-0.0036740433,-0.0008553844,-0.0048532737,0.0022406615,0.00615305,0.0050374297,-0.0071849776,-0.0026614396,-0.0016505094,-0.002149894,0.0056101847,0.00039309636,-0.0008275546,-0.007490619,-0.003518411,-0.003207012,-0.0035055457,0.0066868123,-0.00038647745,-0.005206096,0.003585306,-0.0025312286,0.0026003858,0.0010103034,0.0031480975,-0.00231695,0.0017472887,-0.0035681669,-0.0040530376,0.0053851334,0.0010849824,0.0019818377,0.0006917883,-0.00026000198,-0.0067377714,-0.005956416,-0.0015031965,-0.0015132185,0.0019677896,0.004828918,-0.000104847364,0.003276472,0.0012386143,0.0048577804,0.00039068144,-0.002126418,0.0050274767,-0.0071025332,-0.005551353,-0.0032054102,0.004668447,0.0005011121,-0.00083210226,-0.0017284974,0.002720125,-0.0010921629,0.0073862383,-0.0007063523,0.0017433492,0.006719088,0.004877221,0.00037027523,0.0044332454,0.006257225,-0.0009969547,0.00017935038,-0.00170324,0.0063171573,0.0023127208,0.0067915283,0.0025665062,0.00039754715,0.002888834,0.00047230627,-0.007228651,-0.004090582,0.0062656887,0.0061010337,-0.0001559984,0.0050485376,0.0046372125,0.0070162537,0.0034856824,0.0049549546,-0.0030432343,-0.0058735954,-0.0064496184,0.0040919986,-0.0047915615,0.00438956,-0.004275959,0.005843492,-0.0054186424,0.0056759873,0.0030296305,0.00031815376,-0.0025232518,0.0028542783,0.0007411912,-0.0017819721,0.0011332966,-0.0038658427,0.0017815344,-0.0078077717,8.594245e-06,0.0074587157,-0.00023609307,0.005384745,-0.005738805,0.0057130354,-0.0029136734,-0.000726982,-0.007041108,0.0059624286,0.004425631,0.005387512,0.003641718,0.0077919345,-0.0050176624,0,0,0,Peripheral,0.0
263,25,0.06265664160401002,0.03510461718593279,0.3181312733351498,0.11723733812673529,0.03,10,0.031981553512224266,2787.3417091802494,0.10461538461538461,26,0.2944000000000001,4,2.094009187333446,16,5,3.375,15,1,0,0,-0.09648831,-0.12606528,0.15984254,-0.05858029,0.03231825,0.12050937,-0.09276527,-0.32791713,0.058887742,-0.047376618,-0.045561764,-0.19284505,-0.12757598,0.019933447,-0.13958032,0.17587256,-0.15427886,-0.11630073,0.06528742,-0.06568346,-0.09763909,0.021082316,-0.11749436,-0.34663686,-0.18457527,-0.13676907,0.014761744,0.010977834,0.00869645,0.08470223,0.069147035,0.039303876,-0.09780173,-0.24859372,-0.11640977,0.24845225,-0.11993416,-0.026223963,-0.052831393,-0.07617361,0.076351725,-0.09995234,0.05416148,-0.15339184,0.066229366,0.10090723,-0.40172607,-0.13169616,0.07752831,-0.015147869,0.14107554,0.2058848,0.10323462,-0.10904341,-0.22066206,0.034734793,0.06254299,-0.19311948,-0.06213652,-0.039213937,0.0010359049,-0.12752846,0.49225464,0.015947478,0.44238263,0.035987776,-0.0049392898,0.020508114,0.19779944,-0.13360278,0.3336759,-0.037738424,-0.36831573,-0.09809449,-0.18990089,0.061973207,-0.03736232,0.004377431,-0.15767138,-0.15460443,-0.107898735,-0.087931186,-0.00016320912,0.16777132,-0.03596503,0.18987314,0.08680599,-0.01913564,-0.086345695,0.021709703,-0.23159516,-0.005272583,0.28977385,-0.07845647,0.03559812,0.21300541,-0.05300967,-0.071985245,-0.17858887,-0.1980739,-0.04086378,0.10713074,-0.25499266,0.24860905,0.019887649,0.015455189,-0.08577024,0.043548074,0.055230666,0.022392388,0.04581108,0.11393054,0.06625825,-0.11016519,0.037788104,0.073689096,-0.2400942,-0.07526144,0.10088769,-0.05743479,-0.041255724,-0.1867327,0.06609256,-0.051067058,0.14229646,-0.13973576,-0.016568473,-0.2039576,0,0,0,Coordinator,1.0
264,2,0.005012531328320802,0.00013656382171282653,0.21215677993154014,0.0038802310213478085,0.0,2,0.00011814652688193327,10.843304007820139,0.6666666666666666,3,0.0,0,-0.6706518452640555,10,9,2.6,0,3,4,3,-0.08523919,-0.3282369,0.029613659,0.07000002,0.2592706,0.25095686,0.05746517,-0.40262106,0.09425674,-0.00061638193,-0.10952366,-0.059297025,0.23361672,0.059999246,0.55741143,0.1423281,-0.05973466,-0.28527522,-0.11124231,0.40578726,-0.3014139,0.588724,0.0071979016,-0.35299125,-0.236115,-0.028695099,-0.11849738,0.06891854,0.11456966,0.13298646,0.1849524,-0.18862657,0.03184987,-0.33116385,-0.39662883,0.3283262,-0.29975885,-0.108165085,-0.02071547,-0.22148806,-0.19612828,0.44103485,-0.027259817,-0.13172172,0.3334471,0.17046104,-0.23616551,-0.39479744,-0.08083124,0.13486578,-0.03186302,0.004427959,-0.14928883,-0.32716352,-0.4757869,-0.28071836,0.14913145,-0.053758338,0.08682257,-0.03341556,0.18266687,0.36085996,0.053218674,-0.006201461,0.1222205,-0.06562759,0.3912825,-0.05085873,-0.048694357,0.003041645,0.38426095,0.0027661019,-0.25580746,0.19406617,-0.44522044,0.11531756,0.118760645,0.10366587,-0.4266401,0.58183944,0.2514448,0.014561258,-0.22187749,0.45860004,0.31911734,0.6212818,-0.2517755,-0.33068618,-0.23275423,0.10873613,-0.16350366,0.39235032,0.13143371,0.06317274,-0.31702602,-0.15460786,-0.1201574,-0.43179005,-0.02662838,0.051593725,-0.085915044,0.44624737,-0.41883048,0.35397822,0.12055163,-0.021659493,-0.2796851,0.17625324,0.6004405,-0.043625176,0.21992095,0.23942533,0.073478855,-0.22216846,0.079506904,-0.15706398,-0.22569795,-0.06741536,-0.0048303762,0.24984397,0.1315208,-0.26669788,0.18864042,-0.028562132,0.27133718,-0.36317745,-0.04555256,0.020826157,0,0,0,Peripheral,0.010640546941905913
265,9,0.022556390977443608,0.02344562754828397,0.26515267761239836,0.027538103903375598,0.1111111111111111,4,0.020563131475089664,1861.6062729612954,0.28888888888888886,10,0.0,0,0.34790748253502396,18,9,2.888888888888889,4,2,10,2,-0.21375598,-0.32405186,-0.15025496,0.23526306,0.27532053,0.092745006,-0.018759174,-0.44035178,-0.088109866,-0.14889765,-0.0046698106,-0.07208436,-0.03728943,0.012740785,0.21509269,-0.106744304,-0.005174781,-0.29127002,0.04638104,0.15396143,0.064215526,0.5988891,0.05094224,-0.37624842,-0.15207098,0.0702108,-0.043657165,0.10281792,-0.07138848,0.25486642,0.1282336,-0.11187653,-0.3202337,-0.23686613,-0.10552303,0.2755794,-0.31210697,-0.17684506,0.06611941,-0.24919577,-0.09324815,0.5515026,0.27025637,-0.1613674,0.10737097,-0.18737896,-0.4276381,-0.18133308,-0.14354146,0.25865006,0.020057281,0.00319372,-0.3595137,-0.15278463,-0.05962279,-0.058128133,0.17975934,-0.15199375,0.06704937,-0.03704087,-0.040639855,0.0345838,0.07650715,-0.12753081,-0.0067585134,0.015760638,0.31718832,0.106837414,0.09693678,0.026003044,0.07865854,-0.07149564,-0.36821756,-0.15960173,-0.25521988,-0.03191244,-0.11327876,-0.087249644,-0.08584186,0.1363021,0.04793321,0.19255328,-0.34321746,0.29804567,0.3784423,0.63261604,-0.08244635,-0.18018238,-0.008073398,-0.089942425,0.01322149,0.22630076,0.25433254,0.09367046,0.123074204,0.09911267,-0.041074667,-0.40305206,-0.1594608,-0.009249721,-0.20238763,0.08121232,-0.11282436,0.29689237,0.10683119,-0.055353425,-0.027582593,0.10216086,0.5878472,-0.22882988,-0.15507944,0.29466435,0.21851735,0.0051245145,0.11245144,-0.3569546,0.0037148718,-0.21510626,0.115148984,0.16881213,0.24320908,-0.061067726,0.21768095,-0.3185901,0.37089714,-0.40091324,0.063348524,-0.051308546,0,0,0,Enabler,0.24246030878103633
266,0,0.0,0.0,0.0,7.590317288714358e-60,0.0,0,0.0,0.0,0.0,1,0.0,0,0.0,14,7,3.0,0,4,4,6,0.005203576,-0.0054744715,0.0036715884,-0.0036920384,0.001923373,0.0062632635,-0.0074572116,-0.0010882532,0.0016997419,0.0052559283,-0.0017169137,-0.007069545,-0.00096393004,0.002848057,-0.0075973654,0.0032414766,-0.007423307,0.0038350988,-0.0056204926,-0.0056126593,-0.0074438434,-0.002915142,0.00477108,0.004420965,0.0010443162,0.0006100051,-0.005133516,-0.0063066995,-0.0037370566,-0.004178418,0.0066265296,-0.00520109,-0.005994833,-0.0011830935,-0.0036625806,0.0049673934,-0.007507013,-0.0029609324,-0.0015425477,0.004112494,-0.0031427592,0.0029892772,-0.00031513255,-0.0037388299,0.0042005256,0.0029920666,0.003620511,0.0010440992,-0.005499528,-0.001491568,-0.007755693,0.0009796834,0.007680529,-0.00015587732,-0.0034584636,0.003782913,0.004665795,-0.0048182793,-0.0052194623,-0.002725807,0.0034225546,0.0024044383,-0.0016157413,-0.00059464946,-0.0068776347,-0.0013585463,-0.00060644746,-0.0032280935,-0.006478982,0.0073123453,-0.00021421816,0.0010674149,-0.003125607,-0.003870301,0.003951014,0.0033549638,0.0034798859,-0.0038583437,-0.00046713836,0.0005730549,0.0048858486,0.0037235683,0.0009089457,-0.005517451,-0.003987954,0.0026014745,0.0001550531,-0.006745331,-0.0062741814,-0.0010780701,-0.0019000722,-0.0037525436,-0.002100085,-9.898748e-05,0.006186175,-0.003927228,-0.00034843758,0.0066195186,0.0012476863,0.004222273,-0.0043810112,-2.539251e-05,0.0021701194,0.0010058722,0.0070904307,0.006808933,-0.0018051472,-0.00088131614,-0.0066623352,0.0029004728,-0.0038668318,0.0067022284,0.004581907,-0.0022641476,0.00047815498,0.0042010266,9.5207244e-05,0.0005521644,0.006562719,-0.0030116644,-0.006455647,-5.0839037e-05,0.0031910837,0.0048610074,-0.0021546287,-0.0062560746,-0.0023565153,-0.0013522115,0,0,0,Peripheral,0.0
267,22,0.05513784461152882,0.04226361343884297,0.3123192596876807,0.08732718519915898,0.03896103896103896,10,0.04185499176860457,3355.77317065757,0.1225296442687747,23,0.3305785123966941,4,2.0352416821764807,9,5,2.6666666666666665,7,2,0,0,0.101741835,0.11088424,0.25961363,0.0058369176,-0.10830957,0.23139198,0.057586737,-0.3248293,-0.040138967,-0.011211092,-0.16444865,-0.32403275,-0.12343187,0.020663543,0.5180485,0.057165537,-0.15011698,-0.07699324,0.12752858,0.118114874,-0.13509537,0.011141086,0.08979993,0.013281259,-0.112374805,0.05104715,-0.05062894,0.044802327,-0.08321031,-0.06851533,0.16373168,0.05648502,-0.0031431075,0.10486938,-0.103295185,-0.057011295,0.11711353,-0.018484663,-0.06944322,-0.22904113,0.074030615,0.10636086,-0.2807588,-0.12770227,0.16229898,0.070602424,-0.2003567,-0.0020289149,0.07923142,-0.03700715,0.39184454,0.03559749,-0.13114078,0.24384043,-0.090527065,0.12616448,-0.035939552,0.08433612,-0.12625717,0.17913556,0.14171755,-0.22156397,0.22430822,-0.21846229,0.015996188,-0.10567248,-0.17970768,0.1959068,-0.35868365,-0.18303528,-0.018180117,-0.11970936,-0.11906281,-0.018158268,0.04170347,0.07128373,-0.033183612,-0.36310658,-0.17111112,-0.12068775,-0.013737423,0.28076616,-0.07133972,-0.049374126,-0.22269097,0.23507777,0.0060878713,-0.024540843,0.14865133,0.2529274,-0.042612612,-0.21124673,-0.014750098,-0.046286836,0.06804896,-0.1629385,0.13660245,-0.0060834144,0.13672334,-0.18665476,-0.12744662,0.1840141,-0.013908591,0.112274475,-0.14439753,0.06346701,-0.061478887,0.011816554,-0.049562346,-0.019369384,0.025723457,0.11819839,0.07985105,-0.059053443,-0.13589402,0.23859484,-0.056149192,0.13557903,0.1117773,-0.1354772,-0.01415547,-0.22982551,0.25371182,0.3797725,-0.045257673,-0.22788137,0.12756962,-0.21174037,0,0,0,Peripheral,0.1092120065628742
268,3,0.007518796992481203,0.002504459306892526,0.2074150894477573,0.002083429209198402,0.0,2,0.004686685624268274,198.85657342657342,0.5,4,0.0,0,-0.37680771710107014,8,6,2.125,0,2,1,5,0.20792854,0.00969228,0.16916573,0.11583372,0.3141268,0.2845066,0.11796906,-0.3341541,-0.062074173,0.04159933,-0.19570126,-0.047549486,0.07625405,-0.49815318,0.037956905,0.31191373,-0.4953207,-0.6982256,0.30163252,0.23269017,-0.07333636,0.11232792,-0.110083774,0.35464478,-0.47209162,0.12794395,0.32090145,-0.107793316,-0.13075723,-0.044416457,0.56335986,0.30753618,-0.13998881,0.27058113,0.24150197,-0.25196102,-0.017047988,0.20213263,-0.051683255,0.11084846,0.41071925,0.5548492,0.12836345,-0.26098317,0.03391507,-0.06852911,0.30648232,0.06459452,0.031982698,-0.21783462,0.26911333,0.4194312,-0.0012901621,0.46348256,-0.33497453,0.053886805,0.012261932,0.4532929,-0.050241604,-0.04521616,-0.38644493,-0.29400912,0.19832759,-0.09524754,-0.12576964,-0.19155394,-0.06295274,-0.3759186,-0.15337098,-0.5375813,0.33747673,-0.10449056,0.17753443,0.10983599,-0.50358313,0.39985114,0.18829468,-0.30415553,-0.24061352,-0.3712444,0.087982595,0.14369865,-0.062226553,-0.36637935,-0.011392477,0.07562004,0.259856,0.22871917,-0.21128671,0.16518421,0.163136,-0.42292428,-0.245317,-0.18738428,-0.13209924,-0.3633334,0.73647195,-0.17417283,-0.05647761,-0.04521116,-0.27379656,0.40430936,-0.3866015,-0.0076722093,-0.12353769,-0.12711465,0.0021098193,-0.36199886,0.22156227,-0.2972374,-0.35856876,0.2050175,0.1320425,0.049295146,-0.26605362,-0.107143566,0.16617024,-0.20936513,0.45090505,-0.08117187,-0.0759364,-0.18785617,0.3529164,0.3368983,0.19527325,-0.34565166,-0.32041422,-0.38139287,1,1,0,Peripheral,0.025326936004841212
269,0,0.0,0.0,0.0,7.590317288714358e-60,0.0,0,0.0,0.0,0.0,1,0.0,0,0.0,8,6,1.875,0,1,2,5,-0.006739907,0.0068542846,-0.003625027,-2.5210902e-06,-0.0003687227,0.0050141383,0.0032908693,-0.004756145,-0.0061248904,0.0076729655,-0.0076097883,-0.004680506,0.0009412905,0.0046651606,-0.0054008747,0.00035101548,0.0053976066,0.0043289736,-0.0056687025,-0.00023250096,-0.000107657164,0.0051055597,0.0037713042,-0.002640034,-0.0036576167,-0.003705809,0.0017701257,0.0003992375,-0.00028534885,-0.005293195,0.0033908766,0.0025799759,0.006379593,-0.0006731944,-0.0017656349,-0.0048424285,0.006114701,-0.0019918978,-0.0006441418,-0.0048292745,-0.0068311756,0.00176486,-0.0004632417,-0.005318096,-0.0019882154,-0.0024677534,-0.0019940408,0.00033788756,0.003365173,-0.000281428,0.006635844,0.0061122803,0.0048745275,0.0010030046,0.006943117,0.0016679615,0.00780526,-0.0014846511,0.0067007914,0.0045376644,-0.0022021253,-0.00504411,0.0016985377,-0.0066919215,0.0030139294,0.0015832642,0.0023749704,-0.0007174341,0.0009016488,0.00010123104,-0.0035481192,0.005690193,-0.004118221,-0.005230204,0.0024495432,-0.0070019346,0.00073159207,-0.00602798,0.0070644403,0.007246392,0.0049043447,0.0063237976,0.0016166568,0.0072401986,-0.0033873757,-0.006109789,-0.0056674173,0.00266207,-0.0075126877,0.0066025974,0.0076594055,-0.0048151053,-0.0073030097,-0.0055473875,0.00601345,-0.0059700543,-0.0029076468,-0.0010321802,-0.0031368928,-0.0033748755,0.0058780666,0.0036261193,-0.0037499461,0.0040451176,0.007458101,0.0013146969,-0.0015769452,-0.0066017434,0.0074285725,-0.0013427045,-0.0048171207,-0.006679291,0.005822165,0.00021554809,0.006842222,-0.006530336,-0.0056873905,-0.0047503766,-0.0045875274,-0.0033432022,0.0017649382,-0.0073952237,0.004713215,0.006421117,-0.004693319,-0.0068932576,-0.0012580473,-0.0032518152,0,0,0,Peripheral,0.0
270,3,0.007518796992481203,0.00012769453063026193,0.203134477845646,0.0016853987586632178,0.0,3,0.00020634297280687126,10.139073426573427,0.5,4,0.0,0,-0.37680771710107014,11,6,2.272727272727273,0,4,2,5,-0.0702478,0.23521218,0.40102866,0.061412316,0.3509036,0.520281,0.36654878,-0.4042069,-0.11567358,0.069066904,-0.55808806,-0.131138,-0.54796153,-0.2705578,0.25503364,0.06991091,0.35459808,-0.32809478,0.3533811,-0.056136556,-0.3739382,-0.068610735,-0.061983418,0.014570506,-0.5376976,-0.20858416,0.0032945839,-0.03552283,-0.11212089,0.31725052,0.42202574,0.6082308,-0.23036306,0.43986985,-0.007708386,0.1445976,0.2038188,-0.18893956,-0.47236422,0.00136051,-0.32671878,0.46863288,-0.2690648,-0.5878613,0.37367627,-0.10567281,0.276562,0.3740322,0.48523238,-0.31436706,0.030540003,0.15956098,-0.13777299,-0.17125289,-0.3258344,0.10348337,-0.5631613,0.019625159,-0.18405792,0.16764511,0.11593444,0.20420101,-0.17852251,-0.27385828,-0.13376871,-0.058167465,-0.2622507,0.42638755,-0.17057568,0.15792277,0.27553,-0.37213695,0.039237343,0.16217479,0.34582716,0.28460667,-0.21891625,0.07106369,-0.28636107,-0.12452903,0.15227865,0.2686744,-0.16045605,-0.21400255,-0.21227965,0.14736608,-0.10278291,-0.30386254,0.054645885,0.020727623,-0.055030003,-0.21581493,-0.02390071,0.09758123,0.11619001,0.18262713,0.024564093,0.23858456,0.39878634,-0.24025697,-0.16379786,0.46506712,0.2809797,-0.16289493,0.2602194,0.22890548,0.24515271,-0.10728345,0.40310428,0.06727819,-0.117412016,0.43114457,0.038655892,0.25500804,-0.24929604,-0.08750423,0.02703425,-0.2366789,0.37629482,-0.2049477,0.231226,-0.42151588,0.5069721,-0.14297184,-0.24743913,0.14676169,-0.11132851,-0.16343826,0,0,0,Peripheral,0.015295439525793469
271,1,0.002506265664160401,0.0,0.1948482483954337,0.0007687783923791756,0.0,1,0.0,0.0,1.0,2,0.0,0,-0.6984143036714102,7,5,1.7142857142857142,0,1,2,4,-0.3286168,-0.005665343,0.3184677,-0.16091955,0.564472,0.22489277,0.3002971,-0.08662571,-0.11436334,0.57464516,-0.4590143,0.011022719,0.0657327,0.20596698,0.57459,-0.014716496,-0.3621822,-0.31058636,-0.43722925,0.18074661,0.05694668,0.01411048,-0.16115788,0.04000398,0.08043728,-0.18678874,0.026461294,0.052885454,0.116185494,-0.14312276,0.02680842,-0.122343004,-0.6535632,0.04798146,0.3012756,-0.39287087,-0.27782628,-0.23271018,-0.23873757,-0.4118485,0.16171303,0.40720162,-0.21236609,0.15078568,-0.059216328,-0.00656166,-0.024630064,0.6168887,0.37622932,-0.0900411,0.48064098,0.11415303,-0.019915655,-0.30198672,-0.31521124,-0.37875882,-0.33351746,0.037602324,-0.2438682,-0.024530228,-0.23291686,-0.4908217,-0.14025272,0.12420907,-0.2656291,-0.044518776,-0.63839984,0.10120261,-0.54055625,-0.23054254,0.014851611,-0.5113822,-0.101773225,0.21837987,-0.2102901,0.15067285,0.031344663,-0.31509364,-0.46985614,-0.61372834,0.101703696,0.14004347,-0.06343865,-0.26957777,0.054158445,0.048344094,0.77076405,0.16962515,0.019185841,-0.10541031,-0.6079595,-0.37435237,-0.002954569,-0.0879016,0.15173052,0.51980734,0.064548895,-0.29705256,0.15005216,-0.06408999,-0.20720147,-0.05615256,0.085886545,0.13340157,-0.24886288,-0.12871285,-0.1282282,-0.12849031,0.19886072,-0.0029724026,0.008276735,0.123117946,-0.09934048,0.07472537,-0.12591329,0.057229597,-0.24680202,-0.30610716,-0.15112105,-0.3307253,-0.3666968,0.014676417,0.4125388,0.19175008,-0.15384246,-0.19092083,-0.13423142,-0.17000912,1,1,0,Peripheral,0.017620320155847483
272,1,0.002506265664160401,0.0,0.20025402594031316,0.00133831719718464,0.0,1,0.0,0.0,1.0,2,0.0,0,-0.6984143036714102,5,4,1.8,0,0,1,4,0.098765336,0.07713485,0.16674484,0.09937652,0.2117137,0.094711185,-0.18222047,-0.17574914,0.13042486,0.042869527,-0.2559454,-0.27994406,-0.06492458,0.097134046,0.37731054,0.5270165,-0.08131007,-0.05359118,0.31301028,0.42941764,0.17157161,0.2409495,-0.22984399,0.044607997,-0.09357683,-0.03729199,-0.2974778,0.300608,0.18921012,0.3900707,0.236831,0.21780443,0.33445358,-0.043254867,-0.25162324,-0.4935432,-0.1175394,0.27488962,-0.07691674,-0.024887452,0.010433858,0.28596124,0.05423475,0.15450156,0.005496648,0.29627892,-0.22515558,0.10353276,-0.0935434,-0.09037049,0.20503835,0.61511797,-0.20212486,0.32768008,-0.050682027,0.16980898,0.24557985,0.19044288,-0.20650916,0.2813895,0.37548995,-0.37112522,-0.21049994,-0.25772977,-0.20871776,0.09006728,-0.53498703,0.09794365,-0.40706274,-0.34972554,0.26338097,-0.7490307,-0.10038571,-0.2836606,-0.3670534,0.045951374,-0.09423111,-0.67760974,0.04712964,0.009686919,-0.08000899,0.18074436,-0.34310338,-0.31062827,-0.024856577,0.42440027,-0.09766351,-0.04468494,-0.20306125,0.5803976,-0.14341655,-0.16507278,-0.1300333,-0.38324478,-0.07783813,0.08269906,0.23341726,0.19566387,0.6175626,-0.29121932,-0.28042972,0.072579026,-0.048431493,0.0616446,-0.28555414,0.1491087,0.27839923,-0.03780771,0.28748226,-0.19640079,0.21510425,0.022779869,0.5889562,-0.13057883,0.23136242,0.23119824,-0.04936577,0.12752327,0.21147037,-0.20754461,0.06337667,0.027514523,0.085230336,-0.07236052,-0.091097325,-0.051886566,-0.35049862,-0.05583639,1,1,0,Peripheral,0.017709311596784554
273,8,0.020050125313283207,0.003535018419580373,0.22036094306322113,0.010197414120557592,0.0,4,0.007578364570074372,280.6839975331012,0.2222222222222222,9,0.0,0,0.42720874932478015,20,10,2.7,3,4,9,4,0.16726366,0.14515297,0.109905876,0.1725589,0.4523976,0.08394024,0.067861095,-0.31421953,-0.09205143,0.1416357,-0.4501649,-0.08696965,0.0097939465,-0.13346691,0.42921597,0.18532917,-0.62601095,-0.22643821,0.01435677,0.058472566,-0.3760401,0.07505889,-0.08515328,0.1588953,-0.21332811,-0.03732107,0.06948177,-0.03245015,-0.06328039,0.11809568,-0.025986368,0.2375352,-0.057355043,0.067446515,0.28236735,-0.28857946,-0.09924032,0.1589025,-0.12672308,-0.048602212,0.44311,0.3333157,0.041706786,-0.13121675,0.08005744,-0.20252798,0.10205908,0.3560074,0.09405955,-0.21442239,0.35142767,0.20293091,-0.24523813,0.48307484,-0.08809909,-0.085649416,-0.052329116,0.39062467,-0.057628892,0.11730313,-0.072870314,-0.25710884,0.02272804,-0.12667274,-0.015224289,-0.09399365,-0.28124037,0.112998724,-0.0023433124,0.0666201,0.44468984,-0.05207423,0.022153998,-0.058830198,-0.46497396,0.27845204,0.006057057,-0.2205519,-0.20311122,-0.5586183,0.14336386,0.012056305,-0.006251243,-0.7019694,0.02171591,0.15915893,0.09090677,0.025313163,-0.13952887,0.100391135,-0.14217627,-0.2889892,-0.14139308,-0.23415628,-0.017921818,-0.22375514,0.49796143,-0.016725937,0.042963233,-0.34699473,-0.19126838,0.4472273,-0.17055711,-0.021468889,-0.11516853,-0.019605553,0.0635945,-0.2573084,0.34303272,-0.1705563,-0.1939741,0.10633346,-0.015560564,-0.17062193,-0.056998268,-0.12907475,0.22719444,-0.20425147,0.19553241,-0.0044594,-0.28601024,-0.30352116,0.44813344,0.441636,0.34463373,-0.42317566,0.030963896,-0.22152704,1,1,0,Enabler,0.2604757212978581
274,2,0.005012531328320802,0.00027192238247514635,0.2018719888596569,0.0015679265142200401,0.0,2,0.00025739600256923715,21.590909090909097,0.6666666666666666,3,0.0,0,-0.5376110103862402,11,9,2.3636363636363638,0,2,4,5,0.24470209,-0.13429014,0.18757087,0.11191574,0.21722154,0.21561629,-0.28394154,-0.024762372,0.011845364,0.01722762,-0.19363023,-0.40620458,-0.05553233,0.11899967,0.5492445,0.34639254,-0.2068424,-0.16953099,0.36855364,0.1288825,0.23859888,0.41462097,-0.25434807,-0.1528696,0.04139941,-0.037285183,-0.21715127,0.349365,0.08300575,0.5911199,0.13752429,0.29041973,-0.06818544,-0.066104434,-0.46698081,-0.58592284,-0.16653074,0.3329716,-0.19297743,0.023920044,0.024240287,0.15024105,-0.047860086,0.29644763,0.05511154,0.37566453,-0.55672455,0.16661596,-0.16592881,-0.25790963,0.023316704,0.73978114,-0.1377503,0.2600339,-0.038895823,0.23740666,-0.0944762,0.19285919,-0.38145024,0.3880721,0.28547853,-0.28468627,0.16075985,-0.30009022,-0.15073992,0.0124466475,-0.6022824,-0.011460753,-0.3525639,-0.1378966,0.18681706,-0.8375545,-0.03442438,0.022340842,-0.28301758,0.16085821,-0.058257256,-0.66012686,0.19321185,0.01052773,-0.043812327,0.060940735,-0.46743977,-0.08588574,-0.2973446,0.19138744,-0.13112004,-0.21913187,-0.24195118,0.62408215,-0.1445912,-0.04831419,-0.2195496,-0.36696854,-0.121615194,-0.06273797,0.26194176,0.16539276,0.49351645,0.017757542,-0.33246017,0.09252488,-0.13291958,0.06541303,-0.1005867,0.29085582,0.45131016,-0.12509134,0.51266104,0.071046054,-0.005715559,-0.056562446,0.048737247,-0.020755908,-0.13641827,0.21920662,-0.18490532,0.042528946,-0.21924587,-0.20715368,-0.14675035,-0.06264559,0.504663,-0.15891838,-0.2099202,-0.059855785,-0.101679064,-0.058278628,0,0,0,Peripheral,0.010313085313275298
275,1,0.002506265664160401,0.0,0.1948482483954337,0.0007687783923791756,0.0,1,0.0,0.0,1.0,2,0.0,0,-0.6984143036714102,4,4,2.0,0,1,0,3,-0.34868085,-0.21731865,0.41106912,-0.13020265,0.6874187,0.33705223,0.40673295,-0.13061136,0.00266753,0.68716353,-0.44632307,-0.013184585,0.007386649,0.04484373,0.5373644,-0.24218707,-0.09746109,-0.08037555,-0.2803923,0.06686925,0.070502706,0.065378234,-0.13117029,-0.044778146,0.23395388,-0.1138682,-0.09774029,0.043899726,-0.008952902,-0.21387993,0.0018534117,-0.17375693,-0.5663032,0.07767583,0.16623047,-0.28675517,-0.31602532,-0.2542638,-0.15570717,-0.26728976,0.13053918,0.37360844,-0.29237613,0.055747602,-0.16400139,0.09330224,0.19619705,0.573903,0.30803147,0.008815547,0.4557009,0.15290381,-0.17886397,-0.38457265,-0.30352426,-0.23636395,-0.28575447,0.041438166,-0.21276107,-0.15079318,-0.027943859,-0.42587745,-0.18814833,0.26648712,-0.22903994,-0.07334223,-0.45655262,0.15620781,-0.539381,-0.37932977,0.20601758,-0.51637286,0.01591517,0.1583549,-0.118151195,-0.096565686,0.1569113,-0.24160023,-0.3741689,-0.62140006,-0.042180855,0.15107277,-0.030519627,-0.29749364,0.001532443,0.13574348,0.67522657,0.12559532,-0.13434665,-0.20337164,-0.69231254,-0.33318484,0.032557465,-0.10254465,0.11486364,0.34765762,-0.1337452,-0.31760013,0.009892767,-0.23484491,0.061652113,0.12061933,-0.047165345,-0.04235954,-0.22771378,-0.039695773,-0.099734835,0.17629467,0.25345492,0.08693625,0.21232186,-0.017040769,-0.00026941835,-0.010826538,-0.18976241,0.12621182,0.004568086,-0.32989234,0.29491237,-0.23842241,-0.18803291,0.06887978,0.56998557,0.32173723,-0.28063914,-0.28478205,-0.07222903,-0.06910431,1,1,0,Peripheral,0.017620320155847483
276,2,0.005012531328320802,0.0022921625672220757,0.1985403606816552,0.001586852508754289,0.0,1,0.004521353635344643,182.00000000000003,0.6666666666666666,3,0.0,0,-0.5376110103862402,10,7,2.1,0,2,1,7,0.16540772,0.0076596895,-0.33735037,-0.08061069,0.26725423,-0.16759747,0.20669326,-0.16848554,-0.4681226,0.6751016,0.14774632,0.21200189,-0.60555124,0.08448526,0.10910897,-0.17597133,0.05699317,-0.20412765,0.048882302,0.2799104,0.0014722181,0.16683045,0.084876746,-0.2354492,-0.074267276,-0.3777027,-0.19199684,-0.030067181,0.16893986,0.20627248,0.2623902,0.29647478,-0.0266786,0.3811215,0.06339374,0.010434265,-0.14140524,-0.3657347,-0.3053387,0.26263282,0.02921781,-0.16037147,-0.41204277,0.051039558,0.2655503,-0.18534079,-0.042747498,0.5186038,-0.18920001,0.05233751,0.39892164,0.3356843,-0.64533484,0.15105954,0.16200969,0.25024563,0.03481784,0.29707602,-0.21072744,0.6181776,-0.09731481,0.09426891,0.7691231,-0.11135294,-0.61969584,-0.121101156,-0.026436588,0.08604196,-0.5809103,-0.27375197,0.29607773,-0.30433074,-0.18267575,-0.04964387,0.051720988,0.3575585,0.23853916,-0.28846025,-0.79000217,-0.1950527,-0.08015992,-0.09875268,0.21444076,0.052606497,0.05640935,0.14015019,0.27986908,-0.2161408,0.031754564,0.079861835,-0.25287926,-0.4198141,0.04793431,-0.36782122,-0.24722831,0.060960792,0.28160003,-0.27929583,0.2681368,-0.31421167,-0.27885553,0.4518847,0.025867201,0.054520845,0.27227756,0.10627233,-0.37359142,0.35467926,0.25611198,-0.012309904,-0.16795205,0.101492606,0.20475769,-0.13399753,-0.83013344,0.14197092,-0.24786192,0.17310607,0.27823043,-0.0700219,-0.14184226,0.38980484,0.29592007,0.18994102,0.17109914,-0.17276128,-0.18033284,-0.22177602,1,2,0,Peripheral,0.02019621390150027
277,1,0.002506265664160401,0.0,0.16873352211698076,0.00012847820776108707,0.0,1,0.0,0.0,1.0,2,0.0,0,-0.6984143036714102,7,7,3.0,0,2,2,3,0.19535446,-0.025951866,0.17583746,0.017398335,0.2387415,0.3050902,0.08694177,-0.2929259,-0.08453306,-0.2538452,-0.3472864,-0.11632095,0.18978089,-0.4363087,0.16334642,0.36673024,-0.59067637,-0.5890248,0.24584526,0.26860437,-0.2354726,0.12258946,-0.17733194,0.39687485,-0.5484263,0.028917504,0.48223653,-0.3259123,-0.20909436,-0.07365697,0.41916957,0.41885036,-0.0992747,0.29245573,0.079476945,-0.23448732,0.008135021,0.42307147,0.05019038,-0.049355324,0.57248795,0.8897352,-0.0018338858,-0.36826664,0.045317538,-0.014466056,0.07288379,0.21139507,0.12397521,-0.502198,0.28795096,0.29606116,-0.06689785,0.54691005,-0.27407542,0.04443998,-0.053763334,0.5613618,-0.053647377,0.16421969,-0.42404425,-0.105926976,0.3916529,0.049818978,0.040431634,-0.19015825,-0.15823986,-0.46321908,0.0514589,-0.45876053,0.44317117,-0.16780561,0.15500571,0.106598035,-0.2991745,0.5980603,0.057944063,-0.36999375,-0.2619604,-0.25444502,0.10708681,0.15931937,0.104455195,-0.66502255,-0.029402202,0.011427841,0.3231892,0.16238925,-0.29883933,0.19304276,0.22861108,-0.37188777,-0.22684255,-0.2516325,-0.133985,-0.4387648,0.5638916,-0.25033814,0.16031824,-0.42044717,-0.35523647,0.32168236,-0.18205884,0.081413925,-0.16312361,-0.09094119,0.110226154,-0.4844752,0.042079613,-0.26722074,-0.32476768,0.14319716,0.39056888,0.16533126,-0.1891888,-0.061087605,0.095883965,-0.23531276,0.25189483,-0.000878047,-0.066022255,-0.257175,0.5512729,0.29267284,0.28116068,-0.2539655,-0.1710977,-0.35639173,1,1,0,Peripheral,0.017520272124737644
278,2,0.005012531328320802,7.556579891940906e-05,0.20662342880101014,0.0017885927887070726,0.0,2,0.00017674954860884506,5.999999999999999,0.6666666666666666,3,0.0,0,-0.5376110103862402,2,1,2.5,0,0,0,2,0.029435078,0.071162455,0.30992234,-0.106629424,0.58686024,0.029509617,0.3041425,-0.55889356,-0.0257262,0.08186311,-0.35429123,-0.2499836,-0.71739733,-0.30933487,0.34898907,0.0678887,-0.20942809,-0.393178,-0.20641392,-0.0025538204,-0.54653734,0.021530502,0.20977879,-0.26632652,0.2558561,0.008702452,-0.31032968,-0.2608061,-0.18979481,-0.17925583,0.22115467,0.30664003,-0.2007312,0.23687191,-0.4210964,0.23281762,0.10300074,0.14292912,-0.20977347,0.033430845,0.20436017,0.270635,-0.65773386,-0.00033180427,0.1627246,-0.01393812,0.035192255,0.003424456,-0.08136299,0.22009046,0.4559319,0.27110308,-0.45047402,-0.15360235,-0.045927115,0.563418,0.05039874,0.068245135,-0.22037122,-0.002656104,0.1656874,-0.36084837,0.03698564,-0.4078476,0.21887921,-0.17134266,0.10308327,-0.03519084,-0.073486336,0.052462354,0.08873068,-0.48692116,0.06741588,-0.23339409,-0.16050285,-0.3161843,-0.11681702,-0.28775388,-0.098967604,-0.3767716,-0.09761071,0.46444595,-0.07088286,-0.59052175,-0.37727663,0.42779592,-0.3931749,-0.21718249,0.09149015,0.18448827,-0.21139319,-0.034911692,-0.32432914,0.122084185,0.24149127,-0.036944967,0.16902557,0.109509364,0.083683886,-0.4564498,-0.115001775,0.5206544,-0.015236937,0.16082817,-0.10593243,0.22784363,-0.46788573,-0.33809885,-0.0022849892,0.41431427,-0.078402326,-0.12934208,-0.13879105,-6.49225e-05,-0.51266974,-0.34710288,-0.07219102,0.07871124,0.18715,0.012588065,0.07270874,-0.19590269,0.6643287,0.26986444,-0.4829199,-0.16424654,-0.55176574,0.26588896,0,0,0,Peripheral,0.010298475108158555
279,2,0.005012531328320802,3.358479951973737e-05,0.2083463951733085,0.002426910554485275,0.0,2,5.317593257291749e-05,2.666666666666667,0.6666666666666666,3,0.0,0,-0.5376110103862402,8,8,2.375,0,2,3,3,-0.1334869,0.038673095,0.39672086,-0.104099914,0.057214152,0.34344837,0.015453305,-0.16791075,-0.12100025,0.030110922,0.01806673,0.20890021,0.07591456,0.22739287,0.44118568,0.09907512,-0.14643282,-0.09407255,-0.16674803,0.17512779,-0.5949465,-0.45076385,-0.031648867,-0.07348408,0.033439033,-0.3182446,-0.1581441,0.32769126,0.22304705,-0.014413816,0.25038216,0.04464668,-0.10654538,-0.24302264,-0.12824029,-0.39163285,-0.09390239,-0.10452424,-0.3471121,0.24642205,0.17088744,0.15913753,-0.3163462,-0.26193035,0.037580065,-0.6890161,0.1786762,0.39973196,-0.13682672,0.18890385,0.5199908,0.5052412,-0.38889068,0.09881596,-0.07627592,0.35898554,-0.19153066,0.5946244,-0.36094803,-0.20776714,-0.06698259,-0.1433555,0.39290515,-0.029581245,-0.1699618,-0.4045667,0.08990433,0.4472363,0.17160039,-0.077359356,0.29653472,-0.41650286,0.14800298,0.27935877,-0.1406454,-0.20015141,-0.082915254,0.09140413,-0.18061087,-0.32559767,0.21004543,-0.010414066,-0.120695256,0.0064136274,-0.3813982,0.2418641,0.32642463,0.17870928,0.39055088,0.21179476,0.16272777,0.040028956,-0.075361095,-0.29097378,0.18931131,0.12075541,0.58944607,-0.27611086,0.15425718,-0.08023548,-0.19453193,0.122345276,-0.056692194,-0.2329156,-0.23698653,0.15660504,0.22860374,0.051774547,0.6653103,0.10030485,-0.32726198,0.14646007,0.032303505,0.019543538,-0.4290172,-0.4021337,0.015701463,0.33742684,0.08174259,-0.21028683,0.01479881,-0.14111327,0.13502558,0.08993198,-0.26075184,-0.0957523,0.114387125,-0.07142374,0,0,0,Peripheral,0.010387718014731017
280,10,0.02506265664160401,0.010672158764608364,0.2561609069993596,0.025914028174893505,0.2222222222222222,7,0.01009928227495172,847.3800780686687,0.36363636363636365,11,0.0,0,0.7488153358951203,21,11,2.7142857142857144,8,2,6,5,-0.1347609,-0.3097555,0.10500503,0.12575378,-0.062426172,0.036308672,0.08872621,-0.34888723,0.054298576,0.12882444,-0.15084648,-0.04872246,-0.23608112,-0.007900205,0.20825449,0.12259449,0.15174168,-0.067347385,0.09186619,0.13605356,0.04937883,0.013388847,0.010315152,0.03931708,-0.17938222,-0.037803482,-0.23141846,-0.16873679,-0.15180275,-0.24360953,0.08072663,0.020300936,0.18459961,0.13205877,0.0023113373,-0.26737636,0.2528359,0.03825325,-0.045127492,-0.2259721,-0.11831531,0.18609546,-0.5003811,-0.014124474,0.4686109,-0.004268124,-0.09253642,0.07788393,-0.042387944,0.183629,0.34675205,0.29046354,-0.2608634,0.19103812,-0.21682599,0.08958099,-0.19748718,0.2506159,-0.071320884,0.066499084,-0.133575,-0.20346281,0.29299235,-0.0669177,-0.19787493,0.124229446,-0.23034382,-0.12986699,-0.08209575,0.13815042,0.111728445,-0.33721215,-0.0756945,-0.17446466,-0.048006624,0.069028154,-0.07710183,-0.13448144,-0.23479062,-0.13336116,0.1935963,0.10988516,0.03503535,-0.26773277,-0.09047197,0.32935137,0.2965897,0.0029277934,0.37651393,0.22709191,-0.27152827,-0.3072104,-0.19223128,-0.4553971,-0.38236424,0.17767169,0.3515731,0.06012355,0.31502235,-0.22622477,-0.16172288,0.3829086,0.0653029,0.07538618,-0.09355011,0.03355696,0.31807566,0.1289685,0.34925976,0.047726147,-0.056625262,-0.114108674,0.24390513,-0.14630547,-0.4010005,0.121639736,0.31015489,-0.08411719,0.23774903,0.016578803,-0.031160647,-0.0762908,0.06758257,-0.042234838,0.035334565,-0.25699773,-0.3561753,0.03913403,0,0,0,Enabler,0.29030864159196396
281,3,0.007518796992481203,0.010003305141345734,0.20087324061545328,0.0008939595819570475,0.0,2,0.004541259202007439,794.2724315279926,0.5,4,0.0,0,-0.37680771710107014,16,9,2.0625,0,3,4,9,-0.41589358,-0.11815306,0.36499697,-0.04581896,0.72675186,0.28208023,0.45290732,-0.2844615,0.405944,0.26837096,-0.3400064,-0.04839334,-0.1379178,0.28673837,0.8657526,-0.29989043,0.36989936,-0.52671456,-0.19377798,0.15915163,-0.07164936,0.3613526,0.15817821,-0.1639171,0.4474757,0.20927393,0.0156013295,0.02072489,-0.3728096,-0.21311495,0.3675659,0.27907678,-0.21231693,0.00035209942,-0.0165695,0.18560237,-0.5163972,-0.16237517,-0.26431546,-0.47240946,-0.007654157,0.32011142,-0.43460208,0.08655619,0.026356684,-0.21439177,0.35303822,0.40267226,0.6749635,-0.26583222,0.58926636,0.2514831,0.12359822,-0.08721252,-0.30287337,-0.2239412,-0.34972233,0.43657064,-0.27491868,-0.026029333,-0.091379836,-0.21466759,-0.53542745,-0.19523779,-0.28821447,0.111871675,-0.32244453,0.22728543,-0.11016345,0.16560023,0.45745143,-0.6561362,-0.30745387,0.20142832,0.24590984,0.41376567,0.3290873,-0.10458246,-0.40272275,-0.5879079,-0.30179116,0.2690165,-0.062156633,-0.28023466,0.27361622,0.20284472,0.49744615,0.3362924,-0.102558196,-0.19284883,-0.428989,-0.5191176,0.08643841,0.017704194,-0.26927763,0.6244017,-0.08976122,0.051713448,0.15478343,-0.15357201,-0.077486634,0.024018716,-0.12945849,0.10108087,-0.03034106,-0.16405745,0.1172164,0.01731374,0.30395162,-0.2573552,0.12749895,0.109265745,-0.014720166,-0.087564215,-0.11037994,0.12504996,-0.38575745,-0.010736197,0.40004596,0.019454187,-0.3536877,-0.032095257,0.14473556,-0.12470152,-0.61831427,-0.34113544,-0.12658186,-0.33350995,0,0,0,Peripheral,0.014515671021288068
282,2,0.005012531328320802,0.00010461855873122735,0.2058377883873181,0.002047715454381703,0.0,2,0.00024764291681584916,8.306818181818182,0.6666666666666666,3,0.0,0,-0.5376110103862402,11,9,2.6363636363636362,0,3,4,4,0.24862307,0.022118215,-0.25418144,0.08289423,0.046209037,0.21070768,0.007586648,-0.18273328,-0.08958566,-0.08020532,-0.07276143,-0.24590681,-0.14908971,0.095286205,0.33754,0.34747943,-0.402561,-0.6068601,0.009835452,0.13630028,-0.46464503,0.1850453,-0.19245136,0.27184224,-0.24918172,-0.012051229,-0.049848184,-0.16520794,-0.20002553,0.3481807,0.32236606,0.56931514,-0.2896779,0.09952597,0.22203723,-0.36084414,-0.09526302,0.40830988,-0.23344241,-0.06959093,0.43898505,0.6299074,-0.26028463,-0.009117419,0.19757822,-0.24225162,0.14590353,0.20224385,0.4488908,-0.16966948,0.44839388,-0.10055169,-0.098946266,0.31765732,-0.23676239,-0.0066520204,-0.19444805,0.18447544,-0.074217625,-0.19631374,-0.28172484,-0.4652215,0.041319374,-0.33693254,0.04079059,-0.21405193,-0.21644776,0.06272059,-0.16684934,-0.1756479,0.29104224,-0.19865818,-0.16404487,-0.022337789,-0.33638084,0.17865443,0.14163302,-0.23205882,-0.36989018,-0.46647498,0.36921427,-0.01956501,-0.051252972,-0.45347998,0.008460413,-0.11709554,0.056594916,-0.119481206,0.056897145,-0.05118223,-0.0961007,-0.50858134,-0.17208786,-0.29166123,0.014118187,-0.4463259,0.21346149,0.017991275,0.34237477,-0.48777515,-0.2625452,0.2709046,-0.39291117,-0.2565622,-0.10382257,0.10803846,0.05311335,-0.2736871,0.23602542,-0.18709712,-0.27835616,0.08565522,-0.40643963,-0.34826645,0.008336272,0.10410759,0.14642504,-0.2596822,0.2572405,0.107370965,0.050107703,-0.61970145,0.37988624,0.4066802,0.3377076,-0.5002159,-0.11401038,-0.58515793,0,0,0,Peripheral,0.010346226752651493
283,10,0.02506265664160401,0.010023576993090307,0.2632188250204116,0.024062508988678365,0.08888888888888889,5,0.019036314507609065,795.8820368283634,0.2545454545454545,11,0.0,0,0.7488153358951203,17,10,2.176470588235294,5,1,4,7,0.109886296,0.018432809,0.5258243,-0.1869084,0.2110865,0.28038403,-0.0391083,-0.2194311,-0.14776424,0.110094495,-0.15410444,0.16745229,-0.18048914,0.11964991,0.33159447,0.12229182,-0.08237264,-0.086542174,-0.19940193,0.059838068,-0.30163068,-0.10960665,0.17918755,0.045912225,0.20961925,-0.13422747,-0.21188845,-0.0942533,0.12126373,0.13104774,0.18876487,0.087435536,-0.082672864,-0.16088894,0.1658231,-0.11651871,-0.03036416,-0.13819872,-0.31287774,0.051540967,-0.013728843,0.21834503,-0.23692164,-0.10660807,0.16168748,-0.31283218,0.23749572,0.38263118,-0.18562545,-0.02414043,0.4451878,0.13276115,-0.2196685,-0.09015876,-0.12362965,0.1301602,-0.21110438,0.27608502,-0.13070212,-0.10765084,-0.26052588,-0.21150847,0.24062651,-0.16974346,-0.25437662,-0.41904613,0.19633724,0.1664039,0.1284203,-0.18771853,0.15373139,-0.27173555,-0.15896931,0.14037861,0.08230303,0.018755216,-0.09154605,-0.097163424,-0.08132285,-0.07852579,-0.22863808,0.02935084,-0.0699883,-0.019581156,-0.30302453,0.29594126,0.5007997,-0.14822619,0.25551003,0.47947788,-0.17648779,0.055521183,-0.08902391,-0.28758678,0.115517415,-0.029168628,0.42523342,-0.29273117,0.047871128,-0.00163574,-0.21733233,0.08599945,-0.16537668,-0.04824819,-0.20320113,0.09376769,0.2613786,-0.06797826,0.47882476,0.032136902,-0.16368291,0.08660905,0.20269741,-0.10322726,-0.30911162,-0.13463444,0.06207351,0.3148146,0.044983078,-0.31878072,-0.004871838,0.027977927,0.0301829,0.16996214,-0.277033,-0.016374713,-0.06295191,-0.27806857,1,3,0,Peripheral,0.05314126003206536
284,2,0.005012531328320802,6.409395180377035e-05,0.20199753114128605,0.0019553111654598437,0.0,2,0.00011293485115951096,5.089123867171169,0.6666666666666666,3,0.0,0,-0.5376110103862402,4,4,3.0,0,0,3,1,0.04708939,0.32331178,0.47654447,0.16126856,0.20179392,0.10188153,-0.08751371,-0.6257099,-0.10783894,0.06558768,-0.29627115,-0.12659441,-0.17565382,0.29761073,0.34042034,0.17682834,-0.3216013,0.21643719,0.34859455,0.5015741,-0.038958766,0.20147538,-0.18132985,-0.120814666,-0.0011785335,-0.064166315,-0.07065134,0.105571434,-0.11910072,0.4880483,0.283926,0.02197738,0.31849155,0.060951114,-0.20375249,-0.25007176,-0.06476861,0.34414324,-0.0738753,0.019361287,0.088757254,-0.13127436,-0.4559762,-0.016123174,-0.01730467,0.08336844,-0.28213426,-0.040931363,0.047947135,-0.23582521,0.19230036,0.47371158,-0.25516057,0.30695415,0.068287164,0.2315607,0.3222602,0.012957197,-0.1751235,0.34173578,0.059279498,-0.48477933,0.16829878,-0.15823512,-0.05266835,0.054859437,-0.6652388,0.03849392,-0.4958564,-0.5540548,-0.08411715,-0.70716864,-0.018376367,-0.040541455,-0.2371227,0.077743985,-0.26448038,-0.30524942,0.035905343,0.055936072,-0.07767478,0.15364847,-0.35323435,0.018944556,0.000941703,0.35984233,-0.14258793,-0.026878439,-0.18950805,0.5836733,-0.17611028,-0.22613361,-0.0046096426,-0.06715709,0.0007919703,0.24085407,0.11110759,0.2037698,0.4980272,0.03106663,-0.32320374,0.5027282,-0.17072876,-0.09908482,-0.24669269,0.17971331,0.5473839,-0.041953325,0.1110631,0.083522275,-0.15309493,0.16980411,0.32458192,0.0017483048,0.14916243,0.15844996,-0.07377743,0.5198493,0.19844948,-0.261025,-0.089640155,-0.29767084,0.2522233,0.1388295,0.11667419,-0.057521854,-0.33465585,-0.22962128,0,0,0,Peripheral,0.010321657153944494
285,1,0.002506265664160401,0.0,0.2058377883873181,0.0019196580009159866,0.0,1,0.0,0.0,1.0,2,0.0,0,-0.6984143036714102,11,5,2.727272727272727,0,1,2,8,0.107290156,-0.14253347,0.012307801,-0.17416795,-0.063306704,0.3259513,0.048769284,-0.06586886,0.061674748,0.3744775,-0.23354197,-0.0661953,-0.30269355,0.19319506,0.3678998,-0.100238755,0.100824304,-0.3327033,-0.020869998,-0.13030474,-0.25841203,0.046019927,0.16172786,0.09543947,-0.070959434,-0.12000545,0.14143418,-0.32338822,0.25031814,0.17249748,0.15752979,0.16319193,-0.20805143,0.04331423,-0.14745668,-0.4272647,-0.16741541,-0.32209095,-0.123804994,0.28958255,-0.18056837,0.39477125,-0.39964002,0.35855561,0.030279698,0.21149427,-0.094002895,0.0011858433,-0.23646358,0.15616187,0.3548672,0.16996846,-0.11230107,-0.01843657,-0.29061973,0.51135695,-0.005202974,0.13510971,0.25339726,0.4086612,-0.4142352,0.15034267,0.20442237,-0.20393717,0.21931332,0.09586463,-0.39985457,0.37067807,-0.17740217,0.0018762416,0.16513953,-0.33100152,-0.10171697,0.33954588,-0.118808396,0.124472335,-0.40762794,-0.5897536,-0.011591648,-0.010853671,-0.13759935,0.2539875,-0.27532765,0.27698395,-0.45427883,0.005516355,0.4592555,0.024832182,-0.009205424,0.5445504,0.20849235,-0.392197,0.061991304,-0.5420679,0.05766868,0.021570466,0.19614518,-0.0063062636,-0.41015702,-0.042144436,0.04615414,0.1449646,-0.270294,-0.0030885325,0.05483508,-0.10038981,0.44839463,-0.1360275,0.048515275,0.12852417,-0.18015352,0.25645348,-0.17796811,-0.12952726,-0.37259892,-0.12515071,0.061203286,-0.47286743,-0.02446584,-0.33970717,-0.339805,-0.13592479,0.7567801,0.36604425,0.039053112,-0.25719574,-0.27109188,-0.12795196,1,1,0,Peripheral,0.017800147120831483
286,6,0.015037593984962405,0.005851305797402188,0.2555562785800063,0.015312573289015094,0.13333333333333333,3,0.011256660313973262,464.59953161953115,0.38095238095238093,7,0.0,0,0.10560216275444005,17,9,2.4705882352941178,2,2,8,5,-0.37739274,-0.5714722,0.21137911,0.1577919,0.10546065,0.06800469,0.015483704,0.062824264,-0.08102747,0.045456674,-0.095417246,0.20396668,-0.27282554,-0.033414055,0.31392404,0.29916656,0.25436968,-0.12132381,0.12829131,0.2988437,-0.44417903,0.21909933,-0.10804673,0.011921573,-0.01993291,-0.11457266,0.090727,0.06096504,0.18050599,0.023251524,0.35111153,0.25129533,-0.013587754,0.040855944,0.6147849,-0.10228502,0.4162695,-0.12027693,0.1502929,0.07983679,-0.028352078,0.12499583,-0.19917442,0.076322764,0.23068544,-0.062245075,-0.030463712,0.2641855,0.005129033,0.01216319,0.29157287,0.029991636,-0.3543437,0.27771226,-0.060594957,0.027883621,-0.15692337,-0.027050687,-0.25595066,0.024476854,-0.011582961,-0.2187067,0.3975847,-0.32341844,0.11714972,-0.21329544,0.13964781,0.13383408,-0.16608405,0.28503698,-0.16686562,-0.52192813,0.0040569855,-0.054356743,-0.1083753,-0.10442164,-0.3913018,-0.27428317,0.047816847,-0.3425988,-0.08454264,0.13035564,-0.07318247,-0.0113347685,-0.18123426,0.5713259,0.2064837,-0.06926048,-0.16510785,0.31651503,0.14479633,-0.26045787,-0.0120378295,0.11050238,-0.3204106,0.055273168,0.3326404,-0.15019517,-0.07526149,0.0007482383,-0.0075160707,-0.10486722,-0.109924376,0.106918484,-0.12920587,-0.047700867,0.15817815,0.022418791,0.059660234,0.06888025,0.15764917,0.20453413,0.10684044,0.09851326,-0.02788051,-0.1565267,0.04217011,-0.18216872,0.20500281,0.068256654,-0.004671105,0.098270856,0.24491014,0.512844,-0.21449116,0.09219836,-0.3514348,-0.12925008,1,2,0,Peripheral,0.0369808326969675
287,4,0.010025062656641603,0.01383385095735315,0.23554171869121676,0.005043684767621904,0.0,2,0.006748950591628894,1098.4215998647974,0.4,5,0.0,0,-0.21600442381590007,23,13,2.391304347826087,6,2,9,6,0.21955076,0.03457384,0.18633844,0.17409305,-0.13812143,0.20922396,-0.10830895,-0.19489053,0.13131903,0.08134333,-0.2859002,-0.25213295,-0.09144588,-0.015290296,0.1689688,0.14770068,0.015704425,-0.41259453,-0.026835155,0.63347316,0.11544088,0.24069479,0.037865177,-0.093051165,-0.21084642,0.001994689,-0.14353015,0.29004726,0.14497693,0.16395997,0.22291102,0.31868938,-0.31985515,0.11031624,-0.022203848,-0.17977507,-0.08116025,-0.38232026,0.20654501,-0.25129348,0.10639765,0.6399566,-0.20246729,0.33400798,-0.09465764,0.09130748,0.084814355,0.049401525,-0.07230303,0.17261967,0.35234138,0.084397525,-0.35126415,0.10265003,-0.44092283,0.6960903,-0.14471291,0.15166117,0.42412087,0.21909048,-0.090345815,-0.045177653,0.4552774,0.15513736,0.19407591,0.2269732,-0.18582532,-0.04169958,-0.3508354,-0.2782037,-0.042087216,-0.5366365,-0.057506856,0.11765106,0.17847277,0.18729596,-0.233404,0.22231211,-0.085524395,0.34267023,-0.33786324,0.25160134,-0.21130425,-0.5224076,0.0991626,0.1571033,0.036235254,-0.05470796,-0.17315334,0.4004961,0.07924307,-0.71534204,-0.2619686,-0.09767601,0.34926954,0.10056078,0.43816334,0.074654564,-0.22727822,-0.25450486,-0.06512461,0.23545386,-0.13923527,-0.10387138,-0.5309349,0.2653386,0.1637529,-0.4452289,0.4215564,-0.19058773,-0.025076445,-0.17929813,0.17022456,-0.29482213,-0.7070496,-0.17114724,-0.08525494,-0.0748123,0.13204055,-0.25575912,-0.2246208,-0.053760942,0.39473167,-0.010008853,0.28521475,-0.15943348,-0.24287164,0.16583017,1,1,0,Enabler,0.18700918268490405
288,1,0.002506265664160401,0.0,0.002506265664160401,1.0682421910336818e-45,0.0,1,0.0,0.0,1.0,2,0.0,0,-0.6984143036714102,11,8,2.090909090909091,0,1,5,5,0.63055384,-0.27686128,0.13347189,0.7412854,0.6008208,0.29846966,-0.5319063,-0.42879188,-0.41623536,0.71971655,0.41542402,0.09696028,-0.21904051,-0.67785376,1.3661863,0.8616519,-0.75418997,-0.31980625,-0.21510251,0.8459976,-0.47352734,0.16334052,-0.4619234,-0.6208748,-1.4209647,-0.03761649,-0.21620594,0.38725823,0.007868741,-0.05370558,0.27116603,0.5477483,-0.44706735,0.27321833,-0.2423729,0.64466554,0.93533045,-0.025706941,0.12614535,0.11485102,0.04722902,0.81910884,-0.2495241,-0.4616107,0.63014585,0.23741585,-1.0107884,-0.16173148,0.11641328,0.22396779,1.1652385,0.44792944,0.28116536,-0.07662774,-0.5089687,0.26240584,0.6693988,0.37902012,-0.65016353,0.12335186,-0.54636896,0.04937883,0.811708,0.41329604,0.9123312,-0.011882171,0.0014305563,0.44084272,0.01862702,-0.8199061,0.3996394,-0.9432585,-1.397038,-0.14538352,0.3456786,-0.7860455,-0.3395039,-0.25533047,-0.21620777,0.12639104,0.043628722,-0.6699148,0.23435272,0.8243764,0.30227324,1.2181107,0.99426687,-0.39399022,0.15178901,0.022785448,0.059360415,-0.017636012,0.51967764,-0.4458827,0.12437581,0.56640625,-0.46067706,-0.89955676,-0.055994608,-1.0437156,-0.23276988,0.30061832,-0.5963507,0.83280474,0.41103494,-0.22564106,0.34261966,-0.048139736,1.1105825,-0.6261749,0.28788975,-0.080743134,0.33867803,0.018165795,-0.07467647,-0.37759417,0.0004454803,-0.20958453,0.4733721,-0.5402763,-0.6359515,-0.67195874,0.48781908,0.26420844,-0.68309814,-0.19990145,0.35405868,-0.31868052,1,1,0,Peripheral,0.01750019717858612
289,1,0.002506265664160401,0.0,0.19697515468477134,0.0006691427770700037,0.0,1,0.0,0.0,1.0,2,0.0,0,-0.6984143036714102,11,9,2.0,0,3,3,5,-0.29935992,-0.29169825,0.51135546,0.052417655,0.19675799,0.4342217,0.18672107,-0.03801408,-0.12232889,0.18008514,-0.28209,-0.066722184,-0.05823691,0.03571122,-0.0019855807,0.20721631,-0.17125472,-0.059982058,0.3957697,0.057933357,0.27558827,-0.016861556,0.2511746,-0.20068775,-0.20152299,-0.22512096,-0.45593593,0.03257338,0.044706,0.1495351,0.3441584,0.53177875,0.058370326,-0.17901547,-0.04267938,-0.21904832,0.18384007,-0.40900815,-0.087530926,0.003019309,-0.12485159,0.5388478,-0.1858255,-0.1265119,0.31088954,0.34778532,0.15811287,0.22308183,-0.35270715,-0.039116263,-0.12288394,0.043927196,-0.33660105,0.33150652,-0.31290764,-0.1827531,0.17130569,0.15574001,-0.21062355,0.16190292,0.23614366,-0.49131572,0.58380723,-0.17023866,0.11992093,-0.92100996,-0.15841916,0.086409844,-0.4204652,0.115337476,0.102731,-0.28910512,-0.17751652,0.07472616,-0.13989936,0.08963402,-0.07479168,0.3077241,-0.08820162,-0.036145326,-0.14971027,0.17464474,0.05586284,0.13797846,-0.24082848,0.0781453,0.031270783,0.28105652,0.019877117,-0.18350418,-0.30054584,-0.041885894,0.33861342,-0.40798494,-0.33243048,-0.114895955,0.47816977,0.018330976,0.1410408,-0.47952554,0.12190084,0.3106119,-0.5573055,0.44352904,0.26788494,0.3909744,0.6479769,-0.048683453,0.056855414,-0.1972669,-0.40966934,0.23943773,0.19837384,-0.24884573,-0.33557478,-0.6515735,-0.11935399,-0.34231526,0.34208208,-0.05199722,0.010773094,0.09846074,-0.05466341,0.72945786,-0.4814643,0.10033455,-0.118444525,-0.012510699,1,1,0,Peripheral,0.01760475191554462
290,21,0.05263157894736842,0.033667024427852604,0.31596500980076647,0.07649235391160578,0.0380952380952381,10,0.03613853170777937,2673.195406595925,0.12554112554112554,22,0.34467120181405897,4,1.8744383888913108,15,6,2.7333333333333334,10,5,0,0,0.10630077,-0.14975323,0.3157535,-0.088299915,0.072704755,0.1535326,0.17164733,-0.3199459,0.057909872,0.2983015,-0.1548829,-0.2848512,-0.20070212,-0.045793492,0.2443292,0.06360263,-0.110058725,-0.021947138,0.15295424,0.092497215,-0.23009485,-0.07472891,-0.011030037,0.1563833,-0.21136913,-0.024419548,-0.27600667,0.00799635,-0.0012534324,0.14951448,0.16681828,0.20547357,-0.13605285,-0.06746579,-0.058476787,-0.10941991,0.02608627,-0.21072939,-0.17011167,-0.003386721,-0.1392077,0.2573248,0.033961043,0.293037,0.38153654,0.1444496,-0.14016865,0.09033928,0.04929341,0.05564174,0.2955959,0.054892182,-0.18831272,0.24001521,-0.078916326,-0.16449228,0.007142086,0.25665066,-0.1073771,0.09538965,-0.022143595,-0.2671078,-0.015649982,-0.1486829,0.07935576,-0.12460919,-0.19486387,-0.03528405,-0.10185019,-0.07844217,0.087389596,-0.2564703,-0.0034806465,-0.033658244,0.0050880467,0.090956315,-0.020688327,-0.33475244,0.0031999496,-0.22366658,-0.06589603,0.22183679,-0.09262902,-0.028842911,-0.23442994,0.14465755,0.09519917,-0.108648986,0.13876334,0.06375408,0.03741925,-0.20814663,-0.03558987,-0.20343517,-0.025313271,0.15360484,0.0841811,0.07020206,-0.08739789,-0.3152774,-0.015790405,0.16930111,0.039346047,0.018279618,0.04478206,0.22557893,0.11722453,0.085590705,0.09337751,-0.19942836,0.073595986,0.10920061,0.06902365,-0.057438705,-0.26827657,-0.109903574,-0.07143265,-0.16249833,0.18987326,-0.07146142,-0.2355489,-0.014802323,0.0030933358,0.47846967,-0.08067286,-0.22383472,0.09832763,-0.27486673,0,0,0,Coordinator,1.0
291,1,0.002506265664160401,0.0,0.20505809979494188,0.0015711617239614571,0.0,1,0.0,0.0,1.0,2,0.0,0,-0.6984143036714102,7,6,2.2857142857142856,0,2,1,4,-0.04659903,-0.12965412,0.19477166,-0.08932577,0.3195631,-0.11514414,-0.13056569,-0.6372977,0.1207299,-0.22379269,-0.3442204,-0.0132352235,-0.6630617,-0.18992445,0.3432032,0.20268217,-0.31702945,-0.10647841,0.018712966,-0.26176614,-0.3076201,0.07202383,-0.28479758,0.09274541,0.10420664,0.16737331,-0.17696913,0.086677015,-0.25513804,-0.3883694,0.304594,0.20251982,-0.2856722,0.0999336,-0.0057970867,0.12648726,0.4591637,-0.02574452,0.16310838,-0.04540222,0.29277351,0.040534794,-0.5920968,-0.15361008,0.06844816,0.14731754,-0.34341854,-0.30038992,-0.014270914,0.0592381,0.35289162,0.5508426,-0.32730874,-0.08384361,-0.25061268,0.29897365,-0.10081125,0.09871383,-0.34715384,0.38988158,-0.13157302,-0.49897742,-0.027519334,-0.43327457,0.36684805,-0.0599315,-0.13167933,0.091079116,-0.28090432,-0.135539,0.18819663,0.13950095,0.010742205,-0.08847434,0.07728787,-0.19317928,-0.24192986,-0.54079336,-0.09404583,-0.107353866,0.03753217,0.29855853,0.121641524,-0.45486858,-0.3286693,0.089686766,0.115918286,-0.1798404,-0.051765837,0.03688737,0.191079,-0.036507867,-0.1801428,-0.34760734,0.26196703,-0.118623406,0.3945185,0.24587299,0.2762232,-0.05428699,-0.119648434,0.45103258,0.025067782,0.05129906,-0.30615968,0.12808357,-0.43566132,-0.1293341,0.27176934,0.35296664,-0.2478059,-0.012324208,0.15477717,-0.0625042,-0.44442028,-0.38220865,-0.16418304,0.21577232,0.25798377,-0.04353443,-0.19030263,0.071122125,0.4809679,0.5099872,-0.1417822,-0.207273,-0.46359205,0.48791194,1,1,0,Peripheral,0.01774569396402159
292,1,0.002506265664160401,0.0,0.15178132246504109,1.4815143116354057e-05,0.0,1,0.0,0.0,1.0,2,0.0,0,-0.6984143036714102,13,9,2.6153846153846154,0,3,4,6,-0.6236181,-0.16577816,0.36226118,-0.21781754,0.8264762,0.39011648,0.5046705,-0.3286412,0.27422082,0.23044609,-0.47737327,-0.03380211,-0.2320704,0.13989238,0.63629013,-0.2688849,0.14567073,-0.6226442,-0.2555627,0.10401343,-0.009534459,0.41692585,0.4598984,-0.3946989,0.1363366,0.2806236,-0.17497145,0.118182406,-0.5618069,-0.12602931,0.40076414,0.48594564,-0.24170409,-0.21976352,-0.17962536,0.40231627,-0.5309243,-0.24555519,-0.28108463,-0.6496282,0.2683069,0.36387423,-0.25925916,0.011537055,-0.09941126,-0.4930666,0.097369574,0.25614095,0.63297397,-0.3087327,0.5355796,0.37262106,0.18996403,-0.021864025,-0.3582546,-0.22119214,-0.31480432,0.60572034,-0.36432195,-0.09070608,-0.12954457,0.030990086,-0.64327055,-0.11298713,-0.1543617,0.38977736,-0.043244217,0.23114108,-0.15940064,0.2717672,0.57146394,-0.83739275,-0.40853336,0.24923533,0.13910858,0.3597354,0.28016165,-0.3179292,-0.5053424,-0.52158046,-0.21630143,0.20720233,-0.0008706135,-0.4447356,0.30207103,0.39748266,0.5284077,0.28696996,-0.36012983,-0.1250799,-0.37419704,-0.37703344,0.11403674,0.06921704,-0.31354278,0.88256854,-0.06630816,-0.038757958,0.27305093,0.066965744,0.016317407,-0.10397576,-0.25109935,0.1928498,-0.04438956,-0.34900102,-0.038385548,-0.01321618,0.21730994,-0.18186983,0.33005992,0.094986856,-0.03658375,-0.06591703,-0.11025474,0.26381075,-0.32247525,-0.18101355,0.39999965,0.12480937,-0.26056835,-0.06870166,-0.084056936,-0.17469062,-0.65992635,-0.037778813,0.10099218,-0.45419282,1,1,0,Peripheral,0.017502512070780452
293,0,0.0,0.0,0.0,7.590317288714358e-60,0.0,0,0.0,0.0,0.0,1,0.0,0,0.0,7,4,1.7142857142857142,0,2,0,5,0.0065619554,-0.0013384931,-0.005667505,0.004066617,-0.0011903411,0.0050620623,0.004354709,-0.005336838,-0.0023863325,0.005896127,0.0052745147,-0.0045449724,0.0018233303,-0.0015622377,0.0002654586,-0.0046518054,-0.003975136,-0.0030504158,0.0043333294,-0.0013209917,-0.0031004623,0.0027192775,-0.006918866,-0.0044200597,0.0037661828,0.0072052227,0.0023339055,-0.0013019824,-0.001629456,0.0042651743,-0.0048263026,0.0059521496,-0.0032892944,0.001413092,-0.004025995,-0.0018458823,0.007635301,0.0023822617,0.0052619493,-0.006938276,-0.00038137194,0.0006083809,0.0008382974,0.0073609343,0.0042568753,-0.0054164045,0.0008206088,0.001094047,-0.007114496,-0.0006220164,-0.0061918264,0.0017334269,0.0064433645,-0.005705147,-0.0035985569,-0.0019066911,-0.005126477,0.004726908,0.0021532392,0.0029267408,0.0028033191,0.0058777733,0.0066087022,-0.006268072,0.0017905403,-0.0017766785,0.0016355067,0.0016927486,0.00020926539,0.0005762102,0.0030218968,-0.0012467643,-0.007345045,0.0007308135,0.0014369581,-0.00056463946,-0.0014887527,-0.002635437,4.609581e-05,0.0073362887,-0.0033324556,0.0019024052,-0.00094140694,0.005067955,-0.0042663384,-0.0073942337,0.0061716493,-0.0031369608,0.0019059684,0.007462101,0.0006191544,-0.0066896453,0.0030129822,-0.000790759,-0.0066522826,0.0022377819,0.00763492,0.004378516,-0.0050364826,-0.0063230125,0.0011262,0.0035435045,0.006841515,-0.0052059395,-0.0043737125,0.0060078837,-0.0016861977,0.0048229666,-0.0037010014,0.00088385586,-0.0063933535,0.0016283793,0.003587854,0.0063284347,0.0069936356,0.006727197,0.0062917825,0.002544118,0.00040146522,-0.0020479923,-0.0010775952,-0.004661966,0.0046274792,-0.00354415,-0.0078007346,0.0078079626,0.0064604133,-0.0053397026,0,0,0,Peripheral,0.0
294,23,0.05764411027568922,0.05065562595776578,0.3219147969030604,0.09628240424574033,0.043478260869565216,10,0.04849815917538001,4022.107356672561,0.12318840579710146,24,0.38752362948960295,5,2.0352416821764807,14,5,3.0,12,2,0,0,0.21005556,-0.18195058,0.06837396,0.16807133,0.02734872,0.19633876,0.15870386,-0.32958704,0.039846875,0.15830837,-0.17429648,0.09110657,-0.050566092,-0.17032291,0.19304237,-0.047382124,0.14367501,-0.22705798,0.1541034,0.116851754,-0.020190153,0.2996329,0.0865533,0.1159758,-0.17087705,0.23468798,0.17841922,0.01132087,-0.08893776,0.026501536,0.15404263,0.07703345,0.012134208,0.11606747,0.07359354,-0.25715256,0.08529746,-0.08401394,-0.04558541,-0.0769194,-0.010823092,0.182669,-0.33725283,-0.16898508,0.2136859,-0.08431071,-0.06486602,0.13296552,-0.00202133,0.15172878,0.030610975,0.29093522,0.002584819,0.092312045,-0.03508499,0.038699448,0.07097787,0.1372188,-0.24167381,0.033065684,-0.01971151,-0.04856359,0.30947724,-0.051835123,0.06252824,-0.12614633,-0.08172589,0.071700856,-0.05740867,-0.18303457,0.04024577,-0.3497052,0.019176435,0.095414884,-0.022407802,0.06901381,-0.27960312,-0.24427073,-0.20627025,-0.107983895,0.02501618,0.13930464,-0.10770702,0.022243485,-0.14569078,0.2769842,0.1559888,-0.05754442,0.031078013,0.2432606,-0.06172419,-0.09657634,0.019495416,0.20538706,-0.042336326,-0.06889809,0.24148682,-0.20719746,-0.063739955,-0.12888789,-0.06579299,0.17837915,0.10389235,0.035939056,-0.08942508,0.04362612,0.1686004,-0.24606265,0.25895315,-0.025500527,0.035952292,0.04725875,-0.06694663,-0.14178076,-0.10985294,0.021183524,-0.01463335,-0.18702304,0.083321236,-0.016288672,-0.36763996,0.08699027,0.11275637,0.27241698,-0.08035363,-0.16124037,-0.16029038,0.034425996,0,0,0,Peripheral,0.11770935841017295
295,6,0.015037593984962405,0.0023676756675150164,0.2521832531639658,0.012629117957959212,0.13333333333333333,4,0.005449696114242709,187.99581567635983,0.38095238095238093,7,0.0,0,0.10560216275444005,12,8,2.0,1,0,8,3,0.081158705,-0.017230382,0.25061068,0.104260795,0.3802563,0.2373054,0.050379254,-0.3832639,-0.2913155,0.043680653,-0.393347,-0.068098046,-0.124393836,-0.11807814,0.31882697,0.15136018,0.27012047,-0.098442584,0.14280638,-0.19887418,-0.18023081,-0.048365362,0.22778778,-0.103696465,-0.44104248,-0.15335026,-0.16627635,0.26470265,0.013135067,0.147095,0.17815669,0.22738656,-0.21842888,0.19758314,0.2946721,-0.13268708,-0.054964934,-0.2652438,-0.14043573,-0.16778468,0.09809791,0.30976468,-0.07757805,-0.34822083,0.22281925,-0.2894399,0.24990137,0.4386454,0.16543442,0.009659722,0.21506725,0.4049465,-0.082708664,-0.0816669,-0.32854462,0.06540956,-0.21520297,0.27759305,-0.32878885,0.06360266,0.16336636,0.01818147,-0.03141632,-0.37397224,0.090672135,-0.40959293,-0.2598049,0.21878849,-0.4387879,-0.1085694,-0.09737685,-0.1765429,0.0067183003,-0.03377129,-0.16375855,0.31858137,0.023337973,0.0011651871,-0.1272849,0.2616979,-0.1685012,0.09925404,0.14255463,0.01181695,-0.09237059,0.23015895,-0.005902917,-0.059892382,-0.18964317,0.18703975,0.19782181,-0.15856418,-0.12609626,-0.16786936,0.11815918,0.24870558,0.008551931,0.24246944,0.33763945,-0.4917727,-0.21369565,0.4962869,0.13214853,-0.14808205,0.06670668,0.26483628,0.0052425982,0.08077699,0.388953,0.3300713,-0.28886613,0.22099853,0.039803464,0.09233861,-0.161151,-0.17941497,-0.07625489,-0.25866345,0.51786417,-0.16075648,-0.087154664,-0.269763,0.19621488,0.3000284,-0.3243644,0.054013867,-0.22518733,-0.2065904,0,0,0,Enabler,0.16136872467305938
296,14,0.03508771929824561,0.02743704957065911,0.2800103707544724,0.05481159323317541,0.0989010989010989,10,0.01621168433578345,2178.529172959904,0.21904761904761905,15,0.0,0,1.3920285090358007,18,11,2.5555555555555554,5,7,6,0,0.113391094,-0.14891285,0.11132836,-0.090904064,0.2996164,0.033779275,-0.10497885,-0.16939119,-0.15478598,0.24229677,-0.10476731,-0.0035410246,-0.25636607,0.15221415,0.49929523,0.23512241,-0.12661995,-0.1599261,-0.069098204,-0.26220784,-0.066458605,0.21970338,-0.16481942,-0.0016601047,-0.020608287,0.16195521,0.017963309,-0.030060463,0.117862426,0.2794313,0.21451584,0.14623472,-0.19483832,0.01675995,-0.062699966,-0.22639716,0.037022974,-0.10925437,-0.09188572,-0.061617624,-0.047504585,0.13741164,-0.30508733,0.06745611,-0.039942123,0.13670325,-0.15748973,0.14591508,0.023194531,0.09828326,0.2554988,0.27981594,-0.23534371,0.029659292,-0.14826834,0.079589136,-0.06635176,0.18102866,-0.051489457,0.2571477,-0.054832064,-0.14719208,0.38075933,-0.28474298,-0.028090617,-0.24473688,-0.17499469,0.08626444,-0.10415907,-0.086714715,0.021045588,-0.28991994,-0.0355724,0.044374328,0.012103802,0.08032356,-0.07911119,-0.33528647,-0.089720145,-0.23454688,0.103377946,0.053487055,-0.06658746,0.009233558,-0.1964399,0.06292267,0.05266883,0.053484444,-0.11134095,0.43664417,-0.11375138,-0.21375284,-0.08551851,-0.2487106,0.061538782,0.014614025,0.19719732,0.0048393207,0.051002156,-0.16422804,0.14468282,0.33599886,0.06813069,-0.088782705,0.03070435,0.01058107,0.087907374,-0.096978754,0.16664796,-0.013484732,-0.112782106,-0.06565514,-0.02717131,0.05304866,-0.2637945,0.017820412,0.0048253406,0.025977178,0.24068204,-0.01699263,-0.17885752,-0.089600675,0.42246142,0.15397699,-0.17868757,-0.034579974,-0.1460654,0.09497484,0,0,0,Peripheral,0.07292439549061608
297,3,0.007518796992481203,6.947181908676689e-05,0.20955614843560513,0.0020785945922643843,0.0,3,0.00022412043808972055,5.516131907308378,0.5,4,0.0,0,-0.37680771710107014,8,6,2.0,0,3,1,4,-0.5077631,-0.23424569,-0.029551579,-0.14455609,0.3093002,0.46874222,0.06289798,-0.4351742,-0.2811208,0.037283603,-0.35616833,0.5593673,-0.054195713,0.07444654,0.0404994,0.056239385,-0.056272794,-0.40741795,0.26775634,0.34264177,-0.44159755,-0.097434536,0.11106868,0.0065603037,-0.4554473,-0.04700504,-0.24751408,0.23380086,-0.009693679,0.085866384,0.32136297,0.064521134,0.117411874,-0.026010426,0.16193108,-0.29284313,0.35402578,-0.20668937,-0.1400212,-0.2203839,-0.45421204,0.52789116,-0.17233215,0.18884872,0.14205964,0.031934287,0.023786876,0.15050955,0.04328184,0.06849335,0.059645515,0.25781688,-0.21885833,0.22070192,-0.23233315,-0.07433269,-0.06349331,0.09323198,-0.19287036,0.31753182,-0.18751045,-0.20935066,0.33720443,-0.33328494,0.008282601,-0.50299025,0.14864972,0.02595301,-0.21110608,0.45693266,0.089192845,-0.85907733,-0.10336736,0.008618837,0.055058435,0.10151118,-0.42461613,-0.41573137,-0.13876083,-0.18548065,-0.20365827,0.119630575,-0.15141909,0.12505746,-0.061742786,0.29326478,0.08660099,0.08830514,-0.4415461,0.14859977,0.36893946,-0.20004886,-0.025601123,0.10302628,-0.34021476,-0.06266886,0.5682332,0.20147733,-0.07663013,-0.04707844,-0.21572557,0.19647154,-0.029996896,0.05641585,0.16294426,-0.0803027,0.36737177,0.015853353,-0.14781292,-0.22055964,0.24015795,-0.16149744,-0.17038481,-0.012747219,-0.175971,-0.19124113,-0.023842711,-0.46573153,0.1722331,-0.22799519,-0.3090916,-0.24858202,-0.13746646,0.8231892,-0.3183162,0.47808644,-0.47602296,-0.23662284,0,0,0,Peripheral,0.015342321225134237
298,14,0.03508771929824561,0.006247534776107194,0.2792880740113396,0.05445177645220043,0.0989010989010989,10,0.005016067290725448,496.06050875768733,0.21904761904761905,15,0.0,0,1.3920285090358007,22,9,2.5,10,9,3,0,0.00658824,-0.055532027,0.23440361,0.013319733,0.10836434,0.14247428,-0.007741706,-0.23847473,-0.01810793,0.048442055,-0.29618058,0.06329182,-0.1462312,0.05140567,0.14745075,0.13968574,0.13460344,-0.3223972,0.080706604,0.20061934,-0.11595212,-0.0868066,-0.06409143,-0.020300787,-0.14308366,0.1254779,-0.19194318,0.015972309,-0.01068537,0.044964857,0.19068117,0.22672677,-0.033504132,0.1259703,0.04039713,-0.18609336,0.0535881,-0.18945119,-0.14978732,-0.10743617,-0.04108813,0.23437281,-0.21811639,0.06906126,0.28784055,0.05903522,-0.0835637,0.21171199,0.023823516,-0.06331933,0.29965377,0.1407197,-0.14223155,0.058827806,-0.29137444,0.14479135,-0.025033984,0.1332399,-0.01902184,0.10437075,-0.14297007,-0.15304911,0.12460979,-0.1705224,-0.049019508,0.037688803,-0.21008892,0.015995957,-0.23470753,-0.09117159,0.032197993,-0.29324952,-0.020129425,0.06780586,0.00960046,0.28578347,-0.040430754,-0.34491643,-0.32667708,-0.14619845,-0.032070972,0.1257383,0.041826185,0.02757347,-0.056057032,0.13797954,0.0979028,0.07918648,-0.032997575,0.3249062,0.028437294,-0.191443,0.048562612,-0.12348875,0.088859566,0.011581843,0.2804377,0.046639312,-0.034301974,-0.1628752,-0.08819547,0.25837162,-0.0001368975,-0.07692346,-0.012229445,0.025315076,0.12402175,-0.1414485,0.20542379,-0.18386543,-0.042718105,0.1624663,0.05570351,0.32614955,-0.23521699,-0.26181138,0.063693434,-0.03548193,0.13946882,-0.06028623,-0.24552527,-0.11230949,0.45345038,0.13660073,-0.124135755,0.03928829,-0.11152311,-0.12995918,0,0,0,Peripheral,0.06757073509907689
299,1,0.002506265664160401,0.0,0.19543443446160527,0.0006095352423352333,0.0,1,0.0,0.0,1.0,2,0.0,0,-0.6984143036714102,5,5,3.0,0,2,2,1,0.09545974,-0.2629912,0.18628159,0.57361835,-0.12094274,0.03555634,0.260789,-0.5844185,0.21461864,0.33714905,-0.3115502,0.049518034,-0.048898444,-0.20547427,0.37841657,0.2694978,0.17909765,0.10613533,0.5518596,0.11758285,-0.24685481,0.2211907,0.11612279,-0.046293713,-0.21632007,-0.1875162,0.286036,-0.3216857,-0.41667113,-0.12810789,0.4632457,0.26142508,-0.055975243,0.2389202,0.29709733,-0.4754509,-0.2618929,0.16628063,-0.13837068,-0.08274127,-0.3289974,0.32802323,-0.7110773,-0.25907674,0.17599557,0.15869567,-0.034374956,0.2583049,0.2799512,0.21250293,0.43022537,0.217611,-0.4371853,0.14270537,-0.94484687,-0.16701128,-0.021104107,0.24045259,-0.6092461,-0.059058618,-0.0153920315,0.006893602,0.43442485,-0.26636794,0.07984694,0.56923115,-0.21127512,-5.993439e-05,0.3340501,-0.0441555,-0.42156675,-0.44576037,0.11554913,-0.013885573,0.014470395,0.21083467,0.14829803,-0.061258134,-0.011816814,-0.032746214,0.24767934,0.5321142,-0.31297547,-0.07508599,-0.08493639,0.4519697,0.15199296,-0.4323094,0.38637868,-0.017426938,-0.58768797,0.0043925466,-0.045170818,-0.022741403,-0.48556122,0.17852354,0.3814017,-0.19856572,-0.23179425,-0.07953556,0.34353253,0.35499334,0.22023724,-0.10442136,-0.065493286,-0.061324246,0.26441535,0.17312753,0.51054454,0.17602775,0.18530832,-0.021398757,-0.19677758,0.20724626,-0.17790253,-0.13188204,0.33575112,-0.25899342,0.2643825,0.08782696,-0.36686543,0.029793138,0.210197,0.10230112,0.018568631,0.034606203,-0.3786046,0.15572916,1,1,0,Peripheral,0.01759543813330187
300,14,0.03508771929824561,0.011050014233599371,0.2792880740113396,0.053255403351225195,0.08791208791208792,10,0.014193683214627134,877.3821801620236,0.20952380952380953,15,0.0,0,1.3920285090358007,14,7,1.7857142857142858,3,9,2,0,0.010474983,0.018804682,0.22164759,-0.059119288,0.2133432,0.23547225,-0.0017902341,-0.3370651,0.13669442,0.15745224,-0.061540715,-0.025831208,0.005894806,0.02421523,0.47155455,0.10027398,-0.019608812,-0.20664409,0.030913413,0.047509234,-0.13427609,-0.1731626,-0.00515444,-0.26646447,0.07236015,-0.0812931,-0.25452122,-0.11717436,0.06512445,0.057568666,0.36687577,0.17148533,-0.020077582,0.06758025,0.00067517237,-0.17555667,-0.12894908,0.087833144,-0.29293385,0.06891713,-0.08414199,-0.04621215,-0.20425677,0.035240274,0.09885208,-0.05913181,-0.047466423,0.022610532,-0.12545379,0.13480541,0.42688483,0.16027416,-0.22624856,0.15298131,-0.31094036,0.25482377,-0.2111818,-0.024239795,-0.11623181,0.034883715,0.056517527,-0.31338927,0.10877353,-0.21294236,0.04432979,-0.25678912,0.06358909,0.13344394,-0.09521075,-0.25520992,0.13998646,-0.4134008,0.039793678,0.09352459,0.16145828,0.119466566,-0.044723816,-0.09028159,-0.212491,-0.2802815,0.08361041,0.13380966,0.08883793,-0.25284183,-0.13497393,0.27271304,0.13134432,-0.08656665,0.05101563,0.25103036,-0.08772152,-0.31306568,-0.050885025,-0.08505407,0.15473711,-0.013203663,0.20219056,-0.08652925,-0.001090642,-0.04924713,-0.34763944,0.24455607,0.12375779,-0.13619317,-0.011021028,0.22163919,0.018527433,-0.09469113,0.2780854,-0.080480166,-0.11276299,0.06807991,0.08645221,0.0018137511,-0.19943677,-0.14677505,0.20592879,0.11990163,0.16435564,-0.057669587,-0.059923243,-0.08095805,0.1535384,0.27116966,-0.17463028,-0.03524766,-0.06749372,-0.08338166,0,0,0,Broker,0.8087786920752553
301,2,0.005012531328320802,0.0004011275612202285,0.20955614843560513,0.002230685688269793,0.0,2,0.00023066421016990774,31.849929488447362,0.6666666666666666,3,0.0,0,-0.5376110103862402,5,3,1.8,0,0,2,3,0.38287377,-0.119757205,0.059675884,-0.04521117,-0.027578427,0.29858115,-0.11105714,-0.21459725,0.27824238,0.46558177,-0.222225,-0.01466892,-0.40022445,0.07530747,0.32059288,-0.16916475,-0.067378,-0.47060388,-0.062304325,0.31932104,-0.033040296,0.20566298,-0.019249426,0.1113266,-0.34242278,0.084106125,-0.21717553,-0.07979579,0.23178983,0.19956645,0.15094103,0.12493143,-0.15153153,-0.010875025,-0.14732853,-0.27671316,-0.044557173,-0.278179,-0.113055155,-0.09017264,-0.02481289,0.5747846,-0.36784363,0.6008783,-0.14750311,0.055166677,-0.053898994,0.10214471,-0.020281348,0.25646877,0.29839882,0.1516806,-0.19871841,0.13152774,-0.5829004,0.59832704,-0.084609166,0.066465214,0.5622249,0.36533073,-0.12714115,0.26110685,0.46929207,0.12599653,0.33781034,0.40235284,-0.24046524,-0.103698105,-0.43986848,-0.18730971,0.05361295,-0.5190258,0.11314506,0.27149233,0.19510901,0.16835786,-0.26033023,0.007864445,0.07721574,0.2955626,-0.36762142,0.24307415,-0.25202498,-0.13321058,-0.43232042,0.06758129,0.1991343,-0.21923187,0.024367867,0.22978905,0.11760469,-0.597477,-0.03600398,-0.2949974,0.25938618,0.04681504,0.36318773,0.09853133,-0.23213725,-0.25283483,-0.05759995,0.30033997,-0.3015406,-0.016689816,-0.25667435,0.0455882,0.38823706,-0.45826867,0.17590238,-0.06630226,-0.04256291,0.043530263,-0.10180109,-0.019583544,-0.62529916,-0.3480169,0.056644924,-0.21947475,-0.0039151874,-0.3978312,-0.34616762,-0.21184935,0.55304235,-0.018022371,0.25762236,-0.32517672,-0.4065031,-0.058012355,0,0,0,Peripheral,0.010448944259659592
302,1,0.002506265664160401,0.0,0.19927118409520733,0.0009442684619203305,0.0,1,0.0,0.0,1.0,2,0.0,0,-0.6984143036714102,5,5,2.4,0,1,2,2,-0.18297541,-0.53875184,0.034686204,0.21772382,0.28186807,0.25113028,-0.0111689195,0.011705077,-0.2286649,0.027088048,-0.06668994,0.38718584,-0.2387815,-0.022858007,0.44492838,-0.022624373,0.30955958,-0.16591015,0.18719268,0.30120572,-0.54631335,0.2338778,-0.3922349,0.0161629,-0.0048354072,0.13501413,0.05693928,0.11262582,0.05461279,0.10114579,0.3364603,0.17899725,-0.013328329,-0.02434791,0.63442147,-0.24064742,0.59796685,-0.09861318,0.1237741,0.22709507,-0.109595895,0.18871586,-0.07364564,0.29503408,0.50343066,-0.07240369,0.117653735,0.08912548,0.21438396,-0.06414842,0.31396666,0.032203246,-0.2548312,0.3367687,0.1758271,0.07418286,-0.14245595,-0.2838881,-0.41913587,0.01862089,0.08111247,-0.19998564,0.6310451,-0.055483647,0.21572533,-0.30134967,0.1905881,0.32252026,-0.07424881,0.3246868,-0.15123124,-0.61201555,0.05060359,0.08110583,-0.27080446,-0.08091682,-0.63785243,-0.21770371,0.031376097,-0.29486072,0.05865544,0.18157761,-0.007092762,-0.026951274,-0.197394,0.8789868,0.2337699,-0.050741564,-0.25317433,0.4153623,0.31103227,-0.18152702,0.19715689,0.28880006,-0.49492463,0.22839038,0.3157514,-0.20154746,-0.12381931,0.024113053,-0.03645259,-0.1719774,-0.0016708364,0.049773477,-0.053741597,-0.23533091,0.21781297,-0.21377659,-0.021336526,0.0055997614,-0.13595039,-0.060582478,0.19873834,-0.02208088,-0.30159622,0.0083162235,-0.01812719,-0.23548153,0.1655827,0.20965585,-0.2938129,-0.043195378,0.22780651,0.64371747,-0.14388949,0.13305518,-0.44482413,-0.2507625,1,1,0,Peripheral,0.017647740788167606
303,2,0.005012531328320802,0.00011904629559969076,0.20505809979494188,0.0019875843227666386,0.0,2,0.0001361424728258899,9.452394916911047,0.6666666666666666,3,0.0,0,-0.5376110103862402,12,8,2.3333333333333335,0,4,1,7,0.14544627,-0.08370571,0.2677908,-0.23737217,0.1967413,0.23866433,0.0244431,-0.8158344,-0.077369526,0.18207294,-0.465128,-0.20572218,-0.08615384,-0.3174723,0.6801367,0.38703743,-0.5207892,-0.40659457,0.10361831,-0.06154803,-0.1981943,-0.2822571,-0.2414808,0.32577428,-0.12930676,-0.24153727,0.058599267,-0.55610883,-0.12899625,0.08436371,-0.17991978,0.31681046,-0.06382211,0.37586838,0.383179,-0.21467885,-0.2211984,0.06592366,-0.09272553,0.1348589,0.46388558,0.28495422,0.03187486,0.01461032,0.3577961,-0.23060137,0.052841816,0.15752546,0.21755907,0.011280111,0.81184155,0.2862412,-0.17889951,0.38448778,-0.33977926,-0.14582516,-0.13327546,0.36542684,-0.07610284,-0.10769366,0.09583789,-0.5776499,0.19823168,0.033776827,-0.24041998,-0.02159942,-0.26007453,-0.013261849,-0.07109943,-0.0618867,0.5797768,-0.12802047,0.18646073,0.2581963,-0.15778106,-0.10319532,0.16848451,-0.39455977,-0.053750213,0.04578313,-0.017624315,0.0013183313,0.13565958,-0.2911816,-0.057254575,0.26063588,-0.10750721,-0.04931297,-0.18557319,0.11997854,0.14283387,-0.46493214,-0.09362491,-0.28973916,-0.25765973,-0.42724702,0.2794694,-0.029209577,-0.08712275,-0.13899937,-0.26662898,0.4909147,-0.24118955,-0.032085776,0.13510574,0.3913296,-0.04094637,-0.15649095,0.33890298,-0.11894528,-0.12278859,0.18154207,-0.09266432,-0.3254858,-0.09629345,0.055711295,0.10305955,0.018186897,0.011714486,0.011265469,0.14044566,-0.08279506,0.22542782,0.40686628,0.120419964,-0.28348747,0.20468634,-0.30309284,0,0,0,Peripheral,0.010340438132332094
304,1,0.002506265664160401,0.0,0.17453628698290594,0.00022960931703540024,0.0,1,0.0,0.0,1.0,2,0.0,0,-0.6984143036714102,8,4,2.0,0,3,3,2,0.078543045,-0.16858003,0.16984305,-0.06498436,0.37991685,0.3650931,-0.31522548,-0.18996432,0.0013439045,0.34118214,-0.050634187,-0.23901135,-0.23981409,0.31195217,0.77076817,-0.03331361,-0.15349916,-0.5857579,0.38383508,-0.12227498,-0.011916822,0.54151314,-0.26413152,-0.23704585,0.37724054,0.5293256,0.10622868,0.07766327,-0.13989039,0.4677174,0.1555848,0.30694443,-0.16930485,-0.1714459,-0.3195193,-0.48834324,-0.21027683,0.295375,-0.21772528,0.28487393,-0.031087829,-0.1421439,-0.35897824,0.17583199,-0.0130902305,0.049172238,-0.4024302,0.22400513,0.12005208,0.0752329,0.07693915,0.5599876,-0.27587518,0.527419,-0.3405228,0.26984757,-0.22437882,0.28800452,-0.16837542,0.55837184,-0.11034359,-0.064869255,0.35952744,-0.24705864,0.0031996358,-0.30407763,-0.3973678,-0.23428412,-0.48161793,0.0615747,0.15811037,-0.47394624,-0.058783643,-0.06393534,-0.027887229,-0.028309962,-0.018623311,-0.70077175,0.40453652,-0.38127095,0.017492844,-0.07537501,-0.35630664,0.2981289,-0.37301916,-0.21287148,0.24753857,-0.2150482,-0.024737446,0.45894507,-0.21143235,-0.083594486,-0.10646153,-0.45283175,-0.098554,-0.31508785,0.33252624,-0.07320715,0.09254604,-0.17159304,-0.20776936,0.010432441,0.08968251,0.08449808,0.23905014,0.28600037,0.31301704,-0.13280186,0.5265169,0.27427784,0.15455504,0.044440962,-0.20570914,0.10858568,-0.08886968,0.097629264,-0.4276037,-0.10061655,0.037411038,-0.3918877,-0.16347905,0.071375124,0.9220422,-0.14697585,-0.26509058,0.31625333,0.27498627,0.06461419,1,1,0,Peripheral,0.01753607403860541
305,12,0.03007518796992481,0.009737964700295261,0.2780924915027294,0.047563015206326394,0.045454545454545456,9,0.009019864473498805,773.204135168144,0.19230769230769232,13,0.0,0,1.0704219224654603,15,8,2.3333333333333335,2,10,3,0,-0.07672455,-0.03326242,0.179447,-0.023010675,0.23633651,0.163518,0.012211717,-0.14514132,0.02124503,0.27376217,-0.3585087,0.015590147,-0.092688784,0.1384076,0.25697142,0.05481593,-0.13250767,-0.1519027,-0.054168154,0.10204476,-0.19895457,-0.14742446,-0.30722153,-0.027713759,0.015731642,-0.018208364,0.008115087,-0.014740202,0.028066473,0.12609766,0.23530346,0.10370932,-0.19053109,0.14695367,0.08197826,-0.21684694,-0.047336314,-0.07638209,-0.06394084,0.022177499,0.23145202,0.371129,-0.3364304,-0.15212822,0.06575233,-0.10321243,0.020728616,0.23133972,0.21563025,-0.093079284,0.3822546,0.24061196,-0.2443081,0.06017188,-0.23688248,0.009224688,-0.14247836,0.14698032,-0.041952185,0.09941433,-0.031398036,-0.31774136,0.050434936,-0.069767185,-0.14231193,-0.105443165,-0.26389557,-0.09713114,-0.040096138,-0.14615887,0.15300886,-0.23155394,0.17374246,0.16326635,-0.09606721,0.14060056,-0.09399873,-0.30508414,-0.3355396,0.07223988,0.1965044,-0.04065484,0.039831135,-0.13950004,-0.16352193,0.13310026,0.28814104,0.13054746,-0.030735016,0.19065471,-0.33448574,-0.23754562,-0.010604903,-0.17767951,-0.020540502,0.1334179,0.24541903,-0.12099687,0.09154191,-0.119291216,-0.19781177,0.048810877,-0.056306176,0.09391369,-0.05297629,-0.013910209,0.19118966,-0.16936639,0.17200449,-0.083338745,-0.09501983,0.061984617,0.031379636,-0.15166774,-0.15436094,-0.098762505,0.014354637,-0.26639012,0.1401483,-0.08669325,-0.034827117,-0.21409456,0.25712302,0.27652046,-0.043051053,-0.15164527,0.010514373,-0.038577717,0,0,0,Broker,0.7133478051484534
306,1,0.002506265664160401,0.0,0.19697515468477134,0.0006691427770700037,0.0,1,0.0,0.0,1.0,2,0.0,0,-0.6984143036714102,4,4,2.5,0,0,1,3,-0.10087917,-0.31520578,0.5946211,-0.10426597,0.12266162,0.28119174,0.27227786,-0.13618341,-0.12821919,0.14102429,-0.22104062,0.00036061814,-0.20527571,0.025555164,0.14487354,0.08893346,-0.10779139,-0.058503643,0.2946261,0.10610508,0.14023434,-0.104702346,0.17900212,-0.15778187,-0.27840602,-0.38686323,-0.38877624,0.07457099,0.06349911,0.04405976,0.35780746,0.6054038,-0.14771204,-0.19641824,0.12853225,-0.20021519,0.13438538,-0.36914608,0.05202829,-0.02672862,-0.04607574,0.59722984,-0.12045109,-0.4109478,0.33595893,0.26321894,0.06155004,0.12627262,-0.39553908,-0.06683638,-0.30707264,0.09326522,-0.33985874,0.40829942,-0.40960544,-0.13497944,0.13225941,0.18484905,-0.1503984,0.019584773,-0.008448092,-0.28237897,0.4657589,-0.13471164,0.09419661,-0.83754385,-0.05610605,0.21923111,-0.29139602,0.11041064,0.054589637,-0.38283458,0.025178095,0.13736016,-0.101994544,0.0898119,-0.20406261,0.24759881,-0.09733486,-0.08447709,-0.41834617,0.09090524,-0.065082,-0.00023329379,-0.13604182,0.13750097,-0.0012627905,0.37737754,-0.16085058,-0.15651938,-0.11555003,-0.15176369,0.25140336,-0.39149094,-0.31717318,-0.14684829,0.3550048,0.034750152,0.021668049,-0.35941508,0.14627935,0.28003109,-0.4975066,0.4533207,0.45740014,0.12592024,0.54767525,-0.15361519,-0.02192245,-0.2456511,-0.44987696,0.47466734,0.30295086,-0.0726453,-0.23496309,-0.51564986,-0.1571352,-0.2672181,0.2555863,-0.21901126,0.07345912,0.027087944,0.14124893,0.83496296,-0.2967438,0.15729277,-0.06405577,-0.0014941561,1,1,0,Peripheral,0.01760475191554462
307,22,0.05513784461152882,0.026806402136134073,0.31201924118653984,0.0764141754634492,0.05194805194805195,10,0.03642450733095584,2128.4551360111814,0.13438735177865613,23,0.25413223140495866,3,2.196044975461651,17,5,2.588235294117647,15,2,0,0,-0.06530329,0.12738302,0.16533169,-0.12315522,0.20944683,0.1337384,0.07876895,-0.32024917,-0.06422066,0.21609814,-0.11116621,-0.030043654,-0.20733494,-0.008025949,0.22164702,0.13845314,-0.07982406,-0.13273957,0.02981679,0.012749678,-0.054148715,0.07885439,0.043820143,0.03786498,-0.110591084,-0.06443238,-0.040846873,0.08216377,0.19538464,0.014003842,0.008719581,0.1914426,-0.09683737,0.0753503,0.11722811,-0.0038660422,-0.010213396,-0.1403694,-0.39066425,-0.1407948,0.11302667,0.21266918,-0.2856811,-0.17330743,0.12881634,-0.10538551,-0.026846295,0.16474634,0.08891167,0.0669131,0.1517183,0.19859904,-0.26469055,-0.016087014,0.016178172,-0.08153565,-0.22498395,0.06523115,-0.10813475,0.13814893,0.19339275,-0.07798025,0.08093622,-0.17701575,0.07827327,-0.20676982,-0.27308434,0.14537363,-0.13043217,-0.1511312,0.26504615,-0.37117147,-0.044650856,-0.14415069,0.11131436,0.05760027,-0.05897074,-0.17532721,-0.28912014,-0.21114446,0.058893137,0.07960772,0.104995616,-0.05833138,-0.23124257,0.1106859,0.35290077,0.0118884565,0.07909843,0.16423878,-0.05507862,-0.07152829,-0.20431338,-0.062108316,-0.024871713,-0.06372172,0.2920959,-0.29579458,0.10373957,-0.121859446,-0.2756916,0.08804581,-0.04472773,0.04440722,-0.07382634,-0.09389043,0.12482848,0.1258372,0.26555923,-0.07327774,-0.080260195,0.007848834,0.11811561,-0.013576044,-0.2838566,-0.03989488,-0.05878387,0.044312984,0.10587756,-0.3117514,-0.16305672,0.09652547,0.30801824,0.22946201,-0.042752307,-0.04447105,-0.25401103,0.11576274,0,0,0,Coordinator,1.0
308,0,0.0,0.0,0.0,7.590317288714358e-60,0.0,0,0.0,0.0,0.0,1,0.0,0,0.0,11,6,2.0,0,2,2,7,-0.004893191,0.0065601096,-0.0015476411,-0.006162026,0.0072142566,-0.0011866279,0.0019885413,-0.0045198146,-0.0023862375,0.0014247159,-0.0013038358,0.004919363,0.0029296372,0.00351548,0.004484225,-0.0045179585,0.0035800133,-0.0036061555,-0.007024941,0.005269142,0.0012820503,0.005621206,-0.00086706784,-0.0027187075,0.0030910326,-0.0059621455,-0.0077337986,-0.00717319,0.0033563757,0.0058131916,0.0036493866,0.00045321416,-0.0023700334,0.006045047,0.0071588857,0.0034637405,-0.0009209616,-0.0052956026,0.0046356516,0.0022439845,0.00024009869,-0.0013671368,-0.0016708206,0.0038729561,-0.0034936154,0.0060394863,0.005648352,-0.0065159546,0.0018690368,-0.0005830899,-0.0032025464,-0.0059759887,0.005257775,0.0064040935,-0.004738031,-0.0061076023,0.005002383,-0.0030967118,0.0022627143,-0.005706053,0.00092018116,-0.003258341,-0.0049491636,0.0024432046,-0.0055309227,-0.007234021,-0.0014242968,0.004308982,0.0025332244,0.002349562,-0.0048686257,0.0058670454,0.0034327842,0.0065309983,0.0036514988,-0.0058010807,0.0020571072,0.0059187096,0.0070772637,-0.0027691666,-0.0029058503,0.0020371722,-0.0036439411,0.0011266116,0.004252077,0.0029658787,-0.0032873321,0.00605446,0.0039129676,-0.0065782247,-0.0011213291,-0.0039085504,-0.003628539,-0.006989805,-0.007248056,0.0019201916,0.0009777183,0.00494285,0.0077631474,-0.00300802,0.005722738,0.000569636,0.0030814903,-0.007406164,-0.002775262,0.0006219782,-0.003888986,0.001841234,-0.0025474401,-0.0021728715,0.00010915287,-0.0021510478,0.002962633,-0.0025660424,-0.004073105,0.003189276,-0.0010602558,0.004155838,0.0053010974,0.0056524873,0.0017679259,0.0016287351,-0.0049011307,-0.006194407,0.0066491514,0.007132928,0.006886812,-0.0055117933,0,0,0,Peripheral,0.0
309,12,0.03007518796992481,0.033177863611203035,0.26645777692796385,0.03112981971467284,0.18181818181818182,7,0.017757829427566426,2634.355548593132,0.3076923076923077,13,0.0,0,1.0704219224654603,18,12,2.7222222222222223,3,4,8,3,0.07538114,-0.1240753,0.16721343,-0.22047964,-0.013888623,0.26083902,-0.18920754,-0.12421912,0.26258928,0.1915313,-0.09024797,-0.08583122,-0.073889434,0.14565304,0.2838482,-0.24671063,0.016155701,-0.23884127,-0.08912906,0.18778475,-0.24487117,0.22224063,-0.09363261,0.18590577,-0.16905645,0.058245648,-0.05844935,-0.24152115,0.17378931,-0.017593304,0.20949529,-0.04100105,-0.28743234,0.16535924,-0.167133,-0.36457458,-0.19852933,-0.18964486,-0.08198985,0.13947171,-0.23532937,0.3291896,-0.36069906,0.26018178,0.105663545,0.0408301,-0.13822263,0.24026431,0.020069286,-0.01714123,0.36210603,0.3899576,-0.13675159,0.23457187,-0.23394732,0.14249456,-0.038238153,0.13760588,0.04576771,0.393118,-0.22842692,-0.021563042,0.24276635,-0.17786208,0.0012922799,-0.109068416,-0.25728846,0.20947655,-0.06319389,-0.0532444,0.21317764,-0.37287542,-0.023079023,0.038164154,0.108167894,0.27093622,0.040444914,-0.33753473,0.08644575,-0.026285687,-0.18666887,0.14035593,-0.08311218,0.32734472,-0.18080153,0.15549894,0.15260234,-0.19792874,0.041061584,0.31476474,0.14608438,-0.3370235,-0.10826153,-0.24406353,0.061146233,0.048082512,0.30832282,0.09611319,-0.3510894,-0.22704083,0.052043576,0.18157989,-0.056337096,-0.11078379,0.12811776,-0.11487954,0.23220111,-0.35573596,0.17894733,0.055046227,0.054916833,0.06572764,-0.061534226,-0.013680468,-0.35312235,-0.066612326,-0.0015146179,-0.27220395,0.070052855,-0.1678569,-0.2594326,-0.066989854,0.590761,0.23337846,0.011790436,-0.14581724,-0.24862444,0.090698265,1,2,0,Peripheral,0.07003428932502165
310,1,0.002506265664160401,0.0,0.20025402594031316,0.00133831719718464,0.0,1,0.0,0.0,1.0,2,0.0,0,-0.6984143036714102,7,5,2.142857142857143,0,1,1,5,0.2682464,0.08491874,0.4425214,0.135022,0.15284255,0.14758019,-0.14974205,-0.01697082,0.120884575,0.03431007,-0.19731294,-0.34734952,-0.19437286,0.04716653,0.43986535,0.5211678,-0.1061283,4.9202314e-05,0.4955782,0.39824918,0.16246037,0.2421101,-0.13380039,-0.05469947,-0.060776018,-0.18363453,-0.40757683,0.39237747,0.25921968,0.46179807,0.059040654,0.06844243,0.28033793,-0.09270805,-0.24648494,-0.5199815,-0.10129515,0.2542584,0.010609235,-0.102989614,-0.072692186,0.15608628,0.0015147564,0.071721494,0.10385297,0.21630208,-0.035097953,-0.012795592,-0.22788489,-0.13560288,0.25710315,0.7270683,-0.17987987,0.28583917,-0.043647747,0.2741255,0.25113374,0.042033557,-0.40197346,0.25417712,0.14202823,-0.41089,-0.24535327,-0.22631793,-0.15180695,-0.0018737676,-0.6105215,0.07849643,-0.31411648,-0.37544137,0.30846623,-0.7536111,0.019554945,-0.03397827,-0.29915386,0.07690819,-0.1621003,-0.6070118,0.04034264,0.039653875,0.017731315,0.15149647,-0.28297353,-0.31849244,0.028143631,0.52517164,-0.28516772,-0.2003041,-0.17744915,0.40637377,-0.26676708,-0.05532125,-0.28770894,-0.2832245,-0.04686246,0.13049579,0.36162233,0.17175475,0.64984477,-0.31894442,-0.43061572,0.19825086,0.074127026,0.10974282,-0.1255472,0.0015178483,0.4511381,-0.20369966,0.5258946,-0.08414542,0.12608552,0.13805734,0.35465208,-0.07889875,0.21228251,0.20285352,-0.08082204,0.17567508,0.18512133,-0.2008352,0.0987122,-0.18255158,0.24635907,-0.040258747,-0.059638064,0.017816568,-0.36104855,-0.041149907,1,1,0,Peripheral,0.017709311596784554
311,3,0.007518796992481203,0.00012937161086321725,0.20728272500011993,0.00272055641952543,0.0,3,0.0003138851286853861,10.272235274150313,0.5,4,0.0,0,-0.37680771710107014,5,5,2.8,0,2,1,2,0.061226457,0.016542949,0.40470222,0.18870203,0.021113578,0.07414628,0.08594468,-0.41253918,-0.19747368,0.3272869,-0.08207534,-0.21819986,-0.34773764,0.029105382,0.48387438,0.1817762,-0.2891355,0.37186244,0.31847546,0.5572206,-0.059919734,-0.20182906,-0.11677741,-0.07414235,0.0019583611,-0.19796294,-0.2480348,0.17638199,-0.116162,0.64747834,0.39570418,0.14826825,0.07185944,-0.29956844,-0.21629997,-0.22206609,-0.23126242,0.0824768,-0.27860445,0.06633853,-0.06907044,0.026193945,-0.21300642,-0.0616694,-0.10316839,0.117233396,-0.23909658,0.07326594,-0.11407691,-0.48620778,0.40864137,0.42544577,-0.08017516,0.17141172,-0.051273808,-0.078320935,0.5272427,0.20027398,-0.153736,0.4969431,0.12859042,-0.58000803,0.0882639,-0.14684306,-0.038559373,0.1250634,-0.5121608,-0.145222,-0.2658874,-0.1582602,0.045745816,-0.56410646,0.22488083,-0.31507647,-0.16878341,0.29388905,-0.021949088,-0.5440114,-0.15140931,-0.0069821584,-0.027788425,0.17377722,-0.38059008,-0.23123688,0.13826934,0.45557,-0.0682611,0.028228862,-0.038497552,0.5353938,-0.17652214,-0.0705616,-0.07979524,0.014620589,0.18580166,0.2995943,0.30641457,0.32984006,0.47159767,-0.00038675632,-0.35969144,0.48681784,-0.046291195,-0.10674526,-0.10175605,0.22412772,0.5780233,-0.16343132,-0.10180408,-0.0014793697,-0.12001133,0.23558901,0.32647088,-0.2736727,0.29810402,0.30177063,-0.12423028,0.22964826,0.33772743,-0.23860441,0.046951775,-0.3436225,0.33044726,0.19032918,0.15733966,-0.099029355,-0.18308513,-0.14689575,0,0,0,Peripheral,0.015457604007504457
312,1,0.002506265664160401,0.0,0.20377166253148554,0.0013916109378306308,0.0,1,0.0,0.0,1.0,2,0.0,0,-0.6984143036714102,9,7,2.0,0,3,2,4,-0.4042823,-0.38024554,-0.15346476,0.13606593,0.042990185,0.3417362,0.27062115,-0.040047575,-0.09650258,0.41708645,0.14901295,-0.17604753,-0.1321672,-0.21715574,0.2699175,0.40321717,-0.062888324,-0.24379352,-0.39057258,-0.19065137,0.12519406,0.22505192,-0.042823136,0.19858569,0.03356938,0.051396955,0.14281358,-0.11746772,-0.09597797,0.4870994,0.3213792,0.07628332,-0.02564335,0.30364433,0.0349798,-0.4230612,-0.19541058,-0.015165178,0.4176321,0.19640508,-0.28253075,0.07330301,-0.36152226,-0.26995888,0.060569648,-0.1467129,-0.1327285,0.36258486,0.39002094,0.509858,0.32223243,0.28660506,-0.31981748,0.1598867,0.18931045,0.010104915,0.3414183,-0.20331937,-0.09587481,-0.026337143,0.06706651,-0.206459,0.060902137,-0.2800846,0.38460135,-0.23499718,-0.28259078,0.30632278,0.07972671,-0.34967765,0.11521206,-0.20728979,-0.113261566,0.084873095,-0.06950409,0.33216533,0.12321809,-0.19558243,0.05293549,-0.099583514,-0.2533474,-0.12764491,0.027455175,-0.08010878,-0.23290749,0.42012578,0.19318813,0.23653546,0.068317235,0.42105842,0.13132021,-0.23644966,-0.10461038,-0.20309372,-0.20820503,-0.06081364,0.24951945,-0.10450793,0.094173975,-0.16416456,-0.099776074,0.5467302,0.39882693,0.6817832,0.09890146,0.27410465,0.1395118,-0.60021573,0.5912271,0.04507408,0.0066277287,-0.19446738,-0.050965097,0.22303915,-0.24177143,-0.07360768,-0.012131254,0.015293032,0.04087888,-0.19589493,-0.25100437,0.09024089,0.44102347,0.19500117,-0.34379032,0.03178302,0.20285574,-0.5913907,1,1,0,Peripheral,0.01771763883758535
313,14,0.03508771929824561,0.011833408368979031,0.28392659971607337,0.058255803545211565,0.01098901098901099,10,0.014483073543189727,939.584457905304,0.14285714285714285,15,0.1377551020408163,1,1.2312252157506305,17,8,2.5294117647058822,4,10,3,0,0.019228438,-0.026540019,0.35296977,0.09032293,0.15128359,-0.08376693,0.1725353,-0.27015612,0.17083377,0.10335031,-0.27626145,0.0033663562,-0.062322307,-0.12295684,0.21736695,0.15108939,0.13096295,-0.22291377,-0.024072984,0.061117057,-0.003406199,0.062130928,-0.12214731,-0.06367433,-0.058604676,0.085732095,-0.22047353,-0.048209995,0.045321736,0.0622134,0.20755954,0.13430914,0.013877347,0.03293451,0.08651421,-0.123022325,0.050887085,-0.050785966,-0.28216937,-0.00029694085,-0.20380484,0.15091668,-0.44475693,-0.07468,0.26751342,-0.045776088,0.118211865,0.26468134,0.1139256,-0.09231271,0.2922326,0.04174412,-0.05397807,0.023207482,-0.27513787,0.05682238,0.028603537,0.1564466,-0.2121263,0.15231597,-0.00071557355,-0.099640824,0.32594964,-0.20622794,0.015503489,-0.0038274375,-0.06908582,0.06876205,-0.08749187,-0.02453213,0.024839528,-0.2686932,0.055979416,-0.004435727,0.122756116,0.14036483,-0.15720864,-0.23102503,-0.22542106,-0.13600013,-0.06716292,0.18245463,-0.026306694,-0.072737984,-0.0859135,0.1645709,0.005465216,-0.004989874,0.23760696,0.21007589,-0.10764043,-0.1709107,-0.069827996,-0.12086078,0.03871878,0.09114375,0.2717287,-0.123209335,0.11166089,-0.35474327,-0.10640435,0.37218416,0.13067709,0.044454157,0.0846803,0.14068724,0.16321388,0.0031046916,0.1804519,-0.003526025,-0.09610529,0.16097695,-0.011357454,0.1834573,-0.050136503,-0.14635728,0.07457272,-0.048329197,0.07358137,0.007954495,-0.23888372,-0.30142173,0.27444333,-0.023984892,-0.18110748,-0.18142335,-0.19132882,-0.17905061,0,0,0,Peripheral,0.0726866403726123
314,6,0.015037593984962405,0.007672032651959166,0.22339204269270146,0.010170601781372357,0.0,3,0.00345950411788846,609.1670645982098,0.2857142857142857,7,0.0,0,0.10560216275444005,13,9,2.5384615384615383,3,1,4,5,-0.15721238,-0.0019495367,0.390177,-0.020891843,0.14544737,0.18406686,0.14910522,-0.46332172,0.08003545,0.13952416,-0.34046793,-0.15679592,-0.5045466,-0.3729215,0.27466005,-0.042237386,0.24430305,-0.15844293,0.42528924,0.1063989,-0.41700256,0.12391837,-0.0513346,0.055723015,-0.14105795,-0.3096262,0.025500117,0.2232672,0.11681766,0.05004857,0.35813215,0.21332583,-0.14362706,0.40864244,-0.07570411,0.18733701,0.014757475,-0.23757981,-0.37705153,-0.17754476,-0.16603996,0.4527002,-0.31001768,-0.19363844,0.44667208,-0.16832556,0.21594663,0.18527739,0.15136431,-0.1974774,-0.104316376,0.11285199,0.11045333,-0.11936133,-0.25293884,0.18540125,-0.4360132,0.20228022,-0.18010722,0.36939144,0.029487891,-0.3319199,0.08282207,-0.15446569,-0.006252201,0.040652223,-0.26917413,0.19057539,-0.043674108,0.020888746,0.023567941,-0.3224139,0.043362778,0.3014982,0.27780506,0.39445093,-0.060580436,-0.20632271,-0.21909477,-0.3438585,0.2756781,0.23500192,-0.1445082,0.17413387,-0.07790317,0.42430592,0.012709534,-0.021654744,0.14721584,0.16522555,-0.19461574,-0.522899,-0.047214482,-0.29265687,0.11241838,0.13025267,-0.08174192,0.057997588,-0.09479891,-0.01445618,-0.14606313,0.34247357,0.3018297,0.013586622,0.107854545,0.030917032,0.28442678,-0.13342768,0.025252737,-0.18607976,-0.29496396,0.20452286,0.16579896,0.40499333,-0.14400709,0.09638162,0.01971672,0.105569735,0.20782305,-0.05973736,-0.0733702,-0.16586545,0.50334656,-0.20403361,-0.14462416,0.027134165,0.018717391,-0.23648871,0,0,0,Peripheral,0.024132436596821436
315,1,0.002506265664160401,0.0,0.20377166253148554,0.0013916109378306308,0.0,1,0.0,0.0,1.0,2,0.0,0,-0.6984143036714102,8,5,2.125,0,2,2,4,-0.2507812,-0.32716483,0.009237678,0.032376874,-0.23081854,0.349875,0.063376,-0.37547433,-0.10535283,0.53552604,-0.032472823,-0.027804015,-0.11608776,-0.27521783,0.39755976,0.24511822,-0.11334482,-0.23361759,-0.3130224,0.081481025,0.25399196,0.17482233,-0.28885555,0.15639913,0.044305418,-0.027680013,0.00025691587,-0.1794416,0.026756648,0.16446805,0.524615,0.18321006,-0.09394674,0.21973085,0.034146234,-0.5018425,-0.13579662,-0.057999652,0.2712634,0.20793974,-0.3088013,0.05041969,-0.40311807,-0.13236062,0.089745976,-0.20433138,-0.24774218,0.2703439,0.41720045,0.2654421,0.15554638,0.08812049,-0.51704323,0.2483187,0.105307534,-0.11005576,0.2995518,-0.3559356,-0.22241215,-0.033103913,0.03682709,-0.29846188,0.26715243,-0.3786894,0.29649794,-0.18423726,-0.38980246,-0.0023943381,-0.09514152,-0.12710667,-0.018042432,-0.2080313,-0.09716488,-0.002727037,0.16804628,0.5043197,0.03004655,-0.07500857,0.041037284,-0.007092941,-0.17527151,-0.092617296,0.016780773,-0.015713258,-0.24904037,0.42493597,0.24196924,0.18265538,0.19372185,0.45777878,0.073579185,-0.16285588,-0.27423012,-0.090271965,-0.30514985,-0.26815695,0.27074432,-0.12615441,0.016407767,-0.032550626,0.0032774545,0.27309564,0.2419169,0.5597069,-0.08477127,0.29105145,0.33220378,-0.70775056,0.7087142,0.04528299,-0.08600322,-0.15701725,-0.17594184,0.4443248,-0.11480035,0.06267811,-0.066022426,-0.099135295,0.122623414,-0.29578668,-0.06556746,0.18151699,0.38729578,0.26837775,-0.31902212,0.019037498,0.31184575,-0.61950314,1,1,0,Peripheral,0.01771763883758535
316,3,0.007518796992481203,0.002741088235841195,0.2537593984962406,0.009831487579846742,0.0,3,0.0036301513285715253,217.64514701402675,0.5,4,0.5555555555555556,1,-0.5376110103862402,13,7,2.6153846153846154,0,2,7,4,-0.031991825,0.0713625,-0.25937206,-0.07150117,-0.32636294,0.2298192,0.2895605,-0.4206356,0.1064743,-0.28839236,-0.13615455,-0.32742083,-0.12509578,0.14530982,0.009955736,0.35990602,0.29715413,-0.42400834,0.21623923,0.3083251,-0.43857837,0.24980967,-0.0317673,-0.23491378,-0.24067782,-0.1904182,-0.41054818,0.13905959,-0.12954873,0.21839422,0.56032383,0.3598975,-0.24781166,0.30575156,0.014209969,0.19080532,0.10594882,0.2488188,-0.4992733,-0.20375763,0.10489232,0.35047695,-0.42217308,-0.051447567,0.09965137,-0.15056188,-0.14809015,0.18452862,0.4382709,-0.05113761,0.3204677,-0.08519365,0.34680393,0.018809902,-0.41503313,0.0030413407,-0.5313629,-0.24890356,0.0054981345,-0.15765235,0.14971046,-0.08279391,-0.15447722,-0.4539058,0.09208764,-0.00052833656,-0.2348087,0.621077,-0.10666519,-0.114460886,0.2796671,-0.6340875,-0.3520001,-0.2806767,-0.09699663,-0.17771296,-0.10033115,0.21220925,-0.120935544,-0.4598837,0.026755262,0.16668688,-0.07813738,-0.27705657,-0.058647845,-0.11780789,-0.23887473,0.037129056,0.21469523,0.105120786,-0.518529,-0.18149556,-0.15920006,-0.08010356,-0.12358787,0.13972208,0.33957624,0.0024153555,0.35765633,-0.46925175,-0.4248241,0.57723683,0.05133652,-0.1860572,0.005535076,0.16040538,0.08373798,-0.13697396,0.16877094,0.019627266,-0.20971298,0.26453957,-0.31192368,0.16681524,-0.09104743,0.056996837,-0.21182649,-0.27495223,0.27442408,0.17568004,0.13341366,-0.17723563,0.45378152,-0.06166678,-0.07401661,0.08937321,0.046119027,-0.45567864,0,0,0,Peripheral,0.020346671243749344
317,1,0.002506265664160401,0.0,0.2058377883873181,0.0019196580009159866,0.0,1,0.0,0.0,1.0,2,0.0,0,-0.6984143036714102,10,7,2.1,0,2,5,3,0.049175724,-0.086619474,0.015029472,-0.106920265,-0.010288953,0.3621741,-0.0255099,-0.059790146,0.17725998,0.47199592,-0.18014708,-0.17233644,-0.18025203,0.20819871,0.29066223,-0.057700705,0.038626406,-0.26331726,-0.047081992,-0.22209527,-0.23604104,0.030771425,0.06514637,0.19975895,-0.33710662,0.20007318,0.11522055,-0.28240785,0.08406928,0.10383034,0.034844838,0.15692855,-0.04382812,-0.010594717,-0.15146099,-0.39282882,-0.057216823,-0.44662264,-0.2714605,-0.021546733,-0.175979,0.3913358,-0.42608738,0.37992692,0.14850518,0.015058051,-0.06375701,0.12642302,-0.23734757,0.22034852,0.44283053,0.25345063,0.0523429,0.12928751,-0.2000763,0.40165463,0.06632061,0.2164805,0.4794232,0.5318296,-0.40124303,0.30624992,0.24835728,-0.09177776,0.080277376,0.19983694,-0.36830395,0.23692597,-0.36029056,0.045533925,0.0032655864,-0.45717177,-0.18194483,0.22067344,0.30638513,0.11210305,-0.1978733,-0.5390115,0.0009496012,-0.01884688,-0.23688501,0.26746538,-0.17875011,0.28595573,-0.35276395,0.07141327,0.35330033,-0.19882426,-0.03854019,0.51012164,0.20955354,-0.3618724,0.16903102,-0.33216155,-0.012713391,0.13036302,0.22462395,-0.072709516,-0.5474263,-0.041728597,0.034021355,0.2955718,-0.08436256,-0.09289282,0.0921017,0.092996985,0.35597643,-0.28644747,0.08202423,0.08966067,-0.093076676,0.21437986,-0.3459814,-0.00582314,-0.31086254,-0.2000576,-0.028761152,-0.11708226,0.07781287,-0.15769404,-0.36074716,-0.08414359,0.7363043,0.0993162,-0.020378493,-0.39688548,-0.2345258,-0.053978797,1,1,0,Peripheral,0.017800147120831483
318,2,0.005012531328320802,0.011309681238271559,0.19196928491441367,0.0006193491893936538,0.0,1,0.004521353635344643,898.0000000000001,0.6666666666666666,3,0.75,1,-0.6984143036714102,11,8,1.9090909090909092,0,1,5,5,-0.11571137,0.4155213,0.4969033,0.014445665,0.20713484,0.11606081,0.11787989,-0.9077201,-0.3433881,0.13116618,-0.21465419,0.100537,-0.31591302,0.11655387,0.3962615,-0.0023836663,-0.32959327,0.15157905,0.32416534,0.51885027,-0.09363445,0.055569407,-0.40428168,0.08384656,0.10411357,-0.042159587,0.06990914,0.15292437,-0.17240767,0.26074713,0.6312618,0.27777272,0.052846704,0.26793417,-0.2206726,-0.37869108,-0.22466946,0.19075875,0.072868355,-0.060296107,-0.35303953,-0.16472195,-0.6032704,-0.1864358,-0.08628712,-0.40015122,-0.45998362,-0.24459895,-0.14603117,-0.45031044,0.2301597,0.18136139,-0.37110892,0.38728082,0.02364599,-0.09260722,0.1514497,-0.07712086,0.23889753,0.22514538,-0.031662986,-0.2949017,0.16495904,-0.19223802,0.26675057,0.19042207,-0.55979645,-0.037583638,-0.5032554,-0.47032166,-0.37021554,-0.6514047,0.13493915,-0.13227327,-0.06188001,0.2235216,-0.2587328,-0.22683024,-0.18721573,-0.023435721,-0.1814829,0.21718009,-0.2144608,0.12673344,-0.07101467,0.3326027,-0.00678918,-0.08494531,-0.04829404,0.4186062,-0.17667581,0.064342715,-0.15037863,-0.111790955,0.18467587,0.3908321,-0.061725307,0.06302518,0.2846439,-0.047346465,-0.5270641,0.789383,-0.27823523,-0.28903496,-0.22592944,0.13346723,0.53046596,0.05798586,-0.34132072,0.1947575,-0.44921455,0.2238462,0.35175133,0.032331817,0.31138653,-0.048484392,-0.21327224,0.5286355,0.37825567,-0.063930094,-0.1824349,-0.2264694,0.4229159,0.49633622,-0.14615159,-0.19142409,0.074636996,-0.4631717,1,2,0,Peripheral,0.025424480083642155
319,7,0.017543859649122806,0.02756940842800145,0.24330489144208833,0.010005432779501172,0.0,3,0.01932812328246504,2189.0385985917433,0.25,8,0.0,0,0.26640545603961013,12,9,2.3333333333333335,2,2,4,4,-0.036692813,0.18879859,0.37931272,0.061793562,0.1420067,0.10638285,-0.033523306,-0.6442632,-0.3276135,0.054600447,-0.03893592,-0.1318432,-0.35565123,0.2225138,0.2945683,0.110981256,-0.12652814,0.13139613,0.2797115,0.36457542,-0.12477127,0.14471655,-0.33132076,0.015923962,-0.016741725,-0.06564339,0.10649185,0.09833127,-0.12601833,0.20046142,0.41896904,0.28455874,0.16124752,-0.03161375,-0.09876874,-0.2748517,-0.23409107,0.32514828,-0.013149293,0.072374254,-0.11219272,-0.1185457,-0.524385,-0.17781825,-0.048720088,-0.14081255,-0.091955006,0.01652453,0.079294555,-0.3952524,0.20102026,0.26380983,-0.30192977,0.149938,0.14588983,0.11629822,0.12353159,-0.13789715,-0.049178243,0.3679087,-0.083270915,-0.47400525,0.101424836,-0.22904229,0.064932376,0.34723887,-0.5991955,0.028772987,-0.46131104,-0.43614578,-0.15568115,-0.66461504,0.14472036,-0.15428743,-0.116767064,0.32947668,-0.32230267,-0.2202417,-0.25994354,-0.17549025,-0.0033278037,0.21506056,-0.05384036,0.23350172,-0.10074522,0.3037541,-0.08496439,-0.079932034,-0.15442221,0.24146913,-0.03216031,-0.035344113,-0.0039535607,-0.11697514,0.16900489,0.21291263,-0.03211396,0.23027848,0.10674822,-0.04992142,-0.41279808,0.748424,-0.11590546,-0.044860423,-0.19449931,0.24167076,0.4027071,-0.019563107,-0.07736365,0.103715524,-0.27374986,0.12406794,0.2924841,-0.06737189,0.030841341,-0.02571532,-0.114596635,0.23447476,0.29556894,-0.2400287,-0.1080223,-0.20478271,0.120728284,0.23972172,-0.104037754,-0.22330418,-0.0051571676,-0.45317224,1,2,0,Peripheral,0.043456190609293295
320,0,0.0,0.0,0.0,7.590317288714358e-60,0.0,0,0.0,0.0,0.0,1,0.0,0,0.0,12,9,1.5833333333333333,0,3,3,6,0.0050373934,-0.0022263778,-0.0034919325,0.0030751266,-0.0052614883,0.0031294534,0.0076467134,0.0063140867,-0.004196982,0.0060816985,-0.006747799,-0.006337058,0.0026678555,-0.001029118,-0.002142706,0.0003560912,-0.0070483712,-0.0007007355,0.004423583,-0.00040397327,-0.004478762,0.00727123,0.007242849,-0.004265683,0.0042360155,0.0051038805,-0.0028298125,-0.0058116484,-0.005304316,-0.0050761392,0.0017175572,-0.004312341,-0.005254552,-0.0043902136,0.0055210683,-0.0048365872,0.0028078016,-0.0068057263,0.0019299025,0.0062636454,0.0042550666,0.0030628834,-0.0014741868,-0.0014484851,-0.0061164405,-0.0035705846,-0.0023970408,-0.0011079926,0.0026663514,0.0029307622,-0.0028059036,0.005678786,-0.007786216,0.0006993776,-0.00058054924,0.0013150424,-0.0056766765,0.0013029454,-0.002700423,0.0015823767,-0.0058978954,-0.0020168629,-0.0039835945,0.0009077573,-0.0049193706,-0.0011187708,0.0009361254,-0.0045168977,-0.0016527744,-0.00223302,0.00037933793,-0.0010023629,0.004341107,-0.0047893478,0.00023469981,0.0036831442,-0.0066223517,-0.0017392617,0.0033455472,0.0038088067,-0.004671744,-0.0064450316,0.0034995368,0.0026692394,0.0055580307,0.0036175996,-0.0048375027,-0.004254734,0.0021731965,-0.004622097,0.001204391,0.0055848816,-0.006443776,-0.00043809507,0.006290123,0.0015436895,-0.004483793,-0.005232149,0.0048105987,-0.005613968,-0.0045424355,-0.0069819614,0.0039256327,0.0071200766,-0.005167296,0.0061737336,0.0072174175,0.001053364,-0.0033909325,-0.0038302653,-0.001819321,0.00092870276,0.0033598365,0.0035106903,-0.0030757878,-0.0018538032,0.0024024658,-0.0070052,-0.0044179875,-0.0077533647,0.0059515936,0.0020912094,0.0066289073,0.0018322831,-0.006156329,-0.0037025604,-0.0033642557,-0.0003747791,0,0,0,Peripheral,0.0
321,1,0.002506265664160401,0.0,0.1628130476567358,9.785630717050239e-05,0.0,1,0.0,0.0,1.0,2,0.0,0,-0.6984143036714102,13,7,1.8461538461538463,0,1,2,10,0.3044137,0.046896007,-0.44095603,0.044259854,0.34801257,-0.10727694,0.35741404,-0.06112646,-0.47611946,0.7839521,0.09607306,0.43727612,-0.64966995,0.09937944,0.16804987,-0.30265492,0.24152978,-0.15682311,0.07980503,0.04243647,0.08248365,-0.019970477,0.15296242,-0.26423654,-0.009670925,-0.5236539,-0.17893766,0.06817507,0.1030809,0.24660285,0.31265822,0.2516713,-0.04433574,0.38511816,0.02205111,0.079201736,-0.033608336,-0.39035326,-0.2800038,0.224379,0.07596186,-0.22106564,-0.4393605,-0.05291689,0.35281226,-0.28890502,-0.048429865,0.47961488,-0.13382465,0.08905773,0.51726097,0.41533273,-0.87783915,0.3055298,0.07912665,0.31663322,0.08668119,0.31324506,-0.19855428,0.730755,-0.13275991,0.0750727,0.8759805,-0.29142928,-0.5365171,-0.21045181,0.04025305,0.013949364,-0.6759864,-0.18980148,0.33962297,-0.43483955,-0.22285827,-0.041518796,0.2495976,0.2736456,0.29943943,-0.3706445,-0.81757545,-0.10938157,-0.22621952,-0.101296194,0.08114623,0.07869223,0.02252401,0.18609758,0.35066476,-0.29568416,0.051423553,0.035684112,-0.38310575,-0.496828,0.1035181,-0.44425088,-0.17247674,-0.033333573,0.18737292,-0.44558725,0.219773,-0.4826885,-0.27067453,0.63753283,-0.1413362,-0.037719686,0.22005212,0.018214071,-0.3968628,0.38539433,0.28077707,-0.034059387,-0.2060691,0.09885543,0.4442381,-0.09260679,-0.7236009,0.25177327,-0.30155694,0.24600676,0.4706475,-0.14911774,-0.076368645,0.43079996,0.3973693,0.1170773,0.30797118,-0.360103,-0.08221125,-0.17855509,1,1,0,Peripheral,0.017515487398859803
322,2,0.005012531328320802,6.926864900945833e-05,0.20915133939162134,0.002867578843817964,0.0,2,5.4312917973325275e-05,5.500000000000001,0.6666666666666666,3,0.0,0,-0.5376110103862402,9,4,2.4444444444444446,0,1,3,5,-0.2412226,-0.20816956,-0.06904986,-0.11154216,0.1527095,0.22487593,0.06718235,-0.36024606,0.12421308,0.31111637,-0.2728741,0.21733424,-0.20351993,0.39628333,0.0646048,0.048963014,0.14697726,-0.24969086,0.020392794,0.16605918,-0.32830355,-0.15103719,0.24914311,0.25103912,-0.26442203,-0.04512122,0.030585244,-0.159729,0.118822254,0.07784457,0.049887195,0.1840446,-0.1043217,0.06192898,-0.3649284,-0.20704071,0.02340437,-0.42016524,0.04951455,-0.06340258,-0.17867772,0.41117987,-0.38302627,0.36139926,0.2971026,0.09256297,-0.185042,0.18536912,-0.102674894,0.21081656,0.23642413,0.25253376,0.007866895,0.121226735,-0.46327224,0.6259117,-0.09213046,0.268356,0.34637216,0.49870074,-0.19812138,0.01184762,0.17387982,-0.20567493,0.12601624,-0.14052089,-0.059996396,0.013793259,-0.2883468,0.14556712,0.18603958,-0.7108166,-0.15220082,-0.030074155,0.04993999,0.075381346,-0.09084172,-0.5452943,-0.15836136,-0.08914682,-0.24539196,0.14930537,-0.35711682,0.33729547,-0.27742952,0.115801305,0.31308386,-0.059061725,-0.42020965,0.6306188,0.30636942,-0.3424755,0.07243736,-0.4340267,-0.08837341,0.052900866,0.21751976,0.19340034,-0.4626414,-0.16281573,0.024853159,0.2659638,-0.01701447,-0.1998219,-0.2064101,-0.19424698,0.4455726,-0.13251415,0.13340437,-0.014642723,0.3103697,0.008889101,-0.54111266,0.15806662,-0.090568595,-0.24092768,0.2387669,-0.4694996,0.15701498,-0.16955419,-0.24107346,-0.07764484,0.5417307,0.52330965,0.16401379,-0.119531095,-0.23885787,-0.21241897,0,0,0,Peripheral,0.010465494273633963
323,0,0.0,0.0,0.0,7.590317288714358e-60,0.0,0,0.0,0.0,0.0,1,0.0,0,0.0,14,8,1.8571428571428572,0,3,2,9,-0.005109952,-0.006918597,-0.000673553,0.007739448,0.0034156293,-0.0045242244,0.0029924214,-0.005507268,-0.005503677,0.00088498276,-0.0022315877,0.0010015117,0.0060772076,0.000892099,0.004326189,0.0027377596,-0.006430804,-0.0027844477,0.0056206966,-0.00077091344,-0.005523755,0.001790449,-0.0012294175,-0.0062741116,-0.0048366617,0.005107226,0.0031907372,0.0023813061,0.0065913247,-0.00030018017,0.0026885988,-0.0027551157,0.0060475403,-0.004937522,0.0017474638,0.0010212343,-0.007229115,-0.0022561327,-0.00032921042,-0.006644588,-0.00065447297,-0.0020472147,0.0005611535,0.0031791665,0.0031612106,-0.0047835074,-0.00026451237,0.0034454176,0.0060261786,-0.0030278824,0.0045605646,0.0051947227,-0.0007836241,0.007510503,0.0051500015,-0.0064133024,0.0067219445,-0.006155667,0.0051138373,0.0062841047,-0.004295703,0.0021368936,-0.00080820266,0.0027745636,-0.0067361956,0.0038343547,-0.0015066182,-0.0034887455,0.006194817,0.0010411227,-0.0037463568,0.0045090346,-0.006118376,0.0035602506,0.00095000956,0.0048080226,-0.0052141156,-0.0043394268,0.0025409004,-0.006682502,-0.0021398338,0.0055548297,-0.0004833592,-0.0061526652,0.0077750534,0.0012133187,0.0055428045,-0.0013209097,0.003857812,-0.0060617905,0.0013618981,-0.0059741847,0.00093847513,-0.0011502635,-0.002026219,0.0025519738,-0.0037314687,-0.0031358516,0.007642624,-0.006546133,-0.003254244,-0.005671392,0.0029774606,0.0028078705,-0.0039224736,0.0063938936,-0.001837627,-0.004914103,0.0060536508,-0.00040388945,0.002990611,-0.00027253944,-0.0032083923,-0.0024963394,-0.0062357374,0.0066575455,-0.0008086674,0.00491413,0.0027982993,0.0025736708,-0.0011737328,0.0058495114,0.0015830351,0.0030752094,-0.0060619367,-0.003300013,-0.0038695354,0.0010200897,0,0,0,Peripheral,0.0
324,12,0.03007518796992481,0.001155968231771854,0.2764357702767557,0.051647885174978175,0.07575757575757576,10,0.0017209010571713212,91.78503357091698,0.21794871794871795,13,0.0,0,1.0704219224654603,13,7,2.923076923076923,2,7,4,0,-0.096184775,-0.08926281,0.25594616,0.0043469886,0.1609248,0.3691187,-0.1255416,-0.20969327,0.024451377,0.16737324,-0.31567636,0.07262144,-0.24645607,-0.06641845,0.37284845,0.26584253,-0.066414356,-0.054149672,0.011450029,0.1721901,0.10802208,-0.0282379,-0.04075903,-0.02568377,-0.22268109,0.029800871,-0.1866014,0.063562535,0.09936526,0.1655513,0.10737185,0.0574462,-0.04611612,0.04032106,0.19657639,-0.080352955,0.011734177,-0.08677795,-0.16085786,-0.011284587,-0.034452368,0.15699314,-0.2995058,-0.062109046,0.1125308,-0.26386613,-0.04311959,0.22539216,0.11029502,-0.037763055,0.17958741,0.073346056,-0.24664076,0.16585836,-0.17184561,-0.06439937,-0.0692293,0.054789785,-0.04287787,0.022667496,-0.03955138,-0.20325588,0.12731272,-0.15894221,0.06078044,-0.061318874,-0.0540679,0.28691855,-0.20070547,-0.083737746,0.10938908,-0.3702971,0.04110232,0.029262604,0.2139112,0.11810402,-0.071993984,-0.2539334,-0.29855686,-0.060890254,0.114524774,0.16966647,0.040980615,-0.0061934264,-0.20781127,0.15671153,0.08792084,-0.117422424,-0.134482,0.27772883,-0.04910058,-0.2473387,0.046552192,-0.13809742,0.015245336,-0.02285673,0.21064831,-0.009089672,0.1423666,-0.26007974,-0.29420584,0.3062052,0.16988474,-0.021369547,0.11291289,0.17630608,-0.038053136,-0.113658436,0.12191323,-0.0730858,-0.052293405,-0.0431192,0.23582104,0.061850358,-0.16612943,-0.15231124,0.19075385,-0.15104869,0.109982826,-0.12320585,-0.16423222,-0.23505172,0.20038067,0.11438323,0.023836259,-0.18201707,-0.007987678,0.017657978,0,0,0,Peripheral,0.062109673919944826
325,1,0.002506265664160401,0.0,0.20389957945711737,0.00148384613738803,0.0,1,0.0,0.0,1.0,2,0.0,0,-0.6984143036714102,8,6,2.75,0,0,4,4,-0.06344401,0.039770447,0.64261717,-0.2747222,0.11728986,0.50850886,-0.19696502,-0.20916696,-0.011075033,0.23139995,0.075837865,0.16964318,-0.15966097,0.22162907,0.36678413,0.059247073,0.10773987,-0.15320402,-0.20432988,-0.15971762,-0.50958407,0.071263954,0.19108818,0.004657776,0.080533095,-0.26392165,-0.32187214,0.042625,0.09589861,-0.15928349,0.1618939,-0.002977344,-0.10853193,-0.44983485,0.18688372,-0.18629819,-0.05856529,-0.1610161,-0.26823717,0.02310561,0.122058004,0.09277807,-0.3537835,-0.14590743,0.120852955,-0.35293528,0.23826103,0.43913096,-0.25590602,-0.20727,0.4297234,0.4260537,-0.28074503,0.001923689,-0.4108129,0.14567152,-0.29057652,0.1942338,-0.29798752,-0.1752386,-0.0833752,-0.23287036,0.27465498,-0.050443687,-0.13541174,-0.3198799,-0.012251391,0.29006058,0.22940342,-0.3706824,0.14025255,-0.38917634,-0.1007337,0.30671835,-0.013527908,0.002674677,-0.20755792,-0.1265041,-0.021018695,-0.44369933,0.1305653,-0.09167992,-0.07415968,0.049427826,-0.27294832,0.40507093,0.5063569,-0.011605075,0.33099306,0.4111389,-0.0760153,0.33346027,0.036171496,-0.30075777,0.17716356,-0.2726316,0.624567,-0.4564844,-0.06277548,-0.022935772,-0.48883834,0.081082046,-0.17038828,-0.36680055,-0.4251787,-0.035831355,0.37108108,0.021239115,0.5677523,-0.17018579,-0.16204135,-0.014301295,0.21033917,0.012803652,-0.24309146,-0.44662493,-0.08323713,0.4409573,0.07779055,-0.08653126,-0.0015172678,-0.177434,-0.1759374,-0.0209129,-0.29706046,-0.1922805,0.029883076,-0.23806578,1,1,0,Peripheral,0.01773205074989839
326,2,0.005012531328320802,5.877339915954039e-05,0.205317338859158,0.0025238823857609083,0.0,2,0.00010064944606071292,4.666666666666666,0.6666666666666666,3,0.0,0,-0.5376110103862402,12,9,2.0833333333333335,0,4,2,6,0.028310848,-0.045116197,-0.09625648,0.16154392,0.34381908,-0.08815279,0.027708374,-0.5005588,0.020176735,0.19666977,-0.07729049,0.04490399,-0.23546444,0.3418461,0.24173822,0.17978539,-0.18821155,-0.5035455,0.056576177,0.30174008,-0.4452428,-0.13938354,-0.2766175,0.15467481,-0.03763727,-0.6102906,0.041190945,0.027296366,0.16528137,0.07969259,0.04625389,0.024772564,0.159032,0.18633102,-0.23326647,-0.4800647,-0.063836575,-0.2742127,-0.102973126,0.29049143,0.12256771,0.21694082,-0.33067423,-0.20384876,0.09062082,-0.750083,-0.009686776,0.70942324,-0.10686998,0.23471339,0.33537516,0.5108721,-0.44047898,-0.16558056,0.13394155,0.28655183,-0.17704329,0.65482795,-0.2697934,0.25824368,-0.09716041,0.057790644,0.58902174,-0.16974327,-0.04370743,-0.3369895,0.32124594,0.29287925,-0.35235196,-0.01735622,0.45054424,-0.16211686,0.056384277,-0.07534494,-0.19184133,0.10910044,0.24098572,-0.14472455,-0.46008244,-0.16735163,0.19535549,-0.095755965,-0.12687972,-0.068271175,-0.235611,0.096196085,0.54816854,0.048627798,-0.095602944,0.023905246,-0.10742351,-0.18877499,-0.2918105,-0.11003438,0.10991301,0.10976053,0.43611348,-0.2640262,0.42346478,-0.4288971,-0.11001189,0.02266475,-0.011997934,0.08649259,0.24274446,0.13811387,0.16259442,0.14374615,0.17575324,-0.17593515,-0.0026899022,0.16669294,-0.09865417,-0.11736968,-0.6669166,0.031151673,-0.17764628,0.45927075,0.028539421,0.10409059,0.0971343,-0.107937224,0.19171691,0.016696526,0.0004318808,-0.13872182,-0.07806826,0.018065091,0,0,0,Peripheral,0.010409167254951113
327,11,0.02756892230576441,0.0029631980223459547,0.27387186346980436,0.04289732138640402,0.09090909090909091,8,0.002625104613263342,235.28088617229116,0.24242424242424243,12,0.0,0,0.9096186291802904,9,5,2.3333333333333335,0,5,4,0,-0.050821517,-0.20515022,0.1405944,0.015861753,0.023079721,0.094467305,0.00031419453,-0.16259325,0.006930361,0.08170028,-0.28756687,0.11704768,-0.12879804,0.16796269,0.22673541,0.06317643,-0.055651154,-0.18679947,-0.03967646,0.42674786,-0.24062456,-0.043256275,-0.07684811,-0.0013558781,-0.13064823,-0.06988614,-0.053305246,0.02148744,-0.045809574,0.1194981,0.23752575,0.022531824,-0.009563742,0.036382582,-0.005644146,-0.16880575,0.029793024,-0.23018335,-0.016929828,0.12207471,-0.028035548,0.1670471,-0.33579478,-0.090858795,0.03461403,-0.20811549,-0.086311616,0.18203925,0.093698196,0.089190796,0.23017961,0.19825141,-0.20980233,-0.02348117,-0.23097755,0.111878686,-0.16726498,0.32805502,-0.18482712,0.060395688,-0.2711189,-0.08147148,0.13716583,-0.40955016,0.026597604,-0.15729704,-0.064773075,-0.0030564396,-0.15455987,-0.09315951,0.05976429,-0.2824524,0.1130013,-0.14649054,0.010789899,0.091740824,-0.025695236,-0.29009643,-0.24467173,-0.09330435,0.071614295,0.14023443,-0.059188288,-0.09891584,-0.10657627,0.40674552,0.33135745,0.068410374,-0.05709358,0.31791142,-0.17796043,-0.032826904,-0.049144074,-0.17976996,-0.06966729,-0.018368568,0.43188307,0.10936861,0.054080714,-0.12753673,-0.11788255,0.24049158,0.08375017,-0.05543383,-0.031577148,0.06362588,0.058435634,0.028896162,0.25787708,-0.09574667,0.1477671,-0.081582695,0.023218159,0.14713335,-0.14638731,-0.30656758,0.20822224,-0.054081928,0.103568584,-0.15318154,-0.09584646,-0.10169886,0.05575398,0.2592704,-0.07312072,0.00085885124,-0.042255133,-0.26852077,0,0,0,Peripheral,0.053069103913524984
328,12,0.03007518796992481,0.0037560548719700517,0.2754979050680135,0.04737906533762164,0.06060606060606061,9,0.003336626069181946,298.2345128892941,0.20512820512820512,13,0.0,0,1.0704219224654603,8,5,3.375,1,6,1,0,0.04408009,-0.045473598,0.11753284,0.036183152,0.19927442,0.15516967,0.042476095,-0.14759122,0.107023224,0.11221145,-0.17574972,0.15084095,-0.19726847,0.07429385,0.25339302,0.027984083,0.00644009,-0.24522984,0.1485799,0.30528507,-0.12592973,0.031747326,-0.11880586,0.11975165,-0.09197295,-0.013230876,-0.24599928,-0.022219418,0.03933244,0.123933285,0.19768211,0.092194624,-0.05244103,0.13313247,0.094361074,-0.08213296,0.013604068,-0.25602922,-0.14272538,-0.096377864,-0.029076343,0.15061164,-0.26342833,-0.0061904523,0.42276624,0.01649593,-0.01753466,0.26239243,0.053852737,0.0035325647,0.30562332,0.18643366,-0.19999066,0.031186841,-0.21307111,0.036638618,0.025377624,0.16587763,-0.011149755,0.055102672,-0.07468596,-0.16963464,0.37921324,-0.27426732,-0.11573276,-0.030950602,-0.26026496,0.093927495,-0.23690994,-0.1304518,0.047180656,-0.23758769,-0.14999212,0.00018415895,0.08283891,0.16209616,-0.13908455,-0.28476638,-0.29188374,-0.1040057,-0.016785638,-0.01226507,0.14402728,0.007897758,-0.18465593,0.20761985,0.14269462,0.12633865,0.07855712,0.25172052,-0.10097776,-0.34932354,-0.055857338,-0.21133801,0.022076903,0.0061650597,0.28188446,0.037220992,0.29389352,-0.15070625,-0.08166563,0.334526,0.035016302,-0.0024739793,0.15000434,-0.043859255,0.14424644,0.043742895,0.22473536,-0.04222612,-0.12271576,0.08242877,0.13897713,0.060360298,-0.2062846,-0.18783623,0.001972857,0.24179627,0.1051802,0.031301223,-0.14701335,-0.00882476,0.1100727,0.031603195,0.0039101783,0.03865341,0.06321537,-0.020245353,0,0,0,Broker,0.695373314606248
329,5,0.012531328320802004,0.0019767134319180445,0.1987833721390379,0.0017897067675207963,0.0,3,0.001750692500210768,156.95302320772464,0.3333333333333333,6,0.0,0,-0.05520113053073,11,7,3.090909090909091,0,3,4,4,-0.362297,-0.020907221,0.16607954,0.1907266,0.3893277,0.38683158,0.016947867,-0.6032496,0.39994627,0.1592965,-0.22337946,-0.18193847,-0.20973395,0.08556764,0.43559614,-0.18554871,0.31625506,-0.34541622,-0.030845167,0.22891521,-0.3225197,0.25928634,0.3640953,-0.49139473,-0.012285408,-0.026999565,-0.015705112,-0.3402813,-0.028855145,0.19607325,0.5435593,0.6386257,-0.13731077,0.49881992,-0.07900751,0.05891372,-0.15996683,-0.12731794,-0.5972335,-0.4788194,-0.042545907,0.27070197,-0.3937862,-0.21105467,0.25909838,-0.114227995,0.2403043,0.3630985,0.4744862,-0.32780856,0.38337743,0.026089145,0.014928728,0.056954302,-0.3440354,0.20543398,-0.51597553,0.33103147,-0.09653387,-0.079708315,0.37907523,-0.10030558,-0.12334166,-0.31807923,-0.11002594,0.15769568,-0.28623995,0.41713125,0.0406868,0.12870967,0.3680681,-0.4915183,-0.09039072,0.24045952,0.2733314,0.5016993,-0.1334334,-0.056404702,-0.38992116,-0.29802117,0.08686563,0.3318577,-0.44520405,-0.23456103,-0.30126512,0.45636293,0.1167125,0.15042026,0.43003258,-0.20552208,-0.21773556,-0.2938065,-0.025650598,0.040736787,-0.22713612,0.17215218,0.019583723,0.32465917,0.36503813,-0.04660357,0.1484829,0.4390058,0.022243384,0.08336082,0.20473538,-0.08400275,0.46147218,-0.023566442,0.14461054,-0.1491804,-0.010629461,-0.050122596,-0.17084427,0.16860543,-0.059330333,0.06387511,0.12059776,-0.019394739,0.10585388,0.14591138,-0.1771011,-0.024337202,0.13473822,-0.24187246,-0.5260403,-0.13125095,-0.09994172,-0.15063447,0,0,0,Peripheral,0.01952404002207499
330,2,0.005012531328320802,7.976389885937626e-05,0.2083463951733085,0.0031788477842338214,0.0,2,7.766484888939265e-05,6.333333333333334,0.6666666666666666,3,0.0,0,-0.5376110103862402,13,8,1.6153846153846154,0,5,2,6,-0.084789276,-0.033993132,-0.32713217,0.043662976,0.06180615,-0.09372394,-0.10351536,-0.2911906,0.013282834,0.34853882,-0.16498826,0.054757584,-0.2511774,-0.10288005,0.36234498,0.14850852,-0.0036794108,-0.32988214,0.38871476,0.40720105,-0.18095541,0.1646893,0.14665492,-0.21895881,-0.233804,-0.5300461,-0.042400766,-0.1565436,-0.092303745,0.09997635,-0.016202813,0.32201108,0.034285195,0.331721,0.24736331,-0.28454924,-0.028796967,-0.3974405,-0.05927435,0.08536992,-0.04711924,-0.1693081,-0.53790617,0.20086941,0.5553382,0.103029,-0.036681984,0.38249603,-0.002857998,0.15933672,0.36718556,0.5339838,-0.4156934,0.052449673,0.09610351,0.12299732,-0.013917977,0.39159837,-0.23036857,0.30412838,-0.1350946,0.09154458,0.61829436,-0.2352682,-0.4329078,-0.1685494,-0.46675366,0.030963583,-0.13939697,-0.20471548,0.10028603,-0.16100977,-0.30105814,-0.2936261,0.15399791,0.31297204,-0.05909819,-0.025682608,-0.3915002,-0.15207362,0.056048278,0.12807272,0.30173916,-0.3061928,-0.21557243,0.22682033,0.16987157,0.04539718,0.061628334,0.20845166,-0.60425735,-0.23348062,-0.078115135,-0.31967267,-0.40466985,0.09097493,0.35874572,-0.002383589,0.28837267,-0.14158268,-0.028323073,0.24986094,0.101421624,0.17696491,0.20854294,-0.018407265,0.06361677,0.57400054,0.30693403,-0.108590856,-0.02234827,-0.22867095,-0.10240858,-0.3460231,-0.56053895,0.1436618,0.08586598,0.35220468,0.15812284,0.010727416,-0.24407864,0.025474656,0.026371019,-0.035529554,0.16210279,-0.11355028,-0.22520559,-0.024661059,0,0,0,Peripheral,0.010516754435595984
331,4,0.010025062656641603,0.00042617080302868074,0.2135516305556791,0.0030227842832134533,0.0,3,0.000791805430013271,33.83838793128028,0.4,5,0.0,0,-0.21600442381590007,9,6,2.3333333333333335,0,2,2,5,-0.23026514,-0.36243486,0.6188046,-0.21731627,0.3761795,0.3390381,0.067021504,-0.29327932,-0.33618715,0.1351204,-0.5199281,0.110636726,0.009196029,-0.20387179,0.040232982,-0.09668224,0.06312671,-0.4777677,0.4571431,0.24880831,0.15443024,-0.12702821,0.28161687,-0.02512736,-0.64279693,-0.46401766,-0.050665878,0.2386859,-0.00029834846,0.15869547,0.42763606,0.3373241,-0.08397066,0.11269458,0.2787794,-0.04453588,0.3205098,-0.29648867,-0.20126586,-0.0077830395,-0.115507476,0.6372659,-0.17595828,-0.23153488,0.16259332,0.18999222,-0.1051237,0.2194749,0.16394526,-0.0014501103,-0.025020698,0.3856723,-0.4169343,0.66491395,-0.2645378,-0.15613563,-0.045817107,0.25331083,-0.09285752,0.31251308,-0.24722728,-0.16277997,0.22267991,0.013553431,0.031153724,-0.5554243,0.19827431,0.19258392,-0.12987423,0.006632054,0.043518092,-0.40179074,0.03398292,0.024456827,0.06455216,0.35482588,-0.16574489,0.052646477,-0.028039308,-0.009261213,-0.02714329,0.39251733,-0.11447765,-0.104570664,-0.11379077,-0.056523334,-0.06596901,0.30012888,-0.46577358,0.10985054,0.15112415,-0.21325873,0.15161626,0.08234271,-0.0739143,-0.12772247,0.48051077,0.108308464,0.23371316,-0.47574005,-0.07705458,0.26658103,-0.2530541,0.11054959,0.26372463,0.2248108,0.3970199,-0.044289574,0.099081054,0.030921895,-0.22128117,-0.124006756,0.10310935,0.01585677,0.1479701,-0.49488482,0.04129141,-0.44699764,0.37724543,-0.16311325,-0.0028480988,0.02076766,0.0714571,0.42738968,-0.38386732,0.14119643,-0.565936,-0.2551781,0,0,0,Peripheral,0.017454049403638223
332,2,0.005012531328320802,2.169018302316372e-05,0.2102343236732608,0.00275035459382634,0.0,2,0.00011807156081157668,1.7222222222222225,0.6666666666666666,3,0.0,0,-0.5376110103862402,10,8,2.0,0,3,2,5,-0.058571793,-0.14226893,-0.013849532,-0.047403492,0.19366185,0.5783008,0.10756995,-0.53769577,-0.0068668793,0.2307643,-0.2273562,-0.00034704394,-0.12464724,-0.21322119,0.6324429,0.31813294,-0.3051492,-0.33356062,0.012173364,-0.1123083,0.18160537,-0.17108302,-0.14433768,0.19501567,-0.038112864,0.056928713,-0.11301842,-0.3771196,0.0002538577,0.12291877,0.30756342,-0.09574097,0.08932005,0.62030494,0.16789988,-0.24603279,-0.4402696,0.17879997,-0.040494278,0.15437478,-0.0667743,-0.11171864,-0.13067636,-0.102343865,0.2331076,-0.32461864,-0.277032,0.12483176,0.3012923,0.3025025,0.68070686,0.11707449,-0.25620863,0.41788253,-0.0077458136,-0.09609365,0.0671382,-0.28782836,0.014971425,-0.3998535,0.2147668,-0.6089349,0.2625911,-0.092827246,-0.05339979,0.024290789,-0.18578811,0.13810928,-0.0052653053,-0.21917354,0.39678222,-0.04768535,-0.17199342,0.2980234,0.34949124,0.21792324,-0.19690135,-0.3574268,0.052295778,-0.010468728,-0.110654585,0.07889577,-0.09227768,0.054360416,-0.3143478,0.32510313,-0.05443574,0.07107466,0.01654027,0.35074884,0.26235235,-0.3311665,-0.2530614,-0.29292357,-0.19404417,-0.31013665,0.12340736,0.004819062,-0.31802472,-0.021494074,-0.07588456,0.57432324,0.3191845,0.49445793,-0.13016403,0.6024119,0.22791077,-0.46173406,0.38151854,-0.011097875,0.011485214,-0.06479843,-0.12840796,-0.0051089944,-0.20522743,0.014639473,0.12224022,-0.0036126762,0.15772836,-0.23285012,-0.12932704,0.124673046,0.25092208,0.33659554,-0.22092655,0.043079767,0.14741866,-0.5663818,0,0,0,Peripheral,0.010435283027679418
333,9,0.022556390977443608,0.005168028676494081,0.2527720078406132,0.015292918128211512,0.08333333333333333,4,0.011260914544922191,410.34664494230657,0.26666666666666666,10,0.0,0,0.5880120426099502,16,8,2.375,3,2,4,7,-0.062827826,-0.25853473,0.08023649,0.11937342,0.23319735,-0.023163496,0.028063308,-0.3468241,-0.04800908,-0.057309896,-0.25622138,0.14630379,-0.24660698,0.11193449,0.4545179,0.08058579,-0.28627893,-0.059269693,-0.11731099,0.2023566,-0.50543326,-0.35086498,0.10404528,0.094317645,-0.026835041,-0.16383463,-0.22162277,0.14322019,0.040099565,-0.06134275,0.24603207,0.041928597,0.19191356,-0.125393,-0.051683888,-0.43219578,-0.019547788,-0.12347282,-0.1918526,-0.050518524,-0.09118271,0.36627996,-0.34708232,-0.18575814,0.13607061,-0.4238922,0.07875732,0.3694803,0.14764622,0.31785303,0.33676198,0.39423528,-0.21006076,-0.2051089,0.10308629,0.19475754,-0.20553944,0.40804407,-0.022304092,0.18306679,-0.3339466,-0.15895347,0.22413798,-0.0816061,-0.012400398,-0.23413908,0.03879841,0.30992314,-0.18135925,-0.20630771,0.5465255,-0.23852462,0.061138965,0.09005584,-0.19311836,0.09586269,0.21486035,-0.30756876,-0.3897793,-0.3298521,0.21350394,-0.018304238,-0.10134777,0.007275473,-0.36257446,0.17363939,0.46370298,-0.19859736,-0.19958939,-0.01103689,0.108207166,-0.12646383,-0.37012294,-0.037907705,0.033011366,0.09459268,0.5618923,-0.18450369,0.20820071,-0.21364017,0.07034632,0.13038395,-0.031433877,-0.15326025,-0.07493586,0.017890738,0.16801514,-0.059009727,0.22411858,0.020275021,-0.052045666,0.062102463,0.047545515,-0.23379658,-0.12804103,-0.3732252,-0.068777144,0.15493529,0.084396936,0.06871022,0.12242444,-0.2619218,0.16853663,-0.005269101,0.14562987,-0.1601032,0.008648603,-0.18043475,1,1,0,Enabler,0.2793592009728146
334,6,0.015037593984962405,0.014412561122891708,0.24832724011864524,0.012466742432559703,0.13333333333333333,3,0.015993617976668786,1144.3717657187244,0.38095238095238093,7,0.0,0,0.10560216275444005,19,10,2.0526315789473686,3,1,9,6,-0.28510013,-0.23263954,0.2180407,-0.04949572,0.5845832,0.2853763,0.33719265,-0.2775492,0.026756875,0.40994942,-0.4865309,-0.04939348,-0.047110386,0.008629381,0.31466994,-0.00036689802,-0.27607003,-0.16064125,-0.4784662,0.17510605,-0.031653073,-0.024188183,-0.10584064,-0.03058457,-0.025222506,-0.02891927,-0.12565278,0.024166781,-0.056122508,-0.17917651,-0.062088758,0.03440304,-0.31195313,-0.0074699707,0.16636318,-0.13268992,-0.3911001,-0.18068326,-0.27872264,-0.15227666,-0.020014934,0.3393773,-0.29191852,0.026677297,-0.10590785,-0.020021347,0.041141126,0.55658686,0.2439511,0.09303661,0.35662284,0.15701377,-0.17930233,-0.040008962,-0.21812744,-0.2474455,-0.2948818,0.1474723,-0.34358662,-0.066572025,-0.120417416,-0.34121346,-0.21293746,-0.008172427,-0.24337636,-0.10786584,-0.5019637,-0.031195508,-0.48420843,-0.17421953,-0.025881378,-0.5227571,0.012642257,0.30523488,-0.118165985,-0.009954531,-0.00030453672,-0.07541745,-0.39613655,-0.4345764,-0.0027625249,0.14810602,0.01728673,-0.16491446,0.014531936,0.023233434,0.67839485,-0.04123629,-0.04390362,0.05716098,-0.39584994,-0.39388734,0.035766643,0.09651673,0.083834045,0.22909819,0.14069834,-0.055049773,0.04443322,-0.1066515,0.035474494,0.004157361,0.072865255,-0.021458382,-0.08595965,-0.09302687,0.03492164,-0.0039300937,0.30218992,0.045994475,-0.0043307464,0.060721654,0.13494627,0.06293588,-0.26174226,0.22769749,-0.2962348,-0.23881744,-0.0011358486,-0.036184687,-0.13001145,-0.052470464,0.25537273,0.276154,-0.1355768,-0.17305751,0.057489146,-0.15124612,1,2,0,Peripheral,0.03867650456252809
335,0,0.0,0.0,0.0,7.590317288714358e-60,0.0,0,0.0,0.0,0.0,1,0.0,0,0.0,13,8,2.076923076923077,0,5,1,7,0.0028058225,-0.0023710001,0.0006879205,0.0034266952,-0.0029336764,0.0007671444,0.0066357134,-0.006566046,0.0031387992,0.0074433936,-0.001049485,0.0025885925,-0.0005778149,-0.00017665327,-0.0015281895,-0.0025263764,0.0015312247,0.0047275377,0.00474999,-0.004207072,-0.0013269968,-0.0041439943,0.004007973,-0.0044324286,-0.0026428122,0.004028555,0.00232731,0.0013393406,0.0005453648,-0.0067002354,0.00018755253,-0.0074148495,0.0062550623,-0.00072708447,-0.0034464085,0.0027651284,-0.005068696,0.004760257,-0.003103856,0.007748574,0.0016815402,-0.0045929877,-0.0042578094,-0.004736323,0.004676054,0.0012297295,-0.0067419726,0.00074853655,0.0034387447,-0.0078072725,-0.0072560897,-0.0035359282,0.0025133323,0.0028506499,0.0035393331,-0.0059032766,0.0015996126,0.0039992016,0.0052516097,0.0014045788,0.0015197601,-0.005614876,-0.0057146354,0.0027649747,-0.0045024324,0.0006711073,-0.0037695253,0.003303063,-0.0065520676,0.007649555,0.0048528602,-0.00270072,-0.0074235545,0.0026082098,0.0012401305,0.0008921204,-0.003660229,-0.0012487574,-0.0046049273,0.0025795456,-0.0013169777,0.0021899836,0.003239951,-0.0028631752,-0.002754544,0.0014362261,-0.004406429,0.00032055285,-0.0047132457,-0.0019346792,-0.0019187089,0.0029325709,-0.0054875044,-0.006937187,-0.0056506833,-0.006592567,0.0067784637,0.00026885048,0.0025770376,-0.0048831757,-0.0038780551,0.0073062098,-0.007265455,-0.004784397,-0.0024592187,-0.0032593468,-0.0007881485,0.0037670238,-0.007437418,0.0042985827,-0.004084561,-0.004346527,-0.0011881571,-0.0012378888,0.0059668273,0.0069509726,0.0009885654,-0.00033032335,0.003640919,0.007010252,0.0008376278,0.004502629,-0.0005735215,0.0066548763,0.0031917496,0.0052223634,0.0032096114,0.0055510206,0,0,0,Peripheral,0.0
336,1,0.002506265664160401,0.0,0.19174263876929631,0.000616993968275204,0.0,1,0.0,0.0,1.0,2,0.0,0,-0.6984143036714102,9,5,2.4444444444444446,0,2,3,4,-0.11106562,0.2640996,0.6004127,0.010587622,0.12107836,-0.04766928,-0.18251047,-0.69916075,-0.32461593,0.21883275,-0.21263953,-0.00800184,-0.17644696,0.06206145,0.5786547,0.15580249,-0.42037714,0.2576791,0.32321948,0.4071699,-0.31267306,0.126071,-0.15856317,-0.016326081,-0.09392023,-0.11150892,-0.02677606,0.18338056,-0.1232162,0.40027148,0.48378524,0.33389166,0.14657941,0.23283927,-0.053869415,-0.1453675,-0.18439087,0.26368085,0.06440733,0.09249634,-0.2815498,-0.41290727,-0.7058943,-0.08930139,-0.23505549,-0.27099836,-0.10942038,0.014566055,0.27993184,-0.39010006,0.26929384,0.30852258,-0.3334434,0.29321647,-0.062538065,0.1630266,-0.019773588,-0.062784076,0.031621464,0.17822506,-0.10130443,-0.28901556,0.09058759,-0.2602295,0.17098916,0.20034213,-0.6205761,-0.030084033,-0.6627182,-0.3106645,-0.25935188,-0.61184776,0.22116391,-0.12476517,-0.169143,0.4202134,-0.1828498,-0.16683683,-0.06665736,0.044560313,-0.06295353,0.29490942,-0.10887702,0.2497665,-0.09602895,0.32893306,0.024928205,-0.13683097,-0.08657003,0.33089408,-0.056211103,-0.097000845,0.20814042,0.041834187,0.109461814,0.22624491,-0.1982914,0.2830496,0.09365949,-0.19393049,-0.32268015,0.8259612,-0.44445938,-0.018006738,-0.08650875,0.26113945,0.40407467,-0.023990583,-0.19425009,0.027874254,-0.35086954,0.2298459,0.37167865,-0.031372465,0.11499711,0.0016022836,-0.19272295,0.38300312,0.4379001,-0.19607455,-0.16726343,-0.2768312,0.24053456,0.25301078,0.15355949,-0.23390174,-0.17414305,-0.51285446,1,1,0,Peripheral,0.01759660357236125
337,1,0.002506265664160401,0.0,0.17425538094162443,0.00021743106474561558,0.0,1,0.0,0.0,1.0,2,0.0,0,-0.6984143036714102,7,6,1.7142857142857142,0,0,2,5,-0.007542808,0.036914587,0.0020176857,-0.2445964,0.7666866,0.09969709,0.32675344,-0.6226479,-0.07124156,0.15172477,-0.19595069,-0.5350277,-0.7171831,-0.3817335,0.3363931,-0.22013675,-0.13665752,-0.54213136,-0.2184718,0.33749515,-0.64849526,-0.06029352,0.5885727,-0.46030617,0.35012442,-0.07898446,-0.41551465,-0.5269281,-0.12557788,-0.06662229,0.5300238,0.47792828,-0.040584218,0.24018367,-0.37552413,0.006509224,0.04336075,0.20761712,-0.61825556,-0.23084652,0.123983905,0.32804206,-0.5604193,0.1344434,-0.006826124,-0.2037644,0.3191904,-0.15878767,-0.08486185,0.056615517,0.56600696,0.2708205,-0.010285076,-0.006247477,0.04524415,0.5867005,-0.049403194,0.056719355,-0.6100305,-0.19316027,0.15061711,-0.39149988,0.23743623,-0.5642468,0.049185842,-0.06857259,0.31970185,0.18492319,0.109697625,0.08921298,0.048157923,-0.68253154,-0.047336247,0.037278447,0.07458383,-0.09583371,-0.23684435,-0.4290145,0.19274841,-0.37471014,-0.048267476,0.4873843,-0.12604964,-0.5834445,-0.15182382,0.21359183,-0.492784,-0.055783305,0.21069255,0.2648311,-0.48362127,0.1474394,-0.27392083,-0.10492766,0.14492264,-0.040666968,0.29824242,-0.039277453,0.021250892,-0.56157154,-0.45581362,0.51323754,-0.1435562,0.153589,-0.1739559,0.2503242,-0.4161609,-0.3078325,0.1284505,0.28014857,-0.058181792,-0.12805331,-0.33269668,0.09994584,-0.42488176,-0.32877436,0.016318073,0.00066632923,0.09753317,-0.009521391,0.124769,-0.12679924,0.58915085,0.41443327,-0.63913006,-0.25289908,-0.29272944,0.14366275,1,1,0,Peripheral,0.017534171165245034
338,10,0.02506265664160401,0.009247530590229359,0.2571750040183594,0.021702553658600944,0.13333333333333333,5,0.017734618760358686,734.2631763948013,0.2909090909090909,11,0.0,0,0.7488153358951203,22,11,2.590909090909091,6,2,10,4,0.019809498,0.068034664,0.356389,0.09869425,0.10505294,0.036097035,-0.096716926,-0.28033483,-0.18389335,-0.07657502,0.0027962022,-0.18579033,-0.21824697,0.096792355,0.30097082,0.40050712,-0.34515905,-0.028860142,0.2332385,0.19292255,0.007600442,0.26608172,0.019318087,-0.042286836,0.022530364,-0.06528418,-0.17386512,0.2827519,0.112800285,0.44716266,0.19798225,0.22590014,0.07115634,0.048976026,-0.36229092,-0.44234443,0.1428264,0.23015004,-0.043330833,-0.010138953,0.011083766,0.18385457,-0.16847639,-0.052524377,0.021154422,0.022233443,-0.019108448,-0.022606662,0.076152265,-0.10549926,0.14406385,0.50427216,-0.3172208,0.23521623,-0.28438205,0.1213613,0.16871253,-0.057168573,-0.21667358,0.14246367,0.13592793,-0.4482133,0.031806123,-0.3449937,-0.063371204,0.048305314,-0.6744549,0.013072192,-0.36227974,-0.15489496,0.047422808,-0.47267574,-0.075310744,0.04429459,-0.10970717,0.15673955,-0.21296358,-0.368082,0.105705835,-0.13460445,-0.045632895,0.096170865,-0.3515244,-0.28389478,-0.20223267,0.21050435,-0.057320945,0.008762688,-0.04146387,0.5264452,-0.17414798,-0.15380809,-0.079714514,-0.3121255,0.059816886,0.2820955,0.34772193,0.20287697,0.32047766,-0.10053304,-0.3289653,0.24342006,-0.03842967,0.015651956,-0.057980366,0.05293057,0.16317861,-0.067100465,0.37423852,-0.1315431,0.019769372,0.13655862,0.30230168,-0.21354392,-0.010023821,0.23511383,0.1413823,0.10537615,-0.01158111,-0.05020779,-0.040021572,-0.22989051,0.09951258,0.01438747,0.00042381042,-0.14843702,-0.22421302,0.011689795,1,2,0,Enabler,0.32241532448752613
339,0,0.0,0.0,0.0,7.590317288714358e-60,0.0,0,0.0,0.0,0.0,1,0.0,0,0.0,15,9,1.9333333333333333,0,2,7,6,-0.005599399,0.0032378528,-0.0006528171,-0.0023438446,0.007508332,-0.000439493,-0.005443183,-0.006450275,0.00016116258,-0.0044375313,-0.0047005564,0.0038990155,-0.0063965833,0.003228724,0.006738092,0.0032608332,-0.0007496914,-9.253714e-05,0.0012240177,0.0009193383,-0.0027982201,-0.0072257966,0.005742288,0.006918232,-0.004605826,0.0026289513,8.609146e-06,0.0022588698,0.005416842,0.0071585085,0.0052788425,0.004214259,0.0060738344,-0.0024391832,-0.0013311123,-0.0025724797,0.0036321925,0.0020364244,0.0011869408,0.00042191893,-0.0007051127,0.007722862,-0.0028265566,0.0052980976,0.0041713435,0.0033066627,0.0014493102,-0.0049420875,-0.0077691134,-0.0009951713,-0.0017234441,0.0018937932,-0.0055892766,0.005460835,-0.0069961976,-0.007765282,0.0023585977,-0.0075212615,0.0011744499,0.0041996473,-0.00059688184,0.0077452343,-0.006728486,-0.006459452,0.0030746432,0.002280471,0.0047580926,-0.0031347368,0.0028128363,0.0070158914,-0.005167681,0.0016331747,-0.001685245,-0.0012853825,-0.0063400706,0.004971925,0.0017699804,0.0014616875,0.0016790153,-0.007285988,0.006923246,0.0066371616,0.0075534945,-0.0077022733,0.0049382187,-0.002701126,-0.00230907,-0.004908628,0.0066761915,0.006716663,0.007116288,-0.005221287,-0.005747103,0.0056820754,-0.005906526,-0.0073586563,0.00624011,0.006435686,0.0061020833,-0.005081091,0.004371429,-0.0022926563,0.002475475,0.0031869775,0.005672223,-0.003640784,0.003260116,-0.0057596695,-0.0033964524,0.0028946744,0.007358147,0.002493294,0.0063785715,0.0015014298,-0.0057526417,-0.0035802396,0.0032563275,-0.0030463561,0.0040807985,-0.007736774,0.004508388,-0.0064048106,0.004800302,-0.00034272298,-0.007683032,-0.0017727436,-0.0038026646,0.003099369,0,0,0,Peripheral,0.0
340,0,0.0,0.0,0.0,7.590317288714358e-60,0.0,0,0.0,0.0,0.0,1,0.0,0,0.0,15,8,2.1333333333333333,0,3,2,10,-0.0033757212,0.0067628426,-0.006892694,0.0062197614,0.0069574798,-0.0051880144,0.006998267,-0.0076249447,-0.0072841924,-0.001519681,0.0075229164,-0.0076156156,0.000717517,-0.0059590274,0.007173109,0.0013934206,-0.0028363569,0.007092097,0.0011724867,-0.0015150532,0.0070813205,0.0051799435,0.0047575347,0.0077262204,0.00028968696,-0.0017828261,-0.007035981,-0.005818324,0.0074093556,-0.0063043805,-0.006147596,-0.006923089,0.002940787,0.004115819,0.00569437,0.0031716041,-0.002701559,-0.0012197681,0.0072387885,-0.007412484,0.004536869,0.0052449843,0.0008453289,-0.007185011,-0.00072476454,-0.004263537,0.0010807309,-0.004555147,-0.004428356,0.0027217064,0.003858691,0.004192941,0.004955953,-0.0034460379,-0.0075193113,0.0035326378,0.005825285,0.0008375617,-0.0038834568,0.0010911068,0.0043450594,0.0053243786,0.0005677249,-0.0016938597,0.005608633,-0.0069382563,-0.00059827324,-0.006602955,0.0019852333,-0.0036514457,-0.0034715934,0.0068310862,0.0024719005,-0.0068578506,0.00029701833,0.0075219832,0.0056414017,-0.0043312134,-0.0049966313,0.0008584494,-0.0061677173,0.0055543566,-0.0029324703,0.0010341536,-0.0029065078,-0.0048874,-0.00371667,-0.0023730379,0.0014792876,0.005537805,-0.0051486883,0.001984614,-0.0073368587,-0.0056554396,-0.0065441784,-0.0043039843,-0.0043695094,-0.0036547547,-0.0055249995,-0.0030438257,0.0009961892,0.005706978,-0.0025498308,0.0071790703,-0.005872109,-0.0038679792,-0.0058695767,0.00455854,-0.006024861,0.0030604405,0.004699126,2.2235326e-05,-0.004533902,0.0022482015,0.005856282,-0.003628172,-0.0028865496,-0.0005018264,-0.0065305326,0.0069719637,-0.0030409815,-0.0024284916,-0.004025882,-0.00031910185,-0.00248486,0.0023662876,0.00291083,-0.0017121285,0,0,0,Peripheral,0.0
341,3,0.007518796992481203,0.011347464137731264,0.2055772342248025,0.0022159920578999973,0.0,2,0.004566292386974747,901.0000000000001,0.5,4,0.0,0,-0.37680771710107014,6,5,2.1666666666666665,0,0,3,3,0.05707605,-0.20886765,0.10651291,0.5097577,-0.017255671,-0.046399184,0.03625793,-0.52369916,0.31922358,0.22374062,-0.32086545,0.113330506,-0.17681752,-0.1810045,0.28333935,0.28826818,0.14141765,-0.13812228,0.4819526,0.10673014,-0.10160027,0.32318285,0.14883721,-0.40485275,-0.325846,-0.1107953,-0.049356725,-0.085489966,-0.27889812,-0.15975496,0.28345826,-0.024360754,0.16047426,0.099850476,0.10995363,-0.56435645,-0.09508544,-0.12243445,-0.24480076,0.05416528,-0.31978533,0.30858934,-0.70409673,-0.10899222,0.44252595,0.15497404,0.04765265,0.17123927,0.13385066,0.2472251,0.43173167,0.3174757,-0.43747032,0.19029246,-0.59624994,0.092994444,-0.19780335,0.1622003,-0.35882145,-0.2336423,-0.40527764,-0.17935817,0.30238903,-0.17656702,-0.062005885,0.32283399,-0.21714729,-0.17991766,0.10974808,0.02974742,-0.091094986,-0.33911812,0.010266353,-0.03252362,0.20805107,0.21193177,-0.1788462,-0.12398108,-0.07463827,-0.25062153,0.1707058,0.4041467,-0.035821896,-0.18878983,-0.19182572,0.5658221,0.092270784,-0.31115526,0.40974575,-0.039487053,-0.64566237,-0.4439297,-0.3357828,-0.63437146,-0.47765797,-0.09780338,0.47879523,0.058879387,0.17024963,-0.2110106,0.21040837,0.12663634,0.053002685,0.18402615,-0.23699208,0.0053824508,0.31078437,0.3834633,0.35188577,0.17062072,0.22335808,-0.2859859,-0.09412302,-0.04853052,-0.17708416,-0.027546475,0.20705883,0.10024971,0.39338276,-0.01873378,-0.37387285,-0.124726914,0.077252895,-0.11176503,0.2265945,-0.026241675,-0.35203347,0.045614984,1,1,0,Peripheral,0.027558425300343185
342,1,0.002506265664160401,0.0,0.20389957945711737,0.00148384613738803,0.0,1,0.0,0.0,1.0,2,0.0,0,-0.6984143036714102,6,5,2.5,0,1,2,3,0.021868328,0.15392363,0.42046478,-0.29117322,0.106754616,0.5545231,-0.08683877,-0.13140412,-0.09679137,0.20006105,0.097966686,0.07741941,-0.075786434,0.12109023,0.23540932,-0.02312624,-0.10086405,-0.10698088,-0.21997409,0.07332404,-0.45092812,-0.22353655,-0.013405441,0.085822195,0.14613932,-0.30342862,-0.43450877,0.108357295,0.2953671,-0.009690171,0.11381156,0.3091953,-0.24390595,-0.37457,0.20361395,-0.10610311,-0.08555883,-0.09783213,-0.36083496,0.122427575,0.11552502,0.17280729,-0.41701669,-0.09633059,0.15864377,-0.23624974,0.14607967,0.4004685,-0.062296163,0.018527193,0.42655092,0.4298396,-0.4018003,0.10812594,-0.38740394,0.19067033,-0.4289393,0.24290235,-0.43429416,-0.15705456,-0.14410853,-0.10661638,0.37189847,-0.06492625,-0.105550155,-0.41868824,0.037424963,0.28833684,0.2397751,-0.30005017,0.011803751,-0.4293243,-0.06955528,0.36172143,0.06991884,-0.031452835,-0.23435034,0.008406994,0.018544372,-0.37032902,0.043548793,0.017154483,0.18494774,0.21018623,-0.39718595,0.32990354,0.3215997,-0.08008372,0.3199099,0.4105332,-0.061087906,0.33840612,-0.2209653,-0.2790498,0.31591296,-0.12971945,0.5790889,-0.2482043,0.1588466,-0.1755752,-0.27885795,-0.017776389,-0.10402719,-0.41499555,-0.30738628,0.24558197,0.30871943,0.10621717,0.586803,0.2014871,-0.22325012,0.037194874,0.1779779,0.055290617,-0.22052212,-0.41248894,0.0382466,0.3872679,0.06870898,-0.3336157,0.052888006,-0.016330237,-0.03541242,-0.0035888627,-0.3217011,-0.115664184,0.023411833,-0.24100484,1,1,0,Peripheral,0.01773205074989839
343,1,0.002506265664160401,0.0,0.19757422753965204,0.000943064417097245,0.0,1,0.0,0.0,1.0,2,0.0,0,-0.6984143036714102,8,5,2.0,0,3,0,5,-0.06497592,-0.13463123,0.23946518,0.2288179,0.20844343,-0.009038899,0.12943095,-0.5704098,0.0034116523,-0.24527875,-0.27293697,0.23205993,-0.11643572,0.1420367,0.497999,0.15032448,-0.24857932,-0.1461461,-0.11344574,0.14195654,-0.49292275,-0.45957848,-0.27374938,0.115861855,0.017818533,-0.031789232,-0.044759933,0.37014762,0.14788449,-0.16423716,0.2803651,-0.010883736,-0.0014442777,-0.000104577026,-0.5501103,-0.6805409,0.09555678,-0.11827465,-0.09892901,0.38121846,-0.0018805894,0.3917101,-0.4669098,-0.29830912,0.006977442,-0.70150834,0.075625405,0.18912134,-0.07440944,0.3274392,0.3137149,0.56599563,-0.2268806,-0.2637918,-0.0871304,0.0880982,-0.12034796,0.666505,-0.20642905,0.12245826,-0.469296,-0.007955978,0.34624487,-0.18948822,0.0046117026,-0.2676537,0.2733892,0.2961729,-0.05636478,-0.07400976,0.4175415,-0.13078822,0.28386348,0.057582196,-0.16713873,0.015664231,0.26364076,-0.14601175,-0.4530865,-0.25295407,0.16922346,-0.0016858237,-0.1280458,-0.016535273,-0.3435122,0.1431913,0.5595194,0.20745884,-0.07846773,-0.021962982,0.061138194,-0.22675045,-0.35409218,-0.1608388,-0.12572563,0.32588533,0.75619376,-0.15179886,0.27359614,-0.30317694,0.059822604,0.10363904,-0.04939914,0.0884964,-0.04670926,0.24516842,0.19695714,0.045100987,0.090209916,0.0702598,0.02494236,0.2789444,0.09132214,-0.18183048,-0.37822968,-0.38755557,-0.17984475,0.31295255,0.2613625,0.026756883,0.11236447,-0.1980676,0.2974973,0.014482092,0.12178003,-0.23525074,0.19662759,-0.2260011,1,1,0,Peripheral,0.01764755265404425
344,1,0.002506265664160401,0.0,0.17720241684407415,0.0006288406667709299,0.0,1,0.0,0.0,1.0,2,0.0,0,-0.6984143036714102,9,6,2.4444444444444446,0,1,3,5,0.30181503,0.07538546,0.17253041,0.0019300916,0.47935826,0.14190848,0.004236261,-0.3513085,-0.19515543,0.13703719,-0.36059698,-0.21306634,0.05289442,-0.20434855,0.30338675,0.38422325,-0.5327884,-0.5062709,0.21130674,-0.021059837,-0.38475206,0.1441849,-0.30491066,0.1416611,-0.24705024,-0.09336424,0.030912029,-0.23266156,-0.16145852,0.15298475,0.21519047,0.40196636,-0.220232,0.099346235,0.3372117,-0.37530625,-0.035983935,0.23281907,-0.03375047,0.0858981,0.4633608,0.4608191,-0.07588733,-0.12772693,0.20735803,-0.20172688,0.27386433,0.20252983,0.17825866,-0.039728995,0.31403622,0.19253609,-0.093229994,0.2809716,-0.012608785,-0.19261806,-0.0104825795,0.4339415,-0.13520457,0.08086984,-0.25547376,-0.55165327,0.10892335,-0.27658895,-0.1143486,-0.3045607,-0.37865025,-0.12397358,-0.061273567,-0.028647617,0.48853934,-0.15648963,0.18107358,-0.10519441,-0.47383347,0.11627401,0.42687103,-0.28767705,-0.32994983,-0.5170201,0.22287172,-0.07783695,0.027976986,-0.55168855,-0.14543045,0.3095171,0.073803484,-0.21710192,-0.08206169,-0.110721126,0.0414984,-0.5294043,-0.1935158,-0.36482784,-0.16029683,-0.30572733,0.31324396,-0.10281072,0.026280772,-0.19573756,-0.24335578,0.38826475,-0.5201084,0.069009244,-0.16611178,-0.04966128,0.08962375,-0.2948128,0.39191014,-0.31466454,-0.37683758,0.34012032,-0.2895231,-0.13693579,-0.100458615,-0.06678352,0.2412301,-0.29920632,0.09732643,0.016319206,-0.18120116,-0.23991378,0.3356136,0.39098608,0.3982532,-0.5134491,-0.19758686,-0.3558328,1,1,0,Peripheral,0.017598454639857593
345,1,0.002506265664160401,0.0,0.19543443446160527,0.0006095352423352333,0.0,1,0.0,0.0,1.0,2,0.0,0,-0.6984143036714102,12,7,1.8333333333333333,0,2,2,8,0.054717522,-0.25404498,0.20579284,0.46518904,-0.14348954,0.08913896,-0.004646002,-0.5588989,0.36584532,0.18932094,-0.29277208,-0.03220733,-0.19334798,-0.26870856,0.259712,0.31127962,0.15192457,0.15365401,0.48506755,-0.11160328,-0.16661854,0.3810874,0.18751991,-0.18208127,-0.35366347,0.09931479,0.23730883,-0.22578238,-0.425438,-0.048487853,0.48639655,0.3049896,-0.00779286,0.1655662,0.41846603,-0.34866437,-0.21613358,-0.018220372,-0.25650033,-0.47817877,-0.41145656,0.3133424,-0.7830418,-0.008693497,0.25582144,0.032570988,-0.060968354,0.15721454,0.16575372,0.0723146,0.20258571,0.2910863,-0.50049394,0.13316901,-0.9325165,-0.06603652,-0.042898677,0.25610322,-0.5550728,0.050149646,-0.010851615,-0.022776043,0.4598441,-0.28420612,-0.12448949,0.50683856,-0.22408578,-0.00645214,0.35126886,-0.07605874,-0.2705459,-0.52469337,-0.02572861,0.28077596,0.059176166,0.29052722,0.1933751,0.0011893206,-0.014561229,-0.14250188,0.21078555,0.17670013,-0.32590765,-0.07058013,-0.27681154,0.25202164,0.18188168,-0.5624009,0.47234175,0.029109497,-0.39425164,0.005344386,-0.029436897,-0.02547215,-0.5615924,0.042659983,0.30778265,-0.401462,-0.12919854,-0.22237737,0.18676096,0.29897252,0.32955173,0.017674806,-0.0044815233,-0.079126015,0.085945636,0.3721701,0.2006832,0.29027113,0.3302375,-0.18029793,0.040463373,0.24990177,-0.09542688,-0.18133894,0.42677063,-0.10015497,0.2605917,0.17023629,-0.4324811,-0.12707686,0.33653888,0.05813786,-0.20059013,-0.19665013,-0.32467785,0.22126195,1,1,0,Peripheral,0.01759543813330187
346,13,0.03258145363408521,0.002717600831470108,0.2776171197223829,0.05362380622405085,0.08974358974358974,10,0.003525846945415781,215.78022361955806,0.21978021978021978,14,0.0,0,1.2312252157506305,16,9,2.875,4,9,3,0,-0.032722693,-0.23504594,0.084376276,0.009911036,0.016656317,0.16681992,0.06544024,-0.26414198,-0.024784368,0.019363184,-0.21164851,0.13309664,-0.19204871,0.030963685,0.44594905,-0.028169299,-0.020314073,-0.058762427,0.025584005,0.267027,-0.16225818,0.026169783,-0.14736672,-0.17334412,0.0804635,-0.008986495,-0.05769421,0.04667646,-0.054457728,0.092112795,0.3017699,0.08915423,-0.16138756,0.047051832,0.17088218,-0.12782547,0.13887244,-0.07332768,-0.1734517,0.017457802,0.08389401,0.21610099,-0.3485797,0.064054035,0.1824113,0.08736246,-0.10293915,0.073861,-0.08356992,0.0057496456,0.30594587,0.13782491,-0.20868689,-0.011852424,-0.18687776,0.11766001,-0.021483766,0.08562166,-0.14851834,0.109639175,0.036946345,-0.2170058,0.21197681,-0.39300448,0.15168689,-0.029298296,-0.20190366,0.027980924,-0.077891976,-0.012505854,-0.036038112,-0.2761487,-0.07328074,0.16083191,0.015122644,-0.07725608,-0.22714868,-0.26784876,-0.17772454,-0.071303055,0.0680506,0.18107697,0.021970047,-0.11990592,-0.192553,0.30041164,0.19214125,0.13287175,-0.013555322,0.19624236,-0.0001811099,-0.21743128,-0.018969871,-0.13574141,-0.086448535,-0.12499078,0.45440367,0.11717315,0.13302311,-0.14697514,-0.07858258,0.27613562,0.021434546,-0.014633668,0.0082704555,-0.13922453,0.052841853,-0.12861666,0.16110528,0.03297565,-0.037175883,-0.11987308,0.23334461,-0.013964356,-0.1996536,-0.12615913,0.013072558,0.0038816133,0.114247225,0.0097979475,-0.19032143,-0.0963108,0.16488564,0.20846024,-0.034215845,-0.15498656,-0.19779311,-0.027581997,0,0,0,Broker,0.7627812351130084
347,8,0.020050125313283207,0.009007426462380619,0.25922747811267993,0.022033879343373544,0.21428571428571427,5,0.010071926352057267,715.1986685394835,0.3888888888888889,9,0.0,0,0.42720874932478015,22,12,2.1363636363636362,8,0,6,8,-0.0050470405,0.0129679665,0.35153133,-0.07523531,0.20658626,0.17844026,0.001668096,-0.4607006,-0.14497475,0.22716947,-0.17120302,-0.027399631,-0.1063069,-0.10175312,0.3731729,0.12620036,-0.3199543,-0.337521,0.14981982,-0.021715485,-0.1597357,-0.29065073,-0.09505711,0.23512526,-0.049741227,-0.09107621,-0.008671487,-0.1187827,0.15591313,0.032852236,-0.036819197,0.18043657,-0.1251643,0.31954324,0.13474822,-0.23889418,-0.33132994,-0.16260809,-0.3319883,-0.2157084,0.14777744,-0.0177946,-0.050168704,-0.021545582,0.43525904,-0.1203715,-0.22331242,0.27388698,0.15881297,0.064702705,0.64778554,0.08206346,-0.03007706,0.36573678,-0.29477918,-0.03273854,-0.0012003981,0.07151789,0.022707377,-0.1701271,0.03533884,-0.41314682,0.232031,-0.1355171,0.06561809,0.122753546,0.054003023,-0.20877469,-0.11207553,-0.25906757,0.16910632,-0.242812,0.17542075,0.17042547,0.18519686,0.10098553,0.0280195,-0.26361957,-0.1769315,-0.043954484,-0.029881801,0.07234992,-0.037869155,-0.11232287,-0.2504103,0.21148238,-0.25200865,0.2639313,0.0012784218,0.42975265,-0.05756542,-0.09656559,0.06814928,-0.15917698,-0.20343079,-0.4214976,0.19455265,0.011994817,-0.3122397,-0.40052155,-0.2195457,0.3805741,0.01014056,0.25698966,-0.0029415805,0.17818518,0.116901055,-0.38352415,0.27756524,-0.020551652,0.04719441,-0.16340551,0.12056192,-0.30510983,-0.21541813,-0.039540958,-0.029295469,0.06416392,0.2946312,-0.14754558,0.08630628,-0.19717604,0.16138831,0.2020243,-0.21906468,-0.036507867,-0.0010875281,-0.11339867,0,0,0,Enabler,0.22271734592389794
348,22,0.05513784461152882,0.03230276111891209,0.31201924118653984,0.08103370248850598,0.05627705627705628,10,0.029180413445740565,2564.8715356027387,0.1383399209486166,23,0.25413223140495866,3,2.196044975461651,12,7,2.75,8,4,0,0,-0.019856282,-0.1672036,0.15644638,0.119485326,0.025580024,0.13400468,-0.081765026,-0.20873445,0.004249012,0.10534698,-0.23258783,0.04520451,-0.12823196,-0.063053176,0.34023255,0.10550583,0.016379386,-0.16837497,0.09208801,0.11231686,-0.117500186,-0.028148402,0.17482536,0.030225836,-0.22284216,0.16036917,-0.006069597,-0.24962848,0.07205621,0.13730633,0.15708205,0.20086154,0.036504205,0.009629913,-0.06231351,-0.03901706,-0.016866336,-0.16676292,-0.1025627,-0.088037506,-0.05728379,0.18866228,-0.11367419,-0.017986938,0.1696695,-0.029967796,-0.011409371,0.23475267,-0.047786795,0.25564355,0.32061496,0.3654415,-0.11468363,0.12162756,-0.07238482,-0.017419294,-0.17140348,0.14704798,-0.1034741,0.012175587,-0.035685726,-0.046878435,0.06160468,0.01536148,0.0368257,-0.069742225,-0.22949733,-0.048708122,0.012138008,-0.32219487,-0.010033962,-0.24504626,-0.12279072,0.07650685,0.036583003,0.1390722,-0.08984718,-0.19727127,-0.17749624,-0.2516167,0.12978642,0.1913708,0.032495856,-0.06432233,-0.115879126,0.30703878,0.14354135,0.0667796,0.028970418,0.29224455,0.035344176,-0.18967128,-0.1387311,-0.1449464,-0.07640437,-0.26353106,0.30797312,-0.0014647472,-0.039879065,-0.09221624,-0.18729639,0.12174085,-0.12489068,-0.01555455,-0.0009671105,0.1553587,0.120503776,-0.04035344,0.07071864,-0.23953956,-0.17563702,0.15035258,-0.052706778,-0.087065294,-0.42747307,0.007622561,0.12527242,0.059188407,0.16081573,-0.21516797,-0.24934582,-0.16295247,0.29343107,0.09334165,-0.11171756,-0.15669027,-0.012522216,0.016500529,0,0,0,Coordinator,1.0
349,1,0.002506265664160401,0.0,0.20300751879699247,0.0014188747876107736,0.0,1,0.0,0.0,1.0,2,0.0,0,-0.6984143036714102,8,4,2.25,0,2,5,1,0.41894457,-0.045848317,-0.17114417,-0.12266114,-0.17377016,-0.034620833,0.21675724,-0.5129127,0.18918014,-0.1994042,-0.02359884,-0.004377253,-0.3090697,0.42546985,0.24006952,0.28031483,0.0227185,-0.51414424,-0.18371792,0.36664954,-0.55060077,0.23046955,0.043176554,0.010792213,-0.27306974,0.012431721,-0.4224546,-0.00868553,-0.24496083,0.23481303,0.33216766,0.3211967,-0.3642201,0.17712043,-0.05845066,-0.20955113,0.2079396,0.15888,-0.17382817,-0.5238159,0.18436742,0.35920715,-0.47480342,0.12654419,-0.20078926,-0.27891526,-0.21394257,0.20630658,0.17669779,-0.056725703,0.239951,-0.30242825,-0.16283342,0.20583777,-0.02325309,0.19835876,-0.16010197,-0.18936734,0.068606116,-0.02644624,0.07559462,-0.41773945,0.3934026,-0.27699718,0.13437176,0.1031138,-0.29330403,0.41424823,-0.28173098,-0.38147154,-0.062462877,-0.55697215,-0.35995963,-0.025388375,0.054357138,0.2891252,-0.08367101,-0.20589516,-0.23933163,-0.27970275,0.1824113,-0.0011603013,0.040322624,-0.1273016,0.18344258,-0.3430305,0.065856695,-0.14835097,0.4098867,0.40937403,-0.3858026,-0.3972488,-0.21383151,-0.2514057,-0.222291,-0.14668658,0.33090407,0.22700389,0.5222272,-0.48619953,-0.33671945,0.40418202,0.361633,-0.16787665,-0.12253847,0.17903802,-0.02797746,-0.022108926,0.016950741,0.117104486,0.0154522825,0.017416855,-0.16613832,-0.29119337,0.1505036,0.04266957,0.11235763,-0.3473234,0.2474434,0.1457406,0.23896873,-0.3803214,0.5544693,0.28434527,0.04605021,-0.23157516,0.07614056,-0.44799635,1,1,0,Peripheral,0.01772189886211213
350,1,0.002506265664160401,0.0,0.18862487228524272,0.0006850362704969433,0.0,1,0.0,0.0,1.0,2,0.0,0,-0.6984143036714102,11,7,1.8181818181818181,0,2,3,6,-0.15540624,0.03199411,0.062822774,2.9293102e-05,0.26673535,0.70055383,-0.21764457,-0.9237399,0.39458904,0.2673311,0.2605075,-0.15152836,-0.1012378,-0.0799872,0.46651587,-0.07091038,0.41193354,-0.3200391,-0.43546572,0.23607436,-0.2982056,0.04113304,0.4067659,-0.23633425,-0.10238108,-0.24801104,-0.22832134,-0.42451587,0.27063966,0.08308497,0.22892767,0.4226584,-0.48262846,0.18900518,-0.16513957,-0.03157081,0.02466222,-0.07169046,-0.25540316,-0.44085398,0.082306944,-0.27327806,-0.28477177,-0.30072343,0.21461831,-0.13939887,0.3172723,0.24540845,-0.24646483,-0.06603592,0.4607946,0.31900463,-0.022834742,-0.008446941,-0.12883778,0.265237,-0.26995814,0.24019308,0.11891626,0.3698569,-0.0036127872,-0.25882936,-0.2467655,-0.5574729,0.281084,-0.025949802,0.09111531,0.08976258,-0.09726294,0.19744515,0.35958964,-0.6170666,-0.0390888,0.17803654,-0.13147566,0.20133351,-0.08981473,-0.1265301,-0.41399822,-0.08564378,0.3224254,0.5234575,-0.2047324,-0.10611613,-0.39726627,0.6551535,-0.07199075,0.20317055,0.13872749,0.098436676,0.0030818651,-0.22334342,-0.06259337,0.011217486,-0.18618777,0.19574173,-0.11678614,0.09960404,0.16653293,0.029668506,-0.0119443135,0.43543595,0.10683332,-0.06526319,0.21881774,-0.050523385,0.20503958,-0.51559466,0.34684852,-0.2459473,0.0059733978,-0.25095356,0.21170321,0.3143426,-0.12429791,-0.23545627,0.017328888,0.24471529,-0.20880054,0.08728996,-0.17523734,0.23486722,0.045577902,0.2536092,-0.16120258,-0.3496356,0.2580848,-0.4142602,1,1,0,Peripheral,0.017607235301873442
351,11,0.02756892230576441,0.0016643683882801958,0.27526443226710845,0.04454087703993401,0.12727272727272726,8,0.002847993389204001,132.15251439783583,0.2727272727272727,12,0.0,0,0.9096186291802904,22,9,3.090909090909091,5,15,2,0,0.08882966,-0.16338772,0.13489078,0.055728603,0.14673421,0.15231334,-0.13565598,-0.27565387,-0.07795353,0.32629058,-0.17919005,0.07622336,-0.03726045,-0.07500807,0.20307547,0.27030298,0.024936486,-0.38847518,-0.0736725,0.34212205,-0.047540806,0.037290886,-0.008675087,-0.055484843,-0.103787564,-0.03998775,-0.1012274,0.19432314,0.056262266,0.20406683,0.38285783,0.10598016,-0.003554492,0.29885045,0.26454207,-0.2048627,-0.03348103,-0.08321634,0.071227185,0.03353609,-0.029946052,0.20106672,-0.21947373,0.089511044,0.063959286,-0.053559765,-0.11996415,0.23361485,-0.019888435,-0.048833318,0.08816442,0.30616206,-0.28366798,0.16870603,-0.098414056,0.15239151,0.06329874,0.07935591,-0.118876286,-0.054676186,-0.04535163,-0.13883528,0.292714,-0.1404567,0.046854295,-0.17224039,-0.15385905,-0.011875139,-0.17465732,-0.20883305,0.06129439,-0.13937241,0.00830285,-0.039054666,0.06433145,0.32062063,0.064512044,-0.28300485,-0.19114655,-0.17029424,0.045537252,0.20100485,0.000956364,-0.07969565,-0.11124111,0.061068036,0.12417228,0.13776743,0.12600349,0.30782664,0.075077035,-0.0657939,-0.003512565,-0.04785149,-0.004654509,-0.14856902,0.2610236,-0.15630603,0.15446357,-0.11653298,-0.18125026,0.4761983,0.15011945,0.0980112,-0.12550795,-0.039817527,-0.0020125536,-0.17369205,0.20665845,-0.052823287,0.027316894,-0.13394096,0.16314517,0.10621949,-0.34295395,-0.06698288,-0.02148758,0.03844707,0.28013486,-0.045009013,-0.10796682,0.027870616,0.31030312,0.13808951,-0.14241399,-0.04804667,-0.1390993,-0.1796506,0,0,0,Peripheral,0.05300120131079899
352,2,0.005012531328320802,0.0002332246169291302,0.20675495230756713,0.0017576933536533402,0.0,2,0.000273119916935825,18.518267808789865,0.6666666666666666,3,0.0,0,-0.5376110103862402,12,8,2.25,0,3,4,5,0.17977169,-0.07509844,0.37689656,0.19333358,0.13419381,0.21887988,-0.29627606,-0.12072452,0.06585224,-0.022325112,-0.24522114,-0.025373437,-0.017334089,-0.2532775,0.10983659,0.21507116,0.175976,-0.79000676,-0.0016197995,0.60411006,0.17276643,0.30962414,0.18663216,0.17110738,-0.42232418,-0.09198402,-0.012488485,0.27418828,0.13724491,0.007503436,0.6756708,-0.013463941,-0.20049107,0.2692139,0.100210436,-0.023837395,0.11731536,-0.09278368,0.050191455,-0.1481489,0.2067183,0.73198843,0.005236752,0.060920455,-0.30774802,0.05132251,0.060242612,0.09208149,0.1543694,0.14226563,0.38016424,0.25444213,-0.22323126,0.48150483,-0.5224204,0.40927005,-0.13029428,0.15017985,0.2519153,0.26398596,-0.21889535,-0.057227056,0.5183791,0.353324,0.09472573,-0.17334302,-0.04621413,-0.24605672,-0.16254853,-0.19949515,0.04329037,-0.5268504,0.29297894,0.16313903,0.13244948,0.47309846,-0.04490334,-0.008154936,0.1408494,0.23627582,-0.11525545,0.2696887,0.021067144,-0.34047806,0.080836646,0.13429333,0.028338902,0.23965059,0.0062584104,0.23635459,0.023397945,-0.40368044,0.034591712,-0.13449356,0.22007956,-0.2588595,0.47423723,-0.109652326,-0.3343942,-0.21266045,-0.054932203,0.2852112,-0.22291519,-0.18116184,-0.3941552,0.08525474,0.10011211,-0.42947876,0.12806214,-0.13479161,-0.31773746,-0.07136581,0.23912442,0.035778813,-0.81735784,-0.3253737,0.01717101,-0.15319936,0.29317728,-0.09766964,-0.07418062,0.14679542,0.47073004,0.21498673,0.17930965,-0.10710208,-0.33707595,-0.06324731,0,0,0,Peripheral,0.010333062165633853
353,9,0.022556390977443608,0.0065787604866102065,0.2617341096496277,0.02300880771765902,0.1111111111111111,5,0.01262495848467041,522.360161397337,0.28888888888888886,10,0.0,0,0.5880120426099502,11,9,2.3636363636363638,1,1,5,4,0.2191428,-0.10793325,-0.05989748,0.0504029,-0.0063471845,0.019662512,0.1376987,-0.5755333,-0.02521175,0.023449503,-0.28979617,0.0020909961,-0.302376,0.11804465,0.27113843,0.2414184,0.10957576,-0.18481366,-0.12223168,0.31754538,-0.36727542,0.110135905,-0.020343427,0.01272015,-0.20508425,-0.022256663,-0.19779667,0.10498539,-0.08587382,0.29604283,0.18155743,0.22152466,-0.21545433,0.22492123,0.0067717154,-0.06677842,0.027803533,0.20635761,-0.173407,-0.01929721,0.005714616,-0.01634072,-0.24259213,-0.04309838,0.05994428,-0.122509636,0.13311924,-0.013090859,0.18955766,0.036959738,0.28606507,-0.09204439,-0.23399653,0.17780896,-0.18777148,0.27873,-0.11016906,-0.005307529,0.07358261,0.12325183,0.054469585,-0.3742743,0.16270886,-0.3862281,0.16650002,0.058975723,-0.1447959,0.13916598,-0.25602603,-0.45900723,0.21633646,-0.45809543,-0.21314433,-0.094638735,-0.14540917,0.16772635,-0.032729615,-0.055902597,-0.113371156,-0.28156748,0.010729395,0.23150434,-0.054199528,-0.11338929,-0.026711872,-0.081929274,0.028965658,-0.03180508,0.29993153,0.15254472,-0.2272647,-0.31909987,-0.19598363,-0.17219716,0.013782586,-0.015924146,0.38336614,0.12805913,0.49045068,-0.2281672,-0.431133,0.16020724,0.122268066,0.01660678,-0.017535392,0.010424646,-0.018044803,-0.1703287,0.03088684,-0.27145678,-0.03948431,-0.0024282716,-0.18668935,-0.18499699,-0.124842696,-0.16750975,0.06515988,-0.22005865,0.21909134,0.13194929,0.20563613,-0.332012,0.29316694,-0.018157758,-0.26681834,-0.16207016,-0.14277579,-0.14361167,1,1,0,Enabler,0.30807781658549793
354,0,0.0,0.0,0.0,7.590317288714358e-60,0.0,0,0.0,0.0,0.0,1,0.0,0,0.0,14,8,2.4285714285714284,0,2,2,10,0.0069938814,0.004582214,0.00627797,0.004541993,-0.004483356,-0.0018143905,-0.0034504784,-0.0061737923,-0.0071311994,0.0024451725,0.0011249566,0.0010379972,0.001936933,0.0052642785,-0.0054067895,-0.0035742456,0.007096206,-0.006521011,0.004922149,0.0025944458,0.0018485282,-0.007370781,0.0074788695,-0.0005265232,-0.004230436,-0.0008912934,-0.00063670706,-0.002507466,0.0070166485,-0.003998802,-0.0024765758,-0.007536335,0.0010042135,-0.0021572523,0.00014977157,0.0046669943,-0.0046549924,-0.0072904043,-0.0041573998,0.0048018023,-0.006424945,-0.0012572175,-0.00019156281,0.0039288905,0.005400327,0.0026317136,0.005386539,-0.005479955,-0.0025229836,0.0016111145,0.006274458,0.0002514962,-0.0031274352,-0.0052028745,0.006228066,-0.0072051072,-0.00014977902,-0.0024892818,0.0070884563,-0.0032208916,0.0018568281,-0.0039666547,-0.0027792184,0.005615837,-0.005935681,0.0024757897,0.000727552,0.005136395,0.001035817,-0.0062078135,0.0021516485,9.555556e-05,0.0033093374,0.0061030816,-0.0028534057,0.0031884275,-0.0027771043,0.0063563697,-0.0017547207,-0.0072580604,-0.00065135583,0.004614572,-0.0021557473,0.004672693,-0.0019205874,-0.00028904993,0.00016918313,0.00533347,0.0073663276,0.0027060658,0.0056808647,-0.00032678805,-6.29304e-05,-0.0018014032,0.007065094,-0.0030991128,-0.0032932889,-0.0034040026,-0.0066502355,0.004978366,0.0040129907,0.00029893685,-0.0017591324,-0.0013695015,-0.006138467,-0.0025750753,-0.0055565275,0.002732073,-0.0017103981,0.00038408488,-0.003605404,0.0008249637,0.0017785616,0.0054963287,-0.0071649123,-0.0032966835,-0.004464322,0.0071515273,0.00023242645,-0.0015562382,-0.0037598284,-0.0034899851,-0.0045331577,0.00254526,0.0070328955,-5.7625584e-05,-0.0066609085,-0.0026607309,0,0,0,Peripheral,0.0
355,1,0.002506265664160401,0.0,0.18688839474982047,0.00031102768735380643,0.0,1,0.0,0.0,1.0,2,0.0,0,-0.6984143036714102,7,4,1.5714285714285714,0,0,1,6,0.31260327,0.059573803,0.12332989,0.25756535,-0.0924962,0.20072901,0.0017695634,-0.10675307,0.18175223,0.08596776,-0.23008126,-0.27360052,-0.17219485,0.022728283,0.2849479,0.18270878,0.0367965,-0.45335138,-0.10327101,0.7595505,0.16516995,0.47179613,-0.038570475,-0.04204511,-0.32198083,-0.1450184,-0.3813401,0.42187846,0.18608162,0.0026689786,0.17529157,0.16070293,-0.40121767,0.01893958,-0.0067803664,-0.07327424,0.07977189,-0.43293267,0.22217754,-0.53464466,0.20206515,0.5981007,-0.085876234,0.38212574,-0.3040714,-0.055972513,0.08301573,0.12474648,-0.021132821,0.41161793,0.46252573,0.18169378,-0.37299836,0.08302013,-0.47785634,0.86367327,-0.121665806,0.055910233,0.46211722,0.38135242,-0.03577923,-0.019030156,0.5566762,0.29157,0.18513736,0.2744852,-0.22302057,-0.08895358,-0.27023393,-0.34476852,-0.05916653,-0.50766903,0.0878866,0.3819083,0.15799634,0.3449387,-0.09641899,0.16208589,0.010075541,0.45101783,-0.24045639,0.23623161,-0.20115387,-0.41117775,-0.2549177,0.32331178,-0.20712325,-0.08993563,-0.15599108,0.41969252,0.11020022,-0.8335417,-0.16548193,-0.15484598,0.32248864,0.15573724,0.47812334,-0.016874567,-0.19715144,-0.23260826,-0.02266568,0.38248754,-0.09012294,-0.09119199,-0.44757587,0.24529646,0.2062169,-0.36957788,0.46727377,-0.31665283,-0.07051898,-0.17108454,0.31259778,-0.32234964,-0.8081954,-0.2825746,-0.063250415,-0.22239965,0.16526565,-0.26305255,-0.23563509,-0.09506533,0.39707673,0.0557619,0.3034727,-0.063661434,-0.18847743,-0.05131204,1,1,0,Peripheral,0.017548795802306578
356,0,0.0,0.0,0.0,7.590317288714358e-60,0.0,0,0.0,0.0,0.0,1,0.0,0,0.0,5,4,1.8,0,1,1,3,0.0065239742,0.00040199887,0.006657901,0.0030856598,-0.0044739647,4.710257e-05,0.007302937,0.004338689,0.006296344,0.007611016,0.0016945694,-5.4613687e-05,-0.0016651088,0.00071899313,0.0039125374,-0.006266203,0.0025121253,0.005285803,0.0037206467,0.0039047087,0.0021485845,-0.0071413824,-0.0027748263,0.0059419535,0.0040832097,-0.004178267,0.00096447207,0.0018647676,-0.003812286,-0.0036123227,0.000947115,0.0029022405,0.0074144443,-0.0052990327,-0.0041212663,0.004243533,0.0069486406,0.0073540546,0.00473582,0.0012449054,0.0040721036,-0.005948471,-0.0046038665,0.00011694804,0.0024393294,0.0031966195,0.005740123,0.0022668093,0.007705099,0.0018872069,-0.0011483962,-0.00013333932,0.005107614,-0.0042858208,-0.007336762,-0.0052293967,-0.0058352593,0.0011635469,-0.0017032074,-0.006624492,0.0039101634,-0.0075464677,-0.00090348907,0.0015149144,-0.004527958,-0.004795339,0.0037138695,-0.0019011265,0.00421085,-0.0036544902,-0.00774958,0.0041644005,0.004620975,-0.0073710904,0.0019579632,0.0010988889,0.0054058973,-0.0068791993,0.00728543,0.0050816415,-0.00016311929,0.00680733,-0.0040700883,-0.0022385493,0.002537854,-0.004306184,-0.0069000376,0.005792791,0.002717469,0.0015458018,0.0018905755,0.0037147673,-0.006882916,-0.00028517004,0.00053366274,0.0011634314,0.0065302216,0.0026683174,0.0023776712,1.0849908e-05,0.0056519015,0.0072182724,-0.004764951,-0.0017569391,-0.0030479915,-0.006141548,-0.00026731845,-0.0034244955,-0.0061098365,0.00657269,-0.00051379483,-0.0016020015,0.0045035435,0.00054070354,0.00046829972,0.0070983954,-0.004083122,0.003436842,0.0073975464,0.0025074575,0.006185119,0.0025238767,0.0005107969,0.005998047,-0.0028622877,-0.0035074502,-0.00090217404,0.004698773,0,0,0,Peripheral,0.0
357,1,0.002506265664160401,0.0,0.20389957945711737,0.00148384613738803,0.0,1,0.0,0.0,1.0,2,0.0,0,-0.6984143036714102,6,6,2.1666666666666665,0,3,2,1,0.14221667,0.00045523312,0.55434114,-0.22982168,0.16140252,0.4045904,-0.15670848,-0.12952161,-0.08308562,0.08802907,0.10304176,0.028250149,-0.06635734,0.12069388,0.6000181,-0.10798027,0.0033249143,-0.048780315,-0.2059645,-0.15794316,-0.33247396,-0.16166134,0.15488018,0.03808743,0.17776468,-0.25495997,-0.28567314,0.21483693,0.31710634,-0.04628421,0.11840769,0.08104878,-0.051774293,-0.19664177,0.14009082,-0.11047709,-0.1422,-0.21685167,-0.41970235,0.029404402,0.1578465,0.18808922,-0.22762944,-0.14165482,0.11504691,-0.17873466,0.086999364,0.34807056,-0.08486076,0.070255555,0.43623507,0.26540884,-0.31404486,0.0016065896,-0.24678569,0.18406998,-0.19648771,0.40104565,-0.32107174,-0.049593884,0.024183894,-0.22218968,0.20458807,-0.20153905,-0.1078188,-0.29769126,-0.013532261,0.24779496,0.32488406,-0.28377137,0.16389911,-0.4772975,-0.13780333,0.3097985,0.06274003,-0.11506103,-0.348294,-0.020938538,0.03979191,-0.3554755,0.09509323,0.1045977,-0.067648485,0.10473124,-0.26015112,0.35078737,0.5867803,0.09454417,0.40409568,0.46564865,-0.15295193,0.12428861,-0.06889328,-0.2810093,0.31426594,-0.0636292,0.57341546,-0.42538136,0.014336185,0.037664372,-0.5657037,0.02342475,-0.33768874,-0.38518667,-0.11369884,0.031737998,0.3470307,-0.09922734,0.759845,0.20142381,-0.15245888,-0.091096096,0.09665255,0.021473162,-0.32296968,-0.49813962,0.0036045904,0.4095927,0.15108638,-0.2820766,0.16808158,-0.08189284,0.0060308273,0.07191914,-0.3182332,-0.04838327,-0.057686474,-0.2328459,1,1,0,Peripheral,0.01773205074989839
358,7,0.017543859649122806,0.006687412806382964,0.25257545106935303,0.0153716333816025,0.14285714285714285,4,0.008105036453243094,530.9872642396136,0.35714285714285715,8,0.0,0,0.26640545603961013,13,8,2.3076923076923075,3,2,3,5,-0.28587756,-0.07505244,0.20728175,-0.23713821,0.26695722,0.054793265,0.05010025,-0.13589554,-0.15804076,0.18010204,-0.2865107,0.4861861,-0.121926695,-0.017711783,0.07519232,0.12653022,0.11920878,-0.17444082,0.18426387,0.36819032,-0.47550407,-0.042680826,0.27375656,-0.06843999,-0.010940796,-0.0406494,-0.02748867,-0.067573294,-0.18820168,0.1396756,0.119233295,0.18255435,0.0518813,-0.035345588,-0.25306913,-0.28643695,0.13359217,-0.43918252,0.07116712,-0.007964283,-0.33353293,0.34670138,-0.18752685,-0.08027729,0.21078314,-0.05864749,-0.1875693,0.19706722,-0.14408855,0.5076996,0.48015618,0.2857633,-0.14519581,0.08077647,-0.26042265,0.013579962,-0.10515319,0.24671166,0.048371457,0.34823152,-0.03589085,-0.30745327,0.26803228,-0.22934249,0.32903236,-0.25221083,-0.11310056,0.1626151,-0.21372657,0.17280948,0.22054118,-0.60111,-0.058127243,0.08149854,-0.006362057,0.14464794,-0.2050364,-0.60773295,-0.30891111,0.045065083,0.12315731,0.14341263,-0.12862071,0.26742253,-0.05425937,0.100313336,0.0134259835,0.045619797,-0.118239775,0.10379013,0.2052248,-0.5188296,-0.18585469,-0.11490396,-0.089567855,0.0056772847,0.33407947,0.091669925,-0.14783585,-0.087621704,-0.2025869,0.280035,-0.016930463,-0.31277853,-0.001451096,-0.03397366,0.37572107,0.029287593,-0.042910296,-0.06496078,0.377389,-0.013144025,0.0033871455,0.07068134,0.003433341,-0.11555029,0.14263725,-0.43420014,0.077861056,0.11975526,-0.060289204,-0.27682877,0.25338694,0.48463333,-0.13742247,0.11645254,-0.12674358,-0.16588776,1,1,0,Enabler,0.258768350471433
359,13,0.03258145363408521,0.006921249179766533,0.2776171197223829,0.05350665143184247,0.10256410256410256,10,0.00405732074014235,549.5541061226426,0.23076923076923078,14,0.0,0,1.2312252157506305,12,8,2.8333333333333335,5,4,3,0,-0.08042224,-0.13316603,0.033120956,0.054320376,0.03703242,0.29387778,-0.006893299,-0.2964728,0.1464369,0.26822498,-0.030938646,-0.13024575,-0.07463932,0.1378939,0.46416828,0.18341336,-0.0023678197,-0.25065726,-0.09504888,0.115459375,-0.22761896,0.09508525,-0.037476577,-0.08237055,0.04262826,-0.1178423,-0.09495491,-0.087086044,0.16366974,0.06890039,0.15998596,0.105770834,-0.1712503,0.11537655,0.01548622,-0.27953044,0.018150626,-0.009304163,-0.032439258,-0.076239154,-0.16504113,0.054835327,-0.23337281,-0.062544785,0.2206064,-0.045075867,-0.024833022,0.1465481,-0.19088742,0.026850566,0.15157075,0.23335896,-0.09924671,0.1323594,-0.08887689,0.024734631,0.04005119,0.0023454037,0.07675599,0.096009724,-0.112234995,-0.3130983,0.09473193,-0.37011674,0.07266242,-0.11429684,-0.2531538,0.060360514,-0.09786643,-0.078266226,0.23930994,-0.22564861,0.11879859,0.04683582,0.15938602,0.19653903,0.08856102,-0.16410659,-0.25090927,-0.024270086,0.08649417,0.19099572,-0.10119581,-0.079379894,-0.1191328,0.2429833,0.22417037,0.045113355,0.009699162,0.25838393,-0.08142118,-0.42074305,-0.044062197,-0.05460955,0.043757554,0.029425211,0.2091986,-0.07042922,0.010976844,-0.18938328,-0.05770061,0.39269048,0.027221559,0.1381472,-0.032401286,-0.05241808,0.20775343,-0.37970707,0.269975,-0.018453002,-0.11183469,0.00021760019,0.15952292,0.065506205,-0.13636307,-0.11869779,0.035858985,-0.0800083,0.1119256,-0.017416403,-0.23140416,-0.018522004,0.2380693,0.17469607,-0.294031,-0.016727237,0.029040465,-0.18868844,0,0,0,Peripheral,0.06571646702311291
360,3,0.007518796992481203,0.0014041555402655244,0.1987833721390379,0.0009077846240856226,0.0,2,0.0014385153809194902,111.4913540526229,0.5,4,0.5555555555555556,1,-0.5376110103862402,5,4,2.0,0,1,2,2,-0.40095508,0.46019125,0.4048066,0.35128525,-0.08547101,-0.10126069,-0.18006702,-0.8138588,-0.31671557,0.011002056,-0.087988764,-0.2856689,-0.30204356,0.24827072,0.530206,0.11227875,-0.18373977,0.25761443,0.5139323,0.5351834,-0.20352472,0.1986708,-0.21867436,-0.22341782,-0.08176233,-0.0039743944,0.11568317,-0.31361735,-0.26168483,0.12439126,0.21068567,0.5881671,0.14945738,-0.06512916,-0.30783483,0.028334858,-0.42644215,0.42672122,-0.44348872,0.13490056,0.025423544,-0.085761085,-0.48598713,-0.21582271,0.22395153,-0.2848479,-0.1738446,0.19261628,0.09932173,-0.1882835,0.20345333,0.31135356,-0.057907354,0.11578397,0.19005682,0.16567774,-0.18004924,-0.22013862,0.014374708,0.36780116,-0.13670737,-0.2434666,0.13924935,-0.2300495,0.0399245,-0.037204575,-0.52759093,0.17942403,-0.58630514,-0.099109,-0.37428766,-0.50242275,0.25212032,-0.033584077,-0.1891941,0.36358362,-0.18540286,-0.29832816,-0.40929025,0.1834248,-0.17150894,0.20692265,-0.060524654,0.1203833,0.049160752,0.331732,-0.114814915,0.26435938,0.053043246,0.28547922,-0.028861502,-0.26288578,-0.11174939,0.2243117,0.29057786,0.31106952,-0.46835667,0.23358205,0.1426189,0.09264156,-0.26309013,0.6992327,0.0691555,-0.17217101,-0.062274683,0.16796286,0.51816106,-0.077993795,-0.0055394075,-0.24112287,-0.70807743,0.15854457,0.4913995,0.18662323,0.13623135,-0.06590123,-0.16537218,0.49436823,0.15761042,-0.052318316,-0.623496,-0.24522331,0.22224356,0.14717263,-0.2150898,-0.2670743,-0.2673981,-0.5303265,0,0,0,Peripheral,0.015493054796249428
361,0,0.0,0.0,0.0,7.590317288714358e-60,0.0,0,0.0,0.0,0.0,1,0.0,0,0.0,10,6,2.2,0,2,2,6,-0.0062174425,-0.004778809,0.0026075002,-0.0052656615,0.0024863956,-0.0052726874,-0.003878804,-0.0030052569,-0.003502965,-0.003967611,-0.006791261,0.004908355,-0.0055240076,0.0014661774,0.0021774834,0.0076822517,-0.0055005606,0.0031582005,0.0056023384,-0.003392186,0.004594302,-0.007292282,0.0009093182,-0.004333984,-0.0025374107,0.0062647937,0.0008666171,0.0023742244,-0.003662114,-0.0016772309,-0.0027312813,0.0012469804,0.003244982,-0.0042446572,-0.005158269,-0.00010438915,0.0015823441,-0.007616656,-0.004844335,-0.0069874153,0.0023978744,-0.0034074904,-0.002321803,0.0027899789,0.0042061927,0.0065309145,-0.0013947245,-0.0049782246,-0.0017793849,-0.005005111,0.0062967874,-0.0024925591,-0.0043991916,0.0029000295,0.0046276627,0.0027517322,-0.00593823,-0.0028967261,0.0009879163,-0.0042070607,0.0044957884,-0.0010694908,0.004909087,0.0049805343,-0.0022034524,0.006544642,-0.005879782,0.007299587,-0.0030923989,0.0014906125,-0.0008449331,-0.00550339,0.00045277178,0.0025958754,-0.004690163,0.0011153985,-0.005688221,0.003443529,-0.003247477,-0.0011227345,-0.007676348,-0.0014832001,0.006722792,0.0056546256,0.0030672112,-0.0022661192,-0.002698646,0.004442605,0.007467281,-0.0007330319,-0.0019299388,0.004748121,-0.0037834756,0.0052157,-0.000663084,-0.0073567107,-0.0076059327,0.00047329068,0.005714734,-0.0028733807,0.007405986,-0.004131278,0.0044501536,-0.003899414,0.003127005,-0.00403353,0.0062812176,-0.0059731537,0.0062392782,-0.0010906234,-0.006968283,-0.0008226,0.007201829,-0.004305197,0.0022813426,0.0056346357,-0.0020309621,0.0041086962,-0.0014942912,0.0060585216,-0.0004812898,-0.0051797656,-5.56577e-05,0.007033902,0.0011729402,-0.0066744294,-0.0025192313,0.0022222726,0,0,0,Peripheral,0.0
362,21,0.05263157894736842,0.021601401099865997,0.3078787014930692,0.06810548111549365,0.02857142857142857,10,0.028545852527129847,1715.1728487304601,0.11688311688311688,22,0.18140589569160992,2,2.196044975461651,16,5,3.1875,15,1,0,0,0.0010077944,0.107237056,0.13749276,0.056752738,0.06156703,0.25807106,0.022007208,-0.25617492,-0.19358245,0.12985027,-0.1428127,-0.0046867784,-0.2503198,-0.18121006,0.21630979,0.16717736,-0.062235866,0.052517135,0.088971026,0.22636376,-0.20578934,0.13383643,-0.08569906,0.1261741,-0.0056345067,0.02914999,-0.08316921,0.0042325743,-0.027583916,0.2255344,0.28035533,0.113375686,-0.037736837,0.16915332,0.02584897,-0.24803042,0.010578327,-0.062176045,-0.14330168,-0.23777348,-0.19299202,0.03614838,-0.36425942,-0.19051173,0.16736354,-0.09844672,-0.2370177,0.16846247,0.06073455,0.0047920123,0.047255408,0.2899678,-0.1941107,0.25024942,0.090783454,-0.0021239182,0.018713485,0.07710633,-0.055301595,0.03176571,-0.0011558747,-0.118674204,-0.024267972,-0.26482674,0.10715153,-0.15333715,-0.3380417,0.13194762,-0.15359215,-0.30755872,0.09817715,-0.31852588,-0.034713816,0.07718758,0.098130636,0.13959216,0.0007443045,-0.15445115,-0.11023161,-0.118343994,0.07811548,0.03231628,-0.014721044,0.0017613617,-0.08375237,0.29734322,0.070088744,-0.02238877,0.066425346,0.28005016,-0.17501831,-0.21196078,-0.08578816,0.08647577,-0.07640422,-0.08412089,0.14692938,-0.011762902,0.1831359,-0.16430384,-0.21107344,0.27139124,-0.07657483,-0.04301586,-0.2415969,0.24694979,0.10533839,-0.0329055,0.16321297,-0.042855166,0.11991471,0.09754328,0.050383955,-0.0016765916,-0.37922254,0.014265565,-0.0102633415,-0.23613724,0.15054902,-0.3079899,-0.09668377,-0.24307227,0.21115594,0.13559759,-0.05483056,-0.18258095,0.07669513,-0.19348542,0,0,0,Coordinator,1.0
363,6,0.015037593984962405,0.016464273918832206,0.2517922713761147,0.01085101417345098,0.0,3,0.014733147153439813,1307.2798134291959,0.2857142857142857,7,0.0,0,0.10560216275444005,11,8,2.4545454545454546,4,1,4,2,-0.15180536,-0.26834863,0.44648564,0.094132245,0.13929471,0.15685003,0.07429101,-0.029269047,-0.10408702,0.0787428,-0.12938282,0.06465498,-0.04694785,-0.17676736,0.088953406,0.057850968,-0.15546954,-0.26891828,0.33938077,-0.03499768,0.17599973,-0.26591817,0.14259045,-0.1610301,-0.17066644,-0.12960547,-0.3666312,0.023664588,0.075289115,0.19934207,0.29926094,0.5270123,-0.18524343,-0.10231695,0.09488253,-0.046780642,0.2263809,-0.25166547,0.04151871,0.044717703,-0.119321056,0.57243705,-0.12762828,-0.09521287,0.2179753,0.13212897,0.04412009,0.26942208,-0.14430964,0.053923264,-0.12298115,0.10164409,-0.3400195,0.23648122,-0.201681,-0.19516158,0.21446069,0.12910438,0.076682374,0.093152314,0.14535557,-0.3489461,0.3434385,-0.18405172,0.059829082,-0.750132,-0.11385069,0.11902344,-0.21320549,0.06334246,0.20797984,-0.48900962,-0.0124150785,0.11679405,-0.0059223464,0.20157282,-0.21962614,0.078089826,-0.124394305,-0.109442785,-0.22176367,0.1326553,-0.038044356,0.0430566,-0.03165339,0.29073894,0.07338458,0.32517585,-0.086829744,-0.06184069,-0.18913884,-0.12548783,0.29618979,-0.2943622,-0.18796484,-0.17561157,0.47431725,0.08161858,0.07496013,-0.2433593,0.14122966,0.2837648,-0.23715813,0.21954346,0.2170228,0.21993597,0.58379024,-0.14739221,-0.037934404,0.015689699,-0.2709795,0.28733248,0.25141644,-0.10808777,-0.23116487,-0.45584807,-0.15462852,-0.3480416,0.51159704,-0.18862875,0.09652156,0.087975554,0.099755354,0.65716773,-0.37763858,-0.037819248,-0.10873334,-0.07754524,1,3,0,Enabler,0.23876448869147765
364,6,0.015037593984962405,0.010880329564064158,0.24928014587504832,0.009884474271407734,0.06666666666666667,3,0.014610781422268342,863.9090477162581,0.3333333333333333,7,0.0,0,0.10560216275444005,13,9,1.9230769230769231,1,3,6,3,-0.017480267,-0.23911165,0.17680895,0.38058707,-0.050002504,0.05296481,0.05833545,-0.56122655,0.32936072,0.20518616,-0.2408777,0.004792846,-0.09584972,-0.12776706,0.31262523,0.13486508,0.24407375,0.01753652,0.5875975,-0.0075464533,-0.3595628,0.28450373,0.07094041,-0.19931726,-0.2699622,-0.1542156,0.3337809,-0.2791491,-0.3995706,-0.010306387,0.38770464,0.30633545,0.12882182,0.20903301,0.17031777,-0.3425952,-0.23517498,0.021186363,-0.21327993,-0.18434906,-0.2541598,0.25804418,-0.5857805,0.008224358,0.20934288,-0.0007421564,-0.08539325,0.16670202,0.053113,0.14173487,0.28617644,0.1597703,-0.54360205,0.07544778,-0.6089254,-0.108754866,0.1218951,0.15624438,-0.47330958,-0.03665679,-0.09239429,-0.06711953,0.30350515,-0.104066394,-0.15342006,0.46139106,-0.18637018,0.09832852,0.22143829,0.03224481,-0.28996944,-0.446898,0.017436288,-0.047502548,-0.031745724,0.09150215,0.077278785,-0.08769829,-0.06588237,0.02739614,0.15092221,0.3989395,-0.1909962,-0.13326924,-0.22632624,0.2674038,0.26521885,-0.39458698,0.37437496,-0.0038908618,-0.36061093,-0.19276468,-0.05577885,-0.13849191,-0.63103396,0.052225515,0.4064303,-0.20863463,-0.055215683,-0.21877134,0.30187345,0.3565848,0.21749286,0.06132805,-0.10047712,-0.12590902,0.15241463,0.015316612,0.29816583,-0.07132229,0.21345516,-0.041771404,-0.06787833,0.23561893,-0.3694916,-0.15367843,0.29402024,-0.1536885,0.3696965,0.045019638,-0.22059713,-0.05739743,0.25228283,-0.09324023,-0.089824036,0.040749118,-0.42554918,0.019910669,1,2,0,Peripheral,0.037389952776778125
365,11,0.02756892230576441,0.009333122154103429,0.25395780302985765,0.025634928348555682,0.16363636363636364,7,0.01804449289919367,741.0592321579663,0.30303030303030304,12,0.0,0,0.9096186291802904,29,12,2.3793103448275863,7,6,10,6,0.08394027,-0.021726856,-0.060845897,0.19121256,0.17218618,0.08035093,0.058518562,-0.152924,-0.07903006,0.40683535,-0.0002964834,0.18875223,-0.39119142,0.18944894,0.28896937,-0.16278882,-0.15874104,-0.25646943,0.045657583,0.14475298,0.14700806,0.08600086,-0.13822442,-0.051480778,-0.19029701,-0.17024313,-0.1638564,0.1426039,0.085711874,-0.028658925,0.30875283,0.1741672,0.1290609,0.18083322,-0.015369745,-0.22315222,-0.025270892,-0.22194469,-0.39110047,0.1441113,0.16569951,-0.11976693,-0.2884308,0.07820936,0.45638356,-0.12969725,-0.01661957,0.37349513,-0.04154724,0.13435763,0.090590276,0.26552498,-0.45657095,0.04388798,-0.025391538,0.0789565,0.020838855,0.3405404,-0.11143614,0.34647223,-0.16002266,-0.19082926,0.34068882,-0.2544959,-0.3422818,-0.33336556,-0.19099945,0.09173104,-0.17610729,-0.24598722,0.14731647,-0.27338168,-0.4019324,-0.029882053,0.0656354,0.27654004,0.21927713,-0.082151935,-0.42117512,-0.03142729,0.13994347,0.17728423,0.13657846,-0.2510426,-0.09284497,0.25049356,0.14202915,0.06334012,0.124602236,0.28716296,-0.20644876,-0.1078729,-0.28996944,-0.256266,-0.04201095,-0.008067416,0.18862881,-0.21066219,0.056366578,-0.36759996,-0.2603468,0.15958811,0.11804443,-0.006259061,0.14005482,-0.05971679,-0.08174691,0.20372821,0.09812498,0.18687893,0.040406253,0.17492236,0.062183805,-0.035841957,-0.5356994,0.2486287,0.030911697,-0.033705253,0.11293418,-0.041059352,-0.17833756,0.02116967,0.49763307,0.08318736,-0.0021768743,-0.100364126,-0.08157976,-0.27790764,1,2,0,Peripheral,0.061339429217882054
366,3,0.007518796992481203,0.011656946774149482,0.18237621003660187,0.00024023397805486766,0.0,2,0.005171810734838224,925.5732308142431,0.5,4,0.5555555555555556,1,-0.5376110103862402,4,4,2.75,0,2,1,1,-0.56935954,-0.060756784,0.30220947,-0.12106204,0.7019647,0.39758718,0.5755958,-0.2628934,0.34657627,0.062582016,-0.29165137,-0.07165415,-0.03075266,0.2494706,0.66014045,-0.458668,0.13583636,-0.51702714,-0.31177643,0.1762668,0.076103084,0.5399474,0.14722611,-0.3554979,0.3965469,0.209748,-0.017438142,0.1439976,-0.46531284,-0.24561815,0.3661664,0.37993953,-0.19490919,-0.26747045,-0.23170933,0.4640738,-0.46031547,-0.14191082,-0.2986154,-0.7664539,0.14759289,0.28644195,-0.12780333,0.06445778,-0.010142526,-0.438022,0.2769886,0.23083676,0.53100294,-0.22951125,0.5595435,0.35765532,0.27013928,-0.053645022,-0.34949508,-0.22884938,-0.1406852,0.5157095,-0.559256,-0.04792295,-0.15717664,0.030424194,-0.57434016,-0.060662393,-0.09128902,0.22929388,-0.1677596,0.3055768,-0.018659508,0.225014,0.42746943,-0.8025042,-0.4238308,0.39187396,0.23685613,0.34621757,0.32122222,-0.24191836,-0.48741916,-0.5390214,-0.296293,0.27748626,0.08352953,-0.44272357,0.27733862,0.19579309,0.48132867,0.26955813,-0.16015963,-0.08176466,-0.24615972,-0.458987,0.09311706,0.08528406,-0.34674552,0.8476217,-0.03743296,-0.014797702,0.16732003,-0.10037918,0.111102946,0.054304894,-0.26152426,0.21077204,0.0043176366,-0.30407327,0.15807544,0.18565592,0.2733213,-0.30723962,0.29999223,0.14381647,0.03747657,-0.0113497,-0.11318635,0.08327957,-0.36995053,-0.109517045,0.48596188,-0.12551656,-0.24280539,-0.009795878,-0.072465494,-0.21040852,-0.53688484,-0.23404683,-0.023636997,-0.41403094,1,1,0,Peripheral,0.030452116363328154
367,10,0.02506265664160401,0.016807928540323713,0.26515267761239836,0.025478396662181227,0.2,6,0.015016558149234263,1334.566334030243,0.34545454545454546,11,0.0,0,0.7488153358951203,18,11,2.4444444444444446,7,2,8,1,0.047177438,-0.24518974,0.26737496,0.07937051,0.2615211,0.087577425,0.003835817,-0.29097015,0.046829194,-0.00015255954,-0.2257603,-0.025797306,-0.4560013,-0.11107155,0.27982825,0.0363055,-0.22333047,-0.4066057,0.25109264,0.013089806,-0.33519906,0.18905027,-0.19718856,-0.2584736,0.09472062,0.12716557,-0.29532078,0.24481528,0.030936744,-0.11759469,0.30046496,0.17622901,-0.24721766,0.05161654,-0.011919921,-0.028889516,0.21387692,-0.0067197154,-0.13888305,0.06718747,-0.0388277,0.06149365,-0.27633196,-0.11196928,0.2242153,-0.08179769,-0.057435308,0.12079655,0.12097852,0.046071988,0.40852895,0.33347073,-0.3824569,0.10936361,-0.13237941,0.31786934,-0.09784592,0.19334775,-0.103845,0.12353752,0.05483373,-0.12838498,-0.08321511,-0.21438088,0.20967074,-0.014131665,0.008313739,-0.08768901,-0.12820348,-0.07168129,0.070407815,-0.14708783,0.050977815,-0.118741654,-0.058163337,-0.08952741,-0.14806016,-0.37825516,-0.22834958,-0.14197017,0.10182279,0.24807502,0.03752554,-0.3882,-0.38157395,0.07087705,0.1805501,-0.25122747,-0.1070705,0.21041887,-0.124635875,-0.099450804,-0.1693331,-0.13247268,0.058860272,0.08473393,0.15887453,0.26749057,0.24818446,0.061297566,-0.26491058,0.4283908,-0.14899467,0.019999653,-0.19940312,0.09060087,-0.20402952,-0.39239886,0.33272675,0.19023663,-0.118384846,0.08945341,-0.079629295,-0.3140426,-0.2706589,-0.16236913,-0.011358641,0.07586555,0.04914473,-0.16555785,-0.15250662,-0.027652418,0.4160343,0.4156842,-0.07849919,-0.27750075,-0.2769355,0.2677089,1,2,0,Enabler,0.35678645441446216
368,9,0.022556390977443608,0.021501022872347106,0.26110291806687136,0.02345960848445765,0.16666666666666666,5,0.017446177570948792,1707.2027170872327,0.3333333333333333,10,0.0,0,0.5880120426099502,15,10,2.2,5,1,5,4,0.016632013,-0.21837753,0.15732059,-0.13193946,0.14816146,0.2144559,0.2579975,-0.17977732,0.12257512,0.14147773,-0.14434822,0.20188919,-0.062726654,-0.21430112,0.14419179,0.33143958,-0.10770651,-0.30498376,0.22571835,0.23890561,-0.09520361,0.017931601,0.07739803,0.16287237,-0.33101943,-0.05665856,0.14271113,-0.12877214,0.13368271,0.054325026,0.308505,0.10201993,-0.017472345,0.23485112,0.28119636,-0.04837464,-0.04604105,0.117053844,-0.16569391,0.08612231,0.03367102,0.7079282,0.09660937,-0.33384165,0.062253274,0.040317327,0.14115535,-0.110285826,0.20622881,0.17495523,0.22242516,0.1690027,-0.26279637,0.38189304,-0.38811973,0.032170817,-0.09774232,0.24178965,0.013325371,0.14211835,-0.061611142,-0.008564792,0.40224707,0.0038930944,0.08816938,-0.36436293,-0.14440069,-0.09755412,-0.16223048,-0.16852029,0.05504034,-0.47133252,0.19119836,0.06350575,0.19052897,0.5527948,-0.1265306,-0.041830573,-0.029699493,0.13847426,-0.08003861,0.1781305,-0.013039358,-0.296993,-0.010079451,0.17774723,0.0445977,0.12611362,-0.105852924,0.38007754,0.0790756,-0.1228104,-0.06907114,-0.28630334,-0.10409667,-0.2553098,0.21870868,-0.23670216,-0.052230686,-0.14296597,-0.099430576,0.09914104,0.08675603,0.035128117,0.028889224,-0.11499126,0.14797883,-0.31798825,0.021647718,0.054976832,-0.03281349,0.0922547,0.12798515,-0.018751264,-0.45258382,-0.23342623,0.02815312,0.039424315,0.053272836,-0.1855997,-0.27065393,-0.14853959,0.33407712,0.37120444,-0.14727579,-0.22907189,-0.2496126,-0.23995183,0,0,0,Enabler,0.2547343107464024
369,3,0.007518796992481203,0.0004339175532621687,0.19661745161936317,0.0013682008660408243,0.0,2,0.0008113841513336621,34.45348764656946,0.5,4,0.0,0,-0.37680771710107014,11,6,2.090909090909091,0,0,3,8,-0.16508926,0.3091052,0.48711234,0.012213005,-0.016239636,0.19111113,-0.07639702,-0.9399249,0.04235281,0.0779354,-0.16372083,-0.18593036,-0.13803472,-0.1741696,0.31857258,-0.13385369,0.09442799,-0.04376645,0.37367925,0.39275283,-0.4199793,-0.079941206,-0.1074874,-0.06657242,-0.17291054,0.10076997,-0.016644211,-0.42132732,0.15403715,0.11312205,0.21346273,0.5461758,-0.13775797,0.29695433,-0.15274769,0.18926004,0.11749071,-0.17664078,-0.6229181,-0.28324732,-0.21837963,0.23890506,-0.6201743,-0.36245507,0.3651682,-0.13624652,0.07725343,0.23440893,0.070724994,-0.5506375,0.2467629,0.25825188,-0.1466969,0.059174277,-0.15252562,0.34593964,-0.46346053,-0.12043459,-0.07660685,0.3990859,0.067243986,-0.26333493,0.0067292564,-0.3160986,-0.00861736,-0.017116854,-0.23736088,0.23564318,-0.4162091,0.1378877,0.15853882,-0.42380005,0.253054,0.10703846,0.1665675,0.52073336,-0.13211831,-0.21963409,-0.3962454,-0.19710776,0.20351034,0.26734126,-0.22454248,0.18574107,-0.3126607,0.6054413,-0.15714192,0.22703266,0.16911107,-0.18124317,-0.17915335,-0.53165865,-0.0132871,0.038843527,-0.00949602,0.27423465,-0.28700492,0.17596732,0.177161,0.24050619,-0.012163212,0.43819132,-0.014369207,-0.1832186,0.1619168,-0.19140568,0.43884468,-0.054666165,0.17330573,0.06519151,-0.33323136,0.216373,0.3802093,0.44112402,-0.28383878,-0.057496075,-0.050222952,0.29031256,-0.05700453,0.029208995,-0.2978453,0.077489235,0.3598261,-0.23273984,-0.1469468,-0.07988708,0.13582629,-0.58594525,0,0,0,Peripheral,0.0121973982044135
370,14,0.03508771929824561,0.007572357237435645,0.2800103707544724,0.054646695626086074,0.08791208791208792,10,0.006634220979061319,601.2527370096276,0.20952380952380953,15,0.0,0,1.3920285090358007,6,5,2.5,2,3,1,0,0.0892395,-0.060307726,0.18916515,0.04585705,0.15677562,0.20181096,0.029002419,-0.07766569,0.028045638,0.14592265,-0.26433304,0.008358943,-0.17008351,-0.08782072,0.36050925,0.19947647,-0.06395675,-0.15762089,0.1448431,0.13523299,-0.26353055,-0.0549173,-0.118531965,0.028144082,-0.06083176,-0.076759085,-0.12944117,-0.0019424013,-0.028774837,0.12738398,0.2707154,0.20831321,-0.09243514,-0.003352943,0.06059255,-0.2529852,-0.07598713,0.07162154,-0.09295673,-0.058700565,0.25044185,0.2137444,-0.31487182,-0.1659762,0.08179155,0.08708491,-0.042019594,0.09508933,-0.08671204,0.036774803,0.28120282,0.28361815,-0.119849496,0.16700184,-0.20931596,0.15545675,0.0064394074,0.20300646,-0.12009355,0.26540545,-0.036037836,-0.32187787,0.027862083,-0.44232547,-0.042829186,-0.10445848,-0.256451,-0.034008097,-0.1351873,-0.22221525,0.082054436,-0.13994734,-0.019661816,-0.12565066,-0.071200535,0.0061244797,-0.025631197,-0.37636274,-0.21829759,-0.029452778,0.12167308,0.14424756,0.06295423,-0.19031182,-0.20671947,0.25707927,0.11270492,0.02570254,-0.00037750372,0.19694576,-0.0050538746,-0.11324737,-0.055555712,-0.26818448,-0.133407,-0.12069283,0.24951795,0.029780127,0.122839674,-0.16801071,-0.15399374,0.16143605,-0.01941041,0.11149916,0.011774203,-0.068282746,0.13548374,-0.19424687,0.2690047,-0.029494522,-0.10957776,0.049645763,0.08610242,-0.080188185,-0.074636735,-0.06896548,0.039884277,-0.018054252,0.18066533,-0.032308396,-0.17316826,-0.208644,0.11132742,0.116707064,0.015836218,-0.19228838,-0.23192173,-0.036875933,0,0,0,Peripheral,0.0679324009102972
371,1,0.002506265664160401,0.0,0.19927118409520733,0.0009442684619203305,0.0,1,0.0,0.0,1.0,2,0.0,0,-0.6984143036714102,10,6,2.0,0,1,2,7,-0.27798584,-0.5112861,0.016502948,0.21704984,0.07109839,0.29027402,0.011216021,0.10420459,-0.108549535,0.02879007,-0.17030312,0.5020701,-0.49374542,0.02532903,0.5480279,0.33418322,0.25365084,-0.09645671,0.17739666,0.28475448,-0.33209783,0.3371943,-0.2515992,0.10120567,0.01610902,-0.06533988,0.18104656,0.18115683,-0.17239448,0.269321,0.4850256,0.30335185,0.024804596,-0.024595987,0.7602066,-0.27570796,0.47167435,-0.06256772,0.11972527,0.13690683,-0.028028896,0.22285688,-0.16602208,0.3799637,0.298499,-0.053907946,0.22177146,0.22705851,0.14533845,-0.090006836,0.38525566,0.29109928,-0.48099157,0.5107981,-0.07874274,0.0886408,-0.2104785,-0.008187261,-0.27593753,0.028221427,0.1515258,-0.2682346,0.5495685,-0.27325454,0.3806289,-0.2777287,0.15560347,0.24006596,-0.16882657,0.28220204,-0.12598766,-0.43019962,-0.04597707,0.24158095,-0.1392778,-0.11064827,-0.6582457,-0.3303942,-0.032381274,-0.3511972,-0.19945925,0.035048034,-0.11911602,0.024598625,-0.15342383,0.6498474,0.19709854,0.040412433,-0.1617727,0.34721875,0.34455633,-0.0976054,0.123564094,0.23110227,-0.30172038,0.10376748,0.3026625,-0.21789749,-0.095326915,-0.22015017,-0.048674364,-0.12743272,-0.04387855,0.20924589,-0.045275476,-0.24196117,0.28975713,-0.09264061,0.14904793,0.094865374,0.041227404,-0.040783025,0.110816166,-0.012254096,0.022365106,0.010520082,-0.059131462,-0.26079315,0.06051162,-0.0460503,-0.14903899,0.07193885,-0.02113055,0.6079691,-0.17055185,0.052293647,-0.47967425,-0.18244235,1,1,0,Peripheral,0.017647740788167606
372,1,0.002506265664160401,0.0,0.1675152295385188,0.00013665300712766058,0.0,1,0.0,0.0,1.0,2,0.0,0,-0.6984143036714102,7,6,2.857142857142857,0,2,4,1,-0.048031785,0.062011603,0.29483157,0.59561056,-0.13682552,-0.044551015,-0.13219287,-0.6592747,0.32579997,0.3250239,-0.26243356,0.16412076,-0.14295372,-0.33085865,0.22931753,0.344859,0.19385467,-0.15544073,0.4905706,0.08759113,-0.06362294,0.17698872,0.27134287,-0.39551374,-0.48411316,-0.018863412,-0.14484523,-0.15547521,-0.3199327,-0.24537528,0.27691332,0.20276442,0.25762334,0.21761458,0.21080685,-0.62992173,-0.012577718,0.17050532,-0.4570822,0.025320238,-0.47035527,0.21836197,-0.57903665,-0.09274731,0.5171358,0.10617855,0.09722458,0.08221378,0.091784045,0.43056658,0.5425178,0.27199388,-0.6334566,0.13734731,-0.7804552,0.022007946,-0.095447265,0.23501213,-0.32624868,-0.07972762,-0.3939159,-0.102528214,0.55984783,-0.09424693,0.01130246,0.09612938,-0.17289898,-0.117682174,0.39734372,-0.05263361,-0.29344136,-0.27823585,0.010504019,0.026302516,0.24231178,0.22588356,-0.012396802,-0.08773919,0.026099259,-0.25003168,0.22324798,0.5455106,0.08767612,-0.34259087,-0.082662195,0.7521626,0.21897063,-0.48157206,0.33198115,0.092972405,-0.65563303,-0.5616598,-0.20076235,-0.8316198,-0.44303724,0.15510717,0.62770706,0.13099281,0.23607261,-0.35341632,0.3146885,0.1480138,-0.02117979,0.12790824,-0.23589471,0.009640544,0.2991537,0.34767008,0.26821703,-0.036082856,0.25105873,-0.188535,0.034266554,-0.08755575,-0.12180271,0.09471,0.14527237,0.104063064,0.39611953,-0.1492931,-0.29189554,0.07971191,0.0063953055,-0.2135181,0.37934786,-0.22404304,-0.38575467,-0.011369653,1,1,0,Peripheral,0.017521549451530595
373,3,0.007518796992481203,0.0010764693630581346,0.2084801219994788,0.0023179311043669093,0.0,3,0.0006634640515073539,85.47274389617895,0.5,4,0.0,0,-0.37680771710107014,6,5,2.1666666666666665,0,2,0,4,-0.09543364,-0.24358504,-0.100647286,0.4035076,-0.07353673,-0.08409314,0.08284274,-0.51607573,0.7915371,0.2167446,-0.16287087,0.040889487,-0.021265183,-0.25560603,0.47594666,0.17562671,0.22640382,-0.22534937,0.47630847,-0.0303545,-0.33348417,0.18583143,0.38470072,-0.30821234,-0.29081026,-0.42609823,0.010642534,-0.120608695,-0.23436126,-0.09616339,0.3054768,0.17007986,-0.16114028,0.47133607,0.2016311,-0.36609393,-0.3386989,-0.13933083,-0.17728242,-0.25018936,-0.17824282,0.09629434,-0.59946126,-0.14621271,0.37642208,0.20771441,0.24732171,0.2815104,0.30067647,0.05434364,0.30490738,0.44637862,-0.29562214,0.085415356,-0.36055326,0.0704517,-0.24177945,0.23701729,-0.10516547,-0.10653105,-0.20070572,-0.33101404,0.3508692,-0.21131279,-0.19754781,0.26620305,-0.29036278,0.023501452,0.050599303,0.08929935,0.099907495,-0.6097596,-0.23184243,-0.033271212,0.26870158,0.05965411,-0.0863186,0.015700651,-0.10737235,-0.3617433,0.17246352,0.51340854,-0.1718475,-0.35484934,-0.06000557,0.33106422,0.09720178,-0.2946635,0.47864553,0.23598172,-0.5237663,-0.20304176,-0.3103229,-0.17974561,-0.42192772,0.30143178,0.41435623,0.35578576,0.10978575,-0.04951549,0.06597269,0.22645962,7.216194e-05,0.27196574,0.112336375,0.019343313,0.38272938,0.1965819,0.21537648,0.17972785,-0.009956041,-0.23981889,-0.119366035,-0.057353035,-0.23402582,-0.008181249,0.2728969,-0.007515721,0.33234298,0.15914147,-0.41646385,-0.2218314,0.031967986,-0.12652819,-0.10291739,-0.028802551,-0.31968597,-0.00027845643,0,0,0,Peripheral,0.01563147019904844
374,21,0.05263157894736842,0.03046107632514762,0.29936592633657877,0.06953477466417503,0.03333333333333333,10,0.02844368236843728,2418.639921293046,0.12121212121212122,22,0.26530612244897966,3,2.0352416821764807,16,7,3.0,10,6,0,0,0.08914789,-0.22938745,-0.02086257,-0.0056683226,-0.05048744,-0.042019602,0.028172746,-0.3790898,0.057056505,0.111915715,-0.017458448,0.046686392,-0.1961855,0.19590434,0.15582454,0.12150761,0.006650766,-0.2366269,-0.04839055,0.30722025,-0.34491035,0.03692652,-0.08092234,-0.16923329,-0.113170594,-0.006803609,0.043521438,-0.015409037,0.19915429,0.123736985,0.15445541,0.24433857,-0.2266872,0.040633425,-0.22671509,-0.19038661,0.30040738,-0.19979297,-0.3741138,-0.13179883,-0.019539986,0.13572167,-0.25435698,-0.2194941,0.16105427,-0.14752433,-0.061583154,0.11001006,0.063670315,0.13315812,0.18960884,0.29902738,-0.028483512,0.034737125,-0.0657543,-0.058442544,-0.08851038,0.27638367,-0.1088008,0.09761893,-0.03266409,-0.17561674,0.004169501,-0.16020153,0.16589232,-0.020214148,-0.070573874,-0.002030819,-0.002934662,0.04600502,0.1362639,-0.3449293,-0.024779066,-0.19549362,-0.06884878,0.17013861,-0.012406447,-0.34005642,-0.22636802,-0.06304322,0.082247615,0.22930856,-0.09879659,-0.09756377,-0.02502488,0.36122203,0.16813743,-0.09097394,0.081367,0.2602839,-0.13876973,-0.098247744,-0.20532471,-0.10322719,0.041880526,0.0151392445,0.23228963,-0.12103542,0.046115633,-0.22429949,-0.10532968,0.19539629,0.056106225,-0.016076943,-0.09250188,0.17958727,0.16645071,-0.051941596,0.026521336,-0.10961566,0.021633884,0.16481426,0.15593666,-0.13726686,-0.23408502,-0.06268079,0.22206156,-0.09526231,0.19659099,-0.0028452333,0.12847336,-0.06841478,0.17479788,0.27540565,0.01140331,-0.027901651,0.014915402,-0.2723259,0,0,0,Coordinator,1.0
375,1,0.002506265664160401,0.0,0.002506265664160401,1.0682421910336818e-45,0.0,1,0.0,0.0,1.0,2,0.0,0,-0.6984143036714102,11,8,2.727272727272727,0,4,5,2,0.6331438,-0.28079072,0.14169662,0.7299111,0.61281973,0.29426867,-0.5457029,-0.43752632,-0.4095316,0.71268594,0.42276025,0.10678689,-0.20732045,-0.677608,1.3653083,0.8687381,-0.75135565,-0.31814826,-0.21356142,0.8381076,-0.47070473,0.16149592,-0.46542737,-0.6125364,-1.4129328,-0.033237554,-0.21285261,0.38830698,-0.002577736,-0.050099306,0.2678934,0.5522565,-0.43702066,0.2658536,-0.23627941,0.654806,0.9391941,-0.030271508,0.13757257,0.11058697,0.07089502,0.82144135,-0.23444867,-0.46994662,0.62970114,0.23733355,-1.0170972,-0.17206973,0.120226614,0.22215012,1.1718625,0.45382324,0.27550533,-0.07251697,-0.50961244,0.25743645,0.65905,0.3908159,-0.65539813,0.1357855,-0.55662227,0.043807194,0.8168236,0.4082117,0.9056524,-0.0003786999,0.0075800098,0.4558693,0.025497122,-0.82209176,0.40816388,-0.93889326,-1.4109465,-0.14608558,0.3363252,-0.80363417,-0.34839478,-0.25644952,-0.2233578,0.1345811,0.039866753,-0.66032493,0.23265098,0.82455796,0.3062286,1.2202383,1.0081012,-0.38923985,0.16373539,0.035092983,0.054189157,-0.013576056,0.5244826,-0.4404161,0.12172179,0.5654978,-0.46034622,-0.9031856,-0.06668592,-1.040939,-0.22991844,0.30043977,-0.6015066,0.8386945,0.4134333,-0.24277,0.34335446,-0.04774422,1.1110493,-0.6275333,0.3028611,-0.07600969,0.34883153,0.006941621,-0.076165035,-0.37078846,-0.0003928516,-0.21489318,0.47339997,-0.53004426,-0.6370678,-0.66180575,0.48847792,0.2556519,-0.6795086,-0.20031984,0.36388132,-0.32453686,1,1,0,Peripheral,0.01750019717858612
376,3,0.007518796992481203,0.0006738838463249996,0.21271252788159,0.003540878255782018,0.0,2,0.00041460530418478046,53.507051282051286,0.5,4,0.0,0,-0.37680771710107014,8,7,1.5,0,1,3,4,-0.13767101,-0.19557843,-0.06042428,0.09507039,0.04396689,0.38207406,0.113419056,-0.020844636,-0.21205443,0.47809803,-0.13065617,-0.48134825,-0.46084902,0.045663666,0.5354474,0.02280311,-0.06468179,-0.4915996,-0.047038376,-0.29383814,-0.10255629,0.57635826,-0.12202246,0.38148692,0.11837109,0.21919581,0.2538178,-0.30594,0.12369576,0.5071925,0.21091083,0.3073685,-0.16967799,0.0024190093,-0.15542585,-0.4948227,-0.31420088,-0.05388082,-0.056309156,0.46223617,-0.0075082267,-0.0014540917,-0.38490018,0.11780008,0.014542288,0.22806531,-0.4122083,0.12840192,0.09541832,0.42666268,0.0026903753,0.4546768,-0.15506424,0.44521442,-0.2098521,0.21584673,0.011936917,0.23626702,0.046019062,0.2816497,-0.19579515,0.064300686,0.36212474,-0.19973822,0.058122117,-0.26997414,-0.35614812,0.19093566,-0.35618585,-0.07935401,0.060918756,-0.34459198,-0.020642923,-0.042132087,0.125065,0.033868942,-0.12756494,-0.5119976,0.25516486,-0.005846904,-0.17913795,0.122442655,-0.35694236,0.1418295,-0.20144287,0.009454138,0.1404602,-0.010936179,0.0581641,0.50899464,0.035848588,-0.31708547,-0.26122713,-0.29262155,-0.20268583,-0.09974538,0.45851594,-0.032160792,-0.22722328,-0.20884943,-0.0436455,0.3512514,0.046208166,0.21104442,0.12796798,0.29790947,0.36398184,-0.54129314,0.5894007,0.1836977,0.1893522,0.027684353,-0.29288766,0.061028875,-0.040159184,-0.04153767,-0.18861796,-0.1790407,-0.066773795,-0.2744783,-0.24995008,0.02427754,0.6274136,-0.11139948,-0.28225908,0.064187,0.10133879,-0.25457364,0,0,0,Peripheral,0.0125968751208209
377,5,0.012531328320802004,0.003300167025497037,0.22857989449344684,0.00453111163510078,0.0,3,0.003013301125267808,262.03656199149026,0.3333333333333333,6,0.0,0,-0.05520113053073,16,11,2.0,3,3,7,3,-0.04826989,0.00424047,-0.10681409,0.14703675,0.23018794,0.30733043,0.3766844,-0.5677068,0.049759284,0.11396962,-0.29095227,-0.2535639,-0.3658051,-0.19978455,0.2729036,0.10331375,0.18437123,-0.42161146,0.46630034,0.11623021,-0.46657395,0.031193893,-0.011884536,-0.34552994,-0.053835377,-0.31001204,-0.30999383,-0.13189982,-0.21092941,0.194681,0.39329478,0.60218257,-0.2416397,0.4521931,-0.060412675,0.09539247,0.012417718,0.084191725,-0.49574003,-0.4671966,-0.07887871,0.35752892,-0.5522292,-0.17221823,0.0965419,-0.14063486,0.10447721,0.16467583,0.56308335,-0.0534944,0.058569048,-0.091078915,0.19754888,0.0053179627,-0.44988266,0.06679915,-0.54288375,-0.07776318,0.058262967,-0.006521357,0.1103618,-0.12080036,-0.35541323,-0.22550865,-0.11191069,0.012428813,-0.13738962,0.56181276,-0.00047949242,0.12255292,0.21565074,-0.5886183,-0.34567818,0.14462277,0.17607242,0.22578883,0.13394096,0.11853511,-0.06355883,-0.4348613,0.118180804,0.11318468,-0.25382063,-0.093667254,-0.24149923,0.39119437,-0.045814157,-0.21721014,0.3796035,0.21341613,-0.39109734,-0.24618512,0.04814246,0.021421669,0.23946847,0.09941091,0.28562397,0.18523225,0.3623493,-0.22195488,-0.07837234,0.5221736,0.17059782,-0.23004958,0.06511697,0.15114914,0.07501803,-0.25875545,0.12882952,-0.035010807,-0.15051451,0.32404673,-0.1762275,0.26243544,-0.2601618,-0.11497935,-0.03338935,-0.16552693,0.30735186,0.06118342,0.14445765,-0.17711149,0.42941082,-0.22905268,-0.41882196,0.096608035,-0.28956082,-0.17447057,0,0,0,Peripheral,0.020283256485288656
378,9,0.022556390977443608,0.006892464893777261,0.26300569236857324,0.022566783336268346,0.16666666666666666,5,0.013402594677120662,547.2686050308082,0.3333333333333333,10,0.0,0,0.5880120426099502,25,12,2.6,9,2,7,7,-0.11739462,-0.24766025,-0.1315569,0.024241788,-0.16416667,0.12421579,0.12969336,-0.24089739,0.05274817,0.32834652,0.046127807,-0.18587632,-0.13762358,-0.14179783,0.5050344,0.08595331,-0.054731216,-0.17390779,-0.2726156,-0.07373101,0.1555226,0.16679136,-0.145624,0.21846618,-0.0850779,-0.062399067,0.051561676,-0.3431759,0.24950793,0.23150422,0.47353786,0.13272399,0.112828694,0.0079458635,0.02572448,-0.4172013,-0.13602704,-0.13154827,0.0505946,0.06466114,-0.247094,0.07604597,-0.40725616,-0.38373435,-0.024257889,-0.040139157,-0.04063863,0.16786331,0.31738055,0.15234903,0.23159043,0.061447665,-0.29981193,0.37830403,0.0013885255,-0.11237076,-0.009020278,-0.078161664,-0.17059338,-0.030689305,0.123472825,-0.15252629,0.30574536,-0.24332646,0.20884022,-0.1637599,-0.24827509,0.16589354,-0.2315278,-0.24483949,-0.011489141,-0.3341935,-0.14564192,0.15814452,-0.10375614,0.3166727,0.06457138,-0.27141303,0.11269155,0.05584236,-0.020677565,-0.11704352,-0.18151084,-0.060830124,-0.2363265,0.36298135,0.028618194,0.012272107,-0.020838678,0.3972141,0.06781058,-0.26783088,-0.048167307,-0.07409831,-0.15004815,-0.17005011,0.25064325,-0.113722816,0.07260889,-0.08689542,-0.21712726,0.43364117,0.16433784,0.41934276,0.12792453,0.18219607,0.09910504,-0.28007984,0.38838828,-0.10605541,-0.08782292,-0.045135267,-0.06306893,0.3144079,-0.19126794,-0.15044723,0.07630931,0.08580778,0.13357733,-0.19750965,-0.14351264,0.06800421,0.47602314,0.31622058,-0.20849812,0.15019117,-0.029626997,-0.34161076,1,2,0,Enabler,0.30813521218435336
379,22,0.05513784461152882,0.040268063724271747,0.3132227869577512,0.07749036965452322,0.047619047619047616,10,0.0378355409461013,3197.324527770901,0.13043478260869565,23,0.25413223140495866,3,2.196044975461651,7,4,2.857142857142857,6,1,0,0,-0.023346307,-0.0779372,0.03282237,0.06863072,0.070440374,0.19420591,0.06926667,-0.22247355,0.1447445,-0.027340164,-0.13539605,-0.0074330955,-0.30328324,-0.1094867,0.28169578,0.10847339,-0.03126595,-0.28174043,0.026773263,0.4445667,-0.096183114,0.17464527,-0.006628463,-0.13829495,-0.061113257,0.13456602,0.023229595,0.23149998,0.21833421,0.018114034,0.085307285,0.08275995,-0.14864887,0.028668076,-0.13447937,-0.18435666,0.17465998,0.058978662,-0.253256,-0.23572129,0.13398364,0.214066,-0.26373568,-0.06597084,-0.008418266,0.20079122,-0.084406026,0.116004,0.10756236,0.32924277,0.25180528,0.08314645,-0.18470061,0.15815537,-0.016963696,0.23867626,-0.04899781,0.24477994,-0.091086805,0.2283648,-0.0075567826,-0.35520634,0.1539228,-0.34212252,0.13526732,-0.004751132,-0.36520767,0.08092801,-0.115315594,-0.12846431,-0.07968424,-0.30299455,-0.0852397,-0.18686377,0.06492883,0.15358262,0.054983154,-0.13641573,-0.029716589,-0.0035597642,-0.117807485,0.06284375,0.046804354,-0.18058847,-0.22172207,0.1560891,0.025301382,-0.18215513,0.06164426,0.06269682,-0.08443184,-0.20125316,-0.10218272,-0.113017015,0.08786404,-0.06231763,0.2153946,-0.048067953,0.13674034,-0.2255216,-0.005435509,0.18794645,-0.101374015,0.058322437,-0.14973786,0.08245342,0.18115158,-0.14248589,0.2678755,-0.010022277,-0.030552892,0.10111244,0.205943,-0.101070434,-0.34031978,-0.021631012,0.0966123,0.018881941,0.24525543,-0.22245526,0.00930196,-0.218613,0.023355218,0.15200067,0.107156254,-0.12857506,-0.117533274,0.00944003,0,0,0,Peripheral,0.10405105855584118
380,6,0.015037593984962405,0.02283069163637711,0.23830669851444455,0.011108620714689746,0.13333333333333333,3,0.009605121022835754,1812.779746619979,0.38095238095238093,7,0.0,0,0.10560216275444005,10,6,2.3,1,3,6,0,-0.19766456,-0.04037838,0.39266855,-0.0070014945,0.1429753,0.40427804,0.035081074,-0.7156852,0.23507044,0.045337476,0.121400766,0.045150284,-0.34437972,-0.16479996,0.2762388,0.0022930282,0.25361422,-0.35449582,-0.30330586,0.27835038,-0.31785908,-0.011471243,0.30239516,-0.07604855,-0.19948076,-0.25234672,-0.18854876,-0.30829638,0.15222776,0.12617776,0.43521997,0.32443872,-0.2491639,0.2642008,-0.1969775,-0.28612798,-0.23439455,-0.09676526,-0.2361698,-0.42621627,0.029725943,-0.17232181,-0.3066056,-0.28161502,0.08987637,0.09692676,0.38705727,0.25167727,-0.06292048,-0.079655245,0.5705526,0.073365964,0.023284357,-0.09185227,-0.10403091,0.19883643,-0.17103608,0.1954452,-0.04457552,0.050008085,-0.07574048,-0.15438323,-0.09583243,-0.28026804,0.08866449,0.0022714639,-0.054954033,0.12805444,-0.24095415,0.13620752,0.38904393,-0.47922525,-0.10140334,0.10668608,-0.104591265,0.0713293,-0.02634623,-0.15124047,-0.23659663,-0.09143274,0.14949855,0.39239606,-0.08961674,-0.012561777,-0.34447187,0.4361735,-0.19566137,0.2696166,0.21676855,0.14911848,-0.09454527,-0.19889294,-0.14364259,0.007906515,-0.109828345,0.19949089,0.0040988047,-0.067992344,0.18308598,0.031202693,0.0014833467,0.3723836,0.29543567,-0.05468952,0.19505025,0.10519288,0.4472766,-0.326979,0.23507568,-0.26266292,-0.052295346,-0.026721224,0.100325204,0.1227247,-0.07179162,-0.25056452,-0.074580535,0.19176023,-0.15040715,0.038319595,-0.17032139,0.22527269,0.32178724,0.1790096,-0.09421925,-0.28038213,0.2488894,-0.2971677,1,1,0,Peripheral,0.04056885199397865
381,5,0.012531328320802004,0.013758462356191927,0.21625301602875363,0.0037233912715237414,0.0,2,0.00969912829953163,1092.4356695439953,0.3333333333333333,6,0.0,0,-0.05520113053073,15,8,2.2,4,1,8,2,-0.06681667,-0.13369446,0.17017671,0.07201505,0.24544783,0.30451572,-0.1787762,-0.18936689,0.10339275,0.40662295,-0.12913465,-0.3303072,-0.2835682,0.06091361,0.6423209,0.01360689,-0.15933129,-0.40139467,0.1677913,-0.14024426,0.13958728,0.4358512,-0.26802745,-0.07020913,0.23222268,0.35763812,0.13410807,-0.004416544,-0.017321723,0.40345255,0.09646037,0.46720108,-0.19976945,0.08564063,-0.22079672,-0.47557467,-0.15397634,0.18635502,-0.09451788,0.20004836,0.048703987,-0.12587734,-0.39663824,0.1251584,0.07257043,0.042442303,-0.3106507,0.26210165,-0.13844243,0.101838626,0.030881157,0.5791697,-0.06099171,0.3602412,-0.21353446,0.2933507,0.03293146,0.23987016,-0.201291,0.42170706,0.03598389,0.048000753,0.3006278,-0.26399454,-0.03288593,-0.38489598,-0.4996068,-0.009841916,-0.60573494,0.0724425,0.12982939,-0.41536662,-0.030870818,-0.17960502,-0.16266116,0.053100023,0.030091291,-0.6458882,0.4429179,-0.34623137,-0.11218367,0.060532317,-0.30687672,0.27389538,-0.4533949,-0.09670009,0.15387616,-0.25313887,0.07129766,0.43226618,-0.026548577,-0.07454976,-0.13761471,-0.52818185,-0.15769522,-0.1793124,0.39803573,-0.061764862,0.022902656,-0.145103,-0.30784795,0.020836543,0.057126366,0.19957227,-0.05010572,0.2233596,0.1670175,-0.116143726,0.45677495,0.35250983,0.18741879,-0.0062123607,-0.055002484,-0.016738698,-0.28936055,-0.057664007,-0.24385756,-0.28662208,-0.122819096,-0.25509083,-0.18705449,-0.058379505,0.6917326,-0.22762223,-0.17157331,0.29361877,0.12759697,0.008286885,1,2,0,Enabler,0.1971263442631772
382,1,0.002506265664160401,0.0,0.20505809979494188,0.0015711617239614571,0.0,1,0.0,0.0,1.0,2,0.0,0,-0.6984143036714102,12,9,2.4166666666666665,0,3,4,5,-0.12217662,-0.3790606,0.304397,-0.17193733,0.31677544,-0.03570596,-0.08777481,-0.57195085,0.10012685,-0.11283266,-0.21464913,-0.17616457,-0.4500416,-0.17764783,0.34498486,0.14984444,-0.32880017,-0.103524126,-0.07992768,-0.13845818,-0.42018944,0.015654897,-0.22572555,-0.12799302,0.22174767,0.17947912,-0.14636448,0.31382024,-0.16624315,-0.19830239,0.29308292,0.10236031,-0.3653525,0.2635632,-0.025474312,0.048080515,0.39266327,0.16155578,0.32553485,-0.11605079,0.14394428,0.0711571,-0.6347498,-0.25001305,0.12940449,0.018713597,0.020898001,-0.2019665,0.22769767,0.031031666,0.3452731,0.4287322,-0.5727616,-0.10458295,-0.37420955,0.30691326,-0.06254584,0.17564102,-0.21275128,0.4597251,-0.12775363,-0.3983096,-0.06662267,-0.57811207,0.32190278,-0.19680853,-0.14456102,-0.04954345,0.0075102467,-0.055255502,0.1633194,-0.19316427,-0.21091516,-0.060285315,-0.026078183,-0.29086939,-0.35561556,-0.49110836,-0.21183747,0.0164506,0.29711735,0.27903742,0.061351474,-0.4905888,-0.39758056,0.13421477,0.06117077,-0.2020368,-0.042190336,0.12986799,-0.046462905,0.06124939,-0.059494324,-0.16729988,0.3657077,-0.032430384,0.41648418,0.23323779,0.006321786,-0.1024889,-0.09529285,0.33327204,-0.08121871,0.23660824,-0.46051395,-0.02925129,-0.483557,-0.14823504,0.27501342,0.29016334,-0.24547444,-0.012382814,0.08925963,-0.044569302,-0.43782175,-0.14232849,-0.20262295,0.13224535,0.14077975,-0.09248849,-0.14296846,-0.044674873,0.44618064,0.5350439,-0.10451704,-0.22625174,-0.42510173,0.39266998,1,1,0,Peripheral,0.01774569396402159
383,4,0.010025062656641603,0.002584824484752783,0.2158219468938126,0.0035259065113389023,0.0,2,0.00523331644173934,205.2376489138557,0.4,5,0.0,0,-0.21600442381590007,14,8,2.4285714285714284,3,0,7,4,-0.055036046,0.08203577,0.16130647,-0.22066304,0.6723472,0.15337777,0.2880812,-0.60707426,-0.0891279,0.2522752,-0.38038814,-0.31247848,-0.73830205,-0.28208637,0.37955326,-0.06887107,-0.15854974,-0.48027956,-0.10122715,0.21991779,-0.565575,0.033634674,0.34837294,-0.35288283,0.16834094,-0.13493371,-0.34800246,-0.3392564,-0.018455535,-0.051912893,0.5063198,0.47382987,-0.10356534,0.269462,-0.43043238,-0.01605638,0.11886228,0.17596735,-0.5373486,-0.078537695,0.23498392,0.36855513,-0.4414125,0.062440317,0.12422105,-0.198994,0.15875761,0.088850595,-0.17403224,0.15464768,0.6238652,0.06137686,-0.09812879,-0.040622648,-0.058629446,0.5519177,-0.08586538,-0.06887646,-0.27085987,-0.21463612,0.15968461,-0.39035502,0.086330354,-0.50713044,0.10604284,-0.048465855,0.20016348,0.25296012,-0.03265812,0.040535193,-0.022051375,-0.5744112,-0.09645329,0.044541195,0.117266886,-0.23876993,0.009051195,-0.2961672,0.22297958,-0.46159288,-0.05930676,0.4867447,-0.14231253,-0.4570763,-0.18064839,0.20285553,-0.44832343,-0.0043929913,0.178284,0.2810617,-0.34357768,0.077505626,-0.40547478,0.12670736,0.0680678,-0.12150911,0.2256576,-0.19943947,0.1868698,-0.37395856,-0.22013351,0.63527197,0.01322082,-0.008691825,-0.062364057,0.17109205,-0.26207227,-0.41485474,0.081027314,0.2615111,-0.0981623,0.062731884,-0.19183645,0.09442146,-0.41700533,-0.2858488,-0.04201558,0.08757466,0.16064554,-0.09210099,0.15159453,-0.25361052,0.22014919,0.15479684,-0.4760299,-0.09030405,-0.3002599,0.12590954,1,1,0,Peripheral,0.027447438269933015
384,1,0.002506265664160401,0.0,0.1974541216262541,0.0009479208429019775,0.0,1,0.0,0.0,1.0,2,0.0,0,-0.6984143036714102,12,7,2.25,0,3,3,6,-0.5043937,-0.024876127,0.042182107,-0.35393187,0.355857,0.031089274,0.100172445,-0.5483228,-0.14430425,0.2721804,-0.25730303,0.55090684,-0.23231637,0.16090478,-0.098251864,0.12620993,-0.04920988,-0.27522475,0.04382606,0.58824205,-0.5842649,-0.04234277,0.13220654,0.07332931,-0.25116846,-0.14172988,-0.12500526,-0.031258933,-0.09247211,0.044622246,0.19805256,0.07239062,0.16997156,-0.17369242,-0.28917778,-0.3837699,0.37114316,-0.29979813,0.0044336794,-0.13838658,-0.4589557,0.33196697,-0.23766339,0.10186625,0.36560845,-0.17604695,-0.3593077,0.23726116,-0.075558044,0.3051657,0.25560105,0.13128348,-0.10032003,0.18984102,-0.327052,0.07927136,-0.03116928,0.38371423,-0.13086358,0.58240366,0.03416972,-0.35391968,0.19184475,-0.19604494,0.18557885,-0.43225634,-0.039382536,-0.01833419,-0.23137486,0.14375658,0.29070657,-0.71914876,-0.055489965,0.0053922734,0.10230459,0.069010556,-0.0072711506,-0.6433685,-0.2877196,0.05249417,-0.09086356,0.13734753,-0.2973702,0.42888814,-0.06875501,0.3671017,-0.012371482,-0.00015950234,-0.23642413,0.3084206,0.2275191,-0.33820677,-0.13796525,-0.3200987,-0.15510786,-0.09709969,0.30839574,0.20444888,-0.3646854,-0.018752078,-0.085443966,0.21666358,0.024879102,-0.30572343,0.12085208,0.22766434,0.09254711,-0.0020579223,0.044384435,-0.2865238,0.35861355,-0.21482898,-0.46758685,0.21867046,0.1244602,-0.21633759,0.10401552,-0.37932244,0.14257926,-0.1458912,-0.051148415,-0.5040033,-0.021089012,0.58928055,0.09426043,0.21818939,-0.33478993,-0.34640446,1,1,0,Peripheral,0.017648311479126086
385,4,0.010025062656641603,0.0006198616370656538,0.21411471989135658,0.00392186210421319,0.0,4,0.0007962746061132732,49.21763384464998,0.4,5,0.0,0,-0.21600442381590007,10,7,2.3,0,1,3,6,0.037293125,0.016586842,0.27300137,-0.08806932,0.41645738,0.27900687,0.1381835,-0.5985167,0.05442206,-0.24051812,-0.58878124,-0.01025653,-0.43484303,-0.09582646,0.38448992,0.38533413,-0.42035908,-0.35109854,0.029226704,-0.2608326,-0.49315438,-0.18293749,-0.11454248,0.08270141,-0.23786329,0.08918042,-0.30277616,0.38705066,-0.15374443,-0.07261286,0.17449577,0.4344231,-0.21737605,0.2868252,-0.1020779,-0.2112789,0.042647474,0.08619843,0.027046993,0.46472707,0.5643065,0.45793444,-0.5358417,-0.2863858,-0.035707,-0.40400514,-0.050806995,0.3879673,0.39291632,0.26964846,0.1283942,0.28636262,-0.28109998,-0.15948418,0.06572353,-0.097584106,-0.23858845,0.4315961,-0.09105047,0.18459238,-0.40791076,-0.16607402,-0.050749104,-0.5656496,0.004892102,-0.20709755,0.2968659,0.20781903,-0.20714219,-0.004567981,0.4806976,-0.27370074,0.33160084,-0.16703852,-0.17316505,-0.040950738,0.05108933,-0.47555402,-0.29313815,-0.08238914,0.34241152,-0.071898185,-0.09462672,-0.65600157,-0.37280488,0.32930103,0.15246734,0.10778719,-0.13120306,0.028148374,0.31052852,0.016471414,-0.096477434,-0.01603814,0.027496701,0.034986015,0.44418445,0.084534094,0.2523831,-0.14445703,-0.08248358,0.24416679,-0.12101504,0.09544998,-0.113714896,0.011238288,0.19068323,-0.13773924,0.11665097,0.0089716725,-0.42147124,0.15865014,-0.09849979,-0.26692662,-0.39210764,-0.1758176,-0.09888547,-0.041212574,0.33033884,0.10302048,-0.011201242,-0.14682677,0.4349051,0.08847192,0.3322273,-0.17807472,-0.20639086,-0.018986294,0,0,0,Peripheral,0.020767990360583244
386,3,0.007518796992481203,0.00010563362961317649,0.2078131990244325,0.0019157235951520208,0.0,2,0.0003668953068204967,8.387415824915827,0.5,4,0.0,0,-0.37680771710107014,8,6,2.0,0,3,1,4,0.102987975,-0.05088019,0.19051434,-0.12682673,0.26656753,0.18639201,0.44941348,-0.5622393,0.052196067,0.041327458,-0.27377227,-0.4430364,-0.5665333,-0.1422001,0.10639258,0.15250652,0.021745795,-0.34441492,0.021932596,0.31765503,-0.52149814,0.08407082,0.282629,-0.33020404,0.05247115,-0.19556877,-0.22822995,-0.31068438,0.00954551,0.06757969,0.6503496,0.49572572,-0.1876953,0.38826644,-0.36226776,0.2865882,0.1400772,0.24671227,-0.5486593,-0.3407687,0.1277679,0.27819863,-0.73328817,-0.02845121,0.06565718,-0.0888695,-0.09203218,0.24711351,0.21442895,0.004439866,0.39240408,0.025781166,0.09219911,-0.16950665,-0.21808594,0.33825988,-0.48291394,-0.18709235,-0.19465373,-0.10840461,0.09019744,-0.27024236,-0.03474291,-0.5305475,-0.06494206,0.06664876,0.10331479,0.49378142,-0.014240833,-0.09364514,0.15116785,-0.7051976,-0.2367616,-0.06745602,0.055338055,-0.039146632,-0.095577896,-0.08843904,0.023477092,-0.4608007,-0.05511497,0.20241226,-0.16382448,-0.44006634,0.01238061,0.044661433,-0.39038977,-0.19714151,0.26199847,0.25067732,-0.29619431,-0.113832146,-0.1024344,0.0038373908,0.069968835,-0.11647884,0.43411413,0.013928022,0.39671403,-0.35661542,-0.3500402,0.6047746,0.21430075,-0.13257582,-0.14128257,0.29955137,-0.15864244,-0.31490934,0.20701154,0.18364093,-0.26301268,0.04232624,-0.4105689,0.08712457,-0.32592207,-0.31614044,-0.13254614,-0.26538417,0.05202955,-0.015178176,0.24638376,-0.26302692,0.39325604,-0.0457696,-0.34632677,0.02685981,-0.21210818,-0.12100557,0,0,0,Peripheral,0.012200877689129001
387,1,0.002506265664160401,0.0,0.17453628698290594,0.00022960931703540024,0.0,1,0.0,0.0,1.0,2,0.0,0,-0.6984143036714102,8,5,2.625,0,3,2,3,0.048647024,-0.1558946,-0.0039124764,0.4456921,0.5228807,0.22090265,-0.157562,-0.25957876,0.014915631,0.29848173,-0.026645884,-0.28810433,-0.25363117,0.34808347,0.73935914,0.07502875,-0.13178797,-0.49323502,0.17985944,-0.2616731,0.13543586,0.5032301,-0.16086997,-0.18695477,0.07748356,0.35031,0.16089892,0.122216724,-0.10675789,0.38334903,0.13918906,0.5088809,-0.26167774,-0.17244227,-0.40182072,-0.42798522,-0.25839922,0.3186487,-0.08489328,0.27554873,-0.105402686,-0.28884682,-0.43977115,0.25864893,0.30380645,0.24590483,-0.42806625,0.17842378,0.0046733706,-0.038369365,-0.026436923,0.61104876,-0.1484811,0.5147344,-0.2940653,0.3041634,-0.2737557,0.31327352,-0.2738075,0.33851215,-0.041092344,-0.034865603,0.36292818,-0.42024198,-0.09730113,-0.43639126,-0.5610048,-0.26166278,-0.5976175,-0.046217874,0.09262982,-0.5170791,0.12218787,-0.039796837,0.0896096,0.033442892,0.049370665,-0.6161742,0.44019386,-0.037105016,0.009323007,-0.010048852,-0.39000383,0.1643299,-0.5261087,-0.02726306,0.31559864,-0.18175669,-0.10082235,0.47891647,-0.10396477,-0.058407772,-0.1995849,-0.5596677,-0.27886024,-0.22480738,0.49701864,-0.09327069,0.09599342,-0.310984,-0.1510539,-0.12817846,0.14175099,0.1940493,0.23301649,0.20483533,0.34604678,-0.20337011,0.54408395,0.34431988,0.32838622,-0.11230344,-0.15318276,0.050513223,-0.19275793,-0.053090215,-0.36770818,-0.16985881,-0.043815188,-0.3314971,0.006447851,0.041590005,0.90299815,-0.071813054,-0.18429807,0.28585666,0.2655561,0.031481825,1,1,0,Peripheral,0.01753607403860541
388,0,0.0,0.0,0.0,7.590317288714358e-60,0.0,0,0.0,0.0,0.0,1,0.0,0,0.0,16,8,2.0625,0,1,5,10,-0.0016646683,0.0018374678,0.005213879,0.006715647,0.007058856,-0.00032684207,0.0068748565,-0.0040134145,-9.786431e-05,-0.00051471125,0.0046820855,-0.0022685742,-0.0024730647,-0.005396747,-0.0018056799,-0.0023329444,-0.0027207043,0.0019887332,0.0032980004,-0.0047805663,0.004681999,0.0033337893,0.0014135707,-0.0052907215,-0.0026275814,-0.0074889865,0.00072237477,-0.0072053326,-0.0062502082,-0.0031267665,0.0026638173,0.0064608715,-0.0060620913,-0.00055870414,-0.0030008228,0.0069115795,0.005194529,0.0017835433,-0.004530576,0.0022016214,-0.007808583,0.006717561,0.007560159,-0.0014306884,-0.0067406204,0.005316573,0.0076598693,-0.005006657,0.0029079756,-0.005479809,-0.0016873823,-0.0049614124,-0.0033177584,-0.005188115,0.0042188866,0.005727834,0.00057345815,0.0063903425,-0.007371504,0.00391174,0.004694663,0.006407324,-0.0055207396,-0.00013895612,2.0672567e-05,0.0016221246,0.0006041452,-0.0012303768,0.0076115644,0.0042114276,0.0017370833,0.0061573144,-0.002668227,-0.007091406,-0.001646596,-0.004960373,1.3304874e-05,-0.006172714,-0.0005691806,0.00049951766,0.0042125834,-0.00031536072,-0.001957504,0.0038838014,-0.0065824045,-0.0059970785,-0.007018525,0.0012048623,-0.0021863235,0.00139709,-0.0071244333,-0.0022541005,0.0016161129,-0.0038042981,0.0038820487,0.0053240163,0.00041642133,0.0016498761,0.00218134,-0.0062082093,0.0056775464,-0.0043288255,0.0067514693,0.0011245403,0.0060472256,-0.0031330576,0.0037902668,0.00042333826,0.0008534882,0.006926598,-0.005307763,-0.0022420809,-0.005943506,0.0005241288,0.006592025,0.003382234,0.0042190347,0.0032734033,-0.006491267,-0.0005430551,0.006512097,-0.0031962404,-0.0015291711,-0.005893699,0.0018123565,0.00436199,-0.0069569116,-0.0062334724,0,0,0,Peripheral,0.0
389,21,0.05263157894736842,0.03192703335006005,0.3064264434671584,0.07575655862577935,0.05238095238095238,10,0.0338412966824821,2535.038375028118,0.13852813852813853,22,0.26530612244897966,3,2.0352416821764807,15,6,3.1333333333333333,12,3,0,0,0.069721565,-0.012139519,0.083759755,0.047302146,0.1268839,0.1148337,0.08079577,-0.23672755,0.16745792,0.2614512,-0.14255491,-0.18663043,-0.2495234,0.16654892,0.35554478,-0.049790878,-0.01807654,-0.042089265,-0.10112357,0.043085277,-0.16993593,-0.04948327,-0.021168105,0.14932418,-0.07488659,-0.07355732,0.07198095,0.070965804,0.1308691,-0.1373878,-0.03403259,0.1834826,-0.10149245,0.23336115,-0.013573095,-0.21169887,-0.062322233,-0.21377327,-0.101488285,-0.15040566,0.016598152,0.26783141,-0.2120373,0.055484444,0.020596052,-0.16860598,0.041186087,0.33650357,-0.032961015,0.110793844,0.3612705,0.3170725,-0.3097543,-0.053369623,-0.0011928853,0.15341572,-0.15615174,0.2473898,-0.118472464,-0.075738415,-0.10117091,-0.18841636,0.21882507,-0.06429509,-0.059597496,-0.059916686,-0.14845093,0.1672732,-0.08694178,-0.15268835,0.18259464,-0.24028902,-0.047654964,0.06838084,0.011256177,0.12516853,-0.0995014,-0.27900565,-0.29070374,-0.16947363,0.06814074,-0.05756541,0.022810757,0.033439334,-0.2838118,0.14812537,0.25529936,0.010472157,0.12329553,0.28364876,-0.050898083,-0.07188862,-0.0664796,-0.046965603,0.011163573,0.16081953,0.0701517,-0.08746086,0.07018334,-0.11541511,-0.14329027,0.020008568,-0.06978192,-0.008869315,-0.17376971,0.04781877,0.24792905,0.21370251,0.20068859,-0.21601722,0.009018176,0.25048926,0.061985653,-0.036871746,-0.21724345,-0.06512778,-0.030126747,-0.083109654,0.13238281,-0.21619041,-0.13210295,-0.079148225,0.16604389,0.28969097,-0.18145546,-0.30174765,-0.09270459,0.00964314,0,0,0,Coordinator,1.0
390,4,0.010025062656641603,0.0008175840923226736,0.2523791997476208,0.012409336348012858,0.3333333333333333,3,0.0018479790229414398,64.91699451451261,0.6,5,0.0,0,-0.21600442381590007,16,8,2.6875,3,1,12,0,-0.06359286,0.03232503,0.27829397,0.1569406,0.23056467,-0.14769202,0.013202787,-0.32998678,-0.17656772,0.14871968,0.18386166,-0.07222792,-0.19873779,0.117700435,0.14236161,0.13315143,-0.12731348,0.03583635,0.27405998,0.41105413,-0.023989333,-0.3457546,-0.013146001,-0.23098868,0.22021514,-0.08610658,-0.15601352,0.06274799,-0.25571907,0.3304144,0.02263104,0.14861386,0.013005866,0.0132876495,0.06529739,-0.4828071,-0.12077057,-0.18834437,-0.2160915,-0.121826425,-0.24455443,0.07918936,-0.37747055,0.1203306,0.044321675,0.04206654,-0.051368408,0.17043114,-0.22224894,-0.23389597,0.32345045,0.06729077,-0.016590199,0.1990603,-0.28023046,0.041952062,0.33747354,0.2822965,-0.04932458,0.25941002,-0.115467265,-0.38124785,0.2557499,-0.33185312,0.11166662,-0.1761066,-0.37408662,0.16453409,0.11895134,-0.2040599,0.17669514,-0.45525384,-0.07132651,-0.26713052,-0.03746139,0.21940982,-0.14768696,-0.44479442,-0.45409676,-0.19881946,0.044658303,0.18586802,-0.19574872,-0.33126363,-0.34530735,0.37450102,-0.059165508,0.09467351,0.19250156,0.0051690447,0.15918013,-0.26656523,0.09107599,-0.1496377,0.046680767,-0.07697332,0.13850363,-0.12499824,-0.016144568,-0.108389705,-0.11581069,0.20538512,-0.16525586,0.095605396,0.1293235,0.21814726,0.16752964,-0.1328345,-0.11913558,-0.18666673,0.15159799,0.54279506,0.14542104,-0.06781071,-0.013190406,-0.004709931,-0.05854164,-0.31658563,0.1307207,-0.06452597,-0.13978481,-0.29551587,0.26282695,0.23248103,0.09232097,-0.2535705,0.16686364,-0.06624512,0,0,0,Peripheral,0.01901856911387569
391,13,0.03258145363408521,0.005618433077857411,0.2783307884106152,0.05248525011209909,0.05128205128205128,10,0.005437121809984178,446.10920481495634,0.18681318681318682,14,0.0,0,1.2312252157506305,14,10,2.357142857142857,3,6,5,0,0.1916916,-0.08770458,0.09250781,-0.009410229,0.1838294,0.052057467,0.060194265,-0.15475698,0.003801199,0.32780203,-0.1135008,0.019798215,-0.19624871,0.011579761,0.23138312,0.20084023,-0.16978508,-0.09892929,0.08409353,0.19976816,-0.18769577,-0.108174376,-0.085255936,-0.0046182773,-0.059139535,-0.06756562,-0.2334585,-0.15452524,0.053674027,0.20589903,0.21596928,0.23170994,-0.103416495,0.15527639,0.19660242,-0.18013953,-0.07529629,-0.10752005,-0.11926558,-0.011645556,0.03361482,0.21689327,-0.45550784,0.082300976,0.118613206,0.016919263,-0.047250476,0.15349428,0.079327084,-0.10841812,0.31460845,0.15003237,-0.17187612,0.2191098,-0.12702665,0.051669274,0.098254964,0.015064169,-0.09470459,0.05848333,0.06641337,-0.18654117,0.30823115,-0.2714636,-0.09130637,-0.18481393,-0.229104,-0.11083967,-0.14888802,-0.14232238,0.109872214,-0.25951764,0.09180284,-0.0064705936,-0.1141645,0.072516106,-0.04908599,-0.2753798,-0.2684909,-0.06410166,0.14807224,0.11961809,0.11101215,-0.030392654,-0.10655743,0.14727855,0.2723248,0.045340117,0.021401836,0.20063204,-0.0064706793,-0.30232137,-0.16804986,-0.3144215,0.08213667,0.030824881,0.22596177,-0.22619393,0.13076188,-0.237246,-0.18430969,0.274728,0.100612454,-0.045317885,0.09358667,-0.009746909,0.10957267,-0.104542896,0.16242817,-0.119488776,-0.111891516,0.11067518,0.09923782,-0.14551455,-0.08890889,0.032078877,0.017148072,-0.14232679,0.24126028,0.09070983,-0.06555366,-0.011784023,0.1926988,0.12741747,0.08494853,-0.18101889,-0.044957474,-0.12570095,0,0,0,Broker,0.7692354194976957
392,2,0.005012531328320802,3.358479951973737e-05,0.2083463951733085,0.002426910554485275,0.0,2,5.317593257291749e-05,2.666666666666667,0.6666666666666666,3,0.0,0,-0.5376110103862402,3,3,2.3333333333333335,0,1,1,1,-0.09848633,-0.043533906,0.34014973,-0.09740048,0.19055295,0.36943722,0.22231878,-0.17096594,-0.014631425,0.19873166,-0.19735666,0.24257109,-0.02703916,0.3278131,0.20074624,0.14474782,-0.025772497,0.08520166,-0.10950454,0.14110076,-0.6129269,-0.2641683,-0.066044904,-0.07890928,-0.14384308,-0.20701542,-0.31942233,0.23254535,0.22545938,-0.101526186,0.14804499,0.046090994,0.07350342,-0.22851609,-0.21429749,-0.43925238,-0.1207779,-0.099377334,-0.30960995,0.310767,0.14389181,0.35021713,-0.46775433,-0.2504306,0.10241457,-0.8085733,0.009231929,0.48385322,-0.12488698,0.25475562,0.44432977,0.63105404,-0.3984186,0.0069976235,-0.008803547,0.3953567,-0.27469194,0.6494874,-0.25296357,-0.15578303,-0.27743602,-0.17321497,0.25006345,0.033485323,-0.048218798,-0.3339329,0.10598646,0.4642219,-0.090886936,-0.059774064,0.3614882,-0.16665436,0.35085732,0.17599954,-0.11592865,-0.018498749,0.089523874,-0.16014941,-0.06572662,-0.23868029,0.055536717,-0.0655389,-0.031097466,-0.10530906,-0.3406529,0.38965386,0.43117177,0.0034531564,0.24456824,0.09700164,0.17234387,0.12951781,-0.17855582,-0.13756958,0.055875197,0.108161665,0.7158548,-0.26460364,0.20932579,-0.19208498,-0.21012421,0.19136925,-0.2076863,-0.3205028,-0.07747124,0.10411169,0.33387893,0.0119418865,0.4951787,-0.07184134,-0.048843436,0.17394638,0.026673196,-0.012594639,-0.22785963,-0.43678015,-0.14527853,0.44983867,0.15152241,0.040781878,-0.0042310227,-0.37158403,0.19286348,0.048801273,-0.10799106,-0.15756135,0.12816042,-0.018918522,0,0,0,Peripheral,0.010387718014731017
393,0,0.0,0.0,0.0,7.590317288714358e-60,0.0,0,0.0,0.0,0.0,1,0.0,0,0.0,9,5,2.3333333333333335,0,2,3,4,-0.0034677023,-0.0016438058,0.002195958,0.001788957,0.006651029,-0.006070682,-0.0054122163,0.0055011827,-0.006305255,0.006087697,-0.0050543463,0.003367926,0.0062204273,0.0069389734,-0.00028885808,0.007043357,0.006189974,0.0020960309,-0.0038920864,0.0005319901,-0.0024318108,0.0051451176,0.0014501913,7.438939e-05,-0.006777335,-0.002024576,-0.0055439323,-0.0007471647,-0.0031109098,0.0062760795,0.0030056918,-0.004748703,-0.0011826325,0.0019137356,-0.004336831,-0.0064511662,-0.0018535294,0.0068145515,0.0036638537,0.0070749773,-0.007696897,0.0053056823,0.0031592986,0.003336914,-0.0037594298,-0.0060496125,0.006118756,-0.0060375454,0.004503322,0.006089297,0.007017319,-0.004397397,-0.004600662,-0.004531036,0.0021656435,0.0031141965,-0.0046328334,-0.0037424797,8.914154e-05,0.0015290193,0.0071036452,-0.0057325093,-0.0028344952,0.0015707575,-0.0031147832,0.00033145677,0.0011701584,-0.0044473577,-0.007587405,-0.0026086261,0.003429044,5.1886775e-05,-0.0027224375,-0.002529189,-0.00014530402,0.00047115795,0.0056812046,-0.000829936,0.0045181597,0.004228281,0.0030355025,0.0074326294,-0.005119945,0.0013838606,-0.0040951073,0.0019886605,0.0045832377,-0.0040725777,0.00038868655,0.0041429447,0.006913311,0.00039148517,-0.0067643,-0.001767138,-0.00035735127,0.0062146476,-0.0057696253,-0.0015457058,0.002289394,-0.0045477897,-0.005984002,0.0058707353,-5.0579198e-05,0.00070663635,-0.0053245146,0.0031840047,0.0006927885,-0.0051120333,0.0020896439,-0.0042154174,0.0020606164,0.001300863,-0.0027242228,0.0072358847,0.004644206,0.0049296487,-0.00072507,0.0056568384,0.0060461266,-0.0013619419,-0.004726588,-0.0051686326,-0.0031651761,-0.0013407115,0.0043180427,-0.0005969545,0.007379379,0.003946053,0,0,0,Peripheral,0.0
394,3,0.007518796992481203,0.011335709457899357,0.210780032495255,0.0028161183900373378,0.0,2,0.004562984793082651,900.0666666666668,0.5,4,0.5555555555555556,1,-0.5376110103862402,11,7,2.3636363636363638,0,3,2,6,-0.09541521,-0.17646699,0.65434146,0.09084695,0.18435924,0.10111445,-0.14682068,-0.49760452,0.10032501,-0.010628045,-0.1969998,0.00058957457,-0.033983298,-0.33705434,0.4866375,0.26968798,-0.17477886,-0.64045936,0.2501382,0.27961794,0.27871966,-0.26151162,0.061856158,0.27852282,-0.48551694,0.08038575,0.2933415,-0.24755819,0.04294235,0.14789324,0.46914327,-0.011464132,0.18161464,0.27684477,0.32416463,-0.017486569,-0.3155341,0.11757075,-0.09959852,0.017393291,0.28318435,0.60095215,0.21183385,-0.15762879,0.2051486,-0.032131925,-0.12425377,0.1319868,0.037507962,0.0603096,0.7373021,0.3998474,-0.029346265,0.44983134,-0.39475325,-0.06403476,-0.1156941,0.12387384,-0.13407235,-0.10347201,0.028963605,-0.30651298,0.44093123,0.27517056,0.062238652,-0.039536275,0.045714732,-0.097646475,-0.24055205,-0.39197275,0.2559006,-0.4271634,0.21403319,0.29302368,0.25961187,0.32773805,-0.035179704,-0.34646413,-0.15453658,0.096624814,-0.19006667,0.3097768,0.12274196,-0.17716521,0.017618287,-0.1131669,0.07067609,0.396161,0.032767396,0.36420295,0.08832741,-0.16516931,0.09724252,-0.20767733,-0.14747569,-0.54320055,0.3712109,-0.12977834,-0.31432506,-0.12134962,-0.21191877,0.4582139,0.15133223,0.21247375,-0.024747465,0.66505766,-0.09590373,-0.43002334,-0.022053244,-0.07406876,0.102487944,0.10924394,-0.08733476,-0.19459514,-0.7215411,0.049274568,0.36711487,0.020033268,0.2714859,0.08935633,0.11683427,-0.016738417,0.29289517,0.33014837,-0.12331986,0.12864397,-0.028229894,-0.18996368,1,1,0,Peripheral,0.03077429260366872
395,1,0.002506265664160401,0.0,0.19697515468477134,0.0006691427770700037,0.0,1,0.0,0.0,1.0,2,0.0,0,-0.6984143036714102,14,6,2.5,0,1,3,10,-0.26536348,-0.3064522,0.42199582,0.13210896,0.06257383,0.2957763,0.017195733,0.009144002,-0.083971746,0.1760983,-0.027040616,-0.07306237,-0.12726289,-0.11214662,0.17938384,0.22080395,-0.12837894,-0.09699925,0.066727705,-0.073314294,0.17315336,-0.14160313,0.13224545,-0.2652211,-0.3028614,-0.18716511,-0.41786516,0.21895741,0.021021083,0.09001406,0.38584375,0.6242265,-0.120667346,-0.21595824,-0.043938003,-0.097487465,-0.040318567,-0.3628673,0.012509783,-0.041902132,-0.22755891,0.67525625,0.016186625,-0.19726202,0.3078443,0.27491036,0.05858595,0.19242765,-0.32362857,-0.03691035,-0.26745665,0.18108419,-0.22783697,0.44807503,-0.43989593,-0.03186404,-0.033805065,0.18624027,-0.060782176,-0.18956426,0.07568779,-0.38112983,0.5456542,-0.15087433,-0.14131692,-0.7018598,-0.06347972,0.20168255,-0.22770698,-0.00484113,0.123234965,-0.3685239,-0.14356384,0.011452933,0.053813457,0.09635913,-0.08323791,0.30811357,-0.15689345,-0.1283916,-0.22584037,0.16569656,0.0900291,0.08497707,-0.11813596,0.28203285,0.006992707,0.34695858,-0.31584418,-0.0699105,-0.2407693,-0.2589028,0.17905012,-0.4981007,-0.16083032,-0.15253998,0.4783562,0.029906452,0.17197834,-0.35609487,0.16149473,0.27557847,-0.50183284,0.4025537,0.39266732,0.30179057,0.60898817,-0.36969918,-0.1439519,-0.09268562,-0.30223748,0.54823333,0.22257139,-0.1333399,-0.35058856,-0.64965993,-0.23438655,-0.26567808,0.28508422,-0.20952503,0.027123911,-0.011708657,0.1919254,0.9010521,-0.5066608,0.14988899,-0.14765379,0.021826081,1,1,0,Peripheral,0.01760475191554462
396,14,0.03508771929824561,0.0032225053905526437,0.2792880740113396,0.055446385991628135,0.12087912087912088,10,0.004938634388249002,255.87015051527047,0.23809523809523808,15,0.0,0,1.3920285090358007,13,8,2.8461538461538463,4,7,2,0,0.065079845,-0.07479859,0.1033196,0.012223258,0.16355032,0.17553228,-0.026181446,-0.0046475884,0.05207936,0.13598667,-0.12672092,0.0437761,-0.091394916,0.076413654,0.3239188,0.110551976,-0.020251093,-0.15561621,0.06828997,0.29593712,-0.13683389,0.03193493,-0.028565109,-0.11210444,-0.0721693,-0.19026849,-0.09700117,-0.050586037,0.027192645,0.27805007,0.36577412,0.0954616,-0.043318886,0.066306695,0.113631554,-0.25359598,0.013497535,-0.0420262,-0.15362233,-0.16787691,-0.05891897,0.17526488,-0.35363826,-0.068545565,0.16262661,0.040611744,-0.08898253,0.22134516,-0.14186803,0.06422696,0.17413442,0.23240463,-0.192459,0.08561429,-0.17220595,0.14259063,0.024710113,0.16760911,-0.083751366,0.13831513,0.01256309,-0.20051602,0.2860846,-0.2775565,-0.103242785,-0.028923843,-0.25754386,0.10163687,-0.16093835,-0.18910734,0.043058224,-0.312118,-0.033136077,-0.08384663,0.07659077,0.13160615,0.010192866,-0.19698061,-0.28422573,-0.14394109,-0.011145147,0.11206463,0.038375672,-0.08383221,-0.18367352,0.13958243,0.21110581,0.019036597,0.043749318,0.2177064,-0.2930088,-0.23884681,0.017867206,-0.26289716,-0.1798442,-0.13240376,0.34721327,0.02532899,0.25913173,-0.18920252,-0.15842152,0.14301862,0.019860663,0.07121139,-0.107131585,-0.024682892,0.090994015,0.10346772,0.16397312,-0.051384833,0.08009164,0.024603318,0.107508704,-0.017742328,-0.1351638,-0.13834178,0.034224443,-0.05691578,0.18543607,-0.017449439,0.013688789,-0.23102704,0.14739262,0.0135063045,0.014193084,-0.16395599,-0.031635616,-0.074985944,0,0,0,Broker,0.7897391358872919
397,1,0.002506265664160401,0.0,0.1982979426588449,0.0015808179686636632,0.0,1,0.0,0.0,1.0,2,0.0,0,-0.6984143036714102,12,7,2.9166666666666665,0,2,5,5,0.035359662,-0.063204646,-0.22075357,-0.016027113,0.43343928,-0.076153785,0.010564334,-0.3635005,-0.08067898,0.4603612,0.07316976,-0.14531429,-0.27545366,0.20435295,0.20557198,0.013929223,-0.05098719,-0.40904143,0.051983222,0.2269976,-0.11268683,0.06834377,-0.08585781,-0.063453734,-0.08585915,-0.35777766,-0.010817302,-0.14159688,0.2209647,0.26939753,0.11669925,0.17991345,0.21126245,0.36515298,0.07949044,-0.21875064,0.22427559,-0.2561098,-0.2936379,0.19741635,-0.154328,0.07263362,-0.42891786,0.20629628,0.34450343,-0.10253,-0.15580003,0.49309123,-0.040713325,0.072760284,0.18782014,0.35715204,-0.35443363,0.21499977,0.10081158,0.17234604,-0.116665326,0.43288007,-0.29504117,0.46847144,-0.14608291,0.21042383,0.5813589,-0.25142446,-0.44225922,-0.29499334,-0.13095795,0.026120588,-0.3194512,-0.3536879,0.26092812,-0.19562086,-0.2643022,0.0037148735,0.1295212,0.36000806,0.19151787,-0.1897433,-0.5726289,-0.28759667,0.14898361,0.010963873,0.15781504,-0.26186186,-0.08624811,-0.06041424,0.13871032,0.12685019,-0.21896042,0.19966517,-0.24910617,-0.22918129,-0.13082273,-0.40396962,0.18607034,0.10105484,-0.03937097,-0.45222598,0.08432094,-0.31913638,-0.4275965,0.13824841,0.30887246,0.13047689,0.33502164,-0.11290564,-0.11322835,0.3384076,0.29097232,-0.073886305,0.14129888,0.35005215,-0.029808862,-0.11848182,-0.73161584,0.2341568,-0.09955702,0.2606989,0.2972318,-0.0749858,-0.15349689,0.20383103,0.21423233,0.08771798,0.12978905,-0.14450276,-0.20402122,-0.04488984,1,1,0,Peripheral,0.017747202769256353
398,1,0.002506265664160401,0.0,0.17406861204458088,0.0004062237884558052,0.0,1,0.0,0.0,1.0,2,1.0,1,-0.8592175969565803,12,8,1.75,0,3,2,7,0.26512924,0.44861513,-0.3255451,0.22903505,0.027071627,0.23184481,-0.32929912,0.119561866,-0.09393811,-0.007095529,-0.29093912,-0.22184367,0.005316408,0.07095906,0.006173513,0.27179366,-0.063516006,0.35562235,0.5998953,0.25930074,-0.00092994515,-0.27214253,0.53126985,-0.09939826,-0.22739504,0.1840195,0.276834,-0.7656246,-0.09521803,-0.033279736,0.32981512,-0.6984967,-0.12784134,0.20027427,-0.451743,0.40334132,0.54395646,-0.1614911,0.08697784,-0.079053834,0.14275734,0.14245173,-0.31285995,0.001974638,0.20350324,-0.3792118,-0.3615853,0.1836295,0.1330587,-0.35379314,0.09747353,-0.39096254,-0.12512994,0.08083495,-0.048468117,-0.114862375,0.24000391,0.15489149,-0.5417888,-0.17848071,-0.7558762,-0.72987485,0.43331128,0.22620131,0.38037685,-0.1322581,0.17336881,-0.22392565,-0.35034668,-0.3811113,0.06762367,-0.28253952,-0.7164888,-0.027398288,-0.04829279,-0.39032006,-0.2892799,0.040549688,0.12346095,-0.13108514,0.16303094,0.0124116745,0.21398215,-0.15564083,0.14735527,-0.1408964,0.322253,-0.50530636,0.26994866,0.034389917,0.1710696,0.20478867,0.2975195,-0.047148928,0.09217157,0.14617471,-0.22196846,0.24054019,-0.057092886,-0.07574363,-0.20221047,-0.11351085,0.074102074,-0.21990116,0.04458866,-0.5900794,0.6653616,0.009575434,0.6448819,-0.08158528,-0.10699231,0.07610517,0.23641306,0.21698594,0.08319307,-0.2882613,-0.14640945,-0.049669642,0.45837355,-0.23240131,-0.3950524,-0.21496576,0.36359698,-0.23792243,-0.6494259,-0.07677577,-0.21330094,0.24800657,1,1,0,Peripheral,0.020688705571160513
399,24,0.06015037593984962,0.05083954908509966,0.32513716724243036,0.09444137165531412,0.021739130434782608,10,0.05239069093002149,4036.711036905998,0.1,25,0.37326388888888895,5,2.196044975461651,10,6,2.5,6,4,0,0,-0.1536731,-0.05260382,0.03931524,0.05339506,-0.064326614,0.06464583,0.26879254,-0.19168755,-0.21095522,0.09207082,-0.09958701,0.077842474,0.07160117,-0.0686098,0.1672377,-0.04081691,0.047838718,-0.11830329,0.04794067,0.12783617,-0.060093097,0.15613385,0.041638196,-0.13052855,-0.22574145,-0.046212886,0.060580585,0.17709307,0.0404865,0.17163081,0.16655633,0.29681233,0.07885912,0.08363773,0.0391842,-0.15155165,0.07717809,-0.058766853,-0.029940572,0.00018238224,-0.1534192,0.30601162,-0.1158344,0.034369867,0.3305292,0.092931926,0.033801194,0.15293948,0.05820008,0.05862525,0.2069917,0.13873623,-0.19559266,0.06150524,-0.07938992,0.098549105,-0.09476222,-0.019184768,-0.19324872,0.05728436,0.025265275,-0.35466444,0.20866674,-0.08953637,0.22771545,-0.45031807,-0.2309971,0.10555061,0.112964,-0.0900607,0.078984685,-0.14737582,-0.059360888,-0.0035134975,-0.018050632,0.036367014,-0.0680632,-0.24906765,0.001290521,-0.27711886,-0.05428011,0.040180225,-0.043508846,-0.1847421,-0.20589347,0.3116713,0.3726765,0.08719007,0.09558613,0.1841294,0.06626736,-0.16518888,-0.02574096,-0.03550071,-0.10398745,-0.08437808,0.2016351,-0.22590834,0.055435628,-0.14716119,-0.31038058,0.13323833,-0.065062836,-0.016494496,0.037979215,0.17159967,0.217624,-0.10836837,0.37673578,0.025849001,-0.07756037,0.021262556,0.06270846,-0.23143092,-0.29347014,-0.15014812,-0.10714445,0.066335894,0.08898919,-0.09586315,-0.076076515,0.0071855756,0.14870816,0.33725,-0.1245694,0.028750686,-0.057107627,-0.09307053,0,0,0,Peripheral,0.11934269625293047
