person_id,degree,degree_centrality,betweenness,closeness,eigenvector,clustering_coef,core_number,load_centrality,betweenness_norm,ego_density,ego_nodes,participation_coef,cross_community_edges,within_module_z,incident_count,crime_diversity,avg_severity,coordinator_interactions,broker_interactions,enabler_interactions,peripheral_interactions,emb_0,emb_1,emb_2,emb_3,emb_4,emb_5,emb_6,emb_7,emb_8,emb_9,emb_10,emb_11,emb_12,emb_13,emb_14,emb_15,emb_16,emb_17,emb_18,emb_19,emb_20,emb_21,emb_22,emb_23,emb_24,emb_25,emb_26,emb_27,emb_28,emb_29,emb_30,emb_31,emb_32,emb_33,emb_34,emb_35,emb_36,emb_37,emb_38,emb_39,emb_40,emb_41,emb_42,emb_43,emb_44,emb_45,emb_46,emb_47,emb_48,emb_49,emb_50,emb_51,emb_52,emb_53,emb_54,emb_55,emb_56,emb_57,emb_58,emb_59,emb_60,emb_61,emb_62,emb_63,is_bridge,incident_bridges,constraint,true_role,predicted_role,mo_importance_score
0,2,0.005012531328320802,6.0258880676759564e-05,0.21243429043504772,0.0067323666901087115,0.0,2,6.940858567412389e-05,4.784615384615386,0.6666666666666666,3,0.0,0,-0.5962694212601098,9,7,2.5555555555555554,0,4,2,3,0.05140592,-0.14623402,-0.5156574,0.0606565,0.042109236,-0.1030249,0.15757163,-0.16156927,-0.4069623,-0.998876,0.51119494,0.006020639,-0.14070727,0.020836227,-0.021297043,-0.07597719,-0.09612477,0.1839135,0.16593383,0.069865696,0.58800936,0.03162552,-0.44474533,-0.65174896,0.08766785,-0.52446747,0.12455471,-0.4404758,-0.13815437,-0.28227162,0.066515595,0.15397258,0.46846497,-0.3886128,0.06397158,-0.4517314,-0.10574514,-0.66113436,0.10665714,-0.1561667,0.005389326,-0.33576995,0.06948047,0.3524501,0.23626441,0.19298247,0.048217725,0.5700761,0.33908722,-0.122571364,-0.38811684,-0.13951102,-0.34561446,0.757105,0.41831896,0.074967004,-0.20322098,-0.52227986,0.24553485,-0.15699902,-0.11824192,0.48946005,-0.00058494887,0.055020157,0,0,0,Peripheral,Peripheral,0.01259861481824553
1,15,0.03759398496240601,0.01079531141082504,0.28668316864535565,0.12505564493373622,0.06666666666666667,10,0.01109830066309983,857.1585213309191,0.18333333333333332,16,0.12888888888888883,1,0.9977774737669175,15,7,3.066666666666667,5,9,1,0,-0.19075939,-0.08564299,-0.43149439,0.18961705,-0.17554288,-0.18315938,-0.32010123,0.32376507,-0.27794632,-0.5395404,0.22513527,-0.113098346,-0.080091126,0.08302651,0.2224976,-0.20218812,-0.16735038,-0.083696105,0.08836878,-0.081717625,0.15895341,0.027425988,-0.14667019,-0.06418722,0.047285832,-0.00012046776,-0.027840063,-0.16318145,0.05750867,0.16173238,0.09090701,-0.13696171,0.292307,-0.27677476,0.13569905,-0.238377,0.20074075,-0.33192056,0.43237287,0.15506369,-0.08094437,-0.124561444,0.21986844,-0.06269611,-0.050735265,0.05685412,0.20722379,0.10873223,0.087940365,-0.14037463,-0.21349086,0.015821634,-0.073837064,0.28499794,0.1486962,-0.16038081,-0.155609,-0.3722384,-0.0064757215,0.3057018,-0.05134022,0.16662276,-0.056856174,0.25285235,0,0,0,Broker,Peripheral,0.09646620052493962
2,26,0.06516290726817042,0.02676235351077078,0.31938252711424575,0.1674009242443859,0.018461538461538463,10,0.032090259957706785,2124.9576311087108,0.09116809116809117,27,0.2174556213017752,3,2.193312645037188,15,4,2.6666666666666665,15,0,0,0,-0.2256558,-0.27689573,-0.29865298,0.09938753,-0.051985722,0.059339553,0.09239811,0.18024075,-0.029726753,-0.36647135,0.33934152,-0.006358459,-0.16760065,-0.07740957,0.05914883,-0.09052625,-0.12531279,-0.051109087,-0.07070077,0.11229999,0.29961622,0.36420244,0.040416606,-0.17609432,-0.022955716,0.095998205,0.007387681,-0.030971307,-0.0621298,0.17023312,-0.11656356,-0.2442617,0.42671618,-0.08564287,-0.017058287,0.14344455,-0.14400953,-0.28472978,0.69172883,0.29990086,-0.06795405,0.123110294,0.15359828,0.21644382,0.25924486,0.049649235,-0.03401091,-0.04080681,0.09210842,-0.19747874,-0.11392613,0.1571597,-0.0031729392,0.16255848,0.17943396,-0.2590973,0.0047954745,-0.21022691,0.2427367,0.12756555,-0.073989294,0.24431658,-0.025718268,0.1748847,0,0,0,Coordinator,Coordinator,1.0
3,29,0.07268170426065163,0.03140281242471127,0.31504561597981373,0.19473504100797628,0.03940886699507389,10,0.04162209894292564,2493.4147093344995,0.10344827586206896,30,0.3151010701545779,5,2.32614988628944,18,7,3.111111111111111,14,4,0,0,-0.15607284,-0.055808205,-0.3653752,0.18613105,-0.19408026,-0.13046473,-0.04118638,0.116199456,-0.23417723,-0.27254358,0.24022618,-0.045066915,-0.23872869,0.06106492,0.11689019,-0.2543629,-0.1981447,-0.14452188,0.027707832,-0.075047165,0.3223799,0.21132165,0.0018646024,-0.12244064,0.10895029,-0.08280516,-0.2176011,-0.20240854,0.09447216,0.17726673,0.111404315,-0.14607856,0.047299575,-0.2973595,0.017863438,0.023753716,-0.041032255,-0.029758275,0.44035134,0.10673985,0.031320665,-2.4582532e-06,-0.045333527,-0.054332104,0.19185364,-0.15140034,0.030317074,-0.05217903,-0.15938707,-0.1901013,-0.24516821,0.111142986,0.022361696,0.14578325,0.23164135,-0.2781531,-0.09972411,-0.22356689,0.22408898,0.3713891,0.017112216,0.27795246,0.15855843,0.3179371,0,0,0,Coordinator,Peripheral,0.15883804766070653
4,8,0.020050125313283207,0.016494951998917977,0.26689566974132123,0.04689455290242556,0.21428571428571427,5,0.0067114024138801446,1309.7156836660863,0.3888888888888889,9,0.0,0,0.20075402625340386,16,10,2.0,2,5,6,3,-0.13208827,-0.055049654,-0.36298773,0.12664862,0.17418675,-0.39769578,0.038891032,0.33600932,-0.14268312,-0.4162979,-0.054586392,0.18481757,-0.43730804,-0.17684771,-0.0010690849,-0.4997605,-0.24033754,-0.16456932,0.11441022,-0.30281493,0.12565418,0.1557602,-0.03746333,0.047628343,-0.063803546,0.21026249,-0.107269235,-0.5548991,-0.19603194,0.031196903,-0.07626508,-0.39525664,0.44276348,-0.08378703,-0.03268064,0.21863809,-0.36359686,-0.22200578,0.8651862,0.05990107,0.110129036,0.30706996,0.37341353,0.09183495,0.45798028,0.45927635,-0.16078989,-0.01757435,0.053784303,0.03438242,-0.001262135,-0.13742943,0.26562482,0.21213982,0.25207317,-0.1496967,0.3806707,-0.74847746,-0.124461904,0.31345552,0.095242165,0.21570398,-0.06465015,-0.07845237,0,0,0,Enabler,Peripheral,0.04789912441079517
5,3,0.007518796992481203,0.0023878792458533276,0.20544720434863248,0.004132674798742049,0.0,2,0.004729159582373018,189.60000000000005,0.5,4,0.0,0,-0.4634321800078576,10,5,1.5,0,2,1,7,-0.2672347,0.25634107,-0.4496738,0.33220813,-0.0712594,-0.25370458,0.19424096,-0.54962635,0.1092627,-0.03658333,0.14044784,-0.61096394,0.081975214,-0.070996,0.22070235,-0.83734083,-0.021216568,-0.1384728,0.17721398,0.36116558,0.27612796,0.20780644,0.15883712,-0.020297496,0.07515852,0.07697937,-0.7422185,0.0023259297,-0.046690345,0.0047062114,-0.26834023,-0.55410486,0.48249868,-0.06906182,0.11742052,-0.036580194,-0.30681723,-0.34130347,0.549379,0.33633283,-0.07316891,0.42817473,0.20152628,0.09044783,0.6294153,0.5163944,0.17562357,0.5029751,0.20040368,-0.5135653,-0.60194635,-0.28809217,0.0055002193,-0.2904442,-0.26262647,-0.7018019,-0.4042354,-0.5724445,-0.61313903,0.38418832,-0.036822975,0.4956135,-0.39245358,0.80841875,1,1,0,Peripheral,Peripheral,0.02916306361260389
6,1,0.002506265664160401,0.0,0.1997613961102017,0.0028459276729731284,0.0,1,0.0,0.0,1.0,2,0.0,0,-0.7291066625123621,12,7,2.4166666666666665,0,6,4,2,0.3085282,0.19301325,-0.17356293,0.27066365,-0.3961174,-0.7863774,-0.128583,-0.37200144,-0.481142,-0.5267358,-0.15986384,-0.052018434,-0.38498563,0.007252975,-0.028961683,-0.15997787,0.32987753,0.077681795,0.42541188,-0.19757952,0.2516034,0.51625556,0.07764725,-0.5890449,-0.033171326,0.15184604,-0.094138116,-0.26736802,0.25834203,-0.025408257,-0.3464379,-0.31122315,-0.26541072,-0.8750404,-0.1322803,-0.11469311,0.09368509,-0.09116436,0.8934185,-0.24269098,0.28014407,-0.52251935,-0.15592459,0.41081515,-0.0709399,-0.51748,0.17027138,-0.020692226,-0.49322385,0.11147897,0.2683976,-0.28741708,0.08095726,-0.22046266,-0.082596,0.013446227,0.16434172,-0.6184236,0.616539,0.83485264,-0.3291303,0.63851494,0.0030525674,0.34987387,1,1,0,Peripheral,Peripheral,0.020428130878818913
7,2,0.005012531328320802,4.679345542841457e-05,0.20888233445349708,0.004989146686003039,0.0,2,0.00010323009624025982,3.715447154471545,0.6666666666666666,3,0.0,0,-0.5962694212601098,11,7,2.090909090909091,0,3,2,6,-0.18537855,-0.18921323,-0.36482504,-0.16705734,0.007016965,0.18343431,-0.41040513,0.2817321,-0.5763973,-0.49926636,0.16377392,-0.21105686,-0.41385412,0.2309397,0.050732996,-0.41593638,-0.3286581,0.2841396,0.18759568,0.33868518,0.06597804,0.50434315,-0.4604353,-1.001382,-0.16534671,-0.16936806,-0.13484116,-0.047163103,0.26525602,0.74449986,-0.09773153,-0.38552263,0.6046527,0.23165946,-0.18129691,-0.003365193,0.23178802,-0.052067183,0.85960644,0.44400975,-0.26429662,0.49739227,0.42454058,0.27767974,0.3083447,0.31459656,0.29249033,-0.011267189,-0.060227387,-0.35761923,0.21783343,-0.06393044,0.1312269,0.078878544,-0.017817907,0.16852723,0.19308947,-0.092826016,0.4678495,0.1687781,-0.17794548,0.4434457,-0.71581227,0.16041633,0,0,0,Peripheral,Peripheral,0.012284708660005412
8,0,0.0,0.0,0.0,7.590317288714358e-60,0.0,0,0.0,0.0,0.0,1,0.0,0,0.0,5,5,2.6,0,2,1,2,-0.003242148,0.0045376904,0.0035238415,-0.011081716,0.00044360384,-0.0020716917,0.0145095475,-0.0010902099,0.008279122,0.0071300305,-0.007878987,0.0024193153,0.0014681127,-0.01319325,0.0058755763,-0.013953134,-0.0022581704,-0.013192259,0.0043777525,-0.0077727847,0.0020757616,0.01238157,0.01062803,0.0033544116,0.010925138,-0.001240259,0.015390372,0.008516027,0.003902968,0.013805101,0.0053931493,0.01137675,0.0061497223,-0.013419595,0.0037255771,-8.524582e-05,-0.0006750673,-0.0029304978,-0.0006052535,0.006879661,-0.013738712,0.0074104834,0.012662057,0.0144790225,0.01459223,-0.005541999,-0.013503099,0.0059842467,-0.011215659,0.010214906,-0.008064823,0.012800578,-0.013161939,-0.004563451,-0.0055545233,-0.005983347,-0.010639003,0.0071515106,0.0028584674,0.01153226,0.004735332,-0.006613517,0.0037086848,-0.0033859685,0,0,0,Peripheral,Peripheral,0.0
9,14,0.03508771929824561,0.0020842507963664647,0.28097926477092383,0.12270311138051365,0.15384615384615385,10,0.0033290599150030925,165.49159748229368,0.26666666666666666,15,0.0,0,0.9977774737669175,11,6,2.5454545454545454,4,7,0,0,-0.07830682,0.06830098,-0.1904999,0.19597982,-0.16829681,0.0673928,-0.09962819,0.06700305,-0.089369856,-0.5287096,0.24026014,-0.12989515,-0.10652235,0.09656052,0.15612517,0.051678427,-0.117639795,-0.13006677,0.25851008,-0.27608436,0.17753437,0.35065812,-0.29379633,-0.14408708,0.17589456,0.1251198,0.080101416,-0.09997348,0.06491566,-0.12499143,-0.03723583,-0.36697787,0.2853239,-0.15099365,0.068286,-0.16469005,0.05695394,-0.44489762,0.5322553,0.10557729,-0.20478691,-0.04474638,0.02486706,-0.07821774,0.23329908,0.014999878,0.11531878,0.21845895,-0.03208905,0.020951545,-0.1944963,0.16085151,0.16452737,0.021625075,0.09081332,-0.39101174,-0.16854064,-0.34077653,0.09288263,0.3520107,-0.080267265,0.022472726,-0.29563916,0.22309639,0,0,0,Broker,Broker,1.0
10,1,0.002506265664160401,0.0,0.17691287041132242,0.0004956397553272734,0.0,1,0.0,0.0,1.0,2,0.0,0,-0.7291066625123621,5,4,2.0,0,3,0,2,-0.49327317,-0.253179,-0.67776567,0.29714918,0.12500128,-0.7297759,0.0255746,-0.5685884,-0.27911848,-0.99513745,0.028803354,-0.14549646,-0.18017867,-0.58267856,-0.22760226,-0.39824894,0.17979284,-0.07136299,0.09217568,-0.070336275,-0.21019772,0.25971094,-0.25259504,-0.21732536,-0.19429256,-0.14882901,0.40452343,-0.77999187,-0.20531522,0.2481484,0.08372324,-0.35357478,-0.11115793,-0.29264545,-0.12212258,0.504803,-0.5719632,-0.14103156,0.8927579,0.4075227,0.021963403,0.41837668,0.123436116,-0.22337337,-0.0064187106,0.10474789,-0.4560133,0.02887662,-0.11352767,0.08766589,-0.18640722,0.35029507,0.23854205,-0.09231217,0.57099307,-0.39170402,-0.545757,-0.457749,-0.58711195,0.6213703,0.6095696,1.026814,-0.8210563,0.29901552,1,1,0,Peripheral,Peripheral,0.02001007522671698
11,3,0.007518796992481203,0.00017256437104987333,0.21091690264622595,0.00474890582464726,0.0,2,0.0004614463993596498,13.701783625730993,0.5,4,0.0,0,-0.4634321800078576,8,7,2.625,0,1,2,5,0.40512463,-0.015242442,-0.43670127,-0.10238681,-0.51645714,-0.0959992,-0.15488262,0.05103687,-0.2570143,-0.6258359,1.0312564,-0.044590075,-0.46996906,0.203936,0.19266568,-0.001416481,-0.4266138,-0.47008246,0.31533116,-0.25858754,0.16592415,0.8104678,-0.14522973,-0.046824407,0.04981998,-0.31233564,-0.680375,-0.7242528,0.12863056,0.58752114,0.13978623,-0.2573872,0.6542725,-0.17352727,-0.11548892,0.5010189,-0.25972858,0.005181263,0.20233592,0.0034165047,-0.5646682,-0.09619593,0.19120796,-0.2433907,0.06631626,-0.5366502,-0.065840706,0.14990944,0.46916023,0.09589083,-0.016988073,-0.17062302,-0.37529337,0.47360015,-0.21552308,-0.3204885,0.090058714,0.26099876,-0.09468604,0.23805435,-0.20756158,0.6753836,-0.18839327,0.24168143,0,0,0,Peripheral,Peripheral,0.014412261001638978
12,13,0.03258145363408521,0.0024336392414810977,0.2783307884106152,0.1167235850862521,0.07692307692307693,10,0.0032172347355704607,193.23338941284064,0.2087912087912088,14,0.0,0,0.8649402325146652,11,7,2.727272727272727,1,7,3,0,0.074245736,-0.009527203,-0.28343114,0.00812828,-0.19125949,-0.22705024,-0.11485225,-0.12812763,-0.1608622,-0.16630901,0.34606156,-0.14510448,-0.07945969,0.31067932,0.14914899,-0.15957351,0.102488,-0.23333646,0.19907372,-0.13772556,0.32348624,0.29247385,-0.27668148,-0.19234298,0.049366295,0.11351524,-0.28987822,-0.29665485,-0.019209836,0.22037779,-0.19248252,-0.11102454,0.44691762,-0.20280123,0.03910316,-0.049860187,-0.06765563,-0.17448574,0.4625909,0.18108776,-0.22859389,0.012327003,0.14929706,-0.119642444,0.10854954,0.02039041,0.0999703,0.2443666,0.1445368,0.060427714,-0.081685744,0.090337776,-0.08883428,0.15321413,0.252413,-0.28692064,0.11251296,-0.28185588,0.024431592,0.2977538,-0.05890647,0.1533065,-0.11071999,0.37381896,0,0,0,Broker,Broker,0.9997400250017638
13,3,0.007518796992481203,0.00028209232501369885,0.212573318112034,0.005502734552969333,0.0,2,0.000656160635332812,22.398412698412702,0.5,4,0.0,0,-0.4634321800078576,10,7,1.9,0,1,2,7,-0.6728622,-0.12655665,-0.33804622,0.16719422,0.28226545,-0.62465954,0.15201382,-0.17922527,-0.35386342,-0.78220403,0.03381695,-0.120581456,-0.11952585,-0.4895242,0.009774255,-0.42587766,0.013057822,-0.119109064,-0.019631276,0.122098684,0.00026203776,0.06689558,0.1570999,0.17812152,0.079722725,0.03468788,0.024417972,-0.44502735,-0.17743716,0.14366655,0.0017327544,-0.63337475,0.4560232,-0.08957979,-0.13966905,0.22923477,-0.5287248,-0.16527292,0.9231231,0.31802946,-0.20302,0.311591,0.18942317,0.011116125,0.387243,0.76474416,-0.35329184,-0.0022218467,-0.070088804,-0.031066833,-0.4641054,-0.11214089,0.2201254,-0.22130889,0.11315567,-0.45906273,-0.16784596,-0.56373864,-0.67285603,0.48712596,-0.033095997,0.7866383,-0.6015415,0.10324407,0,0,0,Peripheral,Peripheral,0.014577519226396938
14,13,0.03258145363408521,0.01793589065326772,0.27856949406105314,0.1129182635586905,0.038461538461538464,10,0.01608125877352813,1424.1276537601102,0.17582417582417584,14,0.0,0,0.8649402325146652,18,8,2.9444444444444446,3,13,2,0,0.0941655,-0.037378933,-0.24064165,-0.07495042,-0.024206193,-0.19013633,0.1151515,-0.009828884,0.036195874,-0.40417597,0.38794732,0.18419039,-0.30880168,0.017771985,0.24308719,-0.2566542,0.16631968,-0.10425213,0.15064171,-0.18856718,0.3832483,0.26047662,-0.07233354,-0.033511743,0.17088132,-0.008886876,0.016007666,-0.28287733,0.27580804,0.18083206,0.042259905,-0.14070673,0.592292,-0.025967687,0.17193523,-0.13356099,0.01387579,-0.20938365,0.57933766,0.332328,0.19039123,-0.11207149,0.10629332,-0.10973839,-0.044457853,0.3054194,0.48816726,0.05984083,-0.0006410869,0.044210657,-0.3755655,0.10516362,0.04033571,0.115704544,0.1084514,-0.17877153,-0.01766184,-0.33394957,0.29186627,0.22732519,0.10935665,0.12659617,-0.26313183,-0.07051402,0,0,0,Broker,Peripheral,0.08851300712290452
15,15,0.03759398496240601,0.006757259008372302,0.28693642232790456,0.12796192235319945,0.10476190476190476,10,0.008676129431167875,536.5331225237691,0.21666666666666667,16,0.12888888888888883,1,0.9977774737669175,12,9,2.9166666666666665,5,4,3,0,0.034433205,-0.07199563,-0.05991655,0.011892404,-0.05143597,-0.26181433,-0.12405755,-0.056745075,-0.17509381,-0.31256428,0.27492505,-0.12869528,-0.29767787,0.10557188,0.20211862,-0.0026992743,-0.16058001,-0.26539046,0.1479785,-0.047955934,0.11500937,0.19987409,-0.23750456,-0.33859676,-0.029660204,-0.2253886,-0.14498824,-0.27116078,0.08596438,-0.050689828,-0.18034285,-0.2529496,0.25027123,-0.25899103,0.07119455,-0.23792535,0.046122517,-0.15698063,0.39245877,0.17570841,-0.088097505,0.04427255,0.1552158,-0.058402583,0.18604264,0.16142245,0.1313624,0.19167857,0.24283008,-0.1404611,-0.24855572,0.1448854,-0.11450042,0.16288252,0.4040102,-0.36506352,0.20280318,-0.32381535,0.11145422,0.26488885,0.134873,0.15087864,-0.06445476,0.12329842,0,0,0,Broker,Peripheral,0.09583392764654595
16,11,0.02756892230576441,0.0052184270300650445,0.2523791997476208,0.05608321896849881,0.10909090909090909,7,0.010501270970025569,414.3483246141946,0.25757575757575757,12,0.0,0,0.5992657500101607,14,11,2.357142857142857,3,2,5,4,-0.5891833,-0.28586158,0.027136318,-0.021294639,0.05382438,-0.3095242,-0.19099776,-0.17381649,-0.024989728,-0.35049364,0.32119405,-0.2665663,-0.6870864,0.04603055,0.4630804,-0.0068436614,0.22197966,-0.057102203,0.3898149,-0.19481874,0.31754538,0.3930147,-0.18623063,-0.06726636,0.05626053,-0.13880707,-0.2329392,-0.32744107,0.30198947,0.14810418,-0.120668985,-0.1761493,0.0932941,-0.13238004,0.4367387,-0.016924514,0.09524623,0.10859757,0.6726075,0.0450027,-0.020054154,-0.34509227,-0.19835201,0.29072213,0.32129034,0.18928303,0.30551413,0.27961534,0.4066687,-0.32439047,-0.42550924,0.28348696,0.12185678,0.321298,0.12468138,-0.3301088,-0.18479502,-0.13980931,0.2703444,0.55625194,0.1734342,0.0160977,0.1589905,-0.07568901,1,1,0,Enabler,Enabler,0.4542190555556848
17,1,0.002506265664160401,0.0,0.17077393799957305,0.00031559671488461913,0.0,1,0.0,0.0,1.0,2,0.0,0,-0.7291066625123621,11,7,2.272727272727273,0,1,2,8,-0.80155784,-0.051098306,-0.44542196,0.34383357,0.2933843,-0.39811292,0.39460334,-0.1050299,0.30388904,-0.80951965,0.0167063,-0.14592409,-0.08964633,-0.19194815,0.84253824,-0.698706,-0.41037622,0.23000997,0.21784846,-0.22160695,0.11105106,0.050855692,0.32176757,0.035990138,0.23400472,0.003773993,-0.32133856,-0.38092068,0.45768887,-0.065529846,0.33582142,-0.27551815,0.4610233,0.01796185,0.09149853,-0.05738527,-0.11062671,-0.015650598,0.3611515,0.6352187,-0.31184864,-0.1736946,-0.017733192,-0.36398,-0.04317313,0.60880363,0.63289,0.1796399,0.022986058,-0.34617424,-0.8722332,-0.38002658,-0.39562497,-0.056815833,-0.239561,-0.6749953,0.0024071953,-0.72428757,0.302838,0.7206002,-0.20681743,0.29026717,-0.404201,0.53070533,1,1,0,Peripheral,Peripheral,0.019978050209648407
18,0,0.0,0.0,0.0,7.590317288714358e-60,0.0,0,0.0,0.0,0.0,1,0.0,0,0.0,16,8,2.5,0,5,5,6,0.0154965725,0.01044086,-0.0031365324,-0.002719421,0.00071929395,-0.0149541795,0.014615934,0.009177325,0.008368816,0.013154237,0.0062076375,0.01111199,-0.014666224,-0.0067198146,0.005987022,0.010385167,0.0023594797,0.0043769963,0.013060246,0.0036251806,0.0042428467,-0.010073833,0.007697094,0.000296887,0.009934112,-0.0030547772,-0.0036289748,0.008212224,0.008284047,-0.008325063,0.005857257,-0.0010877997,0.0024276394,0.009531552,-0.015138611,0.014454385,0.0018449891,0.0043835845,-0.011209184,-0.011675958,-0.015288584,0.010234561,0.0073584635,0.009217139,0.0015107375,0.006240843,0.0024391431,-0.014765326,-0.010152636,0.013774164,-0.012421798,0.013678269,-0.009416476,-0.009684425,0.008599522,0.01276271,-0.0044387206,-0.0024014134,0.006489612,-0.013260918,-0.005371237,-0.008326743,-0.010326646,0.0044747405,0,0,0,Peripheral,Peripheral,0.0
19,11,0.02756892230576441,0.010124435192652279,0.2673350041771094,0.05911931082133984,0.14545454545454545,6,0.018392524251629763,803.8902787317837,0.2878787878787879,12,0.0,0,0.5992657500101607,22,9,1.8636363636363635,1,1,14,6,0.09693431,0.122380264,-0.1712572,0.67444175,-0.18285434,-0.071442045,0.052088726,0.1928918,-0.37260854,-0.21856354,0.23143564,0.11237713,0.016689157,0.0681717,0.06867073,-0.45708728,0.18718556,-0.33860987,0.123145744,0.064184375,0.28832197,0.5134079,-0.40666378,-0.23191015,-0.08821242,0.2799555,0.3756474,0.09732,-0.09302478,0.122570746,-0.28599328,-0.50814134,0.41648763,-0.19708806,0.33183143,0.025471754,-0.3338791,-0.34956956,0.39894462,-0.02146839,-0.15215443,-0.06880611,-0.009683646,-0.1282298,0.5373699,-0.083371244,0.5161827,0.13377628,0.49172053,-0.25854805,-0.3806182,-0.2757317,0.08532517,-0.024427019,0.21662216,-0.26383156,-0.13323008,-0.36272407,0.13760494,0.36001298,-0.03187338,0.32387927,-0.18133213,0.3274626,0,0,0,Enabler,Peripheral,0.05822150942025268
20,8,0.020050125313283207,0.010945484736432925,0.2586083041999904,0.030857816240440598,0.07142857142857142,3,0.009756204548611496,869.0824335575106,0.2777777777777778,9,0.0,0,0.20075402625340386,17,10,2.3529411764705883,3,2,7,5,0.6066891,0.03968843,-0.39587268,0.10523852,-0.05863137,0.12945181,-0.21350092,-0.035034277,-0.28317153,-0.7255397,0.98567694,-0.11028984,-0.41370398,0.11607239,0.18733975,-0.3784359,-0.36374238,-0.065808505,0.09376123,-0.29657745,-0.08406415,0.56333226,0.0791779,-0.2172493,0.13725063,-0.46770588,-0.43757722,-0.22324651,0.09523297,0.14154087,0.10551369,-0.3245515,0.5539548,0.04229343,-0.07496718,0.48766878,0.032524377,-0.4224968,0.3424918,0.21240854,-0.28647947,-0.29087195,0.047995005,-0.072528824,0.14243399,-0.09751861,-0.030121526,0.2966927,0.66078466,-0.06533204,0.098207146,-0.044094834,-0.081012055,0.13951202,0.30669793,-0.008392114,-0.07581477,0.07926449,-0.14270267,0.1154151,-0.36253685,0.586285,-0.17601983,0.062048,0,0,0,Enabler,Enabler,0.22291481121714934
21,2,0.005012531328320802,0.00029302737580970856,0.21341132068014979,0.006883959624953345,0.0,2,0.0001660873288749512,23.26666666666667,0.6666666666666666,3,0.0,0,-0.5962694212601098,8,5,1.75,0,0,4,4,0.29761884,0.18918517,-0.34338763,0.5388665,0.058681335,0.3568322,0.32711682,-0.1095806,-0.60749257,-0.41730428,0.31922534,0.3392839,-0.4341878,-0.008275376,0.03395054,-0.24320887,0.136912,-0.4537826,0.20571324,-0.43595985,0.25927854,0.6699614,0.044552658,-0.20254235,-0.024103472,0.55343425,0.61633146,0.28846005,-0.047699895,0.24168222,-0.20712276,-0.34719276,0.2757364,-0.20129594,0.032149337,0.2985481,-0.09767708,-0.40190595,0.6667022,0.1543394,0.41348365,0.02422217,-0.01286391,0.29011258,0.3403612,0.14619282,0.7840474,0.1517582,0.37620506,0.0787408,-0.63401574,-0.0010088673,0.0019178974,0.2354104,-0.03026149,-0.667269,-0.07388912,-0.46796933,-0.24821468,0.5209429,0.14938669,-0.16541119,-0.23691557,0.35544497,0,0,0,Peripheral,Peripheral,0.01269182492140791
22,1,0.002506265664160401,0.0,0.1857129960407021,0.0018283640519732834,0.0,1,0.0,0.0,1.0,2,0.0,0,-0.7291066625123621,7,5,2.142857142857143,0,2,1,4,-0.2880592,-0.26144052,-0.5324077,-0.18894057,-0.08070158,-0.328986,-0.13478242,0.1743268,-0.16825876,-0.27434796,0.65950376,0.42698345,-0.6163371,-0.42109817,0.13609923,-0.05121794,0.25258315,0.14439952,-0.057010897,-0.3910863,0.22201237,0.576313,-0.10639235,-0.47543132,0.5309755,-0.124646045,-0.4589983,-0.21828689,-0.18758523,0.03647819,-0.7842817,0.22892785,0.41925392,-0.0060956962,0.17533997,0.5387988,0.41973865,-0.81073236,0.215265,0.5381872,0.16154933,0.16952701,0.39801857,-0.3960817,0.055919338,-0.5042819,-0.13808177,0.12862684,-0.052155945,-0.545451,0.024782453,0.17893152,0.20324466,0.23537913,0.425639,-0.08179975,-0.5056723,-0.4434569,-0.30691376,0.18594483,-0.29196918,0.8490079,0.3480461,0.020637274,1,1,0,Peripheral,Peripheral,0.02024713253391894
23,2,0.005012531328320802,9.237359724606301e-05,0.19757422753965204,0.004940381520746475,0.0,2,0.0001549421808612499,7.334555994934648,0.6666666666666666,3,0.0,0,-0.5962694212601098,13,9,2.3076923076923075,0,2,5,6,0.10116205,-0.5658422,-0.7215741,-0.029602572,-0.42229792,0.014353172,-0.20335531,0.4439083,-0.077760264,-0.498582,0.3488218,-0.074724026,0.114930175,0.20002505,0.40571928,0.04807274,-0.023360478,-0.6073644,-0.11397352,-0.2954588,0.30271602,0.015657555,-0.2957314,0.24240884,0.22133407,-0.124803975,-0.6647362,-0.4650125,0.18643388,0.94738233,0.18716596,0.19004442,0.46603853,-0.37775362,0.31362978,0.3671218,0.13023151,-0.4018329,0.7231434,0.014577013,0.14013907,0.079139724,0.5519145,0.03428561,0.48753408,-0.7152109,0.07885111,-0.19275588,-0.010880807,0.10774335,-0.05919578,-0.25561315,-0.28051367,0.63016057,0.021099085,-0.51416093,-0.030009456,-0.009374187,0.24816388,0.57965297,-0.03291623,0.22789323,0.0024706344,0.5235113,0,0,0,Peripheral,Peripheral,0.012289006645975441
24,1,0.002506265664160401,0.0,0.19357093568247197,0.0025777179844937944,0.0,1,0.0,0.0,1.0,2,0.0,0,-0.7291066625123621,10,6,2.1,0,1,3,6,-0.15450533,-0.36525422,-0.7547425,0.038404852,-0.3927887,-0.23033784,-0.068067275,0.07969398,-0.340011,-0.15588458,0.35281867,-0.19682851,-0.16348916,0.1833291,0.26214746,0.034816414,-0.42309082,-0.35788932,-0.010060053,-0.26880062,0.44477546,0.4202241,0.076554544,-0.10313653,0.16276658,0.2499875,-0.8068878,-0.6363049,0.43039802,0.65415215,0.17950119,-0.19756278,0.7873751,-0.22823526,-0.06832593,0.39335492,-0.104521975,-0.2065034,0.6571829,-0.4944286,-0.47779533,0.055019062,0.22755843,-0.20612876,0.30300996,-0.51406443,0.15812802,0.019159427,-0.015030683,0.36484984,0.05813704,-0.017601807,-0.17510912,0.44177136,-0.14627634,-0.796489,0.19508736,0.03891274,0.4033877,0.07740242,0.1827435,0.41287377,-0.08283826,0.5262391,1,1,0,Peripheral,Peripheral,0.020380423287176437
25,2,0.005012531328320802,0.00014024652442304613,0.21341132068014979,0.006130151003920838,0.0,2,6.410848449991534e-05,11.135714285714286,0.6666666666666666,3,0.0,0,-0.5962694212601098,11,6,2.8181818181818183,0,1,4,6,0.050069593,0.25238633,-0.26441517,0.42696437,0.3454881,0.20011282,0.27013487,0.074074335,-0.48800617,-0.75106555,0.35254923,0.21306774,-0.47647548,-0.12639642,0.19763565,-0.0008163101,0.23184921,-0.09945287,0.07570838,-0.09653671,0.20693952,0.25140476,0.3085652,0.14829105,-0.2867177,0.26015246,0.39173174,-0.44601285,-0.065004036,0.55474955,-0.19924474,-0.36990753,0.7717777,-0.20277664,-0.2370076,0.44114807,-0.070310965,-0.18178613,0.9739427,0.24358906,0.3892163,0.17262778,0.32774773,0.07833043,0.23224546,0.6125792,0.039042033,0.06689563,-0.05522865,0.06566996,-0.49252754,-0.08194007,0.3174394,0.58060426,0.1612091,-0.67025703,0.17057438,-0.5063508,-0.35376635,0.4005924,0.09893012,0.109271854,0.14075921,-0.42075905,0,0,0,Peripheral,Peripheral,0.012514260551944593
26,0,0.0,0.0,0.0,7.590317288714358e-60,0.0,0,0.0,0.0,0.0,1,0.0,0,0.0,11,8,2.090909090909091,0,2,3,6,-0.0053126197,0.011669913,0.00269611,-0.0025529377,-0.015271191,-0.008441554,0.014112456,0.006190285,-0.009816617,-0.0026255343,-0.00810419,-0.013243463,-0.0012695771,-0.014909815,-0.0007500462,0.009340316,-0.009764429,0.0038848575,-0.00077404454,-0.0027937293,0.008969685,0.0017562807,-0.011588434,0.008538062,0.012296377,0.002540689,0.0027640257,0.01275792,0.012539409,-0.012053415,-0.015475253,0.014518373,0.009872165,-0.0042400416,0.0067170244,0.005904846,-0.01524625,0.0036459994,-0.002804406,-0.012596743,-0.0030906387,0.00010483898,0.015173214,-0.0020776913,0.0062762685,-0.010722809,0.008934027,-0.0123960115,0.007679118,0.0022800546,0.013638999,-0.0054589827,-0.0040900465,0.0005035568,-0.00039837137,0.0042088795,0.0067694727,0.0068543535,-0.005681226,-0.008780051,-0.009117665,-0.000626063,-0.008980097,-0.009838024,0,0,0,Peripheral,Peripheral,0.0
27,8,0.020050125313283207,0.004933289810610621,0.2563630860893354,0.04615307087319011,0.21428571428571427,5,0.009977361686248465,391.7081442522939,0.3888888888888889,9,0.0,0,0.20075402625340386,16,10,2.3125,2,2,8,4,0.021814879,-0.047587294,-0.008052196,0.20014614,-0.23083553,-0.42724308,-0.011454358,-0.18450129,-0.43000984,-0.4819426,0.09253863,0.06595656,-0.23840879,0.0027499849,0.1391476,-0.10332893,0.18739392,0.018503837,0.40309015,-0.22159736,0.05328217,0.51341105,0.035822157,-0.14788,0.042620726,-0.17100881,-0.08930901,-0.12570821,0.37558958,0.016848987,-0.24974868,-0.35172647,0.10045879,-0.5065283,-0.08793986,-0.053246543,0.06608092,-0.47705957,0.58651817,-0.21003258,0.04058891,-0.1665403,-0.010737436,0.46623623,-0.05652305,-0.25748187,0.17287946,-0.13985963,-0.48387825,-0.083781585,0.31192774,-0.17332317,-0.109636806,0.05502005,0.16126162,-0.30173966,0.14017577,-0.54108405,0.48769316,0.4851764,-0.112474024,0.5925397,-0.03637585,0.384789,1,2,0,Enabler,Enabler,0.35999414450429285
28,1,0.002506265664160401,0.0,0.2042842956447723,0.003238506376028658,0.0,1,0.0,0.0,1.0,2,0.0,0,-0.7291066625123621,10,7,2.0,0,1,3,6,0.19982736,0.065565385,-0.55293924,0.38252607,0.6479651,0.34213656,0.07980806,-0.042283844,-0.67250866,-0.6852806,0.48373246,0.22160819,-0.45604065,-0.08990922,0.18684627,-0.070542045,0.3060779,0.2579504,0.073158726,-0.2227104,0.3321157,0.5344403,-0.034018133,-0.035078276,-0.2072386,0.016366629,0.48182377,0.025653817,0.32525295,0.37118766,-0.14131549,-0.10480877,0.59412277,-0.38613605,-0.23659717,0.5810424,0.06413423,-0.2352926,0.5023597,0.40155062,0.59216446,-0.0059915357,-0.18103783,-0.07816527,-0.16727918,0.34318236,0.49919993,0.22359398,-0.022861635,0.20940278,-0.26162693,-0.054486938,0.0027746717,0.41450405,0.23044758,-0.6125289,0.36353537,-0.4369536,-0.27407017,0.6774417,0.24951795,-0.24190933,-0.014760387,-0.23253866,1,1,0,Peripheral,Peripheral,0.02049796051308415
29,3,0.007518796992481203,0.00013940417839613067,0.2139736693512437,0.007540848432538131,0.0,3,0.0003131582645694558,11.068831168831172,0.5,4,0.0,0,-0.4634321800078576,8,5,1.5,0,1,1,6,0.43584344,0.18865274,-0.58000493,-0.010281474,-0.14777048,0.40211236,-0.21734986,0.39501795,-0.27709568,-1.012201,0.6230333,-0.15180214,-0.31529742,-0.04512701,0.19744878,0.056589432,-0.51342165,0.07176301,0.22827391,-0.51695734,0.6096821,0.84154475,-0.28215918,-0.20297533,0.15616505,-0.6292489,-0.4469712,-0.33708555,0.1170058,-0.42233983,0.30317745,-0.5569137,0.32567462,-0.3088231,0.0054883435,-0.15628098,-0.15845448,-0.53684974,0.17126156,0.12640281,-0.0800339,-0.25699386,0.13663442,-0.21604343,0.14728287,-0.00021282079,-0.030259028,0.28257862,0.3898501,-0.1206342,0.084909014,-0.13774224,0.00931072,0.22827736,0.014091193,-0.04958769,-0.1737987,-0.10094423,-0.5085268,0.19535123,-0.45419115,0.65034693,-0.4096653,-0.20222835,0,0,0,Peripheral,Peripheral,0.018456922878466172
30,13,0.03258145363408521,0.0056222743033151334,0.27952842519379345,0.11803832366594544,0.08974358974358974,10,0.004363939632412462,446.41420195752494,0.21978021978021978,14,0.0,0,0.8649402325146652,15,7,2.6,1,11,3,0,0.02497084,0.03074513,-0.12443515,0.13491005,-0.2767279,-0.22509146,-0.058959916,-0.18545587,-0.18100564,-0.3524785,0.32560784,0.01912173,-0.21869172,0.09689653,0.18338676,-0.24145699,0.11294857,-0.059616722,0.19282243,-0.15979734,0.23803407,0.20021081,-0.29209217,-0.17310174,0.078278944,-0.0028130142,-0.13523912,-0.305335,-0.019829111,0.12855443,-0.2551188,-0.11400402,0.16587962,-0.062855676,0.07506425,-0.07822692,0.029687462,-0.44517252,0.52207404,0.25552303,-0.05565057,0.20587759,0.05023083,-0.14210512,0.18073942,0.0791686,0.06513393,0.32073256,0.0767474,-0.22914633,-0.08784801,0.14088793,0.20391867,0.10519802,0.29495874,-0.19795018,-0.13924554,-0.25021896,0.09150184,0.30230147,-0.08326435,0.12078072,-0.079089366,0.33820137,0,0,0,Broker,Broker,1.0
31,14,0.03508771929824561,0.004922153316005414,0.28195488721804507,0.12144404088912607,0.10989010989010989,10,0.004889804259862576,390.8238954441459,0.22857142857142856,15,0.0,0,0.9977774737669175,15,7,2.3333333333333335,1,12,2,0,0.06357026,-0.17877452,-0.29749167,0.13695794,-0.03529477,-0.26141798,-0.18104582,0.08457266,-0.13643093,-0.5039835,0.2798675,0.13118729,-0.20370017,0.1204394,0.14229211,-0.012799496,-0.027738849,-0.26233187,0.116415516,-0.040003464,0.22879429,0.21087863,-0.20158821,-0.04518563,0.032989677,-0.048777733,-0.079336695,-0.09732117,0.0027450037,0.120280854,-0.09316294,-0.19721028,0.35592952,-0.29932868,0.20739903,-0.102203645,-0.020612061,-0.3491779,0.33860856,0.24095929,-0.017207276,-0.0068588797,0.22302291,0.027931992,0.21885002,-0.039120782,0.20633993,0.122185096,0.32639626,-0.022493254,-0.22098565,0.075891465,-0.21692793,0.29094177,0.19243197,-0.098666325,-0.08786298,-0.39546993,0.082343675,0.32912198,-0.23884378,0.04802269,-0.28997725,0.26516315,0,0,0,Broker,Broker,1.0
32,1,0.002506265664160401,0.0,0.17378920817292026,0.00038201477246194957,0.0,1,0.0,0.0,1.0,2,0.0,0,-0.7291066625123621,10,6,2.0,0,4,1,5,-0.30434546,0.12524849,-0.30907574,1.0130028,-0.28821546,0.03865345,0.10454339,0.22710101,-0.49767542,-0.75840515,-0.21934585,0.0033675518,-0.15405476,-0.09036421,0.2913991,-0.34324268,-0.46818948,-0.41877863,0.18178622,0.0993389,0.3501005,0.58221316,-0.40434262,-0.20778716,0.38285467,0.3405718,0.69818056,0.057325676,-0.09305123,0.15163472,-0.26757908,-0.5768178,-0.009647122,-0.028868351,0.09351396,0.028726298,-0.012727544,-0.27722055,0.601006,-0.09902434,-0.7558996,-0.51177186,0.12774096,-0.21133225,0.6626227,-0.40019116,0.89350176,-0.015258177,0.58023745,-0.24445432,-0.7998786,-0.2719625,-0.358559,-0.034799293,0.13317421,-0.71745014,-0.25441155,-0.64234585,0.4795233,0.35557622,-0.57899046,-0.17506228,-0.26355642,0.47947365,1,1,0,Peripheral,Peripheral,0.0199898642704549
33,12,0.03007518796992481,0.002281803877456264,0.2771433703713208,0.10512940386948581,0.06060606060606061,9,0.0031530725363162,181.17750967390484,0.20512820512820512,13,0.0,0,0.732102991262413,9,5,2.888888888888889,1,6,2,0,0.048602603,-0.030520141,-0.31798512,0.21163952,-0.16282555,-0.24495818,0.043690674,-0.08681605,-0.06426609,-0.31924617,0.31545436,-0.08292259,-0.018791964,0.17326666,0.1644671,-0.1666529,0.17237568,-0.32163915,-0.0008823675,-0.117233865,0.22253156,0.3400501,-0.06339666,-0.041237686,-0.058131557,0.16269012,-0.21046287,-0.43173584,-0.05046095,0.31255162,-0.048192482,-0.0589096,0.5747905,-0.123329066,-0.09614322,-0.101887666,-0.043604184,-0.2323732,0.6161623,0.023763705,-0.2633753,0.013211181,0.20092322,-0.056941483,0.39424276,0.15210721,-0.040939264,0.17497821,-0.055131197,-0.037240565,-0.12081589,0.013858305,-0.09465036,0.24636488,0.25959983,-0.44384682,0.018529072,-0.28988004,-0.05717254,0.21615383,0.064505294,0.2525406,-0.03004407,0.19290864,0,0,0,Broker,Broker,0.9077884501732254
34,1,0.002506265664160401,0.0,0.1809537772006618,0.0023626635362526804,0.0,1,0.0,0.0,1.0,2,0.0,0,-0.7291066625123621,11,10,2.3636363636363638,0,4,2,5,0.1476544,-0.65188843,-0.5647963,-0.037981045,-0.10284557,-0.043718178,-0.11252765,0.54585546,0.206079,-0.84183276,0.37650898,-0.029118193,0.13478033,0.08279412,0.4122566,0.14559466,0.19774081,-0.3408424,-0.18060663,0.15043269,0.2699933,-0.23914433,-0.1420333,0.29542536,0.3232693,-0.3250389,-0.29367608,-0.17934576,0.06475021,0.68328047,-0.2166451,0.038610462,0.13013677,-0.49823046,0.45319587,0.11367974,0.16313533,-0.7189087,0.57235026,0.20698553,0.59374446,0.078889884,0.024406916,-0.15768021,0.57044524,-0.49104723,-0.049193967,0.049562152,0.19576469,0.06452543,-0.14321084,-0.28809968,0.15536898,0.5367497,0.19069067,-0.024780346,-0.15314682,-0.2204975,-0.13791487,0.8347728,-0.20006447,0.19519112,-0.18069749,0.5268823,1,1,0,Peripheral,Peripheral,0.020342170642927256
35,0,0.0,0.0,0.0,7.590317288714358e-60,0.0,0,0.0,0.0,0.0,1,0.0,0,0.0,9,6,2.3333333333333335,0,2,2,5,0.010757687,-0.015519077,0.0009769686,0.0021331273,-0.0077605806,-0.0040091258,-0.0043036807,0.010305975,-0.013053564,-0.0038097743,-0.00041758642,0.012410283,0.005194586,0.013954699,-0.0066205263,-0.006092824,0.0071929675,0.0016392414,0.004448682,-0.014423475,0.0072723795,-0.003827488,0.012419069,0.008150676,0.004229609,0.011767942,0.0021727923,0.012497064,-0.010703873,-0.0023263711,-0.010460399,-0.014459087,0.00038524717,-0.0036040004,-0.0019932352,0.006382957,0.015407437,-0.0055353995,0.015186854,0.008767387,-0.0072737187,0.001770692,-0.0012687314,0.0006901268,0.0067707375,-0.010715628,-0.011439724,0.009562459,-0.00064225495,-0.005986804,-0.0022182856,0.0074563418,0.0027276725,0.002561368,0.012552885,0.001005074,0.005629495,0.009421483,-0.006977042,0.00050005876,-0.014189944,-0.008080408,0.0155663695,0.003517773,0,0,0,Peripheral,Peripheral,0.0
36,8,0.020050125313283207,0.005418175073567058,0.26068381225938037,0.04388865655171436,0.0,4,0.010781452516087957,430.20851901629794,0.2222222222222222,9,0.0,0,0.20075402625340386,20,8,2.25,5,1,12,2,-0.2919497,-0.057749473,-0.13377103,-0.2119449,-0.08678337,-0.057246167,-0.23598045,0.35547045,-0.38009283,-0.46134612,0.27845263,0.14979047,-0.31927133,0.24136186,0.0664743,-0.14004375,-0.27766222,0.083573654,0.3517143,0.29299742,0.17820394,0.22653675,-0.37859878,-0.7186429,-0.008563726,-0.15002666,-0.001917163,-0.20990962,0.038623475,0.5829277,-0.35840192,-0.48752093,0.48636702,0.014546231,-0.09080376,-0.35113105,0.040738277,-0.22367018,0.6794366,0.25544485,-0.19535938,0.38692775,0.3951333,0.33526725,0.12233207,0.14195855,0.32186392,0.10014796,-0.14229031,-0.30319846,0.02890161,0.098763704,0.33259043,-0.16049948,0.1692207,0.23295812,-0.014403746,-0.10722001,0.17533034,0.4298519,0.11421256,-0.010993563,-0.31065348,0.3671859,1,1,0,Enabler,Peripheral,0.054884469620061604
37,8,0.020050125313283207,0.008916910258515865,0.26068381225938037,0.03805386217770035,0.14285714285714285,4,0.012044698473932537,708.0115914364183,0.3333333333333333,9,0.0,0,0.20075402625340386,23,10,2.739130434782609,3,2,15,3,-0.10201245,0.18308902,-0.43318683,0.23335938,0.07115353,0.34228313,-0.41613087,0.14836046,-0.24641697,-0.5447074,0.19634223,-0.4056946,0.054799456,0.28370905,0.2933934,0.08115008,-0.03603528,0.1892879,0.3920434,-0.6745596,0.20362638,0.5722606,-0.032370992,-0.11860837,0.17864297,-0.41239145,-0.14304124,-0.07097741,0.21230012,0.12215494,-0.05263728,-0.6436544,0.30910534,-0.3120908,-0.153323,-0.29557163,-0.18251367,-0.62927645,0.61739576,-0.07676144,0.06597139,0.106481515,-0.05680451,-0.13298123,0.3998001,-0.054854885,0.050856303,0.19274919,-0.11147543,0.004819514,-0.4147966,-0.034842256,-0.103049524,-0.2407041,0.106515,-0.08850137,0.04421602,-0.14610589,-0.18210652,0.42485908,-0.35696334,0.46710452,-0.34018868,-0.19843976,1,1,0,Enabler,Peripheral,0.054842345786924145
38,0,0.0,0.0,0.0,7.590317288714358e-60,0.0,0,0.0,0.0,0.0,1,0.0,0,0.0,9,7,2.2222222222222223,0,1,3,5,0.0007994678,-0.009213923,0.0010829698,-0.007705208,0.0047543086,0.0012041014,-0.0056059454,-0.014613811,-0.005114155,-0.007136075,0.014287675,-0.006270798,0.00032206252,-0.002050573,0.0054256506,0.011674281,-0.011407586,-0.0011014417,0.01145331,-3.2944605e-05,0.007255193,0.013458658,0.0090088975,0.013782302,-0.0029438753,0.014840813,-0.012622248,0.0022274442,-0.008534832,-0.011219939,-0.003989255,-0.008317174,-0.0008018613,-0.0084322225,-0.012232287,0.013920223,-0.01272684,0.011234608,0.003343569,-0.0065507945,0.013891496,0.0048212707,-0.0008239839,-0.0064701233,0.011223879,-0.009232091,0.012890691,0.0016237106,-0.0038797949,0.013574647,0.003707368,0.013653748,-0.001859054,0.006627649,-0.010995738,0.0078105573,-0.006823534,-0.007442493,-0.00937842,-0.0036350582,0.0003994219,0.0009894427,0.010762729,0.002717303,0,0,0,Peripheral,Peripheral,0.0
39,1,0.002506265664160401,0.0,0.17378920817292026,0.00038201477246194957,0.0,1,0.0,0.0,1.0,2,0.0,0,-0.7291066625123621,9,4,2.111111111111111,0,0,1,8,-0.30097517,0.018406972,-0.54465353,1.1767894,-0.41217092,0.1922926,0.16537602,0.16154328,-0.2909284,-0.5294431,-0.29066938,0.056840733,-0.3867399,-0.0141717065,0.3111799,-0.6433701,-0.4753848,-0.44066602,0.29488963,0.22098614,0.21338941,0.36352065,-0.32030472,-0.22981521,0.48561954,0.4601067,0.57827616,0.1831592,0.00050891604,0.1415411,-0.32340926,-0.40329304,0.010881205,0.07926926,0.020277454,0.20110802,0.10322942,-0.33295804,0.6907693,0.09163395,-0.76859164,-0.33636463,0.27207175,-0.15970072,0.6233219,-0.32456288,0.8905778,-0.049937442,0.49696577,-0.22031195,-0.80189496,-0.01935784,-0.3617399,-0.12860593,0.29300982,-0.61485904,-0.31744397,-0.7606167,0.5096533,0.42199916,-0.36459208,-0.1840816,-0.3614711,0.25034145,1,1,0,Peripheral,Peripheral,0.0199898642704549
40,1,0.002506265664160401,0.0,0.1949652041267635,0.0020015113467217074,0.0,1,0.0,0.0,1.0,2,0.0,0,-0.7291066625123621,10,7,2.2,0,5,1,4,0.091122374,-0.05062583,-0.29438218,0.33910528,-0.631335,-0.21873169,-0.06262318,-0.11630193,-0.22273801,0.27697083,0.44121236,-0.4604928,-0.2010464,0.23130943,-0.12809001,-0.91070795,0.25957635,-0.1566588,0.48471743,0.2396371,0.7442911,0.5235072,-0.123420514,0.023597568,-0.2932611,0.2497648,-0.4167014,0.019009419,-0.3575506,0.037826903,-0.6240901,-0.3665833,0.54224926,0.21536793,0.24643978,-0.11527935,-0.38069943,-0.5616518,0.661642,-0.12045577,0.03259105,0.38555583,0.43952784,0.046833448,0.17517374,0.13220581,0.07859106,0.4235734,0.18756779,0.030440783,-0.071250826,-0.03512666,-0.031960517,-0.10009204,-0.06545983,-0.61464137,-0.3589086,-0.5902336,-0.27041116,0.37485102,0.1206945,0.1010672,-0.14378554,0.8421431,1,1,0,Peripheral,Peripheral,0.02027793097553636
41,15,0.03759398496240601,0.009741538793755047,0.2831839843724394,0.11975723043711599,0.06666666666666667,10,0.0113114560368423,773.4879217629444,0.18333333333333332,16,0.12888888888888883,1,0.9977774737669175,15,9,2.533333333333333,3,8,4,0,-0.0056646527,0.10597672,-0.22845057,0.24282101,0.09151548,-0.520567,-0.12276578,-0.09461107,-0.21893725,-0.44619215,0.23295513,0.05002367,-0.22277316,-0.052849762,0.2722212,-0.11358697,0.09555797,-0.1899571,0.0777095,-0.15114819,0.3205545,0.25169012,-0.047978606,-0.25262904,-0.019985894,0.12078695,-0.04065521,-0.17621079,0.120976254,0.14988388,-0.30048084,-0.107507706,0.46026862,-0.281449,0.03165954,0.03451801,0.07079257,-0.32318723,0.45493168,0.19616206,-0.10499017,-0.08162718,0.14426859,-0.061597783,0.093052134,-0.06191729,-0.029522793,0.21428896,-0.21711148,-0.23833175,-0.09646358,-0.030701922,0.20413259,-0.02751565,0.2763124,-0.011372954,-0.021034596,-0.27839056,0.1753756,0.43177393,-0.28146,0.28336945,0.0680583,0.0061371103,0,0,0,Broker,Peripheral,0.09522384674210192
42,3,0.007518796992481203,8.060351884736969e-05,0.21712034095935023,0.012428365794106722,0.0,3,0.00025341030649528025,6.4,0.5,4,0.0,0,-0.4634321800078576,15,8,2.466666666666667,0,1,4,10,0.018594993,0.071850225,0.003456477,0.55941516,-0.63792473,-0.43453974,-0.014042432,-0.5169274,0.16581199,-0.5508187,0.13470072,-0.22215292,-0.88110185,-0.23307003,0.20547,-0.06387526,-0.12807778,0.28696522,0.4128895,-0.26564425,0.18596525,0.12473416,-0.388723,-0.39157847,0.19225366,0.017679747,-0.33212298,-0.63374966,0.1417013,-0.045337103,0.036571577,-0.6085068,-0.15274592,-0.22790177,-0.07893726,0.10243361,0.18724202,-0.39629906,0.8699619,0.16484976,0.42095166,0.15259688,-0.3384558,0.42269784,0.15140773,-0.24507795,0.06828202,-0.11173521,-0.07077328,0.06751663,0.0698269,0.40394336,0.1078545,-0.07127684,0.22252293,-0.014016895,-0.19094796,-0.004969863,0.6396698,0.93171453,0.11811909,0.3458486,0.045148518,-0.16014193,0,0,0,Peripheral,Peripheral,0.019309551667386043
43,1,0.002506265664160401,0.0,0.1997613961102017,0.0022828419892921303,0.0,1,0.0,0.0,1.0,2,0.0,0,-0.7291066625123621,7,5,2.2857142857142856,0,1,2,4,-0.082573205,-0.09543958,-0.542192,-0.11432648,0.10602847,-0.017273793,-0.25350493,0.05017443,-0.48931417,-0.22085536,0.056456733,-0.5193188,-0.1702002,0.3379823,-0.08198328,-0.47446066,-0.25614208,0.23935081,-0.0068346765,0.102165595,0.22154436,0.65434,-0.19315243,-0.64860874,-0.23631537,-0.13855441,-0.12935363,0.28020787,0.49334696,0.70403546,-0.17801833,-0.23612326,0.24981627,0.19232643,-0.23295143,-0.04797135,0.31821245,-0.37168837,0.93145305,0.7487695,-0.12121417,0.39731994,0.22091079,0.056789145,0.48852378,-0.07397593,0.21136037,0.061938874,0.03276145,-0.34261864,0.07157457,-0.3287918,0.2713732,0.39724356,-0.30439276,-0.07168296,0.45627668,-0.27673137,0.30150962,0.13180244,-0.30687058,0.71038204,-0.8848188,-0.12710549,1,1,0,Peripheral,Peripheral,0.020327972446776123
44,8,0.020050125313283207,0.005825976933998337,0.2485172380070298,0.03245904745376324,0.07142857142857142,4,0.011880588324745197,462.58839453640195,0.2777777777777778,9,0.0,0,0.20075402625340386,24,13,2.625,10,2,8,4,-0.026478315,0.15630005,-0.3025492,0.27238688,-0.37045577,-0.24971277,0.048651166,-0.01486997,-0.12709221,0.3603408,0.40673554,-0.16510326,-0.3482222,0.10327258,-0.27850014,-0.5583164,-0.09490665,-0.27186948,0.14851165,0.079328865,0.54520595,0.24177158,-0.157806,-0.2906302,0.041168567,0.1818067,-0.35192943,0.13431367,-0.17125006,-0.07815776,-0.5915809,-0.532448,0.5916303,-0.015278947,0.2457149,-0.058096446,-0.44342673,-0.68680805,0.6167061,-0.15439697,0.12890604,0.2416357,0.32014608,-0.043661166,0.19719294,0.003945927,0.113628596,0.37626046,0.192333,-0.06546626,-0.33535266,-0.17155468,-0.14646058,-0.061410777,-0.16140929,-0.4232691,-0.344434,-0.43253422,-0.12152297,0.396232,0.19389126,0.12022747,-0.3731322,0.62806,1,1,0,Enabler,Peripheral,0.05296749661663426
45,1,0.002506265664160401,0.0,0.1471735523675523,2.9743433208271792e-05,0.0,1,0.0,0.0,1.0,2,0.0,0,-0.7291066625123621,13,10,2.3846153846153846,0,5,2,6,-0.82307744,-0.13791199,-0.4227884,-0.06480277,-0.08593011,-0.6627876,0.69491816,-0.15750432,0.7597045,-1.206966,0.69732517,0.12787051,-0.7185325,0.007773364,0.24849132,-0.6588989,0.12384968,-0.07668449,0.09909608,-0.13222785,-0.11156578,0.3923856,0.021219,-0.26097727,0.70962787,-0.3531334,0.19834329,-0.41532072,0.9787217,-0.06766482,-0.3594558,-0.4092981,0.62807316,0.35915142,-0.3825623,-0.26709017,-0.33598444,-0.29725114,0.38045168,0.6951774,0.7773539,-0.06472479,-0.21169427,-0.18295231,-0.14313841,0.5432782,1.145222,0.33461425,0.1540645,-0.45142686,-0.69508016,-0.2559209,-0.25451347,-0.28027013,0.32947555,-0.102635875,0.48515323,-0.2100294,0.8393627,0.44547272,0.1731958,-0.21535984,-0.4115553,0.6167382,1,1,0,Peripheral,Peripheral,0.01992720427746305
46,11,0.02756892230576441,0.01386061707885945,0.26131297672983744,0.05338027795725375,0.14545454545454545,6,0.013217826821634101,1100.5468566785191,0.2878787878787879,12,0.0,0,0.5992657500101607,15,9,2.2,4,0,6,5,-0.034542263,0.11611933,-0.26219562,-0.16734713,0.19318746,0.090913,0.20609903,0.1709855,0.14219987,-0.8933728,0.37102744,0.32895637,-0.36766165,0.33613667,0.27984634,-0.060462628,-0.26405075,0.18410055,0.09322372,-0.042303734,0.5324074,0.32450724,-0.45770952,-0.38149944,0.057169806,-0.44196537,0.07022284,-0.388622,-0.085265,-0.061613612,0.06433799,-0.1838871,0.34412694,-0.3802851,0.21989478,-0.1935505,0.085879244,-0.6948651,0.07487231,-0.08032331,-0.082493,-0.3225577,0.2613074,0.14306962,0.24708822,-0.0106173875,-0.23053631,0.27386904,0.23902263,-0.22277123,-0.29357967,-0.23372951,0.111255445,0.4393044,0.23577723,0.03328461,-0.23327444,-0.39825237,-0.17663878,0.052192893,-0.12762126,0.5900163,0.1879216,0.3110216,0,0,0,Enabler,Enabler,0.35727922155367675
47,1,0.002506265664160401,0.0,0.1809537772006618,0.0023626635362526804,0.0,1,0.0,0.0,1.0,2,0.0,0,-0.7291066625123621,6,5,2.1666666666666665,0,2,1,3,0.0012970116,-0.49492043,-0.45339262,0.0036152785,-0.1236833,-0.1056834,-0.1975561,0.6470157,0.054475047,-0.8661486,0.28608772,-0.009511188,0.09798302,-0.049477972,0.41632316,0.100349784,-0.021633148,-0.26409182,0.045452733,0.060054593,0.29774538,-0.14560689,0.08005641,0.1880338,0.083105564,-0.48301372,-0.34830645,-0.108800046,0.17941651,0.5738105,-0.16100974,-0.04429651,0.23577657,-0.56243587,0.5043612,0.12649447,0.19374527,-0.5716608,0.52126664,0.40954742,0.5100692,-0.24571201,0.16961122,-0.07761418,0.26807234,-0.61717016,0.24757788,-0.05523196,-0.14621411,-0.08109321,-0.04415566,-0.4552213,-0.067531385,0.50402373,0.32119593,-0.04994828,-0.13074948,-0.41025805,0.023085782,1.1342596,-0.061433904,0.13483956,-0.039358523,0.33547807,1,1,0,Peripheral,Peripheral,0.020342170642927256
48,1,0.002506265664160401,0.0,0.1997613961102017,0.0028459276729731284,0.0,1,0.0,0.0,1.0,2,0.0,0,-0.7291066625123621,10,6,2.0,0,3,1,6,0.17085075,0.037247177,-0.31487626,0.42434373,-0.3023771,-0.58817863,0.19402528,-0.19693838,-0.51055914,-0.53770834,0.061292738,0.123894274,-0.6293802,-0.15122093,-0.100513354,0.014400844,0.17621736,-0.22448613,0.5691054,-0.1640297,0.22505799,0.572814,0.09757416,-0.6347758,0.18131755,-0.06714505,-0.16719355,-0.16717537,0.2838196,-0.047548387,-0.08126913,-0.24429007,0.013699628,-0.93310374,-0.18301393,-0.13769746,-0.117420994,-0.31389907,0.7461887,-0.4810718,0.47849023,-0.28037485,-0.19320244,0.39484805,-0.28563094,-0.2805343,0.31421304,0.18566398,-0.5186574,-0.087107874,0.4452336,-0.3434395,0.005014565,-0.09154858,0.16731308,-0.12616545,-0.15148179,-0.30850992,0.7146158,0.7570897,-0.14916764,0.5916369,0.011662415,0.31701943,1,1,0,Peripheral,Peripheral,0.020428130878818913
49,2,0.005012531328320802,0.0005734885761723673,0.2071505293846862,0.0033475472249719536,0.0,2,0.0015729353702291604,45.535566436662144,0.6666666666666666,3,0.75,1,-0.7291066625123621,9,6,1.5555555555555556,0,1,3,5,0.3360482,-0.27979589,-0.47809428,-0.21960263,0.17811744,0.41040102,0.25332364,0.23463514,-0.26145554,-1.18329,0.18046585,0.26387095,-0.32490265,0.28558177,0.18245158,0.42285523,-0.34793264,0.31533805,-0.019491918,-0.35036978,0.959522,0.18328808,-0.5941202,-0.28541878,-0.00016530223,0.013172642,0.099706955,-0.59402937,-0.022539949,-0.25309902,0.102466844,-0.25362387,0.40978667,-0.46368837,0.37542665,-0.14832106,0.3459448,-0.9028653,-0.1238359,0.04850238,-0.08955202,-0.35425746,0.3708659,0.38962612,-0.066354044,0.45006657,-0.05966728,0.18277535,0.29639927,-0.31731972,-0.33099815,-0.23215263,-0.19405505,0.27245164,0.048068564,0.20846207,-0.49624372,-0.30282795,-0.3589491,-0.14115149,-0.03836851,0.8076531,0.25058416,0.6006213,0,0,0,Peripheral,Peripheral,0.015700091789901206
50,27,0.06766917293233082,0.020842607956398612,0.3132227869577512,0.1777499532276614,0.039886039886039885,10,0.0271280377753788,1654.9239143460063,0.10846560846560846,28,0.2098765432098766,3,2.32614988628944,12,6,3.0,9,3,0,0,-0.06400376,-0.24752627,-0.34518367,0.21533561,-0.14598747,-0.18142207,-0.045104373,-0.016903242,-0.21117593,-0.3884326,0.34662953,0.086000256,-0.34779248,-0.12363575,0.081674,-0.13706888,-0.118032925,-0.0689142,0.17753774,-0.1908563,0.44674736,0.34962976,-0.053366076,-0.2264595,0.07097634,-0.079123795,-0.11468746,-0.08458547,-0.030901587,0.04575198,-0.08603409,-0.31649452,0.10965428,-0.22599022,0.18348652,-0.030308204,-0.058169927,-0.12167296,0.36545867,0.09767059,0.07599357,-0.016660165,-0.04567807,0.25329623,0.20685227,0.10432189,0.00043537447,-0.014902787,-0.05099271,-0.0780314,-0.123897105,0.114249796,-0.127326,0.042717002,0.15889163,-0.044295084,-0.14865595,-0.21863961,0.22886118,0.373596,-0.10269692,0.31671157,-0.005054375,0.3490986,0,0,0,Coordinator,Peripheral,0.1414274664124111
51,1,0.002506265664160401,0.0,0.1973341616495674,0.003458229442501973,0.0,1,0.0,0.0,1.0,2,0.0,0,-0.7291066625123621,6,4,2.1666666666666665,0,1,0,5,-0.41427705,-0.3259894,0.31202644,0.13882339,-0.026362754,-0.21138002,0.038149275,-0.30986553,0.1196468,-0.31511545,0.30602342,-0.4103206,-1.0563562,0.02331304,0.44345117,0.18361723,0.28311503,0.12957194,0.39736506,0.07854004,0.1862761,0.58832794,0.03131023,-0.42165667,0.42386287,-0.027068887,-0.6292119,-0.18212332,0.3196547,-0.11784798,0.062802896,-0.1473543,0.26924855,-0.47737017,0.202297,0.064342596,0.28654048,-0.2877766,0.42181212,0.27451435,0.083089925,0.017366124,-0.036845863,0.40813136,0.42409444,0.19722405,0.15546535,0.10929521,0.6779984,-0.092458084,-0.46736318,0.3714237,-0.20440583,0.21040542,0.4366533,-0.47764313,-0.03579272,-0.08773379,0.4423027,0.8875862,0.3444585,-0.11074767,0.3789665,-0.15628862,1,1,0,Peripheral,Peripheral,0.02053704358420351
52,14,0.03508771929824561,0.002015080700931488,0.2797691904179052,0.12439904439986114,0.13186813186813187,10,0.0024348543805753986,159.9994227346611,0.24761904761904763,15,0.0,0,0.9977774737669175,14,8,3.2142857142857144,5,7,2,0,-0.09017225,-0.05009652,-0.16598962,0.12015248,-0.18134822,-0.19022393,-0.037861645,-0.11051083,-0.07660927,-0.47794846,0.24976622,-0.1356482,-0.38140306,0.057067357,0.13069461,-0.011541702,0.022517024,0.032173067,0.083571084,-0.12709066,0.24342059,0.07903966,-0.36820906,-0.26986247,-0.013201403,-0.13257699,-0.101731725,-0.3228759,0.046232097,0.0020554948,-0.030408055,-0.19694781,0.31088027,-0.20840946,0.10788379,-0.16202171,0.07784616,-0.47878438,0.3993258,0.16203384,-0.017781166,0.039755534,0.15182976,0.041434284,0.29216698,0.13512342,0.028045332,0.28911775,0.20090581,-0.055111058,-0.20732194,0.19619302,0.0010387235,0.20189293,0.28198352,-0.16986237,-0.0042211614,-0.2334651,0.26657194,0.31686354,0.058118373,0.15340118,-0.09926224,0.05142763,0,0,0,Broker,Broker,1.0
53,3,0.007518796992481203,0.011514050904920895,0.21453898948163008,0.008519264315345526,0.0,2,0.004789645667909166,914.227155901624,0.5,4,0.0,0,-0.4634321800078576,6,4,1.5,0,0,2,4,-0.07896274,-0.3092064,-0.16852058,0.21201223,-0.5419937,-0.18841751,-0.35530138,0.17052051,0.0843871,-0.86013275,0.39652342,0.058205746,0.015727587,-0.007006235,0.3988441,0.054166283,-0.098175034,-0.30008218,-0.08917163,0.09433535,0.13519046,-0.43498555,-0.88159657,0.60557306,0.1849397,-0.3645478,-0.31034958,-0.5430322,0.08281776,0.4767224,-0.21516289,-0.17275998,-0.21598722,-0.21277238,0.33987033,0.14085568,-0.010697195,-0.8070723,0.7028377,0.25147092,0.4601266,0.13317834,-0.15079516,0.056562968,0.43344834,-0.37550846,0.03723162,-0.07894644,0.19042957,0.11357658,-0.16128865,0.28464457,0.120639764,0.34928095,0.1886098,0.07439726,-0.41368407,-0.41184866,0.12947188,1.1533021,-0.05339291,0.22808254,-0.3215365,0.3381721,1,1,0,Peripheral,Peripheral,0.032540622043580936
54,4,0.010025062656641603,0.004629364749514371,0.21510730468555495,0.006195269994952061,0.0,2,0.00912574218908522,367.57619047619056,0.4,5,0.0,0,-0.33059493875560525,10,6,2.8,0,3,2,5,-0.31400034,0.14265707,-0.4597365,1.001065,-0.3015888,0.10701809,0.17931068,0.13667679,-0.35710195,-0.6002609,-0.16326524,0.11454841,-0.2576926,-0.11015985,0.22053233,-0.53694785,-0.48730195,-0.39431956,0.37900764,0.1291946,0.23549528,0.47889838,-0.3501471,-0.11701689,0.42646807,0.37483892,0.6636595,0.09857133,-0.060937077,0.13279966,-0.23586433,-0.4799525,0.036280237,-0.029277615,0.103566766,0.058447335,0.012757588,-0.33477455,0.54861164,0.10186049,-0.7088229,-0.2656579,0.16423015,-0.085439675,0.45128974,-0.30515406,0.7183085,-0.039253023,0.53161824,-0.19698676,-0.665251,-0.07012698,-0.40084088,-0.03430386,0.230207,-0.6280572,-0.28557613,-0.6689803,0.41832536,0.41401052,-0.47990984,-0.1953117,-0.3222353,0.3882889,1,2,0,Peripheral,Peripheral,0.03230236090629186
55,1,0.002506265664160401,0.0,0.19276678342741124,0.0011149903559723854,0.0,1,0.0,0.0,1.0,2,0.0,0,-0.7291066625123621,10,7,2.2,0,4,1,5,0.119484626,0.006381052,-0.14487375,-0.39473188,-0.17485547,-0.22569475,0.5965111,0.26475817,0.2488942,-0.34886768,0.73022836,0.1914312,-0.59403056,0.32481542,-0.3250611,-0.57292885,-0.052490495,0.1915537,0.2634915,-0.00457716,0.7280264,0.14447308,-0.048253972,0.29774117,-0.43483707,-0.27611548,-0.26143968,-0.532706,0.2727607,0.3281698,-0.30482325,-0.13545509,0.48921478,-0.4838904,0.26962987,-0.3526763,0.08235913,-0.6917674,0.49995133,0.5504552,-0.18913269,0.108819224,0.22407176,-0.31737164,-0.35365972,0.6310816,0.6565588,0.055541802,-0.12052053,0.5106651,-0.07794846,0.19770485,0.20763011,-0.4983369,0.33610198,-0.32210547,-0.23873368,-0.71961457,0.35469642,0.4462383,-0.041378498,0.1051825,-0.34634748,-0.16820201,1,1,0,Peripheral,Peripheral,0.0201202417375042
56,0,0.0,0.0,0.0,7.590317288714358e-60,0.0,0,0.0,0.0,0.0,1,0.0,0,0.0,10,6,2.5,0,2,3,5,-0.002639806,0.013687376,-0.0024941768,0.0037273802,0.015305683,0.015480848,0.0055344645,-0.0098536,-0.002882313,-0.0089982245,0.012386711,-0.010596819,-0.006167764,-0.009422902,0.0035259128,-0.0032542571,0.003089955,0.0055860877,-0.015459688,-0.004660934,0.004256718,0.014733212,0.013138417,0.0084890295,0.015460134,0.012019485,-0.0028848518,-0.012463173,-0.0077827945,-0.0069676097,0.0047772992,-0.011683306,0.00072664954,0.010388548,-0.00079851784,0.009363074,0.005271025,0.0007095132,0.014778255,0.009847857,-0.008738844,-0.007555943,-0.010753589,0.010415634,-0.006867232,-0.013442246,0.011285627,-0.004763508,-0.0062240753,0.0003537871,-0.00015620887,0.011437234,-0.0148672275,-0.0041455664,0.010277318,0.007058451,-0.008360814,-0.003940901,-0.009978443,-0.00028084405,-0.0055055656,-0.0052994248,0.011938017,0.0036601797,0,0,0,Peripheral,Peripheral,0.0
57,0,0.0,0.0,0.0,7.590317288714358e-60,0.0,0,0.0,0.0,0.0,1,0.0,0,0.0,15,8,2.066666666666667,0,6,4,5,0.0072922334,0.004810823,0.011665843,0.006456308,-0.013804227,-0.0033740848,0.009974256,-0.0035657864,-0.0013389159,-0.011819784,0.0015918817,0.0061868336,0.0035462882,0.0009226147,0.0049333666,-0.0063499715,-0.006791588,0.0052078366,0.0076759364,0.015346486,0.009934366,0.010121092,0.013962273,-0.009908786,-0.014872963,-0.015314011,-0.00976203,-0.01554936,-0.0011810362,0.0020691995,-0.0017495882,-0.00202737,-0.0037737992,-0.0073992405,0.014016025,-0.005451219,-0.0064085294,0.005382614,-0.010599483,0.010470351,-0.005164381,-0.0042999256,-0.014719347,-0.011155583,0.007406635,0.0045690574,-0.0023814477,-0.008272482,0.0008980911,0.0041196123,0.01157213,0.010226289,0.0095034,0.014738092,0.008786144,0.009058539,-0.014907761,-0.013561966,-0.012622863,0.008671401,0.012741135,0.0040287785,0.008190792,0.009456446,0,0,0,Peripheral,Peripheral,0.0
58,0,0.0,0.0,0.0,7.590317288714358e-60,0.0,0,0.0,0.0,0.0,1,0.0,0,0.0,13,7,2.6153846153846154,0,1,6,6,-0.006791802,-0.0002577398,0.014772154,0.0019648615,0.002436541,0.0006551407,-0.0020679943,-0.011003438,0.008735439,-0.0084856935,0.0015870184,0.0072353035,0.004395481,0.0038378704,-0.002318278,0.0022071823,-0.006177176,0.009321662,-0.012957189,-0.0007764008,0.015191779,-0.015345324,-0.004649561,0.0021052007,0.0006827619,-0.0047528427,0.0145053435,0.001844285,0.006174758,-0.0054076314,0.0015429221,-0.010213545,0.0076242015,-0.0050622765,0.010380948,-0.014855463,0.0028680693,-0.012669018,0.0042939205,0.012770997,0.00908735,0.0076758973,-0.014833359,0.011131529,0.0024637356,-0.009575903,-0.0046477374,-0.0014618859,-0.010057198,-0.009239648,0.0016701985,-0.004230736,-0.014009215,0.011144502,-0.0006475486,-0.008797444,-0.0041333083,-0.015028456,-0.003315663,0.0079689585,2.9429793e-06,-0.0047005247,0.009923434,-0.013377234,0,0,0,Peripheral,Peripheral,0.0
59,14,0.03508771929824561,0.01622603903928599,0.2846731201360105,0.11723914187932274,0.02197802197802198,10,0.020139594545803965,1288.3637257583468,0.1523809523809524,15,0.1377551020408163,1,0.8649402325146652,14,8,2.357142857142857,2,8,4,0,-0.08025318,-0.06920782,-0.243757,-0.13163093,0.10976196,-0.33126292,-0.17237778,-0.25775555,-0.4343236,-0.4384074,0.3148058,0.06517542,-0.11302639,-0.16778052,0.16873279,-0.20028143,0.04662377,-0.09727797,0.122228414,-0.20513986,0.15241702,0.42405596,-0.100540206,-0.3574369,0.2692201,0.047230363,0.18492301,-0.30784062,-0.06777566,0.22391473,-0.082412645,0.022815112,0.1172135,-0.17129207,0.12376664,0.22267008,-0.020150868,-0.30691877,0.5049444,0.15119028,0.12131543,0.22388774,0.018513404,-0.16273515,0.011953377,-0.0005290411,0.03240593,0.22011355,0.027588382,0.0060831895,-0.1830057,-0.09961726,0.24462473,0.10580997,0.44695398,-0.20965908,-0.10672815,-0.32990548,-0.08895906,0.26452324,0.07273032,0.3348253,-0.18657206,0.14498192,0,0,0,Broker,Peripheral,0.09448693370247921
60,1,0.002506265664160401,0.0,0.19357093568247197,0.0025777179844937944,0.0,1,0.0,0.0,1.0,2,0.0,0,-0.7291066625123621,9,5,2.6666666666666665,0,2,2,5,-0.16853897,-0.40096083,-0.7611923,-0.24413735,-0.30933726,-0.2596242,0.23812893,-0.3060117,-0.34893537,-0.30732486,0.2626005,-0.118291534,-0.20444283,0.05152978,0.10691199,-0.09011227,-0.24949189,-0.47277707,0.23011252,-0.34029448,0.3647861,0.44207755,-0.31586882,-0.05395623,0.10287603,0.05115139,-0.74105346,-0.5313259,0.36828163,0.6969706,0.21086141,-0.020218113,0.61075205,-0.12536192,0.12913436,0.4430929,-0.20842461,-0.14512463,0.6789742,-0.2639687,-0.357886,0.028490553,0.47808018,-0.02951287,0.30907747,-0.72749346,-0.11363492,-0.039977234,-0.1797455,0.4169522,-0.1559307,-0.13441524,-0.1608269,0.6376537,-0.0786329,-0.7909023,0.22877464,0.08731388,0.12388253,0.30306438,0.16416542,0.35202482,0.07450287,0.75323725,1,1,0,Peripheral,Peripheral,0.020380423287176437
61,27,0.06766917293233082,0.03657293829331795,0.31688978543920776,0.17174702690406238,0.037037037037037035,10,0.041461435492622524,2903.9278734277386,0.10582010582010581,28,0.2098765432098766,3,2.32614988628944,12,5,2.9166666666666665,11,1,0,0,-0.2648173,-0.18537241,-0.36274225,0.08190431,0.063211486,-0.162707,0.14305682,0.04565439,-0.021570647,-0.25224978,0.31075558,-0.1319948,0.06571705,-0.04979018,0.1508518,-0.11225758,-0.22632258,-0.12211936,0.054645676,0.018897725,0.26915747,0.35249695,0.021069445,-0.08890859,0.031002697,-0.09221615,-0.01969537,-0.25380325,0.033778533,-0.008805882,-0.021768553,-0.15738617,0.13727762,-0.2300806,0.15197468,0.042679127,0.018732557,-0.269461,0.45015687,0.19548051,-0.03904424,0.12486305,0.08576481,0.13013779,0.2925224,0.07717617,-0.07753679,0.10277775,0.09011212,-0.25813204,-0.3914614,-0.08265759,-0.12711513,0.052170202,0.12197752,-0.3079132,-0.039309703,-0.34578815,0.12703143,0.45420974,-0.13943484,0.16485342,-0.0784357,0.20587662,0,0,0,Coordinator,Coordinator,1.0
62,0,0.0,0.0,0.0,7.590317288714358e-60,0.0,0,0.0,0.0,0.0,1,0.0,0,0.0,12,7,2.5833333333333335,0,1,4,7,-0.014161468,-0.014180671,-0.002155725,-0.00095681474,0.010279728,-0.007698374,0.0059812814,-0.007450834,-0.0119224675,0.0070171505,0.0066654775,-0.008036472,0.01148604,-0.003270885,0.009416107,-0.011865219,-0.0043712948,-0.0068260375,0.010827828,0.0011632424,-0.012749923,0.0068621524,-0.010267716,-0.0005153846,0.0077789966,-0.004476728,-0.003285015,0.015610147,-0.009311266,-0.0071705002,0.000647448,0.0045167375,-0.010172661,0.0045011695,-0.0064610187,-0.0007143505,0.008171188,-0.008503089,0.013158832,-0.0144200325,0.006418815,-0.0038333293,0.015146861,-0.0036090147,0.014452891,0.014486199,-0.0075689834,-0.0055720173,-0.0038708746,0.015164778,-0.01412132,0.006051354,-0.013115279,-0.0038456693,-0.006950859,-0.007166937,-0.009062029,-0.009196533,0.01163204,-0.008100726,0.013181703,0.011639226,-0.011983324,0.007460449,0,0,0,Peripheral,Peripheral,0.0
63,2,0.005012531328320802,0.0,0.21009833769417072,0.005646964595646394,0.0,2,0.00011124964840913001,0.0,0.6666666666666666,3,0.0,0,-0.5962694212601098,8,5,1.75,0,1,1,6,-0.03176201,0.1577912,-0.1543693,0.6461897,-0.5541787,-0.18371561,0.16137214,0.028676234,-0.16932635,-0.119240105,0.32852754,-0.1983338,-0.23412183,0.13485985,-0.13614695,-0.66218,-0.041470125,-0.4542706,0.44814566,-0.15027522,0.5966548,0.5303989,-0.28514597,-0.16195008,-0.0076642986,0.5017494,0.085747145,0.29974604,-0.25559744,0.010218473,-0.6825052,-0.22912674,0.30827668,-0.066580005,0.40024996,-0.11948503,-0.40644315,-0.69004625,0.54335254,0.075083666,-0.16508783,0.099728905,0.16079904,0.16844629,0.49572906,-0.09124208,0.40334395,0.19391705,0.41123012,-0.18229711,-0.09625255,-0.17111577,-0.053901408,-0.1746976,0.024359476,-0.511459,-0.4644797,-0.6497561,-0.29666403,0.28682008,0.1864806,-0.15066093,-0.49261603,0.6235998,0,0,0,Peripheral,Peripheral,0.012388400154019142
64,14,0.03508771929824561,0.0028048533672759292,0.28049398106665624,0.1218184820630089,0.13186813186813187,10,0.003920559314748503,222.70816221507607,0.24761904761904763,15,0.0,0,0.9977774737669175,10,6,2.3,2,6,2,0,0.021976763,0.16678599,-0.3176076,0.10898523,-0.049700346,-0.33192798,-0.18261151,-0.13479978,-0.23097952,-0.4103188,0.41588846,-0.017006634,-0.21501079,-0.068946764,0.30809888,-0.2658925,-0.17930825,-0.2101151,0.053754844,-0.09958932,0.12598468,0.036122777,-0.16818288,-0.035386767,-0.1361433,-0.25149158,-0.24828212,-0.30408615,0.15756541,-0.032348193,-0.112542816,-0.4559022,0.24247442,-0.14708865,0.13125332,-0.051310465,0.08397122,-0.34514722,0.4382044,0.23849459,-0.13452524,-0.040117573,0.09189809,-0.117939174,0.17018428,0.15875277,0.07365098,0.22654851,0.020110045,-0.09030255,-0.2335951,0.081359066,0.11301801,-0.022949416,0.08535052,-0.332815,-0.053574953,-0.1667567,-0.06456616,0.2662067,0.07381186,0.2782613,-0.18289365,0.26331136,0,0,0,Broker,Broker,1.0
65,12,0.03007518796992481,0.0017115002749008333,0.2776171197223829,0.11365791920087066,0.030303030303030304,10,0.002172652531770454,135.89483332740107,0.1794871794871795,13,0.0,0,0.732102991262413,19,9,2.5789473684210527,5,11,3,0,-0.0657871,-0.046102248,-0.20269664,0.073826514,0.07271666,-0.34175146,-0.1753961,-0.25511807,0.01642958,-0.41303822,0.18623286,-0.14770323,-0.32340363,-0.07670879,0.3163538,-0.18133008,0.026652178,-0.07122246,0.09814358,-0.048716668,0.16515474,0.20830199,0.0055036624,-0.060898047,-0.023828918,0.030073602,-0.246882,-0.15352018,0.15983814,-0.008172487,-0.093202926,-0.33147457,0.3641494,-0.26615843,0.103600055,-0.078009814,0.07786171,-0.40612766,0.4115662,0.24530105,0.039433658,0.1426817,0.17580652,-0.03845911,0.43382686,0.10067002,0.06933399,0.15402614,0.07867574,-0.10613484,-0.32085618,-0.022064118,-0.09653894,0.025655331,0.080865115,-0.34198245,0.1072306,-0.24203995,-0.025792725,0.4234498,0.10922171,0.16875125,-0.15838332,0.14806238,0,0,0,Broker,Broker,0.9657151008452811
66,27,0.06766917293233082,0.035589662596202436,0.3175093158115229,0.17470008673717985,0.03418803418803419,10,0.036263564053019705,2825.8547998010695,0.10317460317460317,28,0.2098765432098766,3,2.32614988628944,15,4,3.2666666666666666,15,0,0,0,-0.16076818,-0.13811629,-0.2453325,0.2026838,-0.01542748,0.024366403,-0.19167203,0.14107472,-0.23602615,-0.41859773,0.29807472,-0.009470994,-0.094977506,0.106088765,0.102332704,0.05482225,-0.027830247,-0.008995197,0.15329772,0.009380421,0.5230156,0.262955,-0.0788151,0.010743501,0.02669829,-0.14826809,-0.06410923,-0.21158198,-0.027499134,0.11904606,0.00034144783,-0.24123049,0.26217598,-0.102896385,-0.08278847,-0.06412557,-0.20089076,-0.33750013,0.4860681,0.18419904,-0.013495959,0.10857664,-0.08420619,-0.02346559,0.25180537,0.22295175,-0.11937118,0.12732255,-0.030836102,-0.20054522,-0.1461354,0.07881137,0.12680192,0.15960723,0.22720735,-0.08825528,-0.09626395,-0.29052213,0.2341834,0.34923548,-0.006420226,0.283001,-0.011665991,0.098613895,0,0,0,Coordinator,Coordinator,1.0
67,1,0.002506265664160401,0.0,0.1986617920949162,0.0022554126566042597,0.0,1,0.0,0.0,1.0,2,0.0,0,-0.7291066625123621,12,9,1.75,0,3,6,3,-0.032799896,-0.0641413,-0.18344742,0.39925602,0.22680826,-0.48272845,-0.14162256,-0.1907191,-0.025625916,-0.35835063,0.5352177,-0.057095885,-0.21279067,0.13952672,0.92182165,-0.51348656,0.047828972,-0.70073307,-0.14170256,-0.34976643,0.442199,0.37124482,-0.36524788,-0.21029803,0.12812951,0.6352321,0.12608841,0.2687717,0.7724593,-0.037225787,-0.5417639,-0.010914311,0.61981463,-0.5847185,0.07245533,-0.09633008,-0.20462751,-0.46473303,-0.1605661,0.23361392,-0.2031214,0.011859452,-0.090822406,-0.07505567,0.3646112,0.25284392,-0.016314114,-0.11222023,0.022360792,-0.48519927,0.30788615,0.48752242,0.33426782,-0.045032,0.21318574,0.08042386,0.14940868,-0.57516253,0.44616303,0.4407807,-0.033165943,0.3864006,-0.07907914,-0.09798913,1,1,0,Peripheral,Peripheral,0.020323093475362684
68,2,0.005012531328320802,4.136591193459987e-05,0.2139736693512437,0.00883051337534253,0.0,2,8.2256574870018e-05,3.2844947735191643,0.6666666666666666,3,0.0,0,-0.5962694212601098,12,7,1.75,0,1,2,9,-0.00571188,-0.11117384,-0.0530328,0.1109176,-0.37064186,0.14604907,-0.37873995,-0.098277465,-0.054789457,-0.5065245,0.2774963,0.1624112,-0.48226485,0.078225955,0.3024558,-0.054248754,-0.12958546,0.046363056,0.08876746,0.12217948,0.28059945,0.13903154,-0.83119243,-0.4931776,-0.02256155,-0.19433121,-0.10307967,-0.64648163,-0.20305437,0.73950446,-0.10883253,-0.5543384,0.19893602,0.14383882,-0.113014214,-0.23334579,-0.26029506,-0.34040585,0.8214889,0.38538784,0.14027067,0.60084915,0.08102767,0.25688812,0.23786959,0.28840387,-0.0055592833,0.21160974,-0.15270117,-0.1756456,0.01049809,0.53793496,0.34855762,-0.36630133,0.45555744,0.24472456,-0.3737963,0.04598091,0.65313977,0.50223714,0.27154306,-0.0104463715,-0.4065087,0.31217188,0,0,0,Peripheral,Peripheral,0.012966444127336569
69,28,0.07017543859649122,0.044855733802003576,0.3212779723790188,0.1783753259163009,0.03968253968253968,10,0.041605087204115695,3561.5901196128857,0.10591133004926108,29,0.26530612244897966,4,2.32614988628944,18,7,2.888888888888889,12,6,0,0,0.012568772,-0.21531571,-0.29381874,0.10651414,0.17945218,-0.10081952,-0.14424999,-0.17906427,-0.14196718,-0.18790117,0.34481204,-0.05152454,-0.032923035,0.13440855,0.11999545,-0.09757701,-0.16062544,0.03393576,0.11709497,-0.12686181,0.34902373,0.42918882,-0.09203778,0.010091427,-0.010498269,-0.0005825161,-0.102059916,-0.058034543,0.23443131,0.2717588,-0.12099158,-0.15162596,0.23426837,-0.12396738,-0.039801266,0.14311188,-0.08277626,-0.09907753,0.37181896,0.3107639,0.18243742,-0.0145171145,-0.05110372,0.061030526,0.12052996,-0.03732694,0.06474159,0.12610278,0.19609447,-0.17025743,-0.23156165,0.24123313,0.16788425,0.19508252,0.034509633,0.03625658,0.09710464,-0.5232764,0.20178165,0.42905697,0.01668208,0.28378084,-0.09652784,0.14370392,0,0,0,Coordinator,Peripheral,0.15406478544317576
70,1,0.002506265664160401,0.0,0.16742888148205565,0.00025483014886976813,0.0,1,0.0,0.0,1.0,2,0.0,0,-0.7291066625123621,9,6,2.111111111111111,0,0,4,5,-0.17987324,0.25858074,-0.6211921,0.39140037,0.023864355,-0.2926606,0.1640593,-0.483022,0.07033588,0.15679392,0.046036042,-0.73087,0.02241728,-0.05029852,0.21468505,-0.76958597,0.054321386,-0.13079502,0.14492404,0.533332,0.22318704,0.2522911,0.21907051,-0.14142838,0.13748625,0.045434758,-0.86143684,0.079819635,-0.14708756,-0.0681117,-0.32696557,-0.70850354,0.6975063,-0.0211498,0.09714318,-0.15355827,-0.3111436,-0.35106024,0.4351295,0.50295705,-0.10245713,0.5382799,0.2812513,0.3299193,0.6592052,0.45859692,0.18452625,0.62875855,0.37630206,-0.61691344,-0.8758762,-0.21718378,0.15053953,-0.24124554,-0.31317574,-0.91793805,-0.4479278,-0.5566162,-0.60010636,0.3803431,-0.05866733,0.48617664,-0.46923026,0.83293515,1,1,0,Peripheral,Peripheral,0.019967241403548268
71,2,0.005012531328320802,6.14592311628089e-05,0.203134477845646,0.002496763128499844,0.0,2,0.0002776706375439574,4.879924413558189,0.6666666666666666,3,0.0,0,-0.5962694212601098,12,6,2.8333333333333335,0,3,3,6,0.21822295,-0.050310202,-0.44795108,-0.09928328,0.2604507,0.6224984,-0.34335384,0.03344755,0.10413819,-0.81516874,0.15444838,-0.77258974,0.2226642,0.25091457,-0.2158065,0.21165183,-0.079453215,0.32763427,0.15067178,-0.5412825,0.18433473,0.9426987,-0.24079897,-0.56052816,0.28487667,-0.28738725,-0.113888964,0.121522024,0.26418075,0.034361836,0.012899725,-0.6474017,0.3897263,-0.17368801,-0.20739716,-0.2213102,-0.00834617,-0.68593746,1.0083648,0.10483074,0.19563879,0.119867586,-0.048688848,-0.30112797,0.7613833,-0.15902717,0.30118424,0.46547306,-0.29816213,-0.11231391,-0.1077702,0.16651116,0.03918351,-0.24705812,0.09484169,-0.10536828,0.2015333,0.0047441684,-0.10117937,0.56292236,-0.60629594,0.7092734,-0.64194536,-0.27652398,0,0,0,Peripheral,Peripheral,0.011845551717160376
72,14,0.03508771929824561,0.005482853635865434,0.28025196727798785,0.11887784189116009,0.06593406593406594,10,0.0053726178032289535,435.3440615413514,0.19047619047619047,15,0.0,0,0.9977774737669175,18,9,2.7222222222222223,3,11,4,0,0.17142203,0.05271333,-0.34740916,0.07486744,0.049594786,-0.12595986,-0.2814215,0.1932497,-0.21232954,-0.5253298,0.19089225,-0.027604455,-0.15205744,0.0984242,0.27485585,-0.058881145,0.18454577,-0.12444373,0.26426706,-0.15840046,0.17819619,0.37142393,-0.1377412,-0.116442785,0.009549093,0.023166245,-0.053007334,-0.13255562,0.115078494,0.017378071,-0.03154563,-0.1725678,0.18483739,-0.31257978,0.110543594,-0.07249691,-0.022816023,-0.33024204,0.6970264,0.09287697,0.27695936,-0.030250143,0.054486115,0.06667235,0.19171582,-0.076259375,0.23670685,0.30871752,-0.22501731,0.026721042,0.0029072382,-0.06429593,0.041051086,0.075103745,0.107047126,-0.26488253,-0.007823368,-0.24886206,0.015284779,0.6598051,-0.12449156,0.18958372,-0.18797298,0.072314985,0,0,0,Broker,Broker,1.0
73,26,0.06516290726817042,0.025168327822057385,0.30934479054779807,0.16988945024976418,0.055384615384615386,10,0.027618439686846293,1998.3903973991785,0.12535612535612536,27,0.1479289940828401,2,2.32614988628944,12,6,2.9166666666666665,9,3,0,0,-0.08109048,-0.20940977,-0.24301013,0.10911003,0.04636496,-0.22191696,-0.06133086,-0.013499086,0.023083217,-0.21897283,0.3455038,-0.10769807,-0.18541516,0.0965448,0.23617828,-0.07585293,-0.0685737,-0.12468522,0.07251631,-0.072227105,0.34078974,0.25492513,-0.09975737,-0.23758166,-0.051202178,-0.0075045293,-0.11393585,-0.16105498,0.22884351,-0.019937074,-0.16994397,-0.19388267,0.39401418,-0.18120489,-0.022967592,0.05862424,-0.07769384,-0.30858505,0.27195162,0.09821785,0.10443999,-0.011277521,-0.15604039,0.061434843,0.25475037,-0.07198219,-0.05616635,0.06461637,0.20138127,-0.2397175,-0.23380665,0.3346875,-0.08143222,0.17411086,0.39854243,-0.16319637,0.08294467,-0.4543228,0.18947314,0.5089818,0.11655056,0.3671908,0.052746642,0.11266693,0,0,0,Coordinator,Peripheral,0.1355684047036943
74,1,0.002506265664160401,0.0,0.2060990038548147,0.0035918082596693318,0.0,1,0.0,0.0,1.0,2,0.0,0,-0.7291066625123621,9,6,2.3333333333333335,0,0,2,7,0.026350066,0.09859638,-0.62914455,-0.2348911,-0.0328624,-0.21084513,-0.24431771,0.43431088,-0.96919614,-0.61856025,0.3546718,-0.24004489,0.107062876,-0.14726537,0.57828,-0.6874339,-0.6208693,-0.6274141,-0.2531238,-0.09510043,0.15654922,-0.14356689,-0.042330235,-0.30553588,-0.17590682,-0.46934575,-0.25307983,-0.1555416,0.20877741,0.25103724,0.060608387,-0.43041646,0.082162574,-0.22169864,-0.114459105,-0.23310126,0.35780784,-0.40121078,0.65333354,0.424879,-0.25309387,-0.23021765,0.16168329,-0.17059046,-0.15756658,0.007522319,0.22611411,0.2695247,-0.001677716,0.048054893,-0.25786886,0.17013913,-0.059670087,-0.18866995,0.45122465,-0.55709463,-0.12426479,-0.008053671,0.09265104,0.24959506,0.49534652,-0.10806442,0.33273154,0.67699766,1,1,0,Peripheral,Peripheral,0.020560803813364642
75,0,0.0,0.0,0.0,7.590317288714358e-60,0.0,0,0.0,0.0,0.0,1,0.0,0,0.0,9,7,2.3333333333333335,0,2,1,6,-0.01300893,0.010158917,-0.012487255,-0.003079299,0.008482471,0.013325086,-0.0016162004,-0.0122891255,0.007870128,-0.002418138,-0.013075093,-0.009565171,0.011673458,-0.0039713345,0.0062068645,0.007908387,0.01307066,0.011341065,-0.0046494845,-0.012621585,0.0025386717,0.00736377,-0.00968411,-0.00818133,-0.006656578,0.004402185,-0.012355512,-0.014412571,0.0026677642,0.0014830101,-0.0071866326,-0.009106876,-0.009469228,0.0136101,0.009358145,-0.002795808,0.0072922613,-0.008878637,0.0047238097,0.0043273475,0.003435323,0.007314887,0.012921976,0.009329369,-0.006632449,-0.0008539241,-0.00773615,0.0060796384,0.0011106003,0.012594538,-0.0074675176,-0.0011162031,-0.0072124526,0.014949797,0.015515499,0.015081234,-0.006821951,-0.003664609,-0.010968683,-0.013958709,0.0075397342,-0.010466004,0.013129454,-0.00471659,0,0,0,Peripheral,Peripheral,0.0
76,2,0.005012531328320802,0.00026505276439156366,0.20505809979494188,0.003921325579267244,0.0,2,0.00030947629466539803,21.045454545454547,0.6666666666666666,3,0.0,0,-0.5962694212601098,8,4,1.75,0,1,0,7,-0.41037732,-0.2118912,-0.282476,-0.0033156031,0.14715937,-0.3562591,0.6072479,-0.382812,0.24167396,-0.9301423,0.6158343,-0.13369296,-0.25388396,-0.21143785,0.06737623,-0.337003,0.016196748,-0.12268946,0.063891694,0.06305341,0.4305266,0.31314537,-0.3141917,-0.42196342,0.17776594,-0.3524393,-0.12984335,-0.5951299,0.4862284,-0.34748667,-0.010681624,0.23667233,0.60623425,0.25177458,0.005768285,-0.3438363,-0.16001597,-0.22011703,0.37447372,0.06619453,0.16379827,-0.4215937,-0.10430159,0.1223955,0.2569676,0.52485585,0.58060205,0.5237233,0.06186266,-0.21830037,-0.7940386,-0.23451866,-0.4603054,0.35812193,0.32776028,-0.3097103,0.39308816,-0.37176576,0.8867842,-0.061750237,0.052918993,0.30167025,-0.2756886,0.009278025,0,0,0,Peripheral,Peripheral,0.012156887133769554
77,11,0.02756892230576441,0.021901402160353904,0.2615233736515201,0.05580044573023836,0.16363636363636364,6,0.01755577206127208,1738.9932329342603,0.30303030303030304,12,0.0,0,0.5992657500101607,19,12,2.6315789473684212,6,3,6,4,-0.021546446,-0.17451204,-0.37969017,0.21145785,0.11085579,-0.25359133,0.3029556,-0.36879358,-0.14962146,-0.8206867,0.42936653,0.09346927,-0.21810088,0.16094458,0.16671237,-0.1477101,-0.018093396,-0.3164537,0.32454762,0.13506259,0.3292163,0.14858894,-0.4732568,-0.24996457,0.007734714,-0.5590032,0.007239012,-0.27659157,0.076476686,-0.29844457,0.03312878,0.32477468,0.39935514,0.087134324,0.05497998,-0.33960393,-0.1562162,-0.15780376,0.4610528,-0.08820081,0.11526745,-0.08206907,0.016389154,0.295506,0.3060342,0.06694833,-0.009173987,0.40462205,0.15181662,-0.41295537,-0.39536065,-0.11458606,-0.43328497,0.33347875,0.16750018,-0.26105213,-0.00014568187,-0.41367313,0.56704444,0.016608234,-0.012291035,0.4075002,-0.20409435,0.0022495075,1,2,0,Enabler,Enabler,0.4612106731981793
78,2,0.005012531328320802,5.9436257044798374e-05,0.20794624204557488,0.004352944745691236,0.0,2,0.00010061945963257033,4.719298245614036,0.6666666666666666,3,0.0,0,-0.5962694212601098,7,4,2.5714285714285716,0,0,2,5,0.2564422,-0.1828676,-0.24295852,-0.31312966,-0.32215014,-0.12278408,-0.20221224,-0.081996694,-0.35423508,-0.36085132,0.91788435,-0.2968274,-0.35053435,0.59754807,0.2511455,0.20690705,0.0073313643,-0.5611385,0.6966849,0.024001434,0.16390984,0.65505916,-0.29751307,-0.33959916,0.0977793,-0.3230448,-0.43416652,-0.50375193,-0.16868049,0.16331585,-0.076223545,-0.46926662,0.54401654,-0.18710911,0.011585973,0.39648134,-0.3775067,0.090499215,0.21309045,0.23131259,-0.7518197,-0.07040773,0.04225828,-0.48884737,-0.3475065,-0.42793575,-0.0666921,-0.18569762,0.65127164,0.29555166,-0.34340766,0.12832907,-0.45290485,0.27039462,0.21760125,-0.050595347,0.25688666,-0.44975078,0.20124573,0.35537833,-0.21685587,0.4064285,-0.53489965,0.32141396,0,0,0,Peripheral,Peripheral,0.012175142855912402
79,10,0.02506265664160401,0.017276720113209652,0.2675552142299736,0.06584395354794456,0.26666666666666666,7,0.011992135428289918,1371.7888537089598,0.4,11,0.0,0,0.4664285087579084,18,12,2.2222222222222223,4,2,5,7,0.061728526,-0.098411515,-0.33443558,-0.26475766,-0.27231237,-0.028505018,-0.22569516,-0.0963007,0.023848131,-0.46177953,0.5967,-0.15217988,-0.32615134,0.3378784,0.12829866,-0.10092799,-0.13559252,-0.43315747,0.44715637,0.26828337,0.24973534,0.23208737,-0.24518876,-0.34139115,0.020238455,-0.034177005,-0.16658977,-0.010261708,-0.22808726,-0.28264967,-0.14508487,-0.16142559,0.44549412,-0.3741039,0.029186249,0.20661493,-0.22178559,-0.10807804,0.49582955,0.24880928,-0.44179383,-0.21831267,0.06490691,-0.35169828,-0.12705801,0.035909772,-0.100682355,-0.123568125,0.4981106,-0.04939421,-0.35137653,0.027113175,-0.08839749,0.1555864,0.08871405,-0.21470861,0.15269607,-0.26935628,0.21069346,0.6110702,-0.057276413,0.2560955,-0.19264905,0.11043018,0,0,0,Enabler,Peripheral,0.06287617536703949
80,5,0.012531328320802004,0.005443612566734822,0.2199133582093351,0.008037949598557088,0.0,2,0.009695640669699548,432.22828141131157,0.3333333333333333,6,0.0,0,-0.19775769750335298,18,11,2.4444444444444446,4,3,8,3,-0.553175,-0.07493837,-0.5391486,0.16757582,0.025385214,-0.52254194,0.13003148,-0.39872554,-0.19374001,-1.0854943,0.18766329,-0.06507904,-0.18614258,-0.612205,-0.23556075,-0.305303,0.16009015,-0.03236697,0.012426858,-0.15942709,-0.15072343,0.047964953,-0.13963768,-0.17262979,-0.036888454,-0.03604176,0.41189602,-0.6599462,-0.2552625,0.4071229,-0.118001774,-0.37029207,-0.03751765,-0.037389494,-0.07699607,0.42559814,-0.49985397,-0.07396987,0.6643151,0.49563247,-0.04511932,0.35340902,0.17503396,-0.20890114,0.16204181,0.2067834,-0.33127984,-0.02327175,-0.14773798,-0.018552566,-0.16421454,0.34259254,0.21570116,-0.0956609,0.50191885,-0.31969318,-0.232411,-0.3947731,-0.59379697,0.61878806,0.44879004,1.1701504,-0.71263504,0.30411306,1,2,0,Enabler,Peripheral,0.034996350797703274
81,26,0.06516290726817042,0.030269722608718692,0.30556164635483346,0.16743158614579243,0.027692307692307693,10,0.02505365340533636,2403.446244854873,0.09971509971509972,27,0.2174556213017752,3,2.193312645037188,23,7,3.217391304347826,20,3,0,0,-0.09986238,-0.21221483,-0.30780798,-0.0014139394,-0.14498398,-0.22450687,0.064801395,0.08437847,-0.14112878,-0.26033348,0.46512124,-0.0113730645,-0.07212039,0.006612068,0.15520485,-0.054495066,-0.2848495,-0.26614362,0.1972043,-0.1643492,0.34716207,0.41722608,-0.060629047,-0.13363466,-0.0990992,-0.124672964,0.03385954,-0.21592192,0.08652159,-0.060356252,-0.26500475,-0.20957072,0.18494798,-0.18849169,0.04734301,-0.016323127,-0.11137525,-0.259182,0.25238234,0.2693899,0.020496605,-0.10798652,-0.020015135,0.108727455,0.26545757,-0.05016848,-0.007057099,0.057669125,0.22079907,-0.09673864,-0.276925,0.027922966,-0.12145981,0.26781404,0.11595286,-0.26556623,0.110417895,-0.35650396,0.15737852,0.21088429,-0.034916114,0.2840594,-0.19005635,0.17926508,0,0,0,Coordinator,Peripheral,0.14014054927341396
82,7,0.017543859649122806,0.005401094712914014,0.25455488250406577,0.0365766694697591,0.19047619047619047,4,0.01072656594223347,428.85232130008563,0.39285714285714285,8,0.0,0,0.06791678500115157,20,10,2.25,4,2,8,6,-0.13984838,-0.081682,-0.31898814,0.2422799,0.219248,-0.35058188,-0.06612011,-0.24394485,-0.16264164,-0.3298798,0.40621763,-0.123685606,-0.24698143,0.2988427,0.5529401,-0.28497434,-0.07871992,-0.67994815,-0.069322035,-0.41734365,0.24262445,0.31204784,-0.3777329,-0.21143334,0.060126133,0.654551,0.099631466,0.32478604,0.62232506,-0.006559558,-0.5085384,-0.16137421,0.46471086,-0.5438448,0.0846007,0.017668152,-0.14457464,-0.42940685,0.00030526533,0.29222476,-0.07150325,0.030212263,-0.02452223,0.05544176,0.19488488,0.32193375,-0.12884077,-0.18449794,0.036109775,-0.38254425,0.14581846,0.11591337,0.1808572,0.042453665,0.18436472,-0.110322386,-0.019566476,-0.38954827,0.3935342,0.27217776,-0.15181074,0.44070402,-0.16859567,0.0070058433,1,2,0,Enabler,Enabler,0.3154615796055571
83,10,0.02506265664160401,0.007688030322253902,0.22619222150082727,0.038316103844368635,0.0,5,0.013423967320828518,610.4372956172821,0.18181818181818182,11,0.0,0,0.4664285087579084,12,8,2.75,4,2,4,2,-0.028148472,-0.35808372,-0.18032064,-0.13915598,-0.39992157,0.20808227,-0.16289604,0.1773815,0.024442809,-0.7009041,0.12233945,-0.09663339,0.060597524,-0.079749055,0.4927844,0.025901357,-0.1656695,-0.30422065,-0.085963175,0.031839717,0.39426306,-0.10374061,-0.07065959,0.05122167,0.1997545,-0.3465003,-0.09101519,-0.29903504,0.020505818,0.70389813,-0.29836375,-0.15218893,0.25784752,-0.43513545,0.41437858,0.22734457,0.041056883,-0.6467457,0.54693556,0.2144045,0.40824193,-0.039454497,-0.06756435,0.03921646,0.3010451,-0.30068687,0.056339495,0.048142027,0.14387876,-0.06876301,0.023112202,-0.34853497,-0.04146137,0.47086737,0.48527825,-0.18112884,0.10537632,-0.28379208,0.06336013,0.8207739,-0.19755994,0.13271153,-0.032137632,0.30844066,1,2,0,Enabler,Peripheral,0.06236572019808528
84,8,0.020050125313283207,0.014888073439268604,0.23367771947855248,0.029651172454433432,0.0,4,0.012275606777781247,1182.1279191513665,0.2222222222222222,9,0.0,0,0.20075402625340386,18,9,2.2222222222222223,3,2,8,5,-0.2187114,-0.1766401,-0.584157,-0.09730459,-0.04833633,-0.27360812,-0.25386113,0.36365157,-0.07810613,-0.42441064,0.7044149,0.35012358,-0.46410573,-0.3369332,0.2599578,-0.2569111,0.2137765,0.26016575,0.08823176,-0.33757266,0.11259128,0.4271447,-0.20611727,-0.41072342,0.3484787,-0.10770147,-0.17133269,-0.15615594,-0.1539957,0.054176573,-0.6496304,0.08103072,0.21737285,-0.0001411672,0.07670607,0.37929797,0.22926106,-0.5027218,0.22102594,0.2675668,0.14881226,0.043189526,0.294672,-0.24609526,0.10727149,-0.2493896,-0.074122086,0.093816124,0.011751533,-0.38605464,0.12461991,0.2430338,-0.008270639,0.42581603,0.4780005,-0.29944536,-0.48491794,-0.47864527,-0.21124144,0.2149607,-0.18132342,0.7674984,0.15427282,0.15881135,1,2,0,Enabler,Peripheral,0.05504710950649008
85,28,0.07017543859649122,0.044110862954630514,0.32255415101806156,0.1817166608303197,0.03968253968253968,10,0.044742856862566745,3502.4466294606173,0.10591133004926108,29,0.26530612244897966,4,2.32614988628944,17,6,2.764705882352941,13,4,0,0,0.0016887253,0.104631074,-0.34852657,-0.044025175,0.027430264,0.08709013,0.029922055,0.1551363,-0.29079604,-0.35716814,0.6356849,-0.12286503,-0.048132658,0.04712905,0.15366824,-0.14696969,-0.21248417,-0.07357652,-0.02018485,-0.21297915,0.24444704,0.3728833,-0.020356903,-0.006704728,0.088351086,-0.22524358,-0.048103042,-0.16032422,0.20064725,-0.028332915,0.049043085,-0.32375693,0.19164129,-0.15167713,0.0206176,0.08647988,-0.026268424,-0.32869843,0.4033681,0.16069473,0.068840295,0.056990054,-0.12660119,0.09842334,0.13723572,-0.08158227,0.007902551,0.105855726,0.012142981,-0.10360433,-0.11510626,0.17067318,0.2887558,0.099678665,0.11140947,-0.46523252,0.011002697,-0.20377038,0.07733065,0.35481766,0.16744247,0.23268417,0.07677865,0.05412786,0,0,0,Coordinator,Peripheral,0.15444713349130032
86,14,0.03508771929824561,0.00405467909855737,0.27952842519379345,0.11923152557657447,0.08791208791208792,10,0.005497703671802367,321.9455751045537,0.20952380952380953,15,0.0,0,0.9977774737669175,18,8,3.0555555555555554,4,11,3,0,-0.012220392,-0.04998613,-0.3928677,0.03084605,-0.16690086,-0.18234245,0.03414172,-0.15939336,-0.1457731,-0.37048566,0.11175165,-0.0963659,-0.18516241,0.11268716,0.13563283,-0.16853982,-0.078484274,-0.13321255,0.069091305,-0.16112787,0.27701548,0.30445382,-0.17645203,-0.5898124,-0.15034169,0.046400473,-0.18946764,-0.39307225,0.22563155,0.25799146,-0.08549047,0.017982677,0.37697968,-0.1951017,-0.013948363,-0.05584561,-0.044989154,-0.16037902,0.64229995,0.14036815,-0.015016874,-0.1660838,0.14647058,0.0918549,0.30104485,-0.21324725,0.15424718,0.33107737,-0.07459666,-0.06768375,-0.122283414,0.069796674,-0.11231548,0.20954458,0.16526398,-0.12999086,0.20589328,-0.18630084,0.19656193,0.21085739,-0.16132346,0.3644714,-0.2673134,0.06408867,0,0,0,Broker,Broker,1.0
87,1,0.002506265664160401,0.0,0.20288071834802496,0.0034407983411966114,0.0,1,0.0,0.0,1.0,2,0.0,0,-0.7291066625123621,14,8,2.0714285714285716,0,3,4,7,0.009062085,-0.34035853,-0.3776074,0.10023165,0.077449664,-0.4225234,0.32162997,-0.54242444,-0.31054518,-0.78677416,0.5125065,-0.15860265,-0.022545652,0.14601305,0.1734878,-0.098035924,-0.11481513,-0.19860776,0.25040528,0.26868975,0.4107205,-0.008050638,-0.52130604,-0.615975,-0.18880755,-0.61287314,0.0153514,-0.474271,0.07003953,-0.40004522,-0.14521986,0.34867603,0.43278003,0.13965005,-0.11955408,-0.40930134,-0.28943455,-0.2733642,0.7117237,-0.2610332,0.14575222,-0.20458114,-0.20884277,0.23246008,0.51050913,0.16819443,0.10192628,0.6146129,0.0061686155,-0.28298742,-0.51050735,-0.20856474,-0.46528578,0.3812712,0.29396686,-0.24612266,0.04149072,-0.49640146,0.47854668,-0.15621509,-0.14181052,0.3120087,-0.24800026,-0.06909373,1,1,0,Peripheral,Peripheral,0.020533943040492098
88,2,0.005012531328320802,0.00038909525806489297,0.19253825137829753,0.004191027588225964,0.0,2,0.0003000166774867346,30.894552585610565,0.6666666666666666,3,0.0,0,-0.5962694212601098,10,7,1.9,0,2,3,5,-0.28238633,-0.4709981,-0.40668455,-0.0024549465,-0.05820478,-0.35721746,-0.08795975,0.61632437,-0.15693633,-0.5140733,0.68519115,0.4026741,-0.10633325,-0.09478369,0.42837134,-0.013339723,0.14764093,-0.06476718,-0.11187773,-0.22168452,0.04275979,0.169699,-0.14407004,-0.089471385,0.38304654,-0.32442886,-0.18712513,-0.13244827,-0.1762331,0.58673316,-0.59409463,0.27018523,0.14341561,-0.0955322,0.4563816,0.22258435,0.3236048,-0.73662543,0.4024253,0.44648597,0.73622155,0.16839722,0.1579688,-0.3415604,0.21711989,-0.512784,0.049908478,0.12130607,0.08627285,-0.29666838,-0.07720578,-0.1974894,0.14360934,0.46754584,0.3792829,-0.19090645,-0.6226947,-0.35511684,-0.30298293,0.663851,-0.47328168,0.559815,0.1618335,0.332777,0,0,0,Peripheral,Peripheral,0.012240162511517319
89,1,0.002506265664160401,0.0,0.1857129960407021,0.0018283640519732834,0.0,1,0.0,0.0,1.0,2,0.0,0,-0.7291066625123621,12,9,1.9166666666666667,0,4,4,4,-0.428138,-0.09659277,-0.4584241,-0.2841972,-0.029758088,-0.59286505,-0.18313889,0.09348535,-0.27057812,-0.33459634,0.7161504,0.3660644,-0.5297471,-0.42569736,0.26116848,-0.11400763,0.19895351,0.19076079,-0.11587233,-0.4370222,0.107726276,0.5697724,-0.11503864,-0.62684554,0.55414367,-0.07769018,-0.11185875,-0.25184518,-0.3212963,0.10614323,-0.6317974,0.010883007,0.35159114,0.036779776,0.19674814,0.29874447,0.21391204,-0.70341635,0.29777932,0.32359788,0.29430163,0.14218026,0.5640293,-0.42888984,0.02008201,-0.21192986,-0.30135265,0.011695114,0.04128137,-0.5290867,-0.08558556,0.15744697,0.053409353,0.31632346,0.50692976,-0.1222383,-0.7687195,-0.4026513,-0.27690485,0.13302563,-0.5631471,0.6145167,0.22215468,0.36319473,1,1,0,Peripheral,Peripheral,0.02024713253391894
90,2,0.005012531328320802,0.0,0.21064333986717768,0.005900865905528947,0.0,2,0.0002455888464880795,0.0,0.6666666666666666,3,0.0,0,-0.5962694212601098,9,7,3.0,0,2,4,3,0.13031343,-0.06022274,-0.25244066,0.6657268,0.11063673,-0.2604822,-0.016495384,-0.09378413,-0.15319343,-0.3752702,0.29995978,0.05444203,-0.12834321,-0.00028260384,0.36937037,-0.47414252,-0.11665123,-0.7658802,-0.2025773,-0.28962794,0.4366439,0.5869435,-0.376673,-0.2154508,-0.028987363,0.9513129,0.33453542,0.5097565,0.4843485,-0.16343723,-0.6317649,-0.25666186,0.5135869,-0.4385479,0.27655265,0.16170415,-0.33531252,-0.55387074,-0.09429124,0.24328773,-0.46081272,-0.017540518,-0.10482279,0.047422796,0.56345403,-0.029977681,0.36699095,-0.16961756,0.25449795,-0.28559944,-0.06689273,-0.03842084,0.109453015,0.0026449955,0.20589656,-0.21431024,-0.06013403,-0.5439489,0.30246475,0.39936695,-0.23263359,-0.013741003,-0.4832548,0.2551108,0,0,0,Peripheral,Peripheral,0.012433562653845466
91,9,0.022556390977443608,0.007377865507555287,0.2563630860893354,0.0370214778305556,0.1111111111111111,4,0.014525582326001143,585.8098991653973,0.28888888888888886,10,0.0,0,0.33359126750565615,11,8,2.090909090909091,4,2,1,4,-0.13168982,-0.14119521,-0.44219506,-0.08144587,0.065303154,0.031381473,-0.2427869,0.02050961,-0.42922273,-0.452785,0.13641775,-0.34956563,-0.21407792,0.1480791,-0.011193898,-0.3900355,-0.25786582,0.05241004,0.12242477,-0.10993532,0.25456893,0.65053385,-0.45115313,-0.4108873,-0.174462,-0.15506896,-0.13346605,0.08534454,0.39443725,0.37191024,-0.12190964,-0.35770193,0.38464478,0.024573084,-0.19438885,-0.0021476827,0.26835564,-0.1549156,0.68639976,0.4380255,-0.21259885,0.45322308,0.13415425,-0.055118084,0.47240195,0.20476764,0.045144502,0.08571886,-0.073654816,-0.30829605,0.19719756,-0.28374168,0.08240711,0.40770873,-0.272977,-0.1944025,0.2729369,0.07246319,0.32880533,0.17991005,-0.33721694,0.60086036,-0.6742878,0.015569109,1,1,0,Enabler,Enabler,0.34557428891383185
92,1,0.002506265664160401,0.0,0.20288071834802496,0.0034407983411966114,0.0,1,0.0,0.0,1.0,2,0.0,0,-0.7291066625123621,11,9,2.090909090909091,0,2,6,3,0.07819299,-0.14210051,-0.26650196,0.10162248,0.1687668,-0.38788444,0.32722932,-0.3655343,-0.21298541,-0.8514874,0.6824736,-0.25848594,-0.12672246,-0.07418608,0.23384134,-0.12824446,-0.20858827,-0.2810692,0.10391503,0.47172427,0.50656164,-0.0077916807,-0.42209566,-0.5241296,-0.040881123,-0.5196269,-0.04817102,-0.62713367,0.1250267,-0.6863434,0.012983732,0.40985724,0.21372983,0.03340541,-0.008199197,-0.15423124,-0.093812734,-0.14493422,0.4969504,-0.22892503,0.13578716,-0.26676592,-0.07715204,0.1796728,0.44506502,-0.015983958,0.058238614,0.5301716,-0.051457282,-0.2618909,-0.58968747,-0.3304087,-0.40111932,0.40069652,0.39577088,-0.3099802,0.20835905,-0.6713305,0.6195672,-0.08628438,0.035183962,0.35178098,-0.2863396,-0.11817255,1,1,0,Peripheral,Peripheral,0.020533943040492098
93,10,0.02506265664160401,0.0068052272317040054,0.26689566974132123,0.05824901950772624,0.2,6,0.013242911907560823,540.3418474245298,0.34545454545454546,11,0.0,0,0.4664285087579084,18,12,2.611111111111111,3,3,9,3,-0.04566652,0.11024587,-0.47972688,-0.07351863,0.031500902,-0.06696421,-0.08235542,-0.055884246,-0.4829769,-0.4098631,0.24090436,-0.05265977,0.025774974,0.034828715,0.39542314,-0.5014392,-0.46115842,-0.4926274,0.076463506,-0.061767835,0.1729171,0.005892339,0.102855764,-0.22956929,0.11436974,-0.44998342,-0.15663543,-0.04756466,0.17117319,0.21718918,0.041097857,-0.29066688,0.31038162,-0.21733595,-0.14900605,-0.2929964,0.23234431,-0.31448144,0.66612077,0.28691348,-0.309809,-0.012195286,0.3575622,0.33319306,-0.2081081,-0.11463143,0.17561263,0.21698645,0.19928631,-0.071374476,-0.19346721,0.35399255,-0.016754325,-0.097439945,0.47610354,-0.4447961,-0.17308407,0.10650829,0.06586163,0.2940363,0.28322148,0.12356031,0.2207015,0.40534467,1,2,0,Enabler,Enabler,0.4244470083220531
94,3,0.007518796992481203,0.000613877024201888,0.21625301602875363,0.007022707767224622,0.0,3,0.00045124834367098323,48.74244959865411,0.5,4,0.0,0,-0.4634321800078576,13,6,1.5384615384615385,0,2,2,9,0.14981312,-0.17031543,-0.5023275,-0.20238507,-0.3318995,-0.14223865,-0.11424549,0.044115476,-0.50144655,-0.8463926,0.8541448,0.28134257,-0.5617828,-0.32726482,0.18490599,-0.04999085,-0.23397885,0.11800237,0.051934,-0.32815728,0.42555183,0.63142586,-0.27506128,-0.40366316,0.4331757,-0.4257413,-0.38004646,-0.28608727,-0.2766349,-0.24461062,-0.21211594,-0.116784096,0.2607016,-0.10802608,0.11285066,0.112450875,0.22638755,-0.7201311,-0.0043431995,0.3320922,0.1263907,-0.24750482,0.406197,-0.20420098,0.02275364,-0.049982477,-0.08758133,0.18321036,0.4034199,-0.27344725,-0.14918312,-0.2361476,0.06845733,0.6363215,0.31399587,0.028074348,-0.3761082,-0.015398995,-0.3572333,-0.007335032,-0.5030985,0.83194804,0.055801958,0.11775145,0,0,0,Peripheral,Peripheral,0.01849979339380096
95,2,0.005012531328320802,8.857990873330732e-05,0.211053950666139,0.005962891532757002,0.0,2,4.6703861832134775e-05,7.033333333333334,0.6666666666666666,3,0.0,0,-0.5962694212601098,8,5,2.0,0,2,2,4,0.47055855,0.17374115,-0.045228064,-0.20321631,-0.26760447,-0.12433187,-0.37299776,-0.22474787,-0.33757123,-0.63186085,0.92836297,-0.25522172,-0.35618123,0.36989108,0.1986508,0.06803676,-0.378155,-0.43643916,0.34879196,-0.12680107,0.09353692,0.6859809,-0.119505025,-0.39384952,-0.0638513,-0.5823276,-0.49403438,-0.1963805,0.0028868255,0.04020031,-0.267391,-0.6100528,0.3023501,-0.06505314,0.14491682,0.32415697,-0.12089451,-0.21612261,0.09418009,0.5743065,-0.5396877,-0.2818878,0.10458929,-0.35457703,-0.1595695,-0.17351457,-0.02822288,-0.07998122,0.80590755,-0.014044313,-0.39850438,0.015640613,-0.2187412,0.28673485,0.044540446,0.019289698,0.20820782,-0.43447027,-0.24771488,0.32247967,-0.45616186,0.42745727,-0.37396485,0.045061886,0,0,0,Peripheral,Peripheral,0.012469805147291535
96,2,0.005012531328320802,0.00015520248262908934,0.21383280452612768,0.006619848433958894,0.0,2,0.0003019871842367781,12.323232323232324,0.6666666666666666,3,0.0,0,-0.5962694212601098,8,6,2.5,0,4,2,2,-0.33856496,-0.23320669,-0.29927528,0.24198662,-0.17664579,-0.2577018,-0.056967426,-0.48643854,0.034105677,-0.85538965,0.3428607,-0.06580087,-0.28524634,-0.3871665,0.11801056,-0.20011547,-0.16751282,0.1570864,0.019964129,-0.38911453,-0.027593786,-0.21173601,-0.572167,-0.15586314,-0.050363433,-0.0926088,0.27157363,-0.9593563,-0.19342439,0.24208795,0.013688396,-0.5018328,-0.3200725,0.1795753,0.03982483,0.18837483,-0.47388253,-0.23535411,0.82214314,0.2621199,0.12868272,0.27705872,-0.111441575,-0.15285923,0.1067871,0.10972784,-0.3633771,-0.059983633,-0.010585598,0.25865176,-0.19695057,0.55981266,0.44510362,-0.16464326,0.46046388,-0.2068018,-0.43465838,-0.37276405,-0.050740216,0.7338666,0.47312504,0.78467995,-0.7080492,0.1004527,0,0,0,Peripheral,Peripheral,0.012605621552191448
97,13,0.03258145363408521,0.0029806489373441574,0.27856949406105314,0.11473794440426509,0.0641025641025641,10,0.00424243131911717,236.6665062740634,0.1978021978021978,14,0.0,0,0.8649402325146652,13,8,3.0,1,9,3,0,-0.08601639,-0.014752244,-0.32803962,0.12498914,0.18038265,-0.2626965,-0.21769866,-0.1507937,-0.06479824,-0.3411986,0.17460026,-0.07953594,-0.11991898,0.04039968,0.38364428,-0.21593966,0.06897383,-0.08112734,0.0016786837,0.006063921,0.18873838,0.19564416,-0.09409598,-0.29273948,-0.08223113,0.069598146,-0.074207716,-0.10991598,0.27750307,0.07266619,-0.13549149,-0.22243662,0.5349097,-0.20835848,0.061545018,-0.030616054,-0.0074499696,-0.40706766,0.3058334,0.35166863,-0.2194672,0.06449909,0.13948466,-0.077434815,0.31545785,0.087879464,-0.019805856,0.22352107,0.07292399,-0.23244433,-0.11720433,0.06967737,0.077821024,-0.05124785,0.020388737,-0.08659467,0.17402422,-0.3275298,0.12907948,0.36036426,-0.03558242,0.32416645,-0.32425886,0.0801122,0,0,0,Broker,Broker,0.997410826639539
98,4,0.010025062656641603,0.00034544680866913324,0.21828765462042202,0.010787681560964749,0.0,4,0.0009475461406167569,27.42882205513785,0.4,5,0.0,0,-0.33059493875560525,6,5,2.8333333333333335,0,2,1,3,-0.48036027,0.050277192,-0.74093676,0.13624234,-0.011018931,-0.19939949,0.1977709,0.1754276,-0.48904282,-0.3639216,0.18474379,-0.26953402,0.06777718,0.050643176,0.5076343,-0.59427965,-0.73714775,-0.2480276,0.0021405001,0.0634315,-0.14796905,0.084709756,-0.24819508,-0.2396263,0.21743965,-0.025886806,-0.72343487,-0.4868202,0.21941866,0.44872066,0.2918754,-0.58621097,0.38368526,-0.28443342,0.1316061,0.2935793,0.11676494,0.029450916,0.7555803,-0.035959512,-0.5597102,-0.19059384,0.288133,-0.34577677,0.07240232,-0.10117329,0.4230378,0.07819002,-0.03653329,0.0866424,-0.57169473,0.040885475,-0.30788738,0.020905102,0.024478164,-0.8030551,0.110249035,-0.071497045,0.1530108,0.258435,0.16875939,0.19039331,0.3366608,0.52025187,0,0,0,Peripheral,Peripheral,0.024785065636730923
99,1,0.002506265664160401,0.0,0.2023750966200548,0.0023465047172867926,0.0,1,0.0,0.0,1.0,2,0.0,0,-0.7291066625123621,13,8,2.230769230769231,0,2,4,7,0.14983083,0.041580185,-0.665215,0.25000176,0.13205066,0.5190271,-0.38861525,0.39474636,-0.19862054,-0.82615346,0.20913346,-0.4950759,0.055904545,0.26338267,0.14808725,0.12616897,-0.097189315,0.15668193,0.49525756,-0.5608598,0.2602843,0.72539556,-0.22233786,0.05640917,0.31721237,-0.5081215,-0.24039294,0.19986245,0.20828569,-0.12184746,-0.07939481,-0.5566898,0.28950924,-0.23910163,-0.34654227,-0.32656372,-0.23683526,-0.71986157,0.71675116,-0.16722555,-0.08391718,0.055053093,-0.1950826,-0.2755326,0.6287515,-0.11936909,0.18215914,0.45567602,-0.268145,0.13319711,-0.0042836154,0.19641234,0.06595935,-0.34032494,0.1903394,-0.3417339,0.20927793,-0.0008975774,-0.48885384,0.81586564,-0.24312434,0.30246893,-0.3277225,-0.23421079,1,1,0,Peripheral,Peripheral,0.02033929640545649
100,13,0.03258145363408521,0.004133358716577985,0.2792880740113396,0.11648285055186726,0.02564102564102564,10,0.004625954543402599,328.19281545500854,0.16483516483516483,14,0.0,0,0.8649402325146652,10,6,3.1,2,7,1,0,0.002164713,-0.24127401,-0.29018292,0.00021021816,-0.060815632,-0.28005925,-0.18872012,0.11048129,-0.0023030464,-0.40431926,0.3002392,-0.05973684,-0.2587267,0.04915522,0.24643862,-0.06425067,0.08007624,-0.16564035,0.072464526,-0.063999064,0.15459187,0.14031672,-0.22597569,-0.095827624,0.016977232,0.0035495558,-0.21300557,-0.26829568,0.13061531,0.27517068,-0.035382077,-0.15024456,0.33323658,-0.3283113,0.22290501,-0.042661246,0.07364786,-0.2964473,0.5122734,0.1112478,0.00905461,0.044304363,0.2718258,0.030765947,0.3152318,-0.091697864,0.17183961,0.10323631,0.0032062652,0.08229897,-0.107545786,0.07758476,-0.1467775,0.26148888,0.2184133,-0.33402604,-0.00035193894,-0.22704323,0.12074,0.38309926,0.03804463,0.14297533,-0.09088919,0.19954506,0,0,0,Broker,Broker,1.0
101,5,0.012531328320802004,0.006189839340611517,0.21784844404774512,0.007792879888540694,0.0,2,0.010757391844084332,491.47943348389504,0.3333333333333333,6,0.0,0,-0.19775769750335298,14,7,2.2857142857142856,2,1,9,2,-0.4621684,-0.040326457,-0.25544643,-0.09391498,-0.013012953,-0.52534574,0.41351047,0.18073784,0.50186676,-0.9066474,0.5568123,-0.017017877,-0.2915717,-0.15698555,0.15294343,-0.37009776,0.0698208,0.19591533,0.29879576,-0.2520172,0.13164063,0.20926815,0.17743382,-0.23772548,0.116069764,-0.06339159,-0.06186221,-0.63967776,0.7227073,-0.078818396,-0.16138187,-0.19879074,0.40644065,0.08494953,-0.098121084,-0.12284316,-0.079818584,-0.21699537,0.15358253,0.40243194,0.39619848,-0.07646269,0.008102642,-0.15775838,0.036711127,0.71093875,0.92019266,0.30842337,0.15717241,-0.21499388,-0.7354134,-0.20198232,-0.36821455,0.04154154,0.28004545,-0.41408715,0.41679835,-0.21907651,0.6415045,0.41481626,0.060943242,0.118736655,-0.14766304,0.3663221,1,1,0,Enabler,Peripheral,0.03516513443161495
102,0,0.0,0.0,0.0,7.590317288714358e-60,0.0,0,0.0,0.0,0.0,1,0.0,0,0.0,11,6,2.1818181818181817,0,1,1,9,-0.0060842223,-0.0059140883,-0.0031305067,-0.0044730194,0.0069758836,0.0040049553,0.015485205,0.006184237,-0.010199981,-0.0077949483,0.00381314,-0.0069876425,0.00043866597,-0.004411306,0.000894418,-0.015569221,0.005198121,-0.011450041,-0.014236119,-0.0002511833,0.007370008,-0.0038390458,-0.0029639192,-0.012467656,0.0054066163,0.009576865,-0.014451014,-0.013832409,-0.013253484,0.00044918433,0.006090818,0.004376579,0.015622057,-0.0076247044,-0.010971392,0.011359289,0.008391889,0.013849011,0.0073932596,-0.012961419,-0.01285588,-0.01440089,-0.010432292,-0.014077796,0.0057316497,0.0068964064,-0.0130280815,-0.011642884,0.011580594,-0.009518756,-0.00075839274,-0.0068359524,0.0035060681,0.0075571444,0.0030628014,0.011643404,-0.00991342,-0.0076900013,-0.013373086,-0.012471201,0.014903665,0.0012566466,-0.004391998,-0.005167879,0,0,0,Peripheral,Peripheral,0.0
103,0,0.0,0.0,0.0,7.590317288714358e-60,0.0,0,0.0,0.0,0.0,1,0.0,0,0.0,8,5,1.875,0,1,2,5,-0.0149716865,-0.0039182417,0.0020346902,-0.007574884,-0.014618769,-0.001990933,-0.011938738,0.008290872,-0.0029505026,-0.0001456216,-0.015178757,0.0059024207,-0.011034463,0.010805845,-0.0011692513,-0.004885545,-0.0029116683,0.0075117666,-0.015475469,-0.008337,0.004144294,-0.010646224,0.004425088,-0.007906696,0.004928576,0.015409235,-0.011431109,0.015413614,0.011645267,0.0015657283,0.00029751845,0.007795006,0.014607884,-0.002817409,-0.010349989,0.0015535597,-0.01082455,-0.015329372,0.001144791,0.0038292184,-0.0013783313,-0.011135692,-0.012923198,-0.0014532525,0.015112905,0.00081633776,-0.008998942,0.006862296,-0.008244852,-0.0005303994,-0.012621697,-0.0042328537,-0.0029248297,0.012611797,-0.014162449,-6.570481e-05,-0.011252828,0.0033001136,-0.0026649553,0.010463746,0.010745468,0.00074326433,-0.013327813,-0.014474403,0,0,0,Peripheral,Peripheral,0.0
104,10,0.02506265664160401,0.012564348259614366,0.2510139335975177,0.03430692486407339,0.06666666666666667,4,0.015124195720203848,997.6218161616404,0.23636363636363636,11,0.0,0,0.4664285087579084,15,8,2.066666666666667,3,1,10,1,-0.24353932,-0.038231544,-0.25432557,0.10974236,-0.0011088613,-0.2065233,0.052230842,-0.14619091,-0.08793443,-0.33484125,0.123654544,-0.49773052,0.08528871,-0.18089363,0.33381674,-0.65215176,-0.21345451,0.04127696,0.18361591,-0.083793305,-0.09960813,0.15815803,0.21147779,-7.265345e-05,0.41622478,0.1376247,-0.4901155,-0.19264752,0.28002638,0.076032035,0.3092976,-0.47617105,0.46956262,-0.26347017,-0.08457577,0.07686554,-0.19087203,-0.02866559,0.4830756,0.49688345,-0.21709636,0.016144319,0.08742309,0.28661358,0.38208953,0.68394136,0.06710552,0.4269924,0.06069261,-0.2747882,-0.3302537,-0.1641978,0.12862203,0.07776382,-0.016677182,-0.3955537,-0.35509244,-0.6561179,-0.236462,0.5746782,-0.07682269,0.52548057,-0.45525342,0.30760244,1,1,0,Enabler,Peripheral,0.05948290006191634
105,1,0.002506265664160401,0.0,0.1986617920949162,0.0022554126566042597,0.0,1,0.0,0.0,1.0,2,0.0,0,-0.7291066625123621,11,8,3.090909090909091,0,4,4,3,0.09498488,-0.19983655,-0.25250798,0.55739546,0.23851925,-0.5752813,-0.37747332,-0.41242972,-0.19375311,-0.28097817,0.524581,-0.09310297,-0.09069446,0.40775287,0.56777996,-0.41059098,-0.096239895,-0.6490653,-0.14001645,-0.23621552,0.39050543,0.3568042,-0.19440503,-0.23545179,0.059453636,0.76296216,0.1788005,0.24080682,0.64284325,-0.24120742,-0.56983703,0.030333446,0.49975508,-0.74168336,0.009543336,0.2929315,-0.2997348,-0.65526605,0.07205233,0.20783001,-0.34419495,-0.18680012,-0.0072594155,0.10653933,0.30787662,0.2396717,0.019122398,0.075006105,0.03273097,-0.54390055,0.15674923,0.24069452,0.47438526,-0.002402911,0.42521343,0.11432422,0.2293325,-0.4437869,0.30652732,0.53477544,-0.22703457,0.22308712,-0.13874243,-0.054297753,1,1,0,Peripheral,Peripheral,0.020323093475362684
106,1,0.002506265664160401,0.0,0.1734180619728713,0.0005253176930122852,0.0,1,0.0,0.0,1.0,2,0.0,0,-0.7291066625123621,15,8,2.2,0,2,3,10,-0.17443648,-0.20323992,-0.031126067,-0.07136876,-0.3475103,-0.03785241,-0.36661726,0.19642198,0.35337064,-0.9365813,0.43450505,-0.27739802,-0.026730835,-0.20111793,0.49249467,0.11328957,-0.2182706,-0.41252905,-0.20141561,-0.012808449,0.22020991,-0.40043685,-0.88195914,0.7075881,0.18664052,-0.3596609,-0.3769189,-0.60383993,0.02110199,0.60886467,-0.18297207,-0.05849788,-0.30159754,-0.22922859,0.35083315,0.19474766,0.22851183,-0.938631,0.84835196,0.3548344,0.41688433,0.043013692,-0.051860422,-0.022023134,0.36725447,-0.49124295,0.24860807,-0.18966341,0.20342311,-0.030994643,0.1540486,0.2763952,0.028385771,0.29854578,0.15014057,0.27700576,-0.46169382,-0.5394723,0.17651053,1.4955596,0.08978202,0.2752103,-0.37305462,0.24222222,1,1,0,Peripheral,Peripheral,0.020015354167011397
107,2,0.005012531328320802,5.5672818676598964e-05,0.20037756327895617,0.0024367981828324137,0.0,2,0.00021891075432592543,4.420477475740634,0.6666666666666666,3,0.0,0,-0.5962694212601098,4,4,1.5,0,1,1,2,0.12226831,-0.24093795,-0.43754315,-0.2448628,0.24474645,0.48880428,-0.2985622,0.07262832,-0.1491705,-0.51305455,0.20144725,-0.6473319,0.054476723,0.33490232,-0.21112862,-0.23754242,-0.056410108,0.25404266,0.06588563,-0.43366307,0.08513253,0.9367603,-0.3604185,-0.79789037,-0.10932193,-0.16162378,-0.092077784,0.28611887,0.6263179,0.2299077,-0.011411927,-0.448683,0.35340908,-0.00022530128,-0.2292402,-0.09724589,0.16745311,-0.45625147,1.1244993,0.36952803,-0.05812944,0.23440562,0.13570073,-0.17488211,0.7394825,-0.01066885,0.51876485,0.16785325,-0.2171924,-0.17360252,0.16851385,-0.029487858,0.03164737,0.042128604,-0.006552928,0.0079777585,0.35345677,-0.11570476,0.19531806,0.36091185,-0.5224058,0.9307427,-0.76548547,-0.15743582,0,0,0,Peripheral,Peripheral,0.011833238692803066
108,10,0.02506265664160401,0.0185094997922031,0.26386030062972216,0.05251975550169569,0.17777777777777778,6,0.010498464043215739,1469.6727930007185,0.32727272727272727,11,0.0,0,0.4664285087579084,13,10,2.8461538461538463,2,4,4,3,-0.10766887,-0.07638803,-0.39957896,0.29715475,0.17336012,0.35918307,0.027356822,-0.03481533,-0.3779699,-0.5643792,0.23509155,0.07244153,-0.47706142,-0.13463062,-0.016366284,-0.14651652,0.35753593,0.0035121124,0.07971445,-0.3573535,0.090622045,0.3449164,0.059650525,0.12880513,-0.12760313,-0.15975668,0.33879933,-0.0708474,0.19554004,0.30240533,-0.41294518,-0.38500282,0.36807773,-0.4469505,-0.14348099,0.29915264,0.11105971,-0.26663196,0.63838243,0.31984606,0.22421555,-0.07533512,-0.15425973,0.03902513,-0.13969259,0.22924127,0.22136833,0.2165326,0.11504183,-0.123554826,-0.380086,0.0509199,-0.0680863,0.37032604,0.26023147,-0.5980969,0.16776103,-0.29760182,-0.073859245,0.507281,0.06370606,-0.074212275,-0.049188416,0.01832644,1,1,0,Enabler,Enabler,0.43862395669368887
109,2,0.005012531328320802,0.0,0.21215677993154014,0.00629811295638024,0.0,2,9.271181310891137e-05,0.0,0.6666666666666666,3,0.0,0,-0.5962694212601098,6,5,2.3333333333333335,0,1,2,3,0.046438344,-0.0042774486,-0.36138996,-0.17785601,0.10280322,0.05898469,-0.38230625,0.3236907,-0.85034686,-0.359907,0.36647454,-0.047450673,0.06885505,-0.16577727,0.41721532,-0.47263253,-0.6243026,-0.3024926,0.0764964,0.31835136,-0.0004053812,0.08660251,-0.31425866,-0.7774516,0.013069699,-0.4331849,-0.18918288,-0.10240673,0.1413798,0.4957917,-0.16548122,-0.5571378,0.4432265,-0.12888229,-0.120589316,-0.4364285,0.20006414,-0.14703391,0.86881405,0.47872093,-0.24080619,-0.04099341,0.27812314,0.20412327,-0.13130869,0.3190005,0.4203643,0.1415003,-0.23357396,-0.20989285,-0.1157627,0.21730743,0.27775288,-0.42148367,0.6216912,-0.294696,-0.12898839,0.3153194,0.3047716,0.112508476,0.24448417,0.0057291617,0.09655907,0.59755003,0,0,0,Peripheral,Peripheral,0.012504222666877207
110,13,0.03258145363408521,0.010899574847796181,0.2889786744441174,0.11095367320113987,0.05128205128205128,10,0.009988235710117655,865.4371424898645,0.18681318681318682,14,0.1479289940828401,1,0.732102991262413,20,9,2.95,5,11,4,0,-0.08326561,-0.058512248,-0.06434525,0.12727672,-0.04222448,-0.24967252,-0.14470583,-0.13672261,-0.12255935,-0.4446398,0.26580614,0.06870817,-0.42161277,-0.094312824,0.15491682,-0.10046297,-0.020695,-0.00033490526,0.15578447,-0.2140429,0.19529657,0.37254834,-0.14057024,-0.29161465,0.32672393,-0.042857323,-0.13501602,-0.25040153,-0.050498758,0.050149485,-0.14835897,-0.033981048,0.36766973,-0.25318033,0.03245029,-0.047309868,0.30945495,-0.5209656,0.4168379,0.2340693,-0.00883744,0.10883962,0.06386092,-0.0918881,0.24999917,0.12774701,0.01119699,0.15906484,0.23851524,-0.25053194,-0.15669648,-0.07375557,-0.04599863,0.2503923,0.34148267,-0.142831,-0.018746383,-0.10470015,0.11439688,0.20366345,-0.11478879,0.23942406,0.043540988,0.16977996,0,0,0,Broker,Peripheral,0.0897185149118886
111,3,0.007518796992481203,0.0006016476942535809,0.21961597706233127,0.009199440965582372,0.0,3,0.0005114860014357501,47.77142857142858,0.5,4,0.0,0,-0.4634321800078576,13,8,2.076923076923077,0,1,5,7,-0.39073777,0.30513263,-0.27151877,0.49227235,0.121293664,0.16337715,0.16772565,-0.05743937,-0.37331158,-0.52182436,0.016157882,-0.15205796,-0.47989264,-0.043989714,0.38345015,-0.18212523,0.069552034,0.38622713,0.2606918,0.017993145,-0.040465012,0.44857562,-0.108050756,-0.15208383,0.2900071,0.17044656,0.03632823,-0.23278373,0.37284145,0.07103694,0.28642443,-0.53079605,0.071831375,-0.2000979,-0.02767436,0.36836344,0.4774508,-0.25102368,0.5797023,0.24126999,0.24531983,0.13856661,0.19920631,-0.006286805,-0.09630497,0.07178839,0.5575861,0.08237786,0.61183596,-0.009448421,-0.9043342,0.011993321,-0.251363,0.6289765,0.071914405,-0.7780579,0.005196114,-0.5993722,0.24495234,1.0133144,0.053482596,-0.23477037,0.49270648,-0.06701785,0,0,0,Peripheral,Peripheral,0.01888349768173543
112,15,0.03759398496240601,0.023962794693465402,0.276671235157741,0.09931775877401453,0.22857142857142856,10,0.019754295133209636,1902.6698614558463,0.325,16,0.0,0,1.1306147150191697,15,8,2.2,1,3,5,6,-0.22217955,-0.12700139,-0.07776099,-0.02409952,-0.10822075,-0.20625119,-0.423834,-0.19944528,-0.011244651,-0.46242857,0.5092119,-0.032609697,-0.27039698,0.053877708,0.10658813,-0.37514806,-0.052682746,-0.04161767,-0.24649242,-0.12498759,0.07167365,0.36482373,-0.38432816,0.095215626,-0.060779452,0.04108488,0.056446936,-0.6274433,-0.048061546,0.10364655,-0.069151185,-0.4467162,0.061882354,0.07266619,0.063680075,-0.26029775,0.06573494,-0.54973656,0.66819745,-0.011142274,-0.004323508,0.10115091,-0.10284475,0.29975885,0.14562121,-0.024421899,-0.03829545,0.03417393,-0.06722097,0.1188118,-0.18108748,0.16929294,-0.06588741,0.02815269,0.29455096,0.06264163,-0.323178,-0.3055247,0.12258125,0.64533764,0.09904361,0.20685089,-0.18255869,0.077005796,0,0,0,Enabler,Peripheral,0.09207805877838632
113,1,0.002506265664160401,0.0,0.2023750966200548,0.0027063046967109082,0.0,1,0.0,0.0,1.0,2,0.0,0,-0.7291066625123621,9,5,2.111111111111111,0,1,2,6,-0.35802346,-0.17567667,-0.08638188,0.008545785,-0.17357709,0.06524005,-0.2061377,0.29793155,-0.42220345,-0.46564397,0.16982348,0.09953642,-0.45926127,0.11065118,0.311897,-0.042314094,-0.3439242,0.19815625,0.44887576,0.39678308,0.42457065,0.3314241,-0.4399464,-0.9459033,0.12419962,-0.20974651,-0.01570482,-0.17457944,-0.026383324,0.81281745,-0.44003725,-0.5147603,0.5488855,0.15994321,-0.17017567,-0.3593055,-0.16240428,-0.24692613,0.7752053,0.2489177,-0.38897425,0.41471696,0.4246117,0.3479842,0.14086367,0.5157916,0.24946016,0.15714388,-0.0964721,-0.21599177,0.11622883,-0.11513314,0.27261573,-0.46240652,0.55184543,0.22843006,-0.254155,-0.002943264,0.23529448,0.2910384,0.03893187,-0.2205086,-0.49086538,0.47392806,1,1,0,Peripheral,Peripheral,0.020403295549516712
114,1,0.002506265664160401,0.0,0.2060990038548147,0.0035918082596693318,0.0,1,0.0,0.0,1.0,2,0.0,0,-0.7291066625123621,13,8,2.6923076923076925,0,6,3,4,0.07531913,0.21051185,-0.57250357,-0.13684914,0.109542295,-0.33931217,-0.07902614,0.27067018,-0.9717207,-0.37826955,0.22458103,-0.30146053,0.08339866,0.019814305,0.4942756,-0.61722594,-0.5373562,-0.46780527,-0.033868637,-0.17669085,0.047920305,-0.039273012,-0.124990225,-0.38845906,-0.025791585,-0.59149605,-0.1556096,-0.24798362,0.08723928,0.08931879,0.095923744,-0.4908334,0.12505062,-0.41384208,0.12724882,-0.57377267,0.45143256,-0.23711024,0.5774067,0.54066926,-0.25367495,-0.33360127,0.17541805,0.06980473,-0.35615999,0.0299973,0.13037585,0.16942903,-0.058044314,-0.21369709,-0.28970605,0.3345046,0.13666405,-0.10192006,0.50975853,-0.50851756,-0.14725773,0.16846694,0.0062969085,0.20151252,0.641695,0.26213396,0.27686694,0.5268959,1,1,0,Peripheral,Peripheral,0.020560803813364642
115,2,0.005012531328320802,0.00016960323757467372,0.20701850227864113,0.00418561735563137,0.0,2,0.00016976066632242245,13.466666666666669,0.6666666666666666,3,0.0,0,-0.5962694212601098,7,5,1.8571428571428572,0,0,3,4,0.35786983,0.07002129,-0.40277243,-0.08170205,-0.19702208,0.009758188,-0.29249594,0.025623702,-0.5839187,-0.6730157,0.81636983,-0.1129997,-0.54900444,0.25007635,0.2825617,-0.32721078,-0.4522782,0.0051310733,0.018721368,-0.21588345,0.0026567886,0.8544193,-0.074795246,-0.5797468,-0.21847153,-0.4982641,-0.2539691,-0.046889577,0.42435133,0.33050585,0.16163002,-0.5741275,0.5552797,0.3505654,-0.26581427,0.4126571,0.2337777,-0.47997198,0.47242704,0.5823642,-0.17250304,-0.13773905,0.31448314,-0.17396058,0.3409861,-0.32329702,0.0394903,0.19431713,0.51888967,-0.1836583,0.0610937,-0.21194848,0.012502204,0.28270787,-0.3984434,0.16665502,0.1561478,0.039215412,-0.15734795,0.069413625,-0.34913749,0.79794806,-0.50443095,-0.13804443,0,0,0,Peripheral,Peripheral,0.012176733012174866
116,26,0.06516290726817042,0.028251324732910706,0.3181312733351498,0.16907468814107748,0.033846153846153845,10,0.03932194147357511,2243.1834351178427,0.10541310541310542,27,0.28402366863905326,4,2.0604754037849355,8,3,3.25,8,0,0,0,0.040701058,-0.1323538,-0.036003605,-0.032098502,-0.2049124,0.026824117,-0.030902583,0.09924831,-0.25736684,-0.10104128,0.4647688,-0.12929542,-0.13574065,0.1998076,0.088775225,-0.48636615,0.0001869286,-0.10940265,0.29819235,0.034598954,0.5096093,0.30984122,-0.101289116,-0.045946922,-0.00486986,-0.19329464,-0.1770329,-0.24246886,0.07682957,0.16070963,-0.096259594,-0.19111112,0.21794872,-0.16385995,0.12780713,-0.14199203,-0.018236585,-0.18261132,0.37994906,0.2903482,-0.018641353,0.20516215,0.07941569,0.12793943,0.020668633,0.09116054,0.16846985,-0.080833234,-0.07241534,-0.06946679,-0.14319603,0.041391037,-0.13227077,-0.14642352,0.27032515,-0.19247653,-0.041858032,-0.30515507,0.1662097,0.39753821,-0.1001086,0.21426187,-0.04564897,0.31916672,0,0,0,Coordinator,Peripheral,0.14341586581487956
117,4,0.010025062656641603,0.003444488366427333,0.24495628210798487,0.01808202449966597,0.16666666666666666,3,0.005200111684502126,273.4958207826967,0.5,5,0.0,0,-0.33059493875560525,18,12,2.1666666666666665,7,4,6,1,-0.06052709,-0.107970536,-0.12396892,-0.34322482,-0.32454646,-0.2200603,0.35235822,0.24473077,0.16765669,-0.42715997,0.51686555,0.11206581,-0.5376042,0.24233058,-0.28165957,-0.54893285,-0.09962068,0.089008644,0.22111382,0.019787159,0.54484165,0.10447695,0.05045164,0.2808817,-0.49300638,-0.13478102,-0.039782986,-0.44524425,0.297808,0.29640725,-0.26695567,-0.17190883,0.4262041,-0.19911864,0.14929602,-0.2868532,0.05791419,-0.46141106,0.46682236,0.41247714,-0.0628823,0.17031202,0.12070161,-0.28821287,-0.30381423,0.44650626,0.4223411,0.19774541,-0.15337187,0.22188699,-0.18067928,0.16071093,0.18935868,-0.40104032,0.2554651,-0.31440386,-0.11624689,-0.575728,0.37627807,0.5413158,-0.08909769,0.11821795,-0.30202973,0.024552565,1,1,0,Enabler,Peripheral,0.03763697843266467
118,2,0.005012531328320802,0.0022921625672220757,0.17576408553852163,0.0004823612622519872,0.0,1,0.004521353635344643,182.00000000000003,0.6666666666666666,3,0.0,0,-0.5962694212601098,10,7,2.0,0,3,2,5,-0.6803169,-0.20000415,-0.3851736,-0.09816429,-0.07235332,-0.65923256,0.67833465,0.016736025,0.76056564,-1.0835068,0.6998347,0.043117423,-0.59349406,-0.09367016,0.23418279,-0.6326541,0.18734618,-0.061539758,0.16780622,-0.27880526,-0.03151636,0.3450146,0.022426307,-0.23424841,0.6702522,-0.30547696,0.13743523,-0.54148424,0.9289743,-0.038379766,-0.20367578,-0.4762104,0.6740372,0.29298952,-0.25191134,-0.047098335,-0.3090264,-0.2289465,0.37834987,0.5936735,0.67088157,-0.07649687,-0.11798963,-0.16479026,-0.04563592,0.4902459,1.0520859,0.19255044,0.07423032,-0.39714605,-0.72429866,-0.31440526,-0.3161062,-0.062084552,0.2953686,-0.18548569,0.32893282,-0.07464728,0.8494562,0.40783283,0.14937592,-0.04565955,-0.35390446,0.49600312,1,2,0,Peripheral,Peripheral,0.02279455071749796
119,1,0.002506265664160401,0.0,0.1964985057926122,0.00211545016974988,0.0,1,0.0,0.0,1.0,2,0.0,0,-0.7291066625123621,7,5,2.857142857142857,0,1,2,4,-0.41477692,-0.024108874,-0.49881548,0.24377249,0.35297617,-0.33032763,0.039167557,-0.41611573,-0.11135964,-0.42297792,0.051482435,-0.5250524,0.13651037,-0.3085195,0.2955449,-0.576479,-0.28090432,-0.28067705,0.31472242,0.03228323,0.067528956,0.22562575,0.37854365,0.074622184,0.15156278,-0.13819486,-0.5741609,-0.2538903,0.34621862,-0.06422304,0.1531231,-0.6157772,0.38816172,-0.3850622,-0.011927537,0.21477638,-0.053293414,-0.22082382,0.3754403,0.49089876,-0.20203732,0.07646935,0.14700136,0.08603646,0.5126141,0.5829183,0.04022751,0.1484735,0.032242525,-0.22690189,-0.5097132,-0.1616409,0.17972852,-0.2826409,-0.3468282,-0.58498,-0.28896943,-0.57107466,-0.51385313,0.59051514,-0.26144478,0.48929185,-0.78929293,0.31510982,1,1,0,Peripheral,Peripheral,0.020298197755875543
120,3,0.007518796992481203,0.002571126308232894,0.21553552095234768,0.006587869907517326,0.0,2,0.004720238620000587,204.15,0.5,4,0.5555555555555556,1,-0.5962694212601098,11,6,1.8181818181818181,0,0,4,7,-0.25193146,0.13657804,-0.300112,0.027353952,-0.030449426,-0.048902266,-0.009967862,-0.15945564,-0.15700454,-0.36320743,0.40560067,-0.1885357,0.01657905,0.22516215,0.3700745,-0.15229206,-0.29889712,-0.13863166,0.5818382,0.14875053,-0.0027896664,0.25406364,-0.31588686,-0.14156489,0.45232803,0.14413548,-0.2733109,-0.49891737,-0.12225102,-0.058561172,0.046745,-0.5624181,0.37592515,-0.14719734,-0.014784986,0.015686495,-0.039521456,0.013548827,0.3588278,0.47624558,-0.73758566,-0.30328342,0.16452783,-0.52164096,-0.4835235,-0.21592103,0.21982199,-0.13005298,0.6094022,0.051440947,-0.76319665,0.057717774,-0.67397875,0.24338482,-0.014003368,-0.24335165,0.05414431,-0.9224836,0.42515743,0.7743666,-0.6800776,-0.07139983,-0.04358076,0.6288931,1,1,0,Peripheral,Peripheral,0.03320941602548404
121,3,0.007518796992481203,0.000202558322103416,0.21683046066434442,0.010130843662496185,0.0,3,0.0002604650680556525,16.083333333333332,0.5,4,0.0,0,-0.4634321800078576,16,10,2.0625,0,4,4,8,-0.11337816,0.018751768,-0.018846603,0.20512576,-0.4027741,-0.27273166,0.36490244,0.044150252,0.17964648,-0.6209116,0.35405502,0.34193036,-0.44154832,0.080665745,-0.15065193,-0.3372268,-0.24891342,0.05816858,-0.055171244,-0.10539744,0.4114913,-0.07441248,-0.34268513,0.5301318,-0.33891273,-0.08783518,-0.1589456,-0.8669461,0.017313493,0.36569175,-0.08291564,-0.30664313,0.30403566,0.018620359,-0.061137408,-0.058169644,-0.07099631,-0.44774976,1.013365,0.34863403,-0.17824863,0.19144402,-0.01603509,-0.17328827,0.19967952,0.6671901,-0.07395519,-0.15259364,-0.31201634,0.27338326,-0.08830224,0.5464864,0.4768409,-0.20007908,0.30639246,-0.22929586,-0.36036003,-0.48830166,0.26119012,0.71120924,0.0242637,0.25898093,-0.34303603,-0.23408873,0,0,0,Peripheral,Peripheral,0.018935589875442714
122,2,0.005012531328320802,6.0258880676759564e-05,0.21243429043504772,0.0067323666901087115,0.0,2,6.940858567412389e-05,4.784615384615386,0.6666666666666666,3,0.0,0,-0.5962694212601098,9,6,2.3333333333333335,0,2,3,4,-0.027602661,-0.3039952,-0.32249776,0.0114527475,0.23774745,-0.11570738,0.2894429,-0.118075244,-0.37318116,-0.8800992,0.6566521,0.040821657,-0.29312736,0.014755006,0.028848216,0.12813097,-0.2925762,0.11581101,0.25783008,0.060020678,0.5701315,0.18516918,-0.5623144,-0.4753119,0.11821406,-0.6138094,-0.0049565313,-0.4188231,-0.0029453645,-0.37112546,0.1132384,0.21408887,0.19477627,-0.103981756,-0.106571056,-0.42272893,-0.024125947,-0.71998054,0.085636064,-0.080451444,-0.10436807,-0.7229782,0.21768612,0.2000174,0.35098648,0.30373293,0.12486651,0.46090847,0.15071322,-0.32774076,-0.49130613,-0.2999981,-0.38769004,0.64550304,0.38498265,0.12663102,0.022697482,-0.7340159,0.15169814,-0.09188121,-0.26803795,0.6370056,-0.13070543,0.14174098,0,0,0,Peripheral,Peripheral,0.01259861481824553
123,10,0.02506265664160401,0.018783877795228256,0.2645049104846808,0.04058689633520135,0.08888888888888889,4,0.019810570747695235,1491.4586808189188,0.2545454545454545,11,0.18999999999999995,1,0.33359126750565615,20,11,2.5,2,1,11,6,-0.315888,-0.014007397,-0.18971062,0.23926148,0.06998639,0.06831065,0.015352711,-0.1519075,-0.24557753,-0.330449,-0.15825066,0.10374034,0.046033654,-0.36160558,0.5211723,-0.3436659,-0.4304016,0.020811059,0.10839224,-0.07503505,0.23680618,0.21662356,-0.24754874,0.015419626,0.5011368,0.046509746,-0.053656492,-0.33421528,0.058738995,0.12524928,0.18334787,-0.62484086,0.2583414,-0.14339195,0.10956117,-0.12218947,-0.13833694,-0.096248925,0.45019343,0.35384288,-0.29534397,-0.19810839,0.39800328,-0.2256645,0.034299076,-0.11259561,0.5057782,0.07532519,0.4081243,-0.03714689,-0.5837005,-0.050391685,-0.40733907,0.10615855,0.077416725,-0.59365755,0.04022664,-0.43071657,0.36400482,0.6839163,-0.34564897,0.142067,0.20636046,0.122527696,0,0,0,Enabler,Peripheral,0.05169756182358909
124,0,0.0,0.0,0.0,7.590317288714358e-60,0.0,0,0.0,0.0,0.0,1,0.0,0,0.0,11,7,1.8181818181818181,0,3,1,7,-0.008654289,0.0011775959,-0.0058071446,0.013351098,0.005768163,-0.010659657,-0.008212021,-0.005453307,0.0037449747,-0.015127679,0.0136743095,0.013561372,0.0007086601,-0.0050672833,0.013609845,-0.0056649353,-0.0046727154,0.014064752,0.010585563,-0.014787456,0.012485445,-0.006786922,0.00016137026,0.011553932,-0.0063110683,-0.0015669242,-0.0037408918,0.012250558,0.005404111,-0.012018967,-0.01275634,-0.013055546,-0.011687594,-0.013974806,0.009500699,-0.010639956,0.0019028299,-0.010304604,0.00320879,0.011348804,-0.0025039427,-0.0024054311,-0.0020918045,0.01514644,-0.0044519063,0.0011300724,-0.0016406979,-0.006531991,0.010938428,0.003912149,-0.012301121,0.0054918937,0.011707343,0.008855412,0.010351615,-0.0034721196,0.0012886189,0.010993173,0.0044049956,0.00023132004,0.00851961,-0.0124240015,0.0016725808,0.011821693,0,0,0,Peripheral,Peripheral,0.0
125,2,0.005012531328320802,0.00015164148347256262,0.19914900679042793,0.003938756680572606,0.0,2,0.0003030781677303761,12.040485429204946,0.6666666666666666,3,0.0,0,-0.5962694212601098,7,6,2.4285714285714284,0,2,1,4,-0.3910521,-0.23439674,0.12186235,-0.010718047,-0.20260882,-0.4127945,0.3534832,-0.098184526,0.5738701,-0.6200466,0.45444295,-0.12218191,-0.83961093,-0.1877902,0.36101726,-0.19502044,0.16518368,0.091789745,0.44150025,-0.28648746,0.26678646,0.3789524,0.082428664,-0.32292342,0.3624962,-0.18840809,-0.32801142,-0.649616,0.7689028,-0.19436865,0.114717446,-0.40279314,0.4406063,0.11409186,0.05899833,-0.123603985,0.24967824,-0.12347902,0.3768446,0.5129324,0.44524583,0.037463427,-0.17606694,0.071735404,0.14853606,0.6397595,0.6941777,0.07932091,0.37542245,-0.11865994,-0.71192724,0.09487437,-0.20518728,0.41155395,0.25136742,-0.5490501,0.12540907,0.08806718,0.62168443,0.5349491,0.36784106,-0.025505919,0.23225133,0.0204335,0,0,0,Peripheral,Peripheral,0.012127710966772058
126,4,0.010025062656641603,0.00310335026343913,0.2105068244168425,0.005118142853058965,0.0,2,0.005665717948122795,246.40911426733035,0.4,5,0.0,0,-0.33059493875560525,9,8,2.3333333333333335,0,3,2,4,-0.79841566,0.059204716,-0.3728258,0.27183208,0.2844148,-0.3207681,0.48187482,-0.1699162,0.286875,-0.64407927,0.17151812,-0.3831747,-0.054095972,-0.09214632,0.6417822,-0.6365687,-0.3846626,0.095309615,0.37582162,-0.12260198,0.039353304,0.1081592,0.08466397,-0.04523989,0.450959,0.063683674,-0.31745046,-0.4846595,0.38716137,0.18392894,0.29510722,-0.41150245,0.44191962,0.017631847,0.06606589,0.11195968,-0.05607422,-0.13887702,0.45610118,0.372625,-0.13855325,-0.18034947,-0.021561202,-0.27438402,0.015809402,0.5097813,0.60673875,0.15414979,0.16314441,-0.41841742,-0.88269335,-0.38867012,-0.34236836,-0.003785482,-0.11652614,-0.40856016,-0.048467338,-0.5974171,0.097384386,0.5497626,-0.29614624,0.24371944,-0.25317058,0.40184,1,1,0,Peripheral,Peripheral,0.031676465904915456
127,1,0.002506265664160401,0.0,0.17691287041132242,0.0004956397553272734,0.0,1,0.0,0.0,1.0,2,0.0,0,-0.7291066625123621,13,7,2.6923076923076925,0,4,4,5,-0.57584083,-0.16602229,-0.5306746,0.18386382,0.25277537,-0.59556806,0.072971046,-0.30680344,-0.09625677,-1.2220534,0.21044722,-0.18684201,-0.11524898,-0.6853084,-0.16022405,-0.28102624,0.05550921,-0.053046934,0.048475668,-0.18294068,-0.112504445,0.072221875,-0.19912986,-0.14312217,0.051450662,-0.032382436,0.4234898,-0.63465196,-0.37157974,0.34350917,-0.23640604,-0.2798961,-0.06878647,-0.004545816,-0.08297267,0.5318161,-0.5442378,-0.14808713,0.7889002,0.3649482,0.04699649,0.32508305,0.24878201,-0.34341592,0.044039577,0.24348457,-0.25148934,0.06308458,-0.16674423,0.18701962,-0.22747889,0.43761376,0.26428246,-0.09262887,0.57701755,-0.33313072,-0.30891106,-0.3306382,-0.72040576,0.55880845,0.6479429,1.4019856,-0.74071556,0.40273613,1,1,0,Peripheral,Peripheral,0.02001007522671698
128,3,0.007518796992481203,0.0004410803670258841,0.21425595651397622,0.006744796876328803,0.0,3,0.0005411175901786851,35.02222222222222,0.5,4,0.0,0,-0.4634321800078576,11,7,1.6363636363636365,0,1,3,7,-0.07219941,-0.08065147,-0.3817222,0.09168259,0.5325433,0.3116369,-0.30310717,0.0024348781,-0.049420677,-0.709748,-0.017351307,-0.46299434,0.08420925,0.06339164,0.23351507,-0.40406102,-0.25228706,0.4158783,0.39353904,-0.17073858,0.034537192,0.7049437,0.16831855,-0.1405166,0.41028953,-0.27877095,-0.40945277,0.115795664,0.43702883,-0.041400373,0.050441504,-0.48947957,0.4459259,0.07575922,-0.17375961,-0.04313049,-0.099696346,-0.41634658,0.94587755,0.33588973,-0.18276168,0.04874777,0.13992676,0.009454578,0.75547075,-0.035427306,0.05418712,0.47759563,-0.2696124,-0.37009698,-0.15930943,0.05639086,0.03594925,-0.34660113,-0.3361948,-0.20624708,0.44060847,-0.13252121,-0.39322975,0.67373776,-0.36779943,0.61688954,-0.8690874,0.1859155,0,0,0,Peripheral,Peripheral,0.01840118249268778
129,2,0.005012531328320802,0.0,0.21009833769417072,0.005646964595646394,0.0,2,0.00011124964840913001,0.0,0.6666666666666666,3,0.0,0,-0.5962694212601098,9,7,2.3333333333333335,0,3,1,5,0.13132647,0.20462854,-0.16196743,0.6489056,-0.51065683,-0.044455454,0.27435246,-0.030409899,-0.14424172,-0.08023341,0.2040242,0.01227414,-0.23146422,0.0792034,-0.038987257,-0.73910946,-0.052659873,-0.50774044,0.2703378,-0.18786968,0.6169151,0.900503,-0.21866493,-0.1785888,-0.03148233,0.20905885,0.11649505,0.31064036,-0.258294,-0.02545648,-0.61555815,-0.32577157,0.55813336,-0.040893935,0.41122237,0.05843977,-0.4058511,-0.51953864,0.52351815,-0.111254275,-0.06972352,0.20664395,0.078230865,0.012494193,0.52644366,-0.08615384,0.3997375,0.21149191,0.40607604,-0.06880231,-0.113124944,-0.14294907,-0.09459627,0.03265736,0.24280924,-0.6065464,-0.2780797,-0.54289865,-0.1595355,0.10012,-0.058261763,-0.11069773,-0.546825,0.71549314,0,0,0,Peripheral,Peripheral,0.012388400154019142
130,1,0.002506265664160401,0.0,0.1583676402121833,3.819292110797943e-05,0.0,1,0.0,0.0,1.0,2,1.0,1,-0.8619439037646144,10,8,2.2,0,3,4,3,0.5103955,-0.6894196,-0.72822297,-0.38253334,0.0919404,0.3198148,0.23885112,0.09580657,0.14318022,-0.74655336,-0.2209237,-0.6297654,-0.47384673,0.11427803,0.035192613,0.48003602,-0.20956458,0.055505637,-0.20415778,-0.49654812,0.5388111,0.41080594,-0.5303141,0.42303413,-0.5110325,0.466703,0.8812193,-0.65520465,0.65967584,-0.24663901,-0.1896019,0.23098385,0.4504107,-0.1919072,0.4061882,-0.08687286,0.43526107,-0.31994385,0.08360049,0.37785006,0.29485053,-0.9175317,0.12726086,0.17048085,0.28139058,-0.1609749,0.006746205,0.06559259,0.83985746,-0.123104475,-0.192484,0.2615587,-0.21995662,-0.47475865,-0.75518024,0.13606074,-0.41590217,-0.09692683,-0.15945256,0.024311645,0.33267793,0.83865863,0.8561678,0.78539324,1,1,0,Peripheral,Peripheral,0.023486191810612136
131,10,0.02506265664160401,0.007025204491066475,0.2462562775399454,0.041803527848577854,0.08888888888888889,5,0.014635321459690544,557.8082617951692,0.2545454545454545,11,0.0,0,0.4664285087579084,21,10,2.142857142857143,4,2,13,2,-0.046877638,-0.08940441,-0.738189,-0.2458142,-0.3499195,-0.29298592,-0.16723678,0.012589946,-0.3043207,-0.44500592,0.2658781,-0.06863954,-0.15520935,-0.04960926,-0.036055725,-0.017359743,-0.16344309,-0.3297512,0.10056093,-0.023637675,0.46400008,0.1818127,0.06626368,0.022459188,0.1991513,0.08029456,-0.62100226,-0.34437272,0.46400777,0.47584933,0.10759506,-0.16205971,0.5542323,0.00725009,-0.017308483,0.2664969,-0.12428204,-0.23299466,0.7343721,-0.435779,-0.34626922,-0.035578202,0.33276173,-0.061254125,0.21795622,-0.47177243,-0.007888497,0.014376677,0.23542877,0.22202905,-0.10588717,-0.12605998,-0.00019824403,0.39460826,-0.024156282,-0.55765206,0.13903873,-0.05928666,0.38206923,0.3383317,0.15560381,0.26713303,0.077270284,0.5083993,1,2,0,Enabler,Enabler,0.3850784185532134
132,13,0.03258145363408521,0.004363931875049756,0.2790481358034261,0.11714363894340214,0.038461538461538464,10,0.0035814053285460417,346.5005548108257,0.17582417582417584,14,0.0,0,0.8649402325146652,15,9,2.7333333333333334,7,6,2,0,0.05763276,-0.102278866,-0.3069939,0.022510577,0.019086827,-0.14563179,-0.18174908,0.001523832,-0.13538131,-0.45970896,0.24428265,0.036221918,-0.22473109,0.11451577,0.254481,-0.031575266,0.2719367,-0.13472956,0.04129853,0.0021314237,0.12382589,0.26320294,-0.16274521,-0.06491065,0.035969775,0.016311325,-0.003674476,-0.15782228,0.09927152,0.06453783,-0.06681791,-0.15799312,0.30091012,-0.22031447,0.13854685,0.021707205,0.12959796,-0.33473557,0.49666303,0.21310534,0.25528607,0.13582388,0.25386465,0.13929962,0.2727607,-0.03253118,0.28854233,0.11440001,0.1837763,-0.041654136,-0.23079936,0.08638808,-0.016765255,0.37254956,0.2241538,-0.33736145,0.022964071,-0.21401438,0.07022299,0.5460907,0.12740836,0.10416772,0.0033596903,-0.027398251,0,0,0,Broker,Peripheral,0.08540202977966134
133,0,0.0,0.0,0.0,7.590317288714358e-60,0.0,0,0.0,0.0,0.0,1,0.0,0,0.0,8,5,2.125,0,0,1,7,-0.012089938,0.0120485425,-0.014779652,0.008494711,-0.0034867227,-0.015620135,0.008958392,-0.015214015,-0.009927861,0.011687707,0.005532205,-0.00025486387,0.0031101983,0.011325352,-0.008389749,0.009159837,0.0013577938,0.013794303,0.0062729865,0.010427564,0.006323885,0.009505082,0.010667887,0.012593288,-0.014975961,0.008608315,-0.007877413,-0.0063296854,-0.012965621,0.008722274,0.0024349354,-0.013117854,0.008307546,0.006406909,0.0048582368,0.007817542,-0.0013649706,-0.004876215,0.012989268,-0.0088483915,0.006116176,0.013342984,-0.0011541322,-0.0066606943,0.013017619,-0.015308024,0.014915463,-0.015240066,-0.010356547,0.008376842,-0.0021236353,-0.0053257793,-0.015062554,-0.010336766,0.010457195,-0.008216018,0.00470246,0.009363489,0.007395683,0.0044839624,-0.004218243,-0.0045377463,0.0010868683,0.0114136,0,0,0,Peripheral,Peripheral,0.0
134,1,0.002506265664160401,0.0,0.2063608831481499,0.0018516418390543208,0.0,1,0.0,0.0,1.0,2,0.0,0,-0.816160320663924,11,5,2.3636363636363638,0,2,0,9,0.13648178,0.09311745,-0.030754521,0.47915703,0.3038503,-0.5067977,0.20139828,-0.28077355,-0.42350698,-0.2486697,0.17881118,-0.7775462,-1.1785551,0.0259168,0.048566457,-0.08882059,-0.04686039,0.2975426,-0.29497808,0.14540495,0.25875747,-0.31596452,-0.3836175,0.16624884,0.48268518,-0.1363633,0.046271913,0.025813995,0.51966393,-0.24217714,-0.1858755,-0.26521352,-0.25957298,0.30948988,0.03411303,0.14428262,-0.3304213,-0.0007241668,0.1635673,0.4551378,-0.30763653,0.11796017,0.3176188,-0.07898627,-0.5543604,-0.40266412,0.23784615,-0.09100125,-0.5657067,0.021698073,0.22057244,-0.32774368,0.1805758,-0.38505843,-0.07471381,-0.007986416,0.06314851,-0.3541242,0.08857826,0.21798946,-0.7603119,0.006198557,0.74936485,0.29942358,1,1,0,Peripheral,Peripheral,0.020251273052356956
135,10,0.02506265664160401,0.004980801026544992,0.2640748211993398,0.03538261249001847,0.2,6,0.009789407232664834,395.4805823086989,0.34545454545454546,11,0.0,0,0.49341595793489246,19,10,2.263157894736842,2,3,11,3,0.16304222,0.03711987,0.06846414,0.019041188,-0.06395961,0.17853145,-0.027234484,-0.21503586,-0.4726805,-0.56828195,-0.19532402,-0.66476333,-0.7122378,0.5712368,-0.1799587,-0.1292021,0.111840904,0.06724313,-0.14507902,-0.1231582,0.025537148,-0.0726266,0.12226395,-0.28636914,0.43944067,-0.27429965,-0.043466914,-0.06497906,-0.012659871,0.016327413,-0.5235906,0.3423502,0.15795869,0.17896089,0.30549693,0.03726149,-0.37441897,0.061276417,-0.42618862,0.15261824,0.17594078,0.20230201,0.1447455,-0.18198785,0.34265494,0.19621041,0.0010622917,-0.42265928,-0.39828405,0.20823742,-0.20253147,0.16618943,-0.26605222,0.16671577,-0.13786118,0.04148634,-0.23474263,-0.47804257,-0.00030087255,0.07189128,0.16239803,-0.18913816,0.31187,0.2879338,0,0,0,Enabler,Enabler,0.30906273464524964
136,9,0.022556390977443608,0.014944755078645273,0.26910690147074395,0.027894836494545657,0.1111111111111111,4,0.012273389135867022,1186.6284979995132,0.28888888888888886,10,0.0,0,0.34790748253502396,13,10,2.6153846153846154,4,3,5,1,-0.06953564,0.21594934,0.7283325,0.081658505,0.085055105,0.09007149,0.100325026,0.15080826,-0.053960733,-0.18528292,0.029240351,-0.3874727,-0.6908542,0.093747094,0.29651126,-0.08365518,-0.36189693,0.19056264,-0.6681124,-0.20450921,-0.07415801,0.09082662,-0.11525372,-0.26126477,0.3055978,-0.231743,0.274094,-0.21852052,0.21490516,-0.13239203,0.018559564,0.18053836,-0.21042545,0.08935884,-0.1234181,-0.1465947,-0.63680965,0.12223784,0.56519127,-0.10151861,-0.15662645,0.2550828,0.15908188,-0.63890934,-0.022993159,-0.0022527224,0.5445079,-0.33391038,0.11403038,-0.059981808,0.075929485,-0.20329264,0.021172598,-0.19822143,-0.32765278,-0.6470628,-0.29451573,-0.36777276,-0.027486093,0.18160126,-0.22806002,0.009331478,0.5988797,0.37985966,0,0,0,Enabler,Peripheral,0.04265538653001943
137,1,0.002506265664160401,0.0,0.20062509578455093,0.0015042371382710607,0.0,1,0.0,0.0,1.0,2,0.0,0,-0.816160320663924,11,5,2.272727272727273,0,1,3,7,-0.43407896,0.12312477,-0.202464,-0.42612147,-0.11193481,0.54575694,-0.49095333,0.0009858464,-0.33805493,-0.19674735,0.009461119,-0.70577914,-0.6122869,-0.3090802,0.060936812,-0.32357562,-0.27728477,-0.22971636,-0.0033586577,0.12009849,0.31610015,0.028682142,0.4458989,-0.6487168,-0.18490009,0.073245354,0.5355269,-0.7678158,0.068378836,-0.054649755,-0.38473603,0.2349953,0.33184242,0.14764945,0.32375327,-0.34483096,-0.3306,0.3148333,-0.4560861,0.32467318,0.030628936,-0.029026054,0.13991949,-0.33185738,0.59453535,-0.29555038,0.00282358,-0.5282844,-0.48780632,0.3266957,0.29675826,-0.24244846,-0.114953004,-0.18079102,-0.27180555,0.19932412,-0.41786084,-0.4550277,0.065796494,0.5626472,-0.063681945,-0.31772447,0.5244972,0.23668225,1,1,0,Peripheral,Peripheral,0.020189478708932555
138,6,0.015037593984962405,0.010810997286310953,0.22126160086865665,0.0058570842052621955,0.0,3,0.009826741188648026,858.403995530376,0.2857142857142857,7,0.0,0,-0.08861794366458153,13,7,2.6153846153846154,0,3,2,8,0.032387834,-0.10348057,0.010247055,0.23105446,0.077810615,0.2950601,-0.5102118,-0.30479416,0.069281705,0.13731176,-0.12165943,-0.33995998,-0.88107556,0.0008849445,0.5066559,-0.13456488,-0.22431928,-0.38694063,-0.7189322,-0.102009796,-0.027531596,0.08298673,-0.19215217,-0.14053184,0.26271066,-0.5304217,0.68931806,-0.18471508,0.556222,-0.1723201,0.19985513,0.24271217,0.120982215,-0.041977126,-0.0518529,-0.1013427,-1.0464245,-0.13871877,0.52599394,-0.27603906,0.15308975,0.4225288,0.12042908,-0.38766548,-0.35121998,0.14081533,0.71879965,-0.29490802,0.0693419,-0.4065895,0.16067685,0.7481002,-0.62582654,-0.08427355,-0.26390028,-0.33513218,-0.0033413188,-0.17485599,-0.34945792,0.0035434915,-0.41207248,0.30199948,0.5278153,0.17914125,1,1,0,Peripheral,Peripheral,0.041827957458747164
139,14,0.03508771929824561,0.0029992007031068137,0.28343109081604534,0.07933796731910005,0.04395604395604396,10,0.004295922302907237,238.1395350273841,0.17142857142857143,15,0.0,0,1.0754498595343664,13,8,2.6153846153846154,3,8,2,0,-0.016551267,0.11980738,0.010188047,0.3122622,0.24404436,-0.038129702,0.024389982,-0.16812599,-0.26512936,0.08833187,0.16758078,-0.38455516,-0.48741582,0.384578,0.114633344,0.12175876,-0.09245889,0.14722984,-0.18795216,0.17049016,0.026440639,-0.26239344,0.06967166,0.061600752,0.14804476,-0.20675145,0.06989239,-0.16317388,0.16710122,-0.09756751,0.08483618,0.18206488,0.11794208,-0.005617511,0.15534073,0.0026205343,-0.36878833,0.00880361,-0.077541694,0.25834128,-0.084553555,0.14794582,0.3013904,-0.17950341,0.1785894,-0.09191849,0.38580287,-0.20905474,-0.3366745,0.10911876,0.15395363,-0.1175542,0.051686015,0.15645045,0.0692446,-0.0069901734,-0.21191837,-0.19263773,-0.029424781,0.28843337,-0.18201147,0.26270482,0.23727188,0.41267332,0,0,0,Broker,Broker,0.9483899176634656
140,8,0.020050125313283207,0.008235056706057278,0.2549544977042292,0.029472007178967075,0.21428571428571427,5,0.0042371046034605266,653.871737517654,0.3888888888888889,9,0.0,0,0.20239900713515546,11,7,1.8181818181818181,2,1,5,3,0.0665742,-0.12972906,-0.14626864,-0.06486595,-0.03534893,-0.0805239,-0.097219266,-0.01777477,0.024763636,-0.59851116,-0.3704518,-0.511461,-0.29293036,0.25556487,-0.0308653,-0.25301987,-0.18050277,0.0050235987,-0.30080232,0.0063864896,-0.24501137,-0.06974696,0.4777174,-0.6833102,0.19076009,-0.40982193,0.025266252,0.053331222,0.11230148,-0.21377186,-0.010031457,0.3716064,0.038505152,0.1399966,-0.21654083,-0.66194206,-0.50939023,0.12748708,0.08252047,0.05746064,0.016381271,0.10096233,0.020005498,-0.4018095,0.06586289,-0.12486172,0.34639493,-0.4804053,-0.097174846,0.09531803,0.5995208,-0.06672175,0.056492895,0.20554595,-0.14661121,-0.052328818,-0.33765346,-0.6089605,-0.06803459,0.3002552,0.26457965,0.10656903,0.5120619,0.4241933,0,0,0,Enabler,Peripheral,0.0424493465013522
141,3,0.007518796992481203,0.00014946326201851953,0.21146616541353383,0.004811711227669809,0.0,3,0.00016767036239398046,11.867532467532468,0.5,4,0.0,0,-0.525143369864187,8,6,3.125,0,3,3,2,0.09504013,-0.34652862,0.08070421,-0.17573433,-0.055675935,0.07915409,-0.3679787,-0.18623225,0.09770734,-0.46504837,0.12755866,-0.43368435,-0.16852072,0.06847369,0.13301621,-0.37133572,-0.11486193,0.20244306,-0.3485862,-0.24771251,0.41522005,-0.023867255,0.5348532,-0.79701054,0.07657472,-0.3932675,0.1950673,-0.533061,-0.11774415,-0.25014007,0.20926702,0.5696543,0.12030757,0.31188342,0.057103135,-0.36811638,-0.7998109,0.36699307,0.3639851,0.027902378,-0.27446097,-0.07073147,0.06304046,-0.53118384,0.4065907,-0.25717086,0.44484267,-0.55724686,-0.10245767,0.33122277,0.48275828,-0.30343997,0.010961542,-0.2743347,-0.19983727,0.25993618,-0.42579874,-0.296302,-0.11440223,0.72233504,0.36696982,-0.32748115,0.52432793,0.30565587,0,0,0,Peripheral,Peripheral,0.017974342504155413
142,0,0.0,0.0,0.0,7.590317288714358e-60,0.0,0,0.0,0.0,0.0,1,0.0,0,0.0,12,7,2.3333333333333335,0,3,4,5,0.014898699,-0.00050652213,-0.0040728915,0.011851214,-0.010772565,0.005975662,0.007160919,-0.007667348,0.011191258,-0.0059732962,0.011113588,-0.009400917,0.004619742,-0.011141051,0.010097323,0.014276821,-0.012733385,0.0011652056,-0.0044965185,0.010652335,-0.010506073,0.0009507574,-0.011838367,0.00090581365,-0.0007323455,-0.009157367,-8.2392246e-05,0.0054996405,0.0047279056,-0.013292031,0.012171274,-0.00631221,-0.009864816,0.0050790887,0.005405102,-0.0061619636,0.009911943,0.0055169333,0.009224383,0.009465653,0.0114541035,0.013365056,-0.013940439,0.009108197,-0.011694521,-0.012454329,-0.0055467263,0.0015353281,-0.0155553855,-0.008151399,0.014093079,-0.008464664,0.010163279,0.013145508,-0.00409179,0.010170542,-0.008010095,-0.013067419,0.004498644,0.008765215,-0.0014020465,-0.0062801316,0.011953106,-0.0007731784,0,0,0,Peripheral,Peripheral,0.0
143,0,0.0,0.0,0.0,7.590317288714358e-60,0.0,0,0.0,0.0,0.0,1,0.0,0,0.0,8,5,2.0,0,2,1,5,-0.01413464,-0.0030362718,-0.0013126377,0.004757732,-0.015532024,0.0100945495,0.014520366,0.0012122765,0.004595032,0.0018629543,0.006172873,0.012063542,0.00404153,0.002932543,0.009967228,0.0008762833,-0.014918659,-0.011850607,0.011425322,-0.0065716375,0.004264001,0.013237298,-0.013552366,-0.009192662,-0.008650599,0.009230353,-0.0030586086,-0.013304792,-0.010255178,-0.0044033695,0.005544562,0.0076647215,-0.013594596,-0.0058383495,0.0056501944,0.007063236,-0.009937068,0.0023549404,-0.012011575,0.014353843,-0.012013352,-1.7693266e-05,-0.0028740223,-0.01509838,0.009107899,-0.013442447,0.009664711,0.0026355144,-0.00907742,-0.0017265789,0.010875683,0.009715321,-0.0030022562,0.0073617864,-0.008871412,0.009733386,0.0032576323,0.003038304,-0.008078925,0.010481175,-0.004062349,-0.00010397285,-0.0077203847,-0.0074234866,0,0,0,Peripheral,Peripheral,0.0
144,7,0.017543859649122806,0.005338269776040726,0.25778732545649835,0.02416102868619002,0.14285714285714285,4,0.004214701692786392,423.8639584874097,0.35714285714285715,8,0.0,0,0.05689053173528696,20,10,2.3,6,1,8,5,-0.17538695,-0.18995707,0.21485588,-0.20087254,0.11740296,0.24878304,0.079672426,-0.29586515,-0.23769344,-0.121411406,0.06049896,-0.3599119,-0.12852061,0.26303554,-0.07467872,0.043288026,0.08127234,0.14432713,-0.42438716,-0.21606454,0.48576108,0.017312156,0.14757952,-0.23475328,0.32097703,-0.34994924,0.16313869,-0.2745424,-0.08555226,-0.54704344,0.08024769,0.806526,0.24409749,-0.2815601,-0.05364172,-0.383948,-0.45848972,0.24835415,0.56416893,0.09038437,-0.2483972,0.19303498,0.33839226,-0.23281962,-0.00446656,-0.2752794,0.47962797,-0.4883712,-0.1802003,-0.013378172,-0.12662783,-0.14849484,0.15651333,-0.12749249,-0.32447147,-0.067498185,-0.37316987,-0.1468529,-0.5097491,0.5747634,-0.20153756,-0.1868922,0.035501275,0.2393947,0,0,0,Enabler,Peripheral,0.03498826296722542
145,0,0.0,0.0,0.0,7.590317288714358e-60,0.0,0,0.0,0.0,0.0,1,0.0,0,0.0,9,4,1.8888888888888888,0,1,0,8,-0.0027737916,0.0073914863,0.0013813619,0.005171776,0.01127922,-0.012113448,0.009587705,-0.013131142,0.0055628363,0.009231327,-0.00597661,0.0021754317,0.0003592968,0.009605834,-0.007772818,0.010209458,0.01383598,-0.006377857,-0.008789005,0.012657054,-0.008620853,0.0007404983,-0.010249974,-0.005935384,0.015610438,0.013775131,-0.011639776,-0.014256174,-0.012209335,0.0065795127,-0.007968197,-0.014340417,-0.0069721304,0.012300169,0.012890536,-0.0039265063,1.2181699e-06,-0.015509089,-0.0100894105,0.0014571268,0.007775573,-0.006942099,-0.002220545,-0.0035341326,-0.0014813468,0.0006188974,0.00027091987,0.0011958964,-0.003037991,-0.002019519,-0.009368468,0.005482644,-0.012276137,-0.013081225,-0.0067134183,-0.006473953,-0.0064874254,-0.015203765,-0.0030639265,0.013931686,-0.00760467,-0.0061147157,-0.004898509,-0.0018414613,0,0,0,Peripheral,Peripheral,0.0
146,9,0.022556390977443608,0.014130186861678879,0.22825862970849467,0.02466504241297084,0.0,5,0.00741265184328913,1121.9509670041648,0.2,10,0.0,0,0.34790748253502396,15,8,2.4,4,1,10,0,-0.20746201,0.23306915,0.3140141,0.34102538,0.12591258,-0.07974327,-0.22818932,0.19348228,0.016419867,0.045017328,-0.29560703,-0.59165114,-1.1267383,0.051716913,0.42357677,0.026943695,-0.014280109,0.023023117,-0.45818272,0.17327352,0.15892936,0.45254776,-0.06813183,0.07042603,0.19395863,-0.5954511,0.14520517,0.29199025,0.13831319,0.05298516,0.21152467,0.2127759,0.14481805,0.14135003,0.03765962,-0.68328154,-0.5314075,0.2870882,0.08966193,0.10646058,-0.21078151,-0.048569962,0.023485778,-0.109308064,0.12943068,-0.4262665,0.31847903,-0.18736032,-0.15270457,0.30361015,-0.040786352,-0.13965903,0.018277256,0.18761826,0.023735257,-0.10560734,-0.7845289,0.07980481,0.23998366,0.08495512,0.2156121,0.31391692,-0.051014375,0.36557013,1,1,0,Enabler,Peripheral,0.059636487221649145
147,6,0.015037593984962405,0.0023722449661519674,0.22698255071641366,0.010733278263509715,0.0,4,0.0031302739727836564,188.35862255743237,0.2857142857142857,7,0.0,0,-0.08861794366458153,17,10,2.9411764705882355,4,2,9,2,-0.113869935,-0.0008763599,-0.18043017,-0.07068655,-0.58843887,-0.30376682,-0.77346677,-0.04944399,-0.55360967,-0.15280966,-0.14675952,-0.68302816,-0.39458105,0.5056622,-0.60461354,-0.18553625,-0.7001579,0.48055696,-0.5141495,-0.050147355,0.41218844,-0.27536058,0.2739965,0.18957262,0.4246219,-0.020124387,0.88212854,-0.15652497,0.48541158,-0.16880795,0.10245951,0.5646847,0.5485905,-0.15647005,0.1786859,-0.31216946,-0.5380043,0.12247837,-0.029088324,-0.10967609,0.00918668,0.21943013,0.44402602,0.2507888,0.009758816,0.035346657,0.34588566,-0.27965134,0.040859856,-0.14994437,-0.04596465,0.2089787,0.23071873,0.099281095,0.2467874,-0.32501063,0.25547475,-0.12188451,-0.5269187,0.13202752,-0.2799729,0.28063774,0.46854863,0.08534616,0,0,0,Enabler,Peripheral,0.02962119445301913
148,14,0.03508771929824561,0.0069096043413448644,0.2884653908305399,0.0846902377218478,0.03296703296703297,10,0.008453560768328846,548.6294943071235,0.1619047619047619,15,0.1377551020408163,1,0.9299413841344979,16,9,2.75,5,7,4,0,0.069758624,0.05861995,-0.17699705,0.3109766,-0.07406264,-0.0040918705,-0.11613603,-0.15375254,-0.22011186,-0.23266613,0.017461749,-0.4272124,-0.35844207,0.27194077,0.0064331116,-0.21703286,-0.33287942,0.076494634,-0.31621298,0.1906469,0.2949443,-0.050894726,0.20781267,0.060514294,0.043461166,-0.26565698,0.23009975,-0.1589531,0.061614864,-0.010579067,0.13741599,0.25212613,-0.03803114,-0.040659145,0.1144173,-0.1256802,-0.26885197,-0.13027754,0.018131163,0.014216455,-0.0026317514,0.14653401,0.12369405,-0.007945386,0.2589092,-0.1895627,0.39400783,-0.4243011,-0.24361065,-0.06949582,0.15997635,0.04950611,0.073789164,0.21544759,-0.01853685,0.013986729,-0.19978885,0.06952094,-0.17397137,0.21659997,0.10056245,0.09861582,0.24045266,0.3553642,0,0,0,Broker,Peripheral,0.08604587663178272
149,3,0.007518796992481203,0.00250918048826374,0.20915133939162134,0.002508394789548525,0.0,2,0.004722108841313357,199.2314399486292,0.5,4,0.0,0,-0.525143369864187,7,5,3.142857142857143,0,4,0,3,0.21940877,0.011518696,-0.49359798,-0.48205078,0.32272574,-0.33030716,-0.2970402,-0.4383487,0.21070188,-0.20848228,-0.63623714,-0.42242095,-0.60834277,1.0774642,-0.50459546,-0.13341819,-0.37308264,0.095713444,-0.57142353,0.32492504,-0.011779991,0.42114422,0.43269238,0.14047801,0.18692054,-0.045939,0.112454474,-0.37408203,-0.10268299,-0.49404716,0.2047613,0.33531803,0.099651396,-0.37572962,-0.151667,0.3373015,-0.68086845,-0.37626132,0.33129728,0.5344897,-0.026074296,-0.012306719,-0.034900676,-0.564594,0.052993618,-0.25145754,0.5554586,0.28173015,-0.2932515,-0.2453902,-0.26676366,0.7305104,0.17839262,0.19115339,0.32389098,0.29504684,-0.5664799,0.38532144,0.69365364,0.21194999,-0.077525385,-0.16654852,0.22501159,0.60419476,1,1,0,Peripheral,Peripheral,0.028908668241740664
150,3,0.007518796992481203,0.0023271200787856753,0.20955614843560513,0.002706740658726221,0.0,2,0.004686995446164097,184.7756613756614,0.5,4,0.0,0,-0.525143369864187,14,8,1.9285714285714286,0,4,3,7,-0.2590409,0.58837456,0.25175595,0.4143442,0.49003,-0.17369759,-0.7030411,0.22244725,0.09737108,-0.3039189,-0.2677796,-0.42762247,-0.66082823,0.7444414,-0.3540783,0.35886326,-0.6639057,0.4331068,0.24701668,-0.20156962,0.044046585,-0.55885744,0.18890667,0.07466011,-0.1480064,-0.9486334,0.18170105,-0.22766766,0.17971039,-0.35187855,-0.21078095,0.33881494,0.42571506,-0.42840382,0.63441473,0.053738188,-0.3870318,0.56295186,0.262092,0.6233929,0.08886628,0.061584964,0.25164577,-0.02095792,0.58547187,-0.15044871,0.10940063,-0.5494833,-0.0589123,-0.10627552,0.26203057,-0.0010453435,-0.21127939,-0.18512301,-0.057563286,-0.43402582,-0.3404715,0.0077709826,0.22170141,0.1367852,-0.08903744,0.43819723,0.24141523,0.3149722,1,1,0,Peripheral,Peripheral,0.02889213469231571
151,13,0.03258145363408521,0.007763854333895027,0.28097926477092383,0.0774680283285051,0.07692307692307693,10,0.004613534804111569,616.457797965599,0.2087912087912088,14,0.0,0,0.9299413841344979,18,9,2.2222222222222223,5,7,6,0,0.07931288,0.046105675,-0.22100808,0.18010207,-0.01943012,0.067001686,-0.13263436,0.11095208,-0.2915171,-0.081635185,0.02755534,-0.403214,-0.39919668,0.359641,0.06774748,0.10707512,0.053737823,-0.14236426,-0.20492052,-0.15868643,-0.012741256,-0.16242303,0.039304193,-0.011452569,0.08645288,-0.25277284,0.10444625,-0.5518171,0.17771144,-0.19003892,0.062591165,0.13744259,0.07371211,0.20569761,-0.1620064,-0.10014067,-0.39436564,0.096869305,-0.24515513,-0.0032413113,0.06834935,0.28641623,0.11760489,-0.0859549,0.054680776,0.029780315,0.7129304,-0.37408215,-0.2767179,0.0749455,-0.017046897,0.01907318,0.17040093,0.18870902,-0.0010687191,-0.118101016,-0.23716038,-0.14549461,0.11203555,0.1912706,-0.17427745,0.21136789,0.085607,0.25010994,0,0,0,Broker,Peripheral,0.07931237485709193
152,25,0.06265664160401002,0.0276109546919954,0.31504561597981373,0.11473899484314366,0.016666666666666666,10,0.034907634869416414,2192.3374134991263,0.09230769230769231,26,0.22560000000000002,3,2.239517662733314,17,8,2.588235294117647,13,4,0,0,-0.054533478,0.16353907,0.025983078,0.10976606,0.19148713,0.14852999,-0.28802976,0.032610994,-0.18055686,-0.3823091,-0.15466568,-0.44444498,-0.6574405,0.24573903,-0.070956215,0.061899543,-0.115554295,-0.16401842,-0.36071867,0.25137147,0.031209067,0.099864826,0.31604692,0.06533092,0.41623816,-0.051605936,0.033335723,-0.2928019,0.16618699,-0.22031757,0.115144156,0.1775478,-0.004562743,0.08858197,-0.0241525,-0.22035718,-0.2510598,-0.10506595,0.08541051,0.1250979,0.16542435,0.18038231,0.092973515,0.04568348,0.1158487,-0.2724476,0.09285846,-0.08667841,-0.11126552,0.14872296,-0.2116809,-0.07202848,0.19323856,0.03417291,0.07334594,0.045024514,0.09471263,-0.29903266,-0.018052572,-0.043512747,0.02103653,0.18036343,0.089970395,0.34239572,0,0,0,Coordinator,Coordinator,1.0
153,13,0.03258145363408521,0.003827345802658887,0.2797691904179052,0.07675133170671465,0.05128205128205128,10,0.003022293680335234,303.8950840769183,0.18681318681318682,14,0.0,0,0.9299413841344979,18,7,2.6666666666666665,9,8,1,0,0.021126255,-0.055290002,-0.18259943,0.014423327,0.25288454,0.16467363,-0.07630072,-0.1939045,-0.15373631,-0.0851023,0.037879042,-0.20529437,-0.5525285,0.117449366,0.026349708,-0.028221227,-0.3104231,0.21335268,-0.34383938,-0.18167056,0.24380474,-0.17693941,0.13073136,-0.01729101,0.40485564,-0.3360681,0.08197946,-0.230916,0.31557685,-0.20179902,-0.16945107,0.40389392,0.11206743,0.010751253,-0.31877446,-0.12276648,-0.323634,0.117560625,-0.018665282,0.019387688,-0.15999845,0.009849077,-0.06422898,-0.1872108,0.294114,-0.085106485,0.28640124,-0.38651428,-0.27885255,0.1808381,0.15880409,0.006012731,0.16473052,0.058543365,0.11482763,-0.08838801,-0.20203647,-0.152849,0.03986872,0.26519623,0.036314342,-0.036462333,0.041141562,0.32339317,0,0,0,Broker,Broker,0.9205727302322607
154,4,0.010025062656641603,0.00018258196658943183,0.2139736693512437,0.003793929951837448,0.0,4,0.0006047298392970525,14.497190729167478,0.4,5,0.0,0,-0.37963489446431853,10,4,2.1,0,0,0,10,-0.13776766,0.97613555,-0.20160222,0.09262236,0.44496,0.08460563,-0.27968875,-0.3959759,-0.15452635,0.2622668,0.17719369,-0.15548564,-0.6723925,0.15908208,-0.1719262,0.13204084,-0.49206913,0.208963,-0.4072843,-0.040600814,-0.20338275,-0.27677858,-0.12284334,0.33398584,0.13751656,-0.39233258,0.24010512,-0.53438056,0.35898745,-0.39989883,0.0030564708,0.8470579,0.718226,0.085411556,0.4079531,-0.1301361,-0.29648224,0.6116417,0.13276397,0.64347297,0.2469523,0.15666525,-0.24595426,0.0111412285,0.33604154,-0.28662986,-0.029868769,-0.3377482,-0.099428006,0.05300393,0.5045472,-0.054788847,0.116298385,0.1785135,0.30297366,-0.45913666,-0.040024653,-0.31393686,-0.23096104,0.7038616,-0.08801747,0.013733907,-0.023390621,0.46941015,0,0,0,Peripheral,Peripheral,0.023494706325754875
155,5,0.012531328320802004,0.0028294898360220005,0.21784844404774512,0.004783395181066676,0.0,4,0.005420672702019914,224.6643224699829,0.3333333333333333,6,0.0,0,-0.23412641906445003,12,6,2.3333333333333335,0,1,7,4,0.3581515,0.29501626,0.3289331,-0.019270575,-0.37796065,-0.24969825,-0.5029475,-0.06824801,-0.37864068,-0.7589255,-0.42834494,-0.8112511,-0.25489667,0.4588742,-0.5657837,0.09772478,-0.38440734,0.29845724,-0.30089,0.2084313,0.34242588,-0.22085012,0.5346166,-0.01443787,0.48816687,-0.032103363,0.33926043,-0.40336874,0.21297951,-0.4058347,-0.19063653,0.32530951,0.24944907,-0.3388139,0.25342652,0.14761868,-0.9172669,-0.010663922,0.30597907,0.27665436,0.28715703,0.41783115,-0.19495463,-0.21062066,0.1756223,-0.26732802,0.075507134,-0.37240267,-0.19907165,-0.123234995,-0.37360123,0.53103274,-0.23817831,-0.23853807,0.055146832,-0.6091814,-0.2645029,0.265836,0.15804902,-0.3301842,-0.28469214,0.4023428,0.11160611,0.35447067,1,1,0,Peripheral,Peripheral,0.04078844250697239
156,14,0.03508771929824561,0.00965337900353675,0.2826910618583011,0.07707984347014937,0.03296703296703297,10,0.008077277661473939,766.4879462598215,0.1619047619047619,15,0.0,0,1.0754498595343664,11,5,2.8181818181818183,2,8,1,0,0.169247,0.03276048,0.06371389,0.12053432,-0.053588275,-0.02692184,-0.005743706,0.101099335,-0.4284664,-0.14306766,-0.21236971,-0.42001835,-0.72662586,0.004858439,0.08099845,0.08328021,-0.026903132,-0.20595184,-0.35237142,0.15942076,-0.04135324,0.119389236,0.18753481,0.06759968,0.08719391,-0.43034244,0.25224128,-0.13732429,0.3072916,-0.20388073,-0.06325882,0.014394152,0.15338816,-0.10144702,-0.10902383,-0.19837004,-0.4260269,0.10738814,-0.14978881,0.14092056,-0.31276375,0.13708505,0.024661988,-0.10279488,0.14922638,-0.01644325,0.17978708,-0.23139286,-0.31237805,0.030555597,-0.094890736,-0.08974272,0.0040064175,0.16497785,0.14885806,0.08875501,-0.19112174,-0.08392551,-0.12204925,0.22437744,0.011046117,-0.033606414,-0.009835971,0.39359754,0,0,0,Broker,Peripheral,0.0819155739178875
157,1,0.002506265664160401,0.0,0.16988076886777612,0.00015469147146890958,0.0,1,0.0,0.0,1.0,2,0.0,0,-0.816160320663924,8,6,2.25,0,3,0,5,0.22120689,-0.031330314,-0.61648554,-0.6108516,0.36708012,-0.21212783,-0.45902508,-0.24070933,0.19299723,-0.20482212,-0.67498285,-0.47953376,-0.65204024,1.1193546,-0.40181085,-0.37538645,-0.5220692,0.17678581,-0.5804675,0.42081678,-0.15260014,0.49337366,0.45841885,0.12022674,0.123727635,-0.029366573,0.1622624,-0.5703312,-0.12592725,-0.5152671,0.21539742,0.26133192,0.10976577,-0.2670449,-0.111852035,0.3416394,-0.59678483,-0.45434928,0.45919368,0.6310912,-0.015981793,0.015271754,-0.13841926,-0.6191236,-0.06605319,-0.27041554,0.6963744,0.21655935,-0.41718253,-0.31293193,-0.21762371,0.72061193,0.24456505,0.23484682,0.30097872,0.2039952,-0.6133172,0.43119553,0.87396085,0.19804873,-0.1688536,-0.19068061,0.19957067,0.62294537,1,1,0,Peripheral,Peripheral,0.019949429313477457
158,30,0.07518796992481203,0.06488122617042608,0.3379937877993631,0.15200850556257076,0.029885057471264367,10,0.06398998185687238,5151.634239158001,0.09247311827956989,31,0.41222222222222216,7,2.385026138133183,11,4,3.0,11,0,0,0,-0.15504663,-0.07206098,-0.029647013,0.27132025,0.021307394,0.083909735,-0.14149478,0.15202409,-0.3378022,-0.107333004,-0.18497969,-0.24203002,-0.4527245,0.17687584,-0.0096852835,-0.016727459,-0.13437353,-0.032244965,-0.27084014,-0.16008794,0.1850615,-0.04806867,0.22070998,-0.1346721,0.18005033,-0.35685912,-0.015329498,-0.22325143,0.20261513,-0.17277761,-0.08417235,0.32854977,0.18051545,0.011565293,-0.05327249,-0.033943925,-0.2472397,0.105235636,0.16172664,0.28934795,0.06998936,0.12827164,0.20697814,-0.14333287,-0.026680319,-0.1511776,0.12942784,-0.09309799,-0.052405197,0.29090977,-0.05847488,0.08194214,0.025423817,-0.2608912,0.089202024,-0.11571767,-0.13257731,-0.2695656,0.0952334,0.11040507,0.0064027,-0.018345095,-0.06411789,0.13269624,0,0,0,Coordinator,Peripheral,0.17001547329356836
159,0,0.0,0.0,0.0,7.590317288714358e-60,0.0,0,0.0,0.0,0.0,1,0.0,0,0.0,7,5,2.142857142857143,0,1,3,3,0.009601014,-0.0074280147,-0.009313999,-0.014073245,0.0026915427,-0.010119857,0.0071270466,-0.006174132,0.0044140182,-0.007284194,0.0017307214,0.002079947,-0.007949548,-0.007329723,0.0031425543,-0.010761587,-0.0021647587,-0.010240436,-0.0118877385,-0.011174345,0.014431829,0.013601411,0.0153253265,0.0074833874,0.00790957,0.010376014,-0.015177282,-0.01385754,-0.0149002,-0.001953736,-0.0015440919,0.0022074655,0.002468694,-0.00075400993,-0.012029644,-0.0131722875,-0.0070319306,-0.0073667243,0.006160222,0.0007609278,0.014927495,0.0068678595,0.008015733,-0.0033363067,0.0071771964,0.0024506263,0.009446897,0.0071702134,0.0013243817,0.013066458,0.014802201,0.0070031956,0.003646193,-0.0051590465,-0.002688527,-0.010907711,-0.012897603,-0.007406879,0.0009515714,0.004237123,-0.012038784,-0.012030041,0.002323052,0.013223333,0,0,0,Peripheral,Peripheral,0.0
160,2,0.005012531328320802,0.0002394065646586715,0.20915133939162134,0.0025855378176426152,0.0,2,0.0002669359678388074,19.009120640463177,0.6666666666666666,3,0.0,0,-0.6706518452640555,7,6,2.4285714285714284,0,1,2,4,-0.07415747,0.21473722,0.14574872,0.0007640779,0.41141534,-0.19425543,-0.40009692,0.13465433,-0.14746425,-0.3729118,-0.52961624,-0.5962021,-0.44285387,0.80927783,-0.3315924,-0.22434784,-0.4954385,0.11993804,-0.2698344,-0.23598585,0.31585404,0.16311033,0.4341209,0.22129974,0.38320148,-0.68529135,0.102277555,-0.325127,-0.4546713,-0.3069681,-0.4343051,0.23435906,0.054016683,-0.54930043,0.50224906,0.65546477,-0.2973333,0.29513383,0.049632806,0.47098988,-0.25947663,-0.09524889,0.17677756,-0.43918458,0.14865227,0.04824395,0.7518648,-0.43217203,-0.5770897,-0.19752322,-0.06840101,0.7349072,-0.16498375,0.038560078,0.092839345,-0.21190718,-0.44674492,0.22715676,0.5095477,0.073745005,-0.0676865,0.055307243,0.1078388,0.16346653,0,0,0,Peripheral,Peripheral,0.011911986038274185
161,14,0.03508771929824561,0.012276043667218836,0.28171034698628616,0.0774526485766121,0.06593406593406594,10,0.010720568015179184,974.7301432208428,0.19047619047619047,15,0.0,0,1.0754498595343664,11,7,2.3636363636363638,1,5,5,0,0.02718004,0.23254308,-0.17996697,0.11528274,0.096547,-0.10685939,-0.27099577,0.18941648,-0.12394303,-0.0154593345,-0.16447052,-0.6030637,-0.6020866,0.25792363,-0.08352211,0.07167656,0.0731863,-0.10593871,-0.21336165,0.05291281,0.33699176,-0.30751032,0.2797956,-0.081929125,0.32168534,-0.38169456,0.19865324,-0.3595709,0.017578844,-0.26755375,-0.23730786,0.121731736,-0.05288379,0.047252897,-0.034661613,0.23478723,-0.13421285,0.008026829,-0.024868289,0.10410244,-0.11115785,0.2666645,0.10213292,-0.08800134,0.16879793,-0.13209474,0.59643763,-0.43679395,-0.21655335,0.000692576,-0.048410438,-0.07708962,0.050487075,0.101310164,-0.11763116,0.011980868,-0.22777978,-0.14592029,0.04300315,0.13550021,0.05646125,0.22920597,-0.0364219,0.02813548,0,0,0,Broker,Peripheral,0.08272829346833091
162,9,0.022556390977443608,0.030572405755509072,0.2671151563118322,0.02770292921819655,0.08333333333333333,4,0.015114087560989363,2427.479589393176,0.26666666666666666,10,0.0,0,0.34790748253502396,16,11,2.5625,6,4,6,0,0.15561034,0.22986321,-0.16849732,0.12557729,-0.0396769,-0.05724415,-0.484337,-0.21265176,0.17951904,0.050359033,-0.20301831,-0.046177726,-0.7506635,0.28479296,0.19758731,0.12722066,-0.26005808,-0.2612613,-0.4293857,0.32655305,0.40920645,-0.043347258,0.17182223,-0.065210015,0.48371688,-0.669225,0.4288153,-0.33794105,0.22276855,-0.14649586,-0.21034509,-0.18893617,0.08459943,-0.20278698,-0.3249909,0.004067052,-0.08123602,0.22145595,0.17369309,-0.10090532,0.23695722,0.73055947,0.088815264,-0.3069391,0.011290455,0.04205918,0.5616948,-0.066123165,-0.22000167,-0.23953234,0.116961315,0.11509593,-0.025497468,0.10067395,-0.32391953,0.3349343,0.12928581,-0.3925662,-0.44713327,0.03854776,-0.24606353,0.029104672,0.23589298,0.42053553,0,0,0,Enabler,Peripheral,0.047068861284249856
163,0,0.0,0.0,0.0,7.590317288714358e-60,0.0,0,0.0,0.0,0.0,1,0.0,0,0.0,6,5,2.1666666666666665,0,2,3,1,-0.010688689,-0.010468513,-0.0072467215,-0.0061343927,0.0026081782,0.0005749427,-0.0049463436,-0.015056249,0.0035522059,-0.0030017626,-0.00081627443,0.0122343805,0.0010780822,0.0075445585,0.004958922,0.0029650405,0.011559231,0.010483589,0.011677343,0.006362682,-0.003915144,0.0043188166,0.012505613,0.0015420038,-0.01493679,-0.012451971,-0.013953954,-0.00027432293,-0.002115244,0.011768252,0.010564463,0.0061302204,0.002399873,-0.0035553537,0.0027078707,0.010951905,0.013781138,0.0015138853,0.0013692304,-0.015313882,0.0023415629,0.014368655,0.0030671135,-0.001374837,-0.00086441264,0.010382008,0.007986423,0.0128303,0.01418148,-0.011355506,0.0042753387,0.0087598,-0.00094252825,0.0038169473,0.0017464943,0.011921316,-0.010765377,-0.005609462,-0.011418587,-0.011406496,0.0019113887,0.00710799,-0.010676267,-0.014596518,0,0,0,Peripheral,Peripheral,0.0
164,1,0.002506265664160401,0.0,0.1709537000395726,0.00017366015086094742,0.0,1,0.0,0.0,1.0,2,1.0,1,-0.9616687960637925,5,3,1.4,0,0,0,5,0.3897503,-0.16072692,-0.36358634,0.54374546,0.76710856,-0.32575276,-0.403193,-0.08387417,0.5760797,0.08406831,0.006814983,-0.90517586,-0.05225649,-0.062635295,0.081477664,0.252025,-0.14589268,-0.046420574,0.335838,-0.12935479,0.3832131,0.41835198,0.11291831,-0.28136456,0.17094824,-0.075246766,0.8250131,-0.5125989,0.014748681,-0.036512196,-0.78624684,-0.078812204,-0.15452972,0.14266093,0.47514775,-0.3895139,-0.21409017,-0.12555276,0.26574495,0.51426286,-0.08420924,-0.37956178,0.19026646,-0.14916511,-0.039299704,0.7400583,-0.44792223,0.041112963,0.14610556,1.0369406,-0.098054074,0.4380784,0.23946594,0.78551525,-0.62965316,0.062235344,0.081226625,0.15597586,0.28950298,-0.04453566,0.13679521,0.133062,-0.19926241,0.84557086,1,1,0,Peripheral,Peripheral,0.023510287939706623
165,2,0.005012531328320802,0.0007254340595362313,0.19626104536265132,0.0010820957483038552,0.0,2,0.0009785229879199077,57.6001897612363,0.6666666666666666,3,0.0,0,-0.6706518452640555,9,7,2.3333333333333335,0,1,3,5,0.40269074,-0.23169617,-0.16481061,-0.15077822,-0.39396876,0.5012659,-0.39373457,0.40362018,-0.11501604,0.19575499,-0.42219722,-0.31180054,-1.3984915,0.45458898,0.20811887,0.13614748,-0.14900663,-0.2940411,-0.43769377,-0.39734724,-0.3066195,0.42873105,0.18621476,0.035896853,0.19582097,-0.4659321,0.9503844,-0.5373329,0.85361016,0.24646766,0.56553113,0.29180306,0.08731214,-0.11547189,-0.04469043,-0.13487522,-1.2240107,-0.36396334,0.2242275,0.25930342,-0.15560128,0.7792728,0.19324905,-0.52041507,0.15893507,-0.12935473,-0.24556132,0.17087942,-0.48844042,-0.28678855,-0.50447774,0.17618099,-0.02998315,0.15762042,-0.07354465,-0.047253225,-0.3193278,-0.24972723,0.13177903,0.14005125,-0.28870782,0.10993172,0.48507643,0.29819724,0,0,0,Peripheral,Peripheral,0.011782885264568976
166,7,0.017543859649122806,0.006240606521749478,0.24663024303355197,0.016810369886496906,0.09523809523809523,3,0.012443051347245618,495.51039843343034,0.32142857142857145,8,0.0,0,0.05689053173528696,16,14,2.25,4,4,4,4,-0.013291729,-0.042844687,-0.085800305,-0.105188765,0.07124255,0.110000886,-0.18100734,0.079030715,-0.21579532,-0.044227853,-0.34962508,-0.45679376,-1.1122218,0.20971774,0.21401797,0.06783048,-0.11164013,-0.051173974,-0.2804657,-0.13769472,0.15983644,0.13111252,0.13745572,-0.24858516,0.42742485,-0.27059165,0.5584168,-0.26865855,0.16867115,0.41040114,0.2153803,0.23039548,-0.008217313,-0.12357909,-0.38729796,-0.4068557,-0.97756577,-0.05342145,-0.35341948,0.43551677,-0.15012696,0.30774182,0.04769632,-0.15262428,0.3676241,-0.24205844,-0.18160507,0.28411356,-0.41433918,0.0033661593,-0.7135397,-0.18523158,0.1236819,0.03932713,0.12945625,-0.014003737,-0.04732444,0.2284103,-0.006357389,0.049579307,0.18643227,0.2887998,0.4039715,0.23139079,0,0,0,Enabler,Enabler,0.18629300187308362
167,2,0.005012531328320802,0.0001856344433893835,0.21037048579999218,0.0029122107566430877,0.0,2,0.00023509359663816153,14.73956043956044,0.6666666666666666,3,0.0,0,-0.6706518452640555,11,7,2.090909090909091,0,4,0,7,0.1852203,0.23533551,0.04409453,0.2043307,-0.048748635,0.25861403,-0.3671506,-0.104754776,0.13528404,0.05078126,0.0457142,-0.36855498,-1.0642033,0.2990484,0.19816637,0.18221346,-0.008787364,-0.52261937,-0.12420501,0.6852632,0.5410451,0.041625354,0.24694511,0.031586338,0.54509395,-0.48369685,0.49372527,-0.6919144,0.06804522,-0.16752614,-0.062368296,0.11643401,-0.13633694,-0.2661205,-0.30781665,0.31344035,-0.061979502,0.27162915,0.18316375,0.16565458,-0.021256583,0.32122254,0.2847055,-0.43033755,0.009289907,0.010997606,0.85755914,0.14269242,-0.5474628,-0.49429557,0.43025887,0.3548643,-0.20357148,0.12981355,-0.57636184,0.16162327,0.33490416,-0.62186754,-0.26965785,-0.049817976,0.1916203,0.38005853,0.011393626,0.29307422,0,0,0,Peripheral,Peripheral,0.011954789256138335
168,0,0.0,0.0,0.0,7.590317288714358e-60,0.0,0,0.0,0.0,0.0,1,0.0,0,0.0,11,6,2.272727272727273,0,4,3,4,0.0044143572,0.003839232,-0.010115663,0.0046171453,0.011563186,0.01474865,0.007738918,0.013314508,-0.003721809,0.009066606,0.0038899928,-0.000104121864,0.012167519,-0.0038385876,0.004660327,-0.011624897,0.009170275,-0.011412175,-0.0067257695,-0.006056765,-0.006747663,-0.0024195537,-0.013720971,-0.014109258,-0.012020955,-0.015544599,-0.010089016,0.005009368,-0.004932452,-0.0006595552,-0.0013354346,0.00038519874,-0.0074520353,0.009970993,0.014396274,0.0121418405,-0.003687203,0.0031007603,0.008701656,-0.014325693,0.003974216,-0.013150219,0.009609645,-0.0033366885,0.0066171195,0.0069706813,0.0025569499,-0.007187424,0.0075347237,0.009008903,0.011003654,-0.00015104003,-0.0058533642,0.005807966,0.0036516786,-0.014983645,0.0100413,0.011979155,0.001676185,0.0034576561,0.0027801394,0.002052676,-0.015579257,0.010399161,0,0,0,Peripheral,Peripheral,0.0
169,12,0.03007518796992481,0.0020919840324865515,0.2797691904179052,0.07506331054215153,0.045454545454545456,10,0.002088800300258737,166.10562416346468,0.19230769230769232,13,0.0,0,0.7844329087346295,16,10,2.625,3,8,5,0,0.11180842,0.2636015,-0.035574645,0.009640039,0.15500204,0.048926108,0.009685236,-0.087152086,-0.46775308,-0.14862266,-0.036869843,-0.2741952,-0.4245651,0.111800395,0.0640978,0.057646,-0.14180829,-0.047259394,-0.410882,0.18438801,0.2524055,-0.0070177778,0.3211506,0.038940728,0.3166898,-0.13086115,0.05896437,-0.12721387,0.22954923,-0.17685345,-0.11185145,0.15045038,-0.039300352,-0.077559866,-0.14479254,-0.2046922,-0.4191186,-0.021895334,0.16507626,-0.027995516,0.2015335,0.38041082,0.025739586,-0.1519709,0.14041013,0.010253606,0.49094647,-0.4094311,-0.08237098,0.071227476,-0.07448324,-0.08824112,0.03825105,0.14869997,-0.12118234,-0.11262231,-0.36339775,-0.092403404,0.033100303,-0.006769972,-0.16140865,0.10493657,0.24884668,0.37887344,0,0,0,Broker,Broker,0.8860370222606316
170,1,0.002506265664160401,0.0,0.20224908472925776,0.0013128815359787923,0.0,1,0.0,0.0,1.0,2,0.0,0,-0.816160320663924,13,8,1.8461538461538463,0,3,3,7,0.42279425,-0.36106983,-0.22112532,0.34877995,-0.2708408,0.061442167,-0.08396604,-0.09199287,-0.25393647,0.11004473,0.063395254,0.28765985,-0.7759083,0.3998592,-0.5383158,-0.09960151,0.5431617,-0.12428222,-0.5140556,0.18557335,0.009995337,0.53958267,0.14615041,-0.2012762,0.6691731,-0.67505354,0.368377,-0.15283133,0.40704468,-0.23355466,0.14140429,-0.6644105,0.40007436,-0.68376297,0.30251488,-0.349511,-0.33315477,0.36917746,-0.08079668,-0.19886269,-0.18268026,0.5422469,0.20266165,-0.07551475,0.46450976,0.078122534,0.3713523,-0.4690414,-0.64917547,0.48155162,-0.083540276,-0.07159925,-0.13854082,0.116374835,-0.040136103,0.17095792,-0.4039637,-0.073860005,0.05203473,-0.11076238,-0.2384695,0.019154826,0.47416648,0.74781394,1,1,0,Peripheral,Peripheral,0.020155441478643007
171,2,0.005012531328320802,0.0002350061290273186,0.20861402060063453,0.0029585128247747753,0.0,2,8.077719024369569e-05,18.659721650898124,0.6666666666666666,3,0.0,0,-0.6706518452640555,11,7,2.090909090909091,0,5,4,2,-0.30877838,-0.19358893,-0.3338078,0.104634516,0.2061559,0.22876939,-0.58548534,-0.4321285,0.009576677,-0.063656844,0.15150708,-0.39010885,-0.26114592,-0.1685938,0.16970679,0.1828446,-0.16739947,0.022988545,-0.9769661,-0.8129108,-0.16479391,0.014842424,-0.31460443,0.05312716,0.31378385,-0.7540542,-0.2006413,-0.36409044,0.03898023,0.027939983,-0.3362563,0.50850874,0.23382984,0.13142549,-0.42004147,-0.61295205,-0.30974197,-0.08593962,-0.29312778,-0.20135911,-0.23335584,0.25072357,-0.1338755,-0.11888161,0.26588002,0.15193874,0.81385547,-0.568178,-0.5813777,-0.1949886,-0.046469957,0.5579555,0.15149553,0.5012141,-0.34978184,-0.115328826,-0.25457358,-0.27663288,0.23720704,0.03047368,-0.761192,-0.041078676,-0.051007036,0.46980774,0,0,0,Peripheral,Peripheral,0.01197707632167987
172,2,0.005012531328320802,0.00013496891306994454,0.2117418709746988,0.003021276977033806,0.0,2,9.337273949810316e-05,10.716666666666665,0.6666666666666666,3,0.0,0,-0.6706518452640555,4,4,2.5,0,2,1,1,0.39095944,-0.23529997,-0.18096896,0.22577375,-0.25171602,0.13340926,-0.23122364,-0.18039033,0.19128601,-0.034188274,-0.022757627,0.20508218,-0.82400805,0.117215335,-0.23809817,-0.013582368,0.13308188,-0.3588369,-0.57036227,0.5035775,0.17783521,-0.059848707,-0.041193508,-0.21548153,0.7469537,-0.6500732,0.50652736,-0.33408973,0.4669684,-0.06339789,0.13116865,-0.46162006,0.34082013,-0.730887,-0.16413188,0.07942546,-0.31528535,0.6857523,0.1987681,0.11028844,-0.025802404,0.66728956,-0.07532949,-0.20415151,0.21207522,0.23279867,0.47373775,-0.49166536,-0.5607626,0.0888455,0.17380664,0.4414056,-0.1868618,-0.080877446,-0.093204275,0.17489891,-0.09901318,-0.43016356,-0.24527144,-0.18543413,0.060232975,0.20152281,0.2729204,0.75258386,0,0,0,Peripheral,Peripheral,0.011959769978582165
173,12,0.03007518796992481,0.007029418908829328,0.28097926477092383,0.0696603862033425,0.030303030303030304,9,0.00565207503430626,558.1428907799574,0.1794871794871795,13,0.0,0,0.7844329087346295,14,9,2.7142857142857144,2,6,6,0,0.14539059,0.20157616,-0.014892729,0.15482742,0.13329148,-0.03522263,0.050947282,-0.121102914,-0.074594215,0.079638384,0.021459706,-0.68720436,-0.61355174,0.26140195,0.13723646,0.15109405,0.18159533,0.17732756,-0.36182866,0.23963122,0.27198097,-0.17003374,0.11712277,0.028723344,0.23047751,-0.4224804,0.16204837,-0.1603822,0.21665643,-0.05128914,-0.16651174,0.0051721563,0.042155065,0.07404323,-0.19864838,-0.13799727,-0.20744027,-0.08126608,-0.033895764,0.20359965,-0.2472505,0.22379124,0.10614945,-0.16695909,0.051609017,-0.21078469,0.38495088,-0.14964518,-0.12389124,0.05286336,0.023193058,-0.13021617,0.004303324,0.06606298,0.3215702,0.061438117,-0.3109366,-0.19380488,-0.0070952233,0.19461446,-0.32402584,0.104744315,0.30665448,0.09930553,0,0,0,Broker,Broker,0.8493231341444757
174,2,0.005012531328320802,0.00037026127977623553,0.2098268928134289,0.0025112960646078084,0.0,2,0.0002794408677206123,29.39911587551288,0.6666666666666666,3,0.0,0,-0.6706518452640555,11,6,2.0,0,1,1,9,0.3720303,0.021972887,0.047534965,0.26000893,0.15516491,-0.4037017,0.28884494,-0.35335976,-0.6692126,-0.28031325,-0.08898359,-0.7435645,-0.8239764,-0.12715119,0.09904785,-0.43422055,0.22025289,0.39234585,-0.4068134,0.15317233,0.07529694,-0.018193439,-0.4119765,0.24313088,0.32823431,-0.48533177,0.06844627,0.020919295,0.12746198,-0.46746707,0.024999525,-0.16095917,0.30915025,0.3586119,0.08796491,-0.008338028,-0.536193,0.40284777,-0.1800964,0.6061843,-0.16430725,0.10622007,0.30305922,-0.19288936,-0.46615002,-0.5102244,0.2085099,-0.032374706,-0.57649934,-0.15190473,0.30357862,-0.32081538,0.38706446,-0.108661234,0.09938178,-0.24633008,0.21068624,-0.5569637,0.007522373,0.47129682,-0.6393601,-0.079358906,0.6994799,0.42398992,0,0,0,Peripheral,Peripheral,0.011936021434240891
175,12,0.03007518796992481,0.00221521051523341,0.2780924915027294,0.0700274173872861,0.12121212121212122,9,0.0019521038489978314,175.889930120048,0.2564102564102564,13,0.0,0,0.7844329087346295,12,6,2.5,3,7,2,0,0.18259446,0.010065729,-0.14557976,0.12374583,0.3000391,0.010551897,-0.15571983,-0.117279015,-0.29254723,-0.2802966,-0.088970356,-0.45318398,-0.3951752,0.5290198,-0.18157755,-0.1410721,0.067362525,-0.00012400813,-0.2525186,0.15668446,0.03426258,-0.024959646,0.24995868,-0.07968728,-0.0042874576,-0.30326653,0.12719671,-0.2028534,0.14757918,0.04384348,-0.046856422,0.32356274,-0.05977451,0.11914225,-0.12911011,-0.021784157,-0.45188683,-0.0860765,0.10220166,-0.008335049,-0.10072812,0.2066599,-0.1617008,-0.30708906,0.26670069,-0.16360298,0.31943354,-0.16121061,0.0021567387,-0.009529994,0.021720512,0.16755472,0.08167821,0.0075700865,-0.043990966,-0.030185927,-0.3861177,-0.0052057076,0.017418709,0.2508953,0.23832476,-0.0021645662,0.34198815,0.3205269,0,0,0,Broker,Peripheral,0.07071776939173686
176,13,0.03258145363408521,0.006632112479597724,0.28049398106665624,0.07536110115738341,0.01282051282051282,10,0.005020281933069199,526.596362992539,0.15384615384615385,14,0.0,0,0.9299413841344979,14,8,2.7857142857142856,3,10,1,0,0.28741437,-0.1960161,0.017430484,-0.017571583,-0.023668805,0.03703732,-0.12628211,-0.21132326,-0.39200702,-0.16978902,-0.047697227,-0.58188105,-0.4538691,0.01772788,-0.007932681,-0.1718061,-0.2826514,0.11784613,-0.22305542,-0.03325562,0.29037398,-0.055767614,0.10008961,0.066863865,0.14380392,-0.32719946,0.26059324,-0.15864429,0.13087861,-0.3219467,-0.08113916,0.16697288,0.09139047,-0.07622281,-0.10154205,-0.0010132657,-0.46272168,0.18290947,-0.09367934,0.23397183,-0.13140026,0.10879972,0.046572264,-0.11689589,0.12022499,-0.16542438,0.47511145,-0.4221735,-0.15637663,-0.07540416,0.24497116,-0.13002245,0.18775745,0.049382064,0.14088134,-0.06070753,0.059773307,0.04128146,-0.1962518,0.24913535,0.15398033,-0.07536717,0.055392575,0.3789136,0,0,0,Broker,Peripheral,0.07861551447398195
177,1,0.002506265664160401,0.0,0.1755740703109124,0.000294988672131186,0.0,1,0.0,0.0,1.0,2,0.0,0,-0.816160320663924,12,8,3.0,0,4,3,5,0.31559375,0.27806175,0.49933842,-0.027942345,-0.39609677,-0.13143663,-0.5453237,-0.023393624,-0.387049,-0.7174731,-0.20182315,-0.76810724,-0.19540069,0.6675918,-0.6385899,-0.15154518,-0.29478788,0.18870452,-0.29658416,0.18880153,0.26301765,-0.20090066,0.8378744,0.20073307,0.56409895,-0.036594216,0.45442262,-0.6559489,0.4339363,-0.30313277,-0.14449364,0.3831423,0.3127037,-0.49268243,0.23606877,0.057191335,-0.90571547,-0.1482331,0.21918976,0.51799065,0.30465418,0.242276,-0.19006991,-0.19222987,0.24473228,-0.20132008,0.26314,-0.81776655,0.11378923,0.011969715,-0.50568026,0.42882296,-0.06999437,-0.3882211,0.08305573,-0.5104996,-0.2300587,0.27966616,0.21518396,-0.24135262,-0.36870375,0.32749888,0.16849972,0.19427888,1,1,0,Peripheral,Peripheral,0.019974384569925223
178,2,0.005012531328320802,0.00013403550574286676,0.2001306408349895,0.0025577438775223715,0.0,2,0.00012237461325004302,10.642553191489364,0.6666666666666666,3,0.0,0,-0.6706518452640555,4,4,2.75,0,0,2,2,-0.043431446,0.39459762,0.24681927,-0.17834654,0.07005778,0.026672818,-0.17384635,0.31997493,-0.0730777,-0.16089432,-0.5426742,-0.41638657,-1.563691,0.19034283,0.5843005,0.043481763,-0.05458719,-0.16572905,-0.49040246,-0.11434729,-0.05692796,0.37462986,0.28709656,-0.002921608,0.29502946,-0.45611185,0.5667768,-0.07886269,0.2783346,0.42324534,0.22472385,0.3904201,0.06784461,0.013835828,-0.41051945,-0.6948436,-0.78424585,-0.11725802,-0.12056687,0.40347946,-0.4388729,-0.026554588,0.16399358,-0.027634107,0.26893413,-0.20773917,-0.22012067,0.095971316,-0.40392628,0.21141814,-0.79654634,-0.13670114,0.029310847,0.13883206,0.243234,0.085792676,-0.47853094,0.027849596,0.07522843,0.18401328,-0.0062083984,0.30878875,0.06351474,0.16073158,0,0,0,Peripheral,Peripheral,0.011877053739153985
179,6,0.015037593984962405,0.017514895613673455,0.24588344441725052,0.014388351324916492,0.0,3,0.010384051783126342,1390.700226621286,0.2857142857142857,7,0.0,0,-0.08861794366458153,16,7,2.5625,0,1,7,8,-0.2149325,0.13677056,-0.3353124,-0.09197514,0.5007633,-0.3339973,-0.5202208,-0.24615048,-0.027507048,-0.14812659,-0.4572634,-0.38641572,-0.4576805,0.65009785,-0.22795537,0.023373209,-0.4800446,0.022928914,-0.6211665,0.19478324,0.29068798,0.331479,0.20913792,0.14799426,0.30924866,-0.26256633,0.02284239,-0.18949287,-0.4027047,-0.35847288,-0.1582768,0.14418069,-0.02787176,-0.3719999,-0.024010813,0.47682092,-0.4502667,0.23195685,0.11231192,0.13485532,-0.07310146,0.015554968,0.14788851,-0.4386741,-0.13767058,-0.06640191,0.7999264,0.03805951,-0.5298307,-0.19517513,-0.11634147,0.3869996,0.06410567,0.28511015,0.124528006,0.37353268,-0.22221042,0.07110841,0.46896523,0.34854162,0.08947597,0.036597062,-0.09552348,0.42363855,1,1,0,Enabler,Peripheral,0.04525337122082773
180,13,0.03258145363408521,0.002569836468502983,0.28049398106665624,0.07258618462486668,0.10256410256410256,9,0.002951787189250172,204.04758543560536,0.23076923076923078,14,0.0,0,0.9299413841344979,10,7,2.6,1,7,2,0,0.03763537,-0.07867948,-0.109893665,-0.16206959,0.18191066,0.13688762,-0.18109237,-0.15650496,-0.22708493,0.088068776,0.1410834,-0.33624768,-0.50268155,0.18494539,0.11349646,0.1666548,-0.03190868,0.1227078,-0.24640438,-0.15225616,-0.05932246,-0.12066849,0.16914147,-0.14068633,0.13766886,-0.24900468,0.11396527,-0.28918123,0.18404199,-0.206458,-0.0603665,0.31747082,0.015973352,0.054842364,-0.07183141,-0.12595752,-0.5116161,-0.02036982,-0.106855705,0.067886755,0.0031309214,0.23758912,0.14743663,-0.020659965,0.15234959,-0.14857984,0.7100659,-0.40631026,-0.067682676,0.12053046,0.08247484,0.19982925,0.22143601,-0.054362886,0.06524795,-0.04316025,-0.09210162,-0.18878514,-0.007295216,0.17763364,0.004665123,0.039834607,-0.0023730805,0.56555647,0,0,0,Broker,Peripheral,0.07340832500344047
181,3,0.007518796992481203,0.00017723544757209324,0.2098268928134289,0.0035191444712594252,0.0,3,0.00019166075434258454,14.072671772671777,0.5,4,0.0,0,-0.525143369864187,11,8,2.0,0,3,3,5,-0.2506351,0.23427889,-0.12975317,-0.5139113,-0.26388404,0.43471766,-0.4426142,-0.51094717,-0.53084195,-0.583299,0.35791653,0.12941322,-0.5726771,-0.34114766,-0.012352294,-0.15898788,0.26365256,-0.07752355,-0.008866593,0.47604018,-0.11960685,0.16501759,0.53403604,-0.4947917,0.29579142,0.04797145,0.14472929,-0.74467117,0.11738431,-0.2183509,-0.2745729,0.31765836,0.17295039,0.051894147,0.55375165,-0.5157752,-0.5743887,0.20461795,-0.48022676,0.33059043,0.34949687,0.05754129,0.069425955,-0.118634336,0.57963777,-0.27454355,0.52257216,-0.5118106,-0.36133334,0.3321412,-0.39050168,0.0198418,0.096198805,-0.13512772,-0.27856272,0.20357049,-0.2040826,-0.20699133,-0.12340576,0.2161156,-0.21764383,-0.09029705,0.51462847,0.80624944,0,0,0,Peripheral,Peripheral,0.01775233211823979
182,8,0.020050125313283207,0.0066511836653695006,0.26047476349253246,0.02128943993610668,0.07142857142857142,4,0.01134246177744927,528.1106342140037,0.2777777777777778,9,0.0,0,0.20239900713515546,18,9,2.5,3,3,9,3,0.39396358,-0.24287046,-0.30290145,0.21340966,-0.1923254,0.13264577,-0.31987366,-0.40981537,-0.16874929,-0.15499638,0.023749042,0.179229,-0.81634665,0.1978207,-0.1886192,-0.15788801,0.34701318,-0.22483854,-0.44133344,0.1383833,-0.05147837,0.14197466,-0.046835236,-0.07414477,0.6470944,-0.42136738,0.2929976,-0.22138615,0.26387948,-0.24605346,0.2541076,-0.3765452,0.19463043,-0.4902312,0.16453269,-0.36497518,-0.4298393,0.5137092,-0.09667578,-0.031019641,0.025013909,0.5494252,0.12305278,-0.1306021,0.39119446,-0.046078198,0.27268475,-0.48299417,-0.32237345,0.40626237,-0.0787536,0.033316046,-0.091656014,-0.07989057,-0.14854865,0.03844715,-0.4365031,-0.06056414,0.0791815,-0.1381665,0.04329519,0.2575654,0.2620068,0.541653,1,1,0,Enabler,Enabler,0.31405770442066727
183,1,0.002506265664160401,0.0,0.20377166253148554,0.0017370606760783338,0.0,1,0.0,0.0,1.0,2,0.0,0,-0.816160320663924,14,7,1.9285714285714286,0,2,3,9,-0.26858267,0.06837444,-0.1411322,-0.42371652,-0.1971969,0.3026893,-0.11579128,-0.29332054,-0.342073,-0.34068993,0.13318837,0.05698002,-1.0487626,-0.3576738,0.12175878,0.27489722,0.3376741,0.086417615,0.1897491,0.39818573,-0.38444528,-0.063684314,0.18703689,-0.14981031,0.20860413,-0.12220759,-0.05667812,-0.6668169,0.12223322,-0.5714686,-0.2449007,0.35617313,-0.10164951,-0.3832963,0.07320385,-0.5667672,-0.3474805,0.01413719,-0.21518879,0.28867212,-0.014213318,0.30052924,0.09426495,0.17104173,0.399732,-0.55066097,0.36984923,-0.52693975,-0.1859479,-0.22361314,-0.37639737,0.19336568,1.0495108,-0.3115061,-0.013361401,-0.025249003,0.0004423945,-0.079587415,-0.30560395,0.11447501,-0.2534813,0.24924491,0.27953058,0.8875534,1,1,0,Peripheral,Peripheral,0.020230892016294574
184,4,0.010025062656641603,0.0026850556529024057,0.18319911453761306,0.0007365202750484937,0.0,2,0.005043229934131812,213.19610389610392,0.4,5,0.0,0,-0.37963489446431853,15,9,2.533333333333333,2,2,8,3,0.31438234,-0.33254153,-0.18743306,-0.17512536,-0.42091838,0.39107043,-0.38895014,0.45689374,-0.12082182,0.22043653,-0.3219836,-0.39308214,-1.1622885,0.4646888,0.058931846,-0.053637587,-0.15105635,-0.36000463,-0.6536248,-0.3646302,-0.5776294,0.29198715,0.10409538,-0.16139318,0.32652655,-0.56090474,0.89615536,-0.5824965,1.0732819,-0.023431057,0.5930428,0.3131775,0.21734907,-0.1260657,0.16938183,0.032516614,-1.2007473,-0.350643,0.48794284,-0.053698976,-0.15930493,0.7645141,-0.04309048,-0.6242208,-0.041594163,0.10705265,0.08069036,0.13005571,-0.36975583,-0.44347996,-0.18491319,0.40744427,-0.34748718,-0.008194398,-0.10614707,0.007844,-0.32857203,-0.23958345,0.13983138,0.21308848,-0.49065635,0.24082783,0.3796031,0.6910613,1,1,0,Enabler,Peripheral,0.030778042035164387
185,13,0.03258145363408521,0.003180892284788327,0.28195488721804507,0.07707367751999102,0.0641025641025641,10,0.0037289669005739355,252.56602830447792,0.1978021978021978,14,0.0,0,0.9299413841344979,17,8,2.588235294117647,6,9,2,0,0.115059614,0.09335676,-0.14382939,0.20251511,0.20353928,0.027014961,-0.26137146,-0.14698613,-0.021386065,-0.03427288,0.08595966,-0.4058027,-0.53729475,0.34083182,0.14835338,0.055853277,-0.119381204,-0.0376186,-0.0729862,0.21520303,0.11832777,-0.15741111,0.25172007,-0.08254967,0.101137385,-0.41122475,0.079573885,-0.13080908,0.12398801,-0.083479926,0.10036122,0.21963209,0.106650725,-0.025998317,-0.082205474,-0.027318195,-0.28918234,0.23984133,0.15202896,0.08096602,-0.011004382,0.1414316,-0.017637298,-0.07900015,0.24916914,0.037601016,0.34677562,-0.30198595,-0.26882884,0.019195294,0.19196974,0.11924694,0.07227609,0.1706278,-0.022361865,0.021979973,-0.2772133,-0.2275885,-0.16067235,0.16553256,0.0016563432,0.14767303,0.30257183,0.34120908,0,0,0,Broker,Broker,0.9190793002680838
186,6,0.015037593984962405,0.005123211722427948,0.24832724011864524,0.012867465935895753,0.06666666666666667,4,0.004346810773754335,406.78813397250144,0.3333333333333333,7,0.0,0,-0.08861794366458153,14,8,2.5,5,0,6,3,0.21526884,0.6640117,0.40073588,0.060570497,-0.22108202,0.12671167,-0.21774992,-0.03341383,-0.3854348,-0.6863646,-0.054450877,-0.4347029,-0.22383976,0.19651178,0.030613588,0.12975055,0.10613344,0.15314782,-0.7048392,0.25469714,0.31337848,-0.20084731,0.13890576,-0.080847755,0.49548003,0.061475374,0.13545567,-0.6108389,0.39658904,0.116139196,-0.24823584,0.14301811,0.048342206,-0.63870335,0.048205715,-0.1362493,-0.7992169,0.20207863,0.33593732,0.26178098,0.41672412,-0.03990614,-0.2596425,-0.40586784,0.21524781,0.022957666,0.3410915,-0.41943875,-0.22058958,-0.21531205,-0.14897515,0.120582685,-0.004121928,-0.30733138,-0.08368604,-0.041141797,-0.1697845,-0.03682566,-0.10213698,-0.41261378,-0.032828037,0.2732643,0.121607594,0.45591673,0,0,0,Enabler,Peripheral,0.030783733187317325
187,1,0.002506265664160401,0.0,0.15235085838423448,4.542126506599966e-05,0.0,1,0.0,0.0,1.0,2,0.0,0,-0.816160320663924,10,7,2.4,0,5,2,3,0.3779415,-0.19752675,-0.31136388,-0.1490991,-0.35710666,0.62806594,-0.40187624,0.4475363,-0.21851258,0.3435923,-0.09712076,-0.4115863,-1.3239564,0.57223964,-0.054308865,-0.049463462,-0.14197807,-0.4804235,-0.62398964,-0.46336335,-0.5811312,0.3508971,-0.021369295,-0.22836122,0.25763184,-0.75160384,1.1372671,-0.5546006,1.0611048,0.031816203,0.44775984,0.15256798,0.46484137,-0.19576211,0.109164864,-0.05929231,-1.4139214,-0.52920777,0.5183668,-0.095055275,-0.032243524,0.6668845,0.2079042,-0.6488931,-0.03302056,0.11443698,0.022870224,0.13512269,-0.42088813,-0.43330684,-0.31494027,0.5312654,-0.33547485,-0.10009151,-0.26164922,-0.039527263,-0.44176972,-0.13917074,0.07594765,0.10584482,-0.32748863,-0.060367875,0.5217158,0.64732,1,1,0,Peripheral,Peripheral,0.01992999295972262
188,26,0.06516290726817042,0.03176148045425652,0.3117197985366487,0.11499198062046262,0.036923076923076927,10,0.029816518712611404,2521.893309548422,0.10826210826210826,27,0.2174556213017752,3,2.385026138133183,16,5,3.0,15,1,0,0,-0.08338398,0.026904013,0.05195226,0.1741118,0.03926453,0.21716937,-0.32597893,0.131403,-0.25716156,-0.027277501,0.05248821,-0.5190379,-0.5416146,0.29198757,-0.17543842,-0.07771032,-0.13706023,-0.27828538,-0.216063,0.16388297,0.13848415,-0.0957233,0.1986637,-0.07209898,0.2089791,-0.245445,0.0049977,-0.2625821,0.10771333,-0.07232924,-0.24964482,0.25420752,0.15233019,0.092996694,0.17310081,-0.08532949,-0.2447239,0.10835819,-0.13570696,0.21026224,0.04247273,0.048126563,0.23433386,-0.1516636,-0.019950455,-0.20319049,0.33614355,-0.068065576,-0.13569093,0.19965579,-0.05966253,0.00029180266,0.21119522,-0.20426814,-0.20309351,0.054940023,-0.11674398,-0.34144917,0.050152775,0.1421199,0.08049342,0.10890004,0.103223324,0.1474712,0,0,0,Coordinator,Coordinator,1.0
189,23,0.05764411027568922,0.03854669897410706,0.3081708065229487,0.10077201650860687,0.019762845849802372,10,0.03200180415240859,3060.646445243075,0.10144927536231885,24,0.2438563327032136,3,1.9485007119335773,11,6,3.3636363636363638,9,2,0,0,-0.07121477,0.177235,-0.36713195,0.0857471,0.052722402,-0.04922093,-0.18736757,-0.027412333,-0.08970827,0.053768165,0.10559313,-0.59555906,-0.47347593,0.18698786,-0.061270162,0.06320977,-0.00043271447,-0.09194119,-0.65084195,-0.233598,0.081480205,-0.043809634,0.07230392,-0.18715194,0.10440239,-0.3921798,0.020500883,-0.32526454,-0.016419245,-0.20857295,0.039007764,0.19070315,-0.06402264,-0.1558514,-0.052127995,-0.18277127,-0.12262499,0.013165725,-0.097888455,0.3902424,0.04494831,0.34666622,-0.17148326,-0.018511819,0.036561873,-0.23749672,0.35896924,-0.13636851,0.028579846,0.16093676,0.017488534,-0.22602715,0.15496466,-0.13845132,0.016070958,-0.15563582,-0.13071029,-0.1950378,-0.09405334,0.05040809,-0.013763431,0.06765829,0.1052716,0.12219604,0,0,0,Coordinator,Coordinator,1.0
190,2,0.005012531328320802,0.0001763201974786212,0.1987833721390379,0.002001040680792975,0.0,2,9.025914870929416e-05,14.000000000000002,0.6666666666666666,3,0.0,0,-0.6706518452640555,9,5,2.0,0,1,3,5,-0.10504973,0.4680548,-0.388951,0.06510734,0.1838776,0.021236258,-0.2261497,0.38475832,0.2883681,-0.2958958,-0.4178548,-0.64366096,-0.38045338,0.4956798,0.055647388,0.12749049,0.51344943,-0.40660408,-0.40193388,0.15943652,0.7541028,-0.2889244,0.10061464,-0.1121651,0.5936368,-0.7878669,0.3377516,-0.88411266,0.1677397,-0.4174813,-0.12175149,-0.31718785,0.21379387,0.45357165,-0.2624151,0.3433807,-0.16274512,-0.105674416,-0.1655648,0.29661816,-0.07968055,0.490264,-0.036584552,0.34834933,-0.11526501,-0.11581565,0.73220295,-0.63458174,-0.050689682,0.20115376,0.36338523,-0.23462237,0.2793484,0.13665818,0.31180167,0.0059844316,-0.58581436,-0.0774354,0.03758274,0.14708163,-0.21218023,0.284683,0.025674134,-0.06778936,0,0,0,Peripheral,Peripheral,0.011790064758188327
191,6,0.015037593984962405,0.004913918033970229,0.25435554430320123,0.018045660960470118,0.06666666666666667,4,0.009606679544285074,390.17000581527014,0.3333333333333333,7,0.0,0,-0.08861794366458153,17,11,1.8823529411764706,3,2,6,6,-0.1830133,0.19930285,-0.53771645,0.012252394,0.3753278,0.5683469,-0.12474253,-0.39104253,-0.17871667,-0.008638262,0.12431403,-0.2973583,-0.64791745,0.006497627,-0.5364629,0.3861516,-0.25013223,0.09219082,-0.4673031,-0.061752334,-0.26049381,-0.24168329,0.19996014,-0.14675236,-0.14630613,-0.37474412,0.34829852,-0.045946117,0.11314329,-0.29688868,0.07050976,-0.14573315,0.33280045,-0.10756178,0.2934447,-0.21809833,-0.36015603,-0.09305469,0.263394,0.29987043,-0.6493191,0.38969937,-0.48865515,-0.09153082,0.41231343,-0.10774868,0.5851763,-0.4931407,-0.0423613,0.057846516,0.0685547,-0.3204186,0.33815652,0.07801357,0.034610227,-0.053412918,-0.3472199,-0.45802167,0.21520603,-0.33131707,0.15784855,0.09322269,0.31073987,0.20636421,1,1,0,Enabler,Peripheral,0.04587517425907212
192,2,0.005012531328320802,8.529985482416813e-05,0.19253825137829753,0.0011422526350525425,0.0,2,9.295876019846752e-05,6.772893772893773,0.6666666666666666,3,0.0,0,-0.6706518452640555,11,6,2.0,0,1,1,9,-0.14802583,0.36343136,0.18327968,0.19582462,0.10015834,-0.096181884,-0.23794298,0.44971463,-0.1414405,-0.5484105,-0.59916455,-0.5212371,-0.42285573,0.8924659,-0.12896553,0.31104407,0.08073383,-0.45832255,-0.23328124,-0.4170182,0.49737448,0.03679454,0.36846212,0.0018810347,0.13794103,-0.5066225,0.0042917365,-0.9844961,-0.02535568,-0.57760763,-0.42658606,-0.01324442,0.4989948,0.31331256,-0.2668216,0.6023613,-0.4306221,0.2825507,-0.1541845,-0.09531324,-0.20737433,0.41440776,0.33819005,0.32690567,-0.15974592,0.061005503,0.7461942,-0.8900387,-0.18729116,0.26857725,-0.157505,0.027916072,0.03323839,-0.046390247,0.044481482,-0.1878099,-0.44114357,0.24880733,0.23870173,0.23439223,0.05284921,0.68740606,0.17395456,-0.24314831,0,0,0,Peripheral,Peripheral,0.011611404219089494
193,9,0.022556390977443608,0.010385601631047913,0.26236836031921484,0.02675538899542897,0.1111111111111111,4,0.014457453892629837,824.6271551068353,0.28888888888888886,10,0.0,0,0.34790748253502396,16,10,2.4375,3,2,8,3,-0.4115594,0.2276938,-0.27916566,0.42211336,0.015450417,0.17688769,-0.25444934,-0.044218626,-0.35356048,0.29505894,0.09463328,-0.3261431,-0.58441406,0.27515194,-0.07105417,-0.3700333,-0.308863,0.4465511,-0.38248047,0.24476571,-0.079899766,-0.042132188,-0.07055673,-0.28180888,0.4311605,-0.19331834,0.34826964,-0.36937106,0.52656263,-0.3874988,-0.059639104,0.7927469,0.5490279,0.24130382,-0.0006257315,-0.027398217,-0.12840377,0.2801413,0.019765317,0.18678604,0.35308164,-0.16088901,-0.15240316,-0.11878308,0.2865266,-0.14245221,0.21286738,-0.19704218,-0.34186167,-0.01877266,-0.003111499,-0.09001524,-0.1689251,0.10507362,0.17740585,-0.22961096,-0.42766735,-0.0048686466,-0.24973567,0.384328,0.05391626,-0.056629542,-0.18801586,0.18932982,1,2,0,Enabler,Enabler,0.33962571795972885
194,1,0.002506265664160401,0.0,0.18227386648439278,0.001521069394284516,0.0,1,0.0,0.0,1.0,2,0.0,0,-0.816160320663924,6,5,2.3333333333333335,0,3,1,2,-0.06123214,0.54958117,0.34286678,0.43116072,0.052196115,-0.31128058,-0.17105207,0.20683847,0.13040951,-0.1695661,-0.11215455,-0.6407111,-1.2957798,-0.048077535,0.5564541,0.035931423,-0.07807352,0.10148716,-0.7325674,0.20892803,0.12242856,0.552096,0.30120063,0.18523349,0.13231392,-0.5951947,0.16797659,0.4552275,0.016147269,0.22320712,0.14127246,0.20267843,0.32239896,-0.02226872,-0.10985096,-0.87488914,-0.37340558,0.30305067,-0.066750385,0.109869115,-0.355174,-0.17797759,0.24410136,-0.020652132,0.0010171897,-0.16687976,0.25377756,-0.20447583,0.007451118,0.3098912,-0.15176503,-0.014033522,0.05145814,0.2324964,0.23570262,0.041619938,-1.0691774,0.0655073,0.32627192,0.06635108,0.17677744,0.39437282,-0.19917618,0.40674093,1,1,0,Peripheral,Peripheral,0.02019247273349917
195,7,0.017543859649122806,0.021952789445906475,0.24330489144208833,0.015694455475154436,0.09523809523809523,3,0.012558247360458942,1743.07343479442,0.32142857142857145,8,0.0,0,0.05689053173528696,12,10,2.4166666666666665,2,0,6,4,-0.042527683,0.27923894,-0.34052432,-0.031002136,0.21914382,0.039565757,0.0763992,-0.038209252,0.13638581,-0.047830448,-0.16825871,-0.83804446,-0.7216097,0.23869918,-0.014223929,4.2660176e-05,0.43013638,-0.37339923,-0.4484,0.12142451,0.64456767,-0.3953575,0.04324643,-0.10086701,0.50222474,-0.7509525,0.49173304,-0.5145638,0.3539703,0.031079452,-0.09133422,-0.099571854,-0.118040286,0.049346935,-0.12595943,0.28876445,-0.08182291,0.055557508,0.02078102,0.28601137,-0.121861994,0.3622917,-0.0548711,0.32058904,0.07431598,-0.2405461,0.6079947,0.018438201,0.16958916,0.09290379,0.6229589,-0.19723022,0.15962893,-0.003961477,0.2691576,-0.07397056,-0.6496748,-0.12500155,0.01767322,-0.03904873,-0.24091434,0.107578725,-0.09852422,0.021746939,1,2,0,Enabler,Enabler,0.29975549226972764
196,2,0.005012531328320802,0.0004181307540207303,0.2096914332312382,0.002676255785897884,0.0,2,0.00024086598405561642,33.2,0.6666666666666666,3,0.0,0,-0.6706518452640555,6,3,1.6666666666666667,0,1,0,5,0.086545795,0.085470244,-0.5861221,-0.016622968,0.09893949,0.34258977,-0.15417731,-0.021965684,0.4127945,0.038465206,-0.2239199,-0.551238,-0.88445765,0.24282657,0.2209785,0.15393397,0.16318162,-0.4567105,-0.5837665,0.39118302,0.90367407,-0.19642249,0.014783048,-0.15581484,0.4607103,-0.79313284,0.8754491,-0.41153273,0.41120577,-0.011795498,-0.09973595,-0.33977327,0.10382885,-0.27929184,-0.4886954,0.33034265,0.1291688,0.2291102,0.11694097,0.25583452,0.22766747,0.6814909,0.008890401,-0.18936065,0.1471374,-0.07605513,0.5579917,-0.20459402,-0.21226054,-0.2069964,0.61266387,0.1969965,-0.2586103,-0.01250642,0.10254917,0.029136088,-0.25882822,-0.4071333,-0.24734822,-0.19371243,-0.44817632,0.09195208,-0.0052619246,-0.017195549,0,0,0,Peripheral,Peripheral,0.011978987110884166
197,12,0.03007518796992481,0.0031175932765927943,0.28025196727798785,0.07004272851888119,0.06060606060606061,9,0.004057506584618393,247.54002375474448,0.20512820512820512,13,0.0,0,0.7844329087346295,16,7,2.4375,4,11,1,0,-0.038203362,0.17561437,-0.16077083,-0.16682394,0.25518525,0.07111516,-0.21053207,0.032756053,-0.3048356,-0.23111776,0.06795275,-0.5088548,-0.6209547,0.27455613,0.20101336,-0.15503532,-0.08102653,-0.2054272,-0.33589348,0.09167759,0.029094933,-0.032190118,0.26269114,0.03840527,-0.08016022,-0.27983296,0.19806722,-0.2585898,0.35104182,0.027729789,-0.22782831,0.28546175,0.05452409,0.124108404,0.06738855,-0.15439832,-0.5134205,0.02137346,-0.20239532,0.20385969,-0.1763949,0.06679452,-0.087868996,-0.23022695,0.32214025,-0.075237356,0.2683491,-0.09415191,-0.42083135,0.08477007,-0.24938677,-0.15023044,-0.002508093,0.023182174,-0.113703854,0.11995016,-0.18776107,-0.10196057,-0.19082892,0.15938401,0.0112993,-0.06158535,0.14801133,0.12960228,0,0,0,Broker,Peripheral,0.07097730986867869
198,2,0.005012531328320802,0.00016648464904784097,0.20942103808845128,0.002501914556024982,0.0,2,0.00013593097763952037,13.219047619047622,0.6666666666666666,3,0.0,0,-0.6706518452640555,10,8,2.0,0,2,2,6,0.5115267,0.5711835,0.24872471,-0.042720955,-0.19184957,0.06881443,-0.22095305,-0.21730784,-0.037211664,-0.43211755,-0.024789877,-0.39666468,-0.30096412,0.3529792,0.20758162,0.22253303,0.017105918,-0.1874122,-0.73620725,0.5695921,0.6707524,-0.03320445,0.2925122,0.16724998,0.66528434,-0.39257446,0.22939809,-0.64343613,0.34496742,0.19401203,-0.0746873,0.050817564,0.152829,-0.44663644,-0.32640216,-0.097258575,-0.35879427,0.48977956,0.49761114,0.26850626,0.6966327,0.52506334,-0.118403494,-0.5803338,0.15097561,0.29176322,0.30847597,-0.27060804,-0.48010823,-0.06839797,0.11327547,0.33558163,-0.3679765,0.022970278,-0.36178282,-0.07857747,0.094518006,-0.39124683,-0.37212545,-0.39072487,-0.43281966,0.33820838,0.40836465,0.49132586,0,0,0,Peripheral,Peripheral,0.011876358127791004
199,0,0.0,0.0,0.0,7.590317288714358e-60,0.0,0,0.0,0.0,0.0,1,0.0,0,0.0,11,5,2.5454545454545454,0,1,0,10,0.008461822,0.0063670743,0.004893746,0.010018282,0.0010607708,0.015072722,-0.012776533,-0.011209942,0.00076199323,0.010392675,-0.012715207,-0.006635621,0.002902113,0.009749804,-0.012933552,-0.010718642,-0.01091524,0.006837908,-0.015536753,-0.011994962,0.0125091225,-0.014530951,0.015139582,-0.008359956,-0.008165855,0.0007087346,-0.0059130676,0.00015320815,0.010749044,-0.0018349178,-0.014454158,-0.002943756,0.009418974,0.0152485315,0.0025076475,0.011091819,0.0024523977,0.0103650205,0.009617634,-0.007959932,0.0020960364,-0.015514433,-0.001999598,0.012021957,-0.0076290015,-0.002697831,0.004805669,0.012261163,-0.005614873,-0.005603818,-0.0013204534,0.014818095,-0.012943676,0.01242416,0.013177872,0.0015315544,-0.0045320094,-0.0064396504,0.014933489,-0.0064209905,-0.010509515,-0.01209392,-0.0047987904,0.00277327,0,0,0,Peripheral,Peripheral,0.0
200,2,0.005012531328320802,0.00011535274313445572,0.2058377883873181,0.001768671178841824,0.0,2,0.0005311843814035222,9.159123157618918,0.6666666666666666,3,0.0,0,-0.6706518452640555,7,5,2.0,0,0,2,5,0.050498225,0.24399298,0.49002466,0.041598868,0.32147056,-0.20356797,-0.469169,0.5618561,-0.11496503,-0.6322376,-0.48372555,-0.70078844,-0.45795655,0.78106457,-0.25217652,-0.0064754644,-0.25839883,-0.24358854,0.1706749,-0.3806217,0.4497698,-0.16331743,0.42685792,0.09220466,0.18078087,-0.5839144,0.07257864,-0.6987611,-0.114730544,-0.5858729,-0.6515229,0.12434287,0.3447385,-0.008950059,0.35998982,0.5989013,-0.31298253,0.37236086,-0.10058762,0.2553897,-0.22243068,0.2872316,0.19051164,0.1767197,0.20990407,-0.061084878,0.6630399,-0.6003891,-0.39570236,0.10110131,-0.16486177,0.30044442,-0.2368423,0.028419618,-0.10390621,-0.6006183,-0.44099703,0.31253564,0.28111026,0.08583764,-0.14192922,0.36179888,0.26649326,-0.039317183,0,0,0,Peripheral,Peripheral,0.011731380949773274
201,4,0.010025062656641603,0.0008170141174537844,0.21755661759892028,0.0064948796164658994,0.0,4,0.0004078341415402661,64.87173793994793,0.4,5,0.0,0,-0.37963489446431853,12,6,2.25,0,1,4,7,-0.13273358,-0.024404103,0.10101166,0.46418318,-0.026273089,0.08896893,-0.13907352,-0.04930143,-0.67902,5.75823e-05,0.10206512,-0.7184398,-0.2627066,-0.10061052,0.027249621,0.09143783,-0.09023119,0.13642195,-0.78485495,-0.3094391,-0.27919513,0.00890719,-0.26373464,0.18077794,-0.059412017,-0.39798895,0.44171855,-0.41382462,0.085268565,-0.1000664,0.521669,0.3012885,0.48649132,0.30345857,0.2878736,-0.19714656,-0.8161111,-0.15109284,-0.4722826,0.3787393,0.22005226,0.46958065,0.62953395,-0.22496511,0.022261072,-0.22543062,0.54909515,-0.016538765,-0.4323991,-0.30282634,0.5576674,0.2330802,-0.012135555,0.13396753,-0.12345862,0.27841917,0.06884505,-0.098777376,0.36014518,0.5420423,-0.24570695,0.26528132,-0.034065746,0.70832545,0,0,0,Peripheral,Peripheral,0.024155694273719677
202,6,0.015037593984962405,0.0011847729083111491,0.21468078656654857,0.007387885921206084,0.06666666666666667,4,0.0009386218960759899,94.07215369281356,0.3333333333333333,7,0.0,0,-0.08861794366458153,6,5,3.0,0,1,3,2,0.35869524,-0.1917389,0.04631704,-0.024446232,0.19880663,0.2958648,-0.7117683,-0.40201116,-0.44230255,-0.7316303,-0.10711398,-0.59548426,-0.3354098,-0.14979257,-0.08425742,-0.5119299,0.016848657,-0.046612106,-0.57230735,-0.046010338,-0.18737686,-0.05101596,0.13555904,-0.26774183,0.30133224,-0.7031915,-0.11744593,-0.2988071,0.0069637666,0.1864308,-0.261313,0.38620004,0.5670538,0.3336231,0.3218164,-0.26548862,-0.5246463,0.55068165,-0.4488624,0.16059361,-0.148204,0.10290055,0.04115027,-0.23341715,0.40502775,0.0057934835,0.09741727,-0.15622145,-0.3200382,-0.16965845,0.18307444,0.0010393512,0.07397379,0.31923237,-0.4811035,0.2472893,-0.49657106,-0.50144595,0.27396116,0.65878195,-0.025021331,-0.41450104,0.57719195,0.12023353,0,0,0,Peripheral,Peripheral,0.02868818228479739
203,3,0.007518796992481203,0.00018628114369981604,0.20821283979178715,0.0019578120238576938,0.0,3,0.00023267158767286978,14.790909090909093,0.5,4,0.0,0,-0.525143369864187,7,5,2.4285714285714284,0,0,3,4,-0.038628355,-0.3183609,-0.14088431,0.11132293,-0.7036922,-0.1750454,-0.5594752,-0.37902156,-0.27751905,-0.16979758,-0.089957766,-0.6258382,-0.9686723,0.63800704,-0.084268145,-0.09484754,-0.6952852,0.12969483,-0.3941154,-0.07065376,0.25949284,-0.23386437,-0.12782495,0.0754621,0.4556957,-0.14456534,0.76522154,-0.011854597,0.40211225,0.035946053,-0.084356345,0.39233366,0.28390425,0.2369861,0.3010039,-0.27544892,-0.842878,-0.20803298,0.04724062,-0.112646155,0.017812619,0.16398185,0.31652433,0.22056821,0.0049610785,0.29024094,0.57162505,-0.1554213,-0.24320689,-0.22905041,-0.21831784,0.3619975,0.38420543,0.1206469,0.14955086,-0.30762488,0.27112505,0.020039136,-0.79053396,0.10768339,-0.57932216,0.2255893,0.5323277,-0.066053584,0,0,0,Peripheral,Peripheral,0.017477185706363262
204,10,0.02506265664160401,0.02032671020260255,0.2619451855445064,0.03075587425892149,0.13333333333333333,5,0.012121159329473106,1613.9611167968453,0.2909090909090909,11,0.0,0,0.49341595793489246,11,8,2.727272727272727,3,2,3,3,-0.3800048,-0.012520915,-0.035710108,0.030741667,-0.09507939,0.25509375,-0.19263044,-0.37453258,-0.20160562,-0.23380773,0.01251362,-0.46520868,-0.3159581,0.12607883,0.30425298,0.61589015,-0.15875535,-0.10235041,-0.701497,-0.28164607,-0.013388069,-0.22710994,-0.06372325,-0.08968222,0.25146353,-0.627362,0.31041625,-0.13314886,-0.026131283,-0.19431438,0.053394232,0.2676234,0.38495713,0.26202476,-0.22657588,-0.014042155,-0.5079614,-0.3392551,0.0141568985,-0.12940016,0.022866972,0.5169172,0.12386478,-0.32553577,-0.15490925,0.11632948,0.64386225,-0.54431254,-0.12674814,-0.28056428,-0.012300264,0.20401852,0.39973602,0.0963238,-0.2461632,-0.14229316,-0.059479576,-0.008556036,0.17987578,0.12618063,-0.03416868,0.006938549,0.06445456,0.41363323,0,0,0,Enabler,Enabler,0.30898280147856677
205,2,0.005012531328320802,5.9536690057716244e-05,0.20794624204557488,0.002360764499930018,0.0,2,9.647930635178776e-05,4.7272727272727275,0.6666666666666666,3,0.0,0,-0.6706518452640555,13,7,2.4615384615384617,0,4,5,4,-0.3219109,-0.19722128,-0.28693372,0.30773926,-0.04381082,0.13204528,-0.5784058,-0.63840437,-0.29972875,0.060801595,0.2673894,-0.8877669,-0.45551336,0.13283394,0.253452,0.46556497,-0.31284705,-0.0827975,-0.7556404,-0.42902282,-0.025725871,-0.19868279,-0.29229537,0.07914318,0.044751756,-0.49031147,0.36255285,-0.17881995,0.2455285,-0.13357924,-0.018781763,0.3212699,0.109517306,0.5836599,0.17959513,-0.20936333,-0.9378627,-0.33893678,0.0875174,-0.30103946,-0.11925361,0.49619287,0.054482166,-0.115303144,-0.20725095,0.4813884,0.99768096,-0.25490618,0.02453,-0.33688247,0.097434156,0.82664645,0.015642699,-0.04983406,-0.06663275,-0.24308112,0.10816783,0.07916516,-0.38303727,-0.067661226,-0.24350892,0.13649347,0.09452673,0.36302114,0,0,0,Peripheral,Peripheral,0.011820813913082918
206,4,0.010025062656641603,0.00026569917089162994,0.21453898948163008,0.004505425922507509,0.0,3,0.0006188424952199965,21.09677986796631,0.4,5,0.0,0,-0.37963489446431853,11,7,2.8181818181818183,0,1,3,7,0.20250432,0.31695908,0.44616956,-0.07958458,-0.11988455,0.23512425,-0.31682855,-0.19879316,-0.47809923,-0.8133132,0.2149283,-0.022705069,-0.39780763,0.083195135,-0.41309178,-0.06349329,0.5087375,-0.25298914,-0.76627505,0.44739178,0.15814707,0.020884551,0.3443897,-0.057479646,0.5180362,-0.16778156,0.14739239,-0.26643798,0.4241685,-0.09808197,-0.6863609,-0.02986666,0.50910574,-0.32073936,0.3388449,-0.40094483,-0.7302005,0.2027624,-0.1063759,0.19873819,0.30844596,0.24928217,-0.27539274,-0.4128964,0.483175,0.08906499,0.3301586,-0.59524584,-0.40457577,0.24019141,-0.37163696,0.17771325,-0.29399943,-0.09509518,-0.29155126,0.11120961,-0.17350838,-0.062338393,0.014093252,-0.07570776,0.0022505273,0.10021304,0.6048385,0.5163177,0,0,0,Peripheral,Peripheral,0.020087433590080514
207,24,0.06015037593984962,0.027806871475114753,0.2944805349729719,0.11175384628390062,0.010869565217391304,10,0.022697261848675893,2207.893401995587,0.09,25,0.15972222222222232,2,2.239517662733314,13,5,2.6153846153846154,12,1,0,0,-0.05599264,0.07704841,-0.24147414,0.08108414,0.074062675,0.30118528,-0.35692087,-0.29163596,-0.029894292,-0.11454165,-0.16840711,-0.37236127,-0.5725261,0.41627714,0.043785393,-0.10271283,-0.17139065,-0.12795697,-0.64128256,0.084991,0.21579681,0.16418421,0.04341337,0.042948674,0.2033443,-0.2037575,-0.15098433,-0.14620975,0.029337468,-0.115672536,-0.04320071,0.25500175,0.033768166,-0.07461969,-0.09515627,-0.06054714,-0.11157537,0.20037559,0.084299,0.3315137,-0.053571574,0.050047252,0.009677845,-0.2208565,0.02147944,-0.049603265,0.34125313,-0.24723114,-0.3381006,0.017633619,0.08917108,-0.040268067,0.07861038,0.13832706,0.13493608,-0.24987668,-0.04070425,-0.27723324,0.003219751,0.09075373,0.017598419,0.03209118,0.13948275,0.30788538,0,0,0,Coordinator,Peripheral,0.12170952371629776
208,4,0.010025062656641603,0.0003236301940038031,0.21553552095234768,0.005298692844648578,0.0,4,0.0007832534278202467,25.69656103409597,0.4,5,0.0,0,-0.37963489446431853,8,6,2.0,0,1,2,5,-0.264756,0.16961686,-0.034018032,0.4371877,-0.41771537,0.063151754,-0.5607734,-0.493487,-0.35032788,0.1291771,-0.0059231785,-0.49606463,-0.497664,0.5894599,-0.22956985,0.10052164,-0.7266324,0.41588873,0.059187688,-0.12836587,-0.25572,-0.27452102,0.24861105,-0.0007890001,0.22980866,-0.36499393,0.750102,-0.38055336,0.83932555,-0.21460968,0.30521235,0.6348901,0.8405316,-0.025938222,0.2926224,0.10627535,-0.53169733,0.372613,-0.17943424,0.18200986,0.3127728,0.08346259,0.07802958,-0.14355867,0.13527934,-0.3456719,0.09949071,-0.27444535,-0.08758795,0.0066843065,0.26015973,0.048851136,0.24232045,0.019506346,0.4028663,-0.25649202,-0.15364566,-0.16326204,-0.3215916,0.4139515,-0.2511898,0.4206342,6.049902e-05,0.3170216,0,0,0,Peripheral,Peripheral,0.023802507017272198
209,9,0.022556390977443608,0.009775912496792483,0.25778732545649835,0.024392221243976348,0.08333333333333333,4,0.009905873185596782,776.2172281578199,0.26666666666666666,10,0.0,0,0.34790748253502396,21,10,2.761904761904762,5,1,11,4,-0.29301548,0.017822435,-0.21168657,-0.25479722,-0.07749367,0.67457086,-0.22902945,-0.1716767,-0.052911796,-0.29528916,0.046156637,-0.5354965,-0.53424597,-0.013649458,0.069653615,-0.27714264,-0.0874247,-0.06802959,0.10019668,-0.03963637,0.14401762,-0.017437298,0.44283265,-0.41646665,0.2802056,0.051383365,0.38974142,-0.28566465,0.048742447,0.04215978,-0.14863025,0.37621397,0.21168119,0.20020373,0.2352268,-0.22634737,-0.28457072,0.19182786,-0.40434834,0.23147137,0.057648893,0.15868852,0.10792521,-0.32580248,0.45333493,-0.16155468,0.20009962,-0.44359493,-0.51882917,0.40966374,0.18923146,-0.109852046,-0.09222141,-0.07985957,-0.14818768,0.03633199,-0.20210525,-0.23102306,0.14379658,0.5345861,0.05913415,-0.07390575,0.46331856,0.63623285,1,1,0,Enabler,Peripheral,0.05479125366421096
210,8,0.020050125313283207,0.002561846476903975,0.228902064887377,0.016186701273056207,0.0,4,0.005801472864040754,203.41317211265252,0.2222222222222222,9,0.0,0,0.20239900713515546,17,9,2.6470588235294117,5,1,10,1,-0.3096416,0.6215866,0.11025536,0.5487007,0.0067754136,-0.1938374,-0.2810741,-0.01583693,0.3059106,-0.10841388,-0.07275554,-0.26237148,-0.78635097,0.49842602,-0.27283543,0.4290218,-0.7856307,0.3213356,-0.19094804,-0.08571003,-0.07223317,-0.34270927,-0.016176745,0.12257006,-0.28645575,-0.7475379,-0.02631945,-0.14234148,0.37131727,-0.3597264,-0.14599366,0.2182082,0.3136026,0.047389466,0.5254444,-0.3334415,-0.39971033,0.37026894,0.18729457,0.4746575,0.17345156,0.20041023,0.1733056,-0.29558966,0.6405321,-0.46016154,0.2431953,-0.49318355,-0.006530444,-0.16095549,0.2922222,-0.27273962,-0.15812612,0.05611392,0.040612236,-0.30575305,0.054840904,-0.080620445,0.13763794,0.14689854,-0.027021943,0.3413611,0.23774235,0.3365141,0,0,0,Enabler,Peripheral,0.034914159728736315
211,13,0.03258145363408521,0.004156981820328239,0.28025196727798785,0.07767053740608046,0.038461538461538464,10,0.003369610877306682,330.0685135158825,0.17582417582417584,14,0.0,0,0.9299413841344979,8,6,2.875,2,6,0,0,-0.035888173,0.27772376,-0.13449883,0.3677264,0.047538497,0.006577578,-0.022310568,-0.11462291,-0.23879948,-0.002035715,0.076614946,-0.2367367,-0.67428404,0.22027469,0.033708718,0.08163013,-0.26431638,0.16479643,-0.35819292,0.18529022,0.16108453,-0.03337944,0.16696636,0.026154011,0.10661049,-0.14747822,0.23266438,-0.09998216,0.16277514,0.05869112,-0.026664639,0.28569198,0.12920777,0.006999859,-0.25991842,-0.18705945,-0.23760258,0.057374958,-0.03726074,0.08149595,-0.062057287,0.10345429,0.16476387,-0.21228342,0.24652666,-0.09825604,0.33204627,-0.30568102,-0.24817975,0.19523442,0.09350017,0.032238875,-0.0020635708,0.08103253,0.14494008,0.040187202,-0.465186,-0.065283984,-0.011037296,0.22164004,0.065268286,0.110874474,0.051495913,0.39729723,0,0,0,Broker,Peripheral,0.07832188453325886
212,0,0.0,0.0,0.0,7.590317288714358e-60,0.0,0,0.0,0.0,0.0,1,0.0,0,0.0,5,4,1.4,0,0,1,4,0.0014568511,-0.003735993,0.012033831,-0.005914936,0.0075047035,-0.008285759,0.0030604992,0.006133655,-0.009750836,-0.0029669143,-0.0004685931,0.012213012,-0.014891138,-0.009722412,0.011654483,-0.011986829,0.006038513,0.010334875,-0.0004876498,-0.009447126,0.013514528,0.0017544907,0.006713059,0.013407594,0.012722425,0.0022035297,0.008044286,-0.0144716855,-0.0012787934,0.009895816,0.0054386742,0.009317178,0.005680127,-0.0045576114,0.0053457394,0.014355013,0.004201954,-0.00010159053,-0.015554322,-0.006543657,-0.0008256994,0.0019637272,0.013791313,-0.014414325,0.011156172,-0.008258332,0.013677476,0.004545074,0.0062337685,-0.003905002,0.0071770996,-0.0048492514,-0.013498658,-0.012400474,0.011625098,0.0018392447,-0.005970478,0.014275653,0.007240897,-0.0018353406,0.0053905454,0.007953221,-0.006923452,-0.0140897855,0,0,0,Peripheral,Peripheral,0.0
213,10,0.02506265664160401,0.01354975221329466,0.2655862878783221,0.03224661488474487,0.13333333333333333,5,0.009855706884327783,1075.8638754878093,0.2909090909090909,11,0.0,0,0.49341595793489246,23,12,2.5652173913043477,6,3,11,3,0.012185502,0.084488094,-0.1348487,0.36228338,-0.08579801,0.38705838,-0.18576877,-0.16979188,-0.30453548,0.062234685,0.040620137,-0.39434826,-0.4704167,0.21169914,-0.097056404,-0.25069863,0.030588571,-0.23473038,-0.28759187,0.052261546,-0.2865785,-0.09211446,0.30238208,-0.011658656,-0.12328335,-0.4414457,0.27213904,-0.51111925,0.40391758,-0.5864481,0.19518356,0.3974884,0.7012227,0.115095966,0.10700005,-0.07110643,-0.49311286,-0.21047778,-0.23793,0.3284474,0.20103963,0.48086917,0.3192223,-0.37928593,-0.13249128,-0.25813815,0.08073236,-0.206885,-0.35114625,-0.25768518,0.13875343,-0.07546613,0.08233789,-0.05768261,-0.12727465,-0.28384295,-0.086350776,0.34508538,0.2072563,0.559064,-0.22643398,0.16544864,0.25413033,0.46225515,0,0,0,Enabler,Peripheral,0.04872441500129452
214,1,0.002506265664160401,0.0,0.19721434734376925,0.0012038153155880741,0.0,1,0.0,0.0,1.0,2,0.0,0,-0.816160320663924,11,8,2.5454545454545454,0,2,5,4,0.08479714,0.14788055,0.27803594,0.28231445,0.047549292,0.32422388,-0.337328,-0.0730046,-0.23184049,-0.04627706,0.0038284068,-0.5111532,-1.0892935,0.21616253,0.017133877,0.14779033,-0.006648278,-0.46724617,0.15077968,0.6601564,0.5789194,-0.028511971,0.47172853,0.38922027,0.7103539,-0.20898466,0.31922886,-0.8222246,-0.23208642,-0.12047005,-0.27677488,0.4522384,-0.27469295,0.0066928887,-0.076636866,0.130211,-0.02935671,-0.10189156,-0.03637466,0.2548625,-0.24954985,0.27835745,0.09868489,-0.34313175,0.18657783,-0.31452128,0.79613405,0.1906081,-0.35438398,-0.57657653,0.17712747,0.05220842,-0.09281267,0.25956306,-0.51037043,0.1575525,0.2912346,-0.4782162,0.28496554,-0.021410398,0.40650856,0.5740409,-0.1909105,0.19476421,1,1,0,Peripheral,Peripheral,0.02013604140874289
215,1,0.002506265664160401,0.0,0.19174263876929631,0.0009678603448428706,0.0,1,0.0,0.0,1.0,2,0.0,0,-0.816160320663924,8,7,2.5,0,2,3,3,0.046806477,0.4013067,-0.3798638,-0.1771186,0.29514736,-0.012330541,0.1039449,0.1297968,0.07870936,0.091511615,-0.12915261,-1.0356765,-0.5419647,0.20556019,0.19926101,0.06993981,0.4862029,-0.4008326,-0.49642637,0.18809134,0.8103699,-0.4487537,0.1608036,-0.34706053,0.49881595,-1.0505408,0.57784927,-0.5107268,0.20751534,-0.014852929,-0.05979373,-0.2364666,-0.027822584,0.13109282,0.05615729,0.09672003,0.04057573,-0.14766873,0.06251203,0.36053738,-0.09062569,0.47522977,-0.11144904,0.2994208,0.2015501,-0.452479,0.575566,-0.16058318,0.2402552,0.115908116,0.639104,-0.17795113,-0.0031441643,0.063244015,0.44093668,0.048696894,-0.6407129,-0.28164855,0.062142156,-0.03136581,-0.46308744,0.21379459,-0.013612434,-0.07610649,1,1,0,Peripheral,Peripheral,0.02009407110016028
216,1,0.002506265664160401,0.0,0.17014773707448297,0.00016692257362907353,0.0,1,0.0,0.0,1.0,2,0.0,0,-0.816160320663924,11,5,2.1818181818181817,0,1,1,9,-0.3050348,0.598045,0.31962663,0.19573292,0.41926908,-0.40360993,-0.749083,0.23234072,0.16846354,-0.25227994,-0.1414182,-0.2764634,-0.72615474,0.9642703,-0.13818571,0.47457278,-0.80879146,0.59655917,0.19860253,-0.21769893,-0.24213088,-0.45543036,0.38878044,0.1543654,-0.22712077,-1.1221795,0.047344275,-0.4372059,0.19106694,-0.25333452,-0.1709843,0.5493531,0.48401442,-0.47126156,0.73913014,-0.07583776,-0.39979142,0.4707484,0.30964145,0.6464904,-0.041060884,0.0030470153,0.341333,-0.16616952,0.6061522,-0.18726404,-0.0037301346,-0.541147,-0.0125213135,-0.3155385,0.40326312,0.014326443,-0.15411323,-0.19909179,0.09465083,-0.46572357,-0.17505455,-0.11241932,0.22969478,0.20981449,-0.19504231,0.64900625,0.42419526,0.27172107,1,1,0,Peripheral,Peripheral,0.019951604911348297
217,9,0.022556390977443608,0.004193099603344247,0.25296887077506847,0.031619479950799084,0.1388888888888889,6,0.005117118313205496,332.9363016051365,0.3111111111111111,10,0.0,0,0.34790748253502396,16,8,2.9375,7,2,6,1,-0.44266552,0.05176555,0.04471586,0.24722125,-0.006928798,0.12586434,-0.2940742,-0.06399076,-0.47136152,0.17696574,-0.12759285,-0.53032833,-0.596742,0.3953916,-0.049311537,0.17123355,-0.32856065,0.11857262,-0.44973278,0.047797166,0.045140542,0.063456066,0.24821392,0.2971248,0.20259112,-0.37713638,0.20059979,-0.017637294,-0.317495,-0.17692131,-0.062411997,-0.030561183,0.3892771,0.023233723,0.17633696,-0.225641,-0.57721144,-0.10059489,0.107071675,0.048986614,0.27436495,-0.21078798,0.0010589253,-0.41648066,-0.21983811,0.0139173325,0.4843768,-0.16138011,-0.48939195,0.039410826,0.30568963,-0.34933722,0.13043013,0.3170968,0.1919116,0.43505663,-0.10377492,-0.12051819,0.14823851,0.24125904,0.12254836,0.4026043,0.1629466,0.52835774,0,0,0,Enabler,Peripheral,0.0473729658973553
218,6,0.015037593984962405,0.0015341467049542657,0.22247399320218353,0.007063763192747585,0.0,4,0.001562150452136343,121.81278252007365,0.2857142857142857,7,0.0,0,-0.08861794366458153,11,6,2.090909090909091,0,1,2,8,0.023552539,0.50969917,0.26968643,-0.21953906,0.45808107,0.08463289,-0.17324726,-0.11321871,-0.18776815,-0.0794666,0.19083406,-0.083312705,-0.27995348,-0.122431375,0.20679396,0.25292864,-0.5067256,0.21995836,-0.95336777,-0.4317171,0.193997,-0.055370886,-0.01605131,0.0020406444,0.44708064,-0.2623923,0.1904134,-0.23532353,-0.30588773,-0.1833786,0.0064352606,0.5777782,0.29556477,0.23376286,0.032327157,-0.6203021,-0.90491706,0.15968724,0.6448319,0.5550946,0.38980606,0.46921846,-0.0023201262,-0.41085133,0.01817881,-0.22525361,0.646747,-0.79851705,0.031323634,-0.14357068,0.16293384,-0.011172405,-0.44526652,-0.0014448091,-0.11568176,-0.16372548,-0.06667218,-0.18512309,0.037040424,0.1171308,-0.3515049,0.27860406,0.0824551,0.4395816,0,0,0,Peripheral,Peripheral,0.028729960555990787
219,7,0.017543859649122806,0.03027655424339833,0.2429409349851817,0.016753636157053765,0.09523809523809523,3,0.015252680941530103,2403.9886834800704,0.32142857142857145,8,0.0,0,0.05689053173528696,27,13,2.5185185185185186,9,3,10,5,-0.19817816,0.25256318,-0.08381932,0.3511047,0.101885766,0.068440974,-0.13249242,0.25228354,0.1225903,-0.3071834,-0.38623878,-0.3328185,-0.33881548,0.71416557,0.08233112,0.14197727,0.14364183,-0.36550102,-0.38656402,-0.10770429,0.4479972,-0.10065462,0.26670057,0.06788957,0.3206333,-0.38215345,0.0686941,-0.9483874,-0.012541507,-0.4593596,-0.3115884,-0.18726555,0.39022076,0.5049369,-0.35843685,0.22768866,-0.47148636,-0.0017619247,-0.40282473,-0.0065060337,-0.18257686,0.37883836,0.11491298,0.32999897,-0.22757211,-0.06476063,0.6072078,-0.5296894,-0.13762802,0.020421924,0.15360858,-0.08419408,0.23310973,0.014031209,0.1236843,-0.047147132,-0.35572252,0.0530133,0.06912964,0.2267955,0.047271874,0.5857761,0.078242004,0.11512253,1,2,0,Enabler,Peripheral,0.051440537500122445
220,6,0.015037593984962405,0.0011938352136970044,0.22323850864274086,0.010696650731496522,0.0,4,0.0016616008347778342,94.79170980275585,0.2857142857142857,7,0.0,0,-0.08861794366458153,22,14,2.272727272727273,9,3,6,4,0.12839997,0.016240016,-0.14692478,-0.13197638,0.17603107,-0.16613989,-0.19477288,-0.2241581,-0.68978035,-0.1080313,-0.27354914,-0.6910512,-0.4441135,-0.04890933,-0.0033080217,-0.45414412,0.57809,0.5044131,-0.35168505,0.08448884,0.14930822,0.15637133,-0.346247,0.12579854,-0.0040375483,-0.54068244,0.47932985,-0.23294166,0.014639193,-0.20758699,0.19381873,0.33177006,0.65497947,0.10375119,0.07228163,-0.33610034,-0.62000436,0.6153496,-0.41345653,0.27867225,-0.12688756,0.43611428,0.6072851,-0.375242,-0.10496399,-0.42670596,0.1187545,-0.22741702,-0.53206295,-0.04157555,0.18226968,0.10781352,0.50341034,0.19305609,-0.15587655,-0.3083339,0.1503492,-0.46374676,0.091320746,0.23824413,-0.05793585,0.22667372,0.3296348,0.39135823,0,0,0,Enabler,Peripheral,0.02927930539646692
221,12,0.03007518796992481,0.005155098578594322,0.2790481358034261,0.0751324645229155,0.015151515151515152,10,0.002878389290458336,409.3199822389678,0.16666666666666666,13,0.0,0,0.7844329087346295,10,6,3.3,2,7,1,0,0.055508386,0.09228719,-0.13637958,0.12328662,0.014123177,0.14011185,-0.1460258,-0.16248237,-0.14461954,0.046357796,-0.0051097227,-0.41519287,-0.6787045,0.12597482,0.037628803,0.0048043765,-0.08101003,0.14066303,-0.26822293,0.090800695,0.1340538,-0.050256804,0.15815584,0.02581784,0.19004875,-0.3532258,-0.050844356,-0.13469453,0.17234395,0.010201348,-0.18266986,0.23694812,0.0972929,-0.051327474,-0.16358629,-0.2615209,-0.17335673,-0.026004659,-0.10378635,-0.010827021,-0.33112592,0.11146995,0.04324561,-0.15115757,0.13567431,-0.07253629,0.4089849,-0.42130283,-0.21037768,0.10015136,-0.003664707,0.10125621,0.08638601,0.2143325,0.060470898,0.0020523171,-0.30771863,-0.122150145,0.065395586,0.17874266,0.008624929,0.10373764,0.20815457,0.34896424,0,0,0,Broker,Peripheral,0.07601999882161606
222,4,0.010025062656641603,0.00040378683561909275,0.21610913511323218,0.004619286780565434,0.0,4,0.0006030323816466307,32.06107853499158,0.4,5,0.0,0,-0.37963489446431853,11,8,2.3636363636363638,0,1,3,7,-0.0054294104,0.22738762,-0.1412933,-0.02935398,0.03774339,0.28217673,-0.027695186,-0.2288918,-0.6330923,-0.03868021,-0.22611502,-0.38911036,-0.5960039,-0.024396384,-0.11149102,-0.24022305,0.16344245,0.26505798,-0.01346171,0.18314257,-0.576927,-0.06112336,-0.34100524,0.1058517,0.09823074,-0.43310973,0.3847633,-0.60898846,0.22048113,-0.382911,0.17392695,0.19435066,0.7535187,0.29530397,0.34597856,-0.24800001,-0.7486788,0.57248557,-0.5359045,0.5063726,0.2302155,0.47390378,0.41224077,-0.058171395,0.2409393,-0.7378637,0.21916282,-0.21247171,-0.11413093,-0.18565995,0.23835523,0.19950852,0.640188,0.04564993,0.22025254,-0.27303785,0.17001751,-0.3101402,0.10383127,0.54002964,-0.14054234,-0.03528901,0.07431742,0.8955187,0,0,0,Peripheral,Peripheral,0.023704470668575044
223,2,0.005012531328320802,1.914309186717437e-05,0.20928610185256957,0.002683461416319895,0.0,2,0.00014663258517890455,1.519980637345512,0.6666666666666666,3,0.0,0,-0.6706518452640555,15,9,2.2,0,3,3,9,-0.04376134,-0.08982928,-0.2873621,0.14231177,-0.121998645,-0.51425165,0.037344083,-0.38584957,-0.32520226,-0.3415361,-0.026568545,-0.53833354,-1.2224053,0.17006612,0.05740789,-0.10930224,-0.25899985,0.22277707,-0.356933,0.30386597,0.27486143,-0.21681826,-0.2806963,0.2182265,0.3930702,-0.3486908,0.33850104,0.055671655,0.23202243,-0.02168685,-0.25472707,-0.025569601,-0.08436146,0.55302805,0.1712874,0.09459634,-0.72327274,-0.07996725,0.21797644,0.27200308,-0.3002285,-0.12813568,0.2475625,0.041700676,-0.35425845,-0.45516226,0.23011915,-0.13374999,-0.6377152,-0.28583738,-0.13759534,-0.18247706,0.12685533,-0.35244858,0.23894006,-0.25901777,0.25394782,-0.1992423,-0.41707435,0.20100725,-0.9803138,0.110332265,0.68032795,0.12561902,0,0,0,Peripheral,Peripheral,0.011866717410161291
224,25,0.06265664160401002,0.02994663478638439,0.3147403392201434,0.10989670385004317,0.02,10,0.03474419762026308,2377.792748673707,0.09538461538461539,26,0.22560000000000002,3,2.239517662733314,9,5,3.3333333333333335,7,2,0,0,-0.22599544,-0.122560546,-0.17005192,0.33094674,0.16229378,-0.064098045,-0.24737236,-0.16748029,-0.23472673,-0.32030162,-0.13117191,-0.42684868,-0.6143203,0.39362225,-0.070489444,0.057587393,-0.18361507,-0.16460459,-0.29724643,0.12956914,0.18029355,0.04878567,0.05270867,0.08982987,0.27742296,-0.22810416,0.14459954,-0.074892595,0.30903068,-0.053942412,-0.10575785,0.4970196,0.06914981,0.13813722,0.017058183,-0.08614354,-0.23741591,0.047554366,-0.112755686,-0.029673798,0.009127266,0.24885271,-0.14603563,-0.24215598,-0.023643035,0.08657167,0.030070513,-0.06701793,0.008275192,0.16209021,0.11963584,0.040434126,0.17656669,-0.19825768,0.14614733,-0.15635654,-0.11788763,-0.09041276,-0.0003075663,0.13692917,0.007053941,0.00444905,0.1719088,0.24792576,0,0,0,Coordinator,Coordinator,1.0
225,3,0.007518796992481203,0.0002786540210502126,0.2129914951312708,0.005142802723741912,0.0,3,0.0002911382308367232,22.12540792540793,0.5,4,0.0,0,-0.525143369864187,16,8,2.6875,0,2,3,11,-0.4052227,0.1749643,-0.3387167,0.0453854,-0.2633942,0.43820974,-0.23777266,-0.23899871,-0.3307482,0.066629395,0.3589276,-0.43454897,-0.47421357,0.03424099,-0.08859354,-0.2564498,-0.46755832,-0.07505435,-0.18632665,0.109733336,-0.04014042,-0.094565734,0.39233017,-0.40887073,0.06460783,-0.10969304,0.6697948,-0.75252295,0.54769737,-0.19436306,0.008117827,0.56049776,0.70972395,0.18567859,0.29026008,0.018855693,-0.4306619,0.44770575,-0.47269878,-0.06967595,0.40127257,0.016437609,0.07231043,-0.66709864,0.27752092,-0.32797596,0.16103634,-0.23896383,-0.48549744,0.39975703,0.2041508,-0.0052249846,0.012834249,-0.22692966,-0.124318734,0.040238235,-0.53077656,-0.3337433,0.2673663,0.6657844,-0.39690208,-0.024226177,0.12618807,0.2314536,0,0,0,Peripheral,Peripheral,0.01807000267958664
226,1,0.002506265664160401,0.0,0.19151652716697404,0.0010331803359501046,0.0,1,0.0,0.0,1.0,2,0.0,0,-0.816160320663924,8,3,2.0,0,0,1,7,-0.18922116,0.3943259,-0.38950968,0.5383148,0.085699186,0.13215053,-0.19596905,0.4420787,-0.07761883,-0.41847953,-0.23568279,-0.51137644,-0.3649636,0.8579642,0.22184509,0.19787082,0.38886645,-0.41439822,-0.35887414,-0.18060018,0.42754778,0.003229393,0.37093055,0.07555266,0.28265285,-0.28392053,0.06533368,-1.1173608,-0.08892811,-0.5431241,-0.33533254,-0.26314473,0.4715392,0.50625515,-0.3689651,0.14103976,-0.52158004,-0.04200691,-0.4719055,-0.09046828,-0.52826524,0.34584084,0.16657092,0.45827994,-0.25026387,0.12707818,0.6924079,-0.8199081,-0.1967838,0.1532631,0.26752466,-0.23486848,0.45341697,0.12435875,0.18607126,-0.17075585,-0.37512478,0.14159226,0.12886524,0.24760146,0.02779594,0.387287,0.0069047357,-0.0042864224,1,1,0,Peripheral,Peripheral,0.020105689843239627
227,1,0.002506265664160401,0.0,0.19174263876929631,0.0009678603448428706,0.0,1,0.0,0.0,1.0,2,0.0,0,-0.816160320663924,8,7,2.125,0,2,1,5,-0.1748815,0.4473316,-0.53577816,0.02796536,-0.05590182,-0.07056362,0.015595632,0.10506703,0.07147215,0.24526854,-0.12406372,-0.99006003,-0.58713824,0.28362927,0.20454453,0.24419327,0.5470726,-0.3200669,-0.7105261,0.19991623,0.94424796,-0.39295018,0.016025355,-0.20044263,0.4706365,-0.8865027,0.6344296,-0.46438748,0.41705453,-0.19686505,-0.016592419,-0.10849235,-0.27002576,0.1000823,-0.36040002,0.08454647,-0.04029151,-0.1281283,0.0868079,0.44162333,-0.038047887,0.59131956,-0.12629475,0.26393762,0.28596622,-0.5983686,0.37050977,-0.17276943,0.38162768,0.15259652,0.4765498,-0.23851444,0.15803678,0.05134699,0.33635196,-0.10567265,-0.39593416,-0.19118689,0.041705,0.11762804,-0.2664008,0.12730426,0.06866381,-0.0337734,1,1,0,Peripheral,Peripheral,0.02009407110016028
228,9,0.022556390977443608,0.008065570893219057,0.2673350041771094,0.03002645192119132,0.08333333333333333,5,0.013953210626345632,640.4143944924864,0.26666666666666666,10,0.2098765432098766,1,0.20239900713515546,18,10,2.4444444444444446,2,1,10,5,-0.12944704,0.02580875,-0.21403123,0.36274636,0.11323151,-0.21893364,0.20829374,-0.2601785,-0.47911572,-0.33672658,-0.062764935,-0.5590628,-1.0278276,0.037304252,0.06700604,-0.2538889,-0.057327215,0.114851095,-0.1761615,0.11487434,0.20612301,-0.27112827,-0.25467598,0.23704238,0.47539067,-0.2485912,-0.0444336,0.1311047,0.30299273,-0.113069065,-0.13657752,-0.23266622,-0.046415813,0.25772977,0.031182637,0.08804815,-0.58196265,0.25322983,0.11601041,0.44270447,-0.09216633,0.007820432,0.20971909,0.09673326,-0.4716657,-0.41493014,0.28384826,-0.20313686,-0.25409,-0.17626338,0.14706787,-0.36986634,0.03986522,-0.33347672,-0.02672091,0.123045735,-0.10790522,-0.2849343,0.015767602,0.18666671,-0.7150598,-0.08470818,0.6727392,0.2654027,1,1,0,Enabler,Peripheral,0.06242164616644444
229,1,0.002506265664160401,0.0,0.19721434734376925,0.0012038153155880741,0.0,1,0.0,0.0,1.0,2,0.0,0,-0.816160320663924,10,7,2.2,0,2,3,5,0.022984747,0.37137467,0.09398811,0.13244559,-0.024186175,0.36098936,-0.2482265,-0.12421303,-0.35466364,0.12137891,0.063711844,-0.5245668,-1.2533501,0.16330639,-0.025936412,0.11302822,-0.054109603,-0.43898767,0.15070678,0.50098795,0.42821637,-0.05738694,0.36614424,0.28826833,0.7168116,-0.14465083,0.17427951,-0.88307226,-0.10871897,-0.255299,-0.28938085,0.57753736,-0.3271517,-0.06957257,-0.029885875,0.21451412,0.045620527,-0.28538412,0.046699427,0.20063893,-0.4875512,0.27852616,0.045151245,-0.54178596,0.31798562,-0.4173018,0.7764537,0.2004799,-0.38500327,-0.4493698,0.22617662,-0.007677504,0.038101256,0.22305481,-0.45618963,0.13617027,0.17808378,-0.42385092,0.16909507,-0.2009727,0.4785719,0.54207015,-0.1464702,0.09635536,1,1,0,Peripheral,Peripheral,0.02013604140874289
230,3,0.007518796992481203,0.0021223455090154265,0.23401443088990487,0.006074574582192895,0.0,3,0.002343618795178757,168.5163557613339,0.5,4,0.5555555555555556,1,-0.6706518452640555,8,7,2.0,0,2,3,3,-0.17127307,0.24906361,0.25948966,0.39755216,0.2771069,-0.18981892,0.3262405,0.015011895,-0.2253369,-0.27210107,-0.088832125,-0.40024143,-0.71242905,-0.081820816,0.40009072,-0.25786462,-0.2786593,0.22139166,-0.43947616,0.105225004,0.13237205,-0.04425044,-0.16790098,-0.117111124,0.4649711,-0.11011331,0.061682995,-0.046054725,0.12603706,-0.1606541,0.25531045,-0.24685234,-0.10204888,0.2532055,0.0807238,0.0012246986,-0.6933626,0.0483885,0.66754544,0.23099728,-0.28637812,-0.025192926,0.21605003,-0.5338416,-0.5896376,-0.47336262,0.37086865,-0.46040863,0.16783008,-0.35667446,-0.3621135,-0.33442158,-0.3073705,-0.2438422,-0.37182418,-0.5589725,-0.21301678,-0.49605492,0.2105723,0.37348765,-0.79893357,-0.12795506,0.88477063,0.3685522,0,0,0,Peripheral,Peripheral,0.022317937791968792
231,4,0.010025062656641603,0.00046974885630614787,0.2075476230512383,0.004904846219100432,0.0,4,0.0005452583064168559,37.29852893956445,0.4,5,0.0,0,-0.37963489446431853,11,8,2.0,0,2,2,7,-0.44986624,0.8196285,0.48969555,0.38392586,0.084564604,-0.08271978,-0.36941433,-0.09357706,-0.12621605,-0.08321034,0.025735985,-0.38203222,-0.816878,0.21901917,0.2538335,0.5397887,-0.55047697,0.49272394,-0.55205965,-0.21833843,0.041658122,-0.15462899,0.18053043,0.22774033,0.25288665,-0.4539158,0.019429905,0.017876288,-0.14908858,0.028734557,0.45417002,0.38118035,0.54534155,-0.14128971,0.3261883,-0.60925865,-0.6866411,-0.08631059,0.4164743,0.58838946,0.06143341,0.032900624,0.59655434,-0.17118184,-0.017943025,0.11796345,0.2662791,-0.33025795,-0.2651244,0.20565604,0.50204736,-0.22863959,-0.21983323,0.23894523,-0.07511685,0.45029563,-0.36759603,-0.083569005,0.25822216,0.23030752,0.065064535,0.26833507,0.038911853,0.6516253,0,0,0,Peripheral,Peripheral,0.023774037043391812
232,1,0.002506265664160401,0.0,0.19151652716697404,0.0010331803359501046,0.0,1,0.0,0.0,1.0,2,0.0,0,-0.816160320663924,7,5,2.142857142857143,0,2,0,5,-0.31991148,0.19778289,-0.17269923,0.42201006,0.2478824,0.048393905,-0.3891885,0.3938625,-0.14524478,-0.40650898,-0.5143513,-0.4466612,-0.35021672,0.8436925,0.2697086,0.2622742,0.24715309,-0.57077897,-0.18166997,0.06458919,0.38130048,0.11118556,0.07177935,0.013145377,0.249257,-0.41322774,0.22276893,-1.1569705,-0.04331302,-0.7130373,-0.054222453,-0.19441788,0.35798612,0.5613124,-0.5292304,0.18319501,-0.42384428,-0.071040235,-0.30850458,-0.052554477,-0.1621048,0.13604565,0.12876692,0.3746892,-0.22526117,-0.034131233,0.67694366,-0.6814982,-0.24550176,0.11682444,0.20858406,-0.18389542,0.3197986,0.014819075,0.067424536,-0.042781807,-0.4488701,0.21303442,0.16346653,0.49302426,-0.279373,0.42018273,0.020190097,-0.078938745,1,1,0,Peripheral,Peripheral,0.020105689843239627
233,28,0.07017543859649122,0.0457139719463282,0.3271017422710855,0.13188820737959875,0.018518518518518517,10,0.053771334637315316,3629.735086510406,0.08620689655172414,29,0.38265306122448983,6,2.239517662733314,11,5,2.6363636363636362,10,1,0,0,-0.11318511,-0.04327544,-0.022610545,0.13615382,-0.107594915,0.1326702,-0.26022875,-0.090514004,-0.054677427,-0.14826632,0.17826685,-0.28952068,-0.5487159,0.19075452,0.05002208,0.11837071,0.037215088,0.013645725,-0.42023847,0.30138373,0.09655432,0.053423967,0.09162405,-0.117990844,0.27045608,-0.21850349,0.043071803,-0.16636612,0.16382553,-0.11227244,-0.08665899,-0.03562642,0.09765943,-0.081616156,0.0025686661,-0.036924176,-0.20851181,0.1544671,0.057265837,0.24497104,-0.16791153,0.07870376,0.12987047,0.20752192,-0.08635876,-0.21793741,0.30613944,-0.057565585,-0.41430673,0.14641227,-0.0057714093,0.0030913546,0.28609073,-0.22140068,0.12295697,-0.16965118,0.038302943,-0.25773975,-0.16491294,-0.01423019,-0.16866608,0.11162519,0.2872181,0.45677254,0,0,0,Coordinator,Peripheral,0.1531551477503905
234,5,0.012531328320802004,0.0029629625245736965,0.245697450888947,0.01395982281384139,0.0,4,0.005275242679527023,235.2621874136761,0.3333333333333333,6,0.0,0,-0.23412641906445003,16,10,2.5,5,2,5,4,-0.19308892,0.89532614,-0.31519267,-0.16743419,0.28349388,-0.04402928,0.01718553,-0.40193227,-0.14361922,0.20572707,0.21341297,-0.3091457,-0.530966,0.1693144,-0.3808598,0.31137225,-0.3315925,0.14694034,-0.4805056,-0.4390657,0.22121087,-0.13973479,-0.056125693,0.079938896,0.08706612,-0.4358335,-0.048570246,-0.33493176,0.28014955,-0.06584759,-0.03325382,0.42716488,0.33609572,0.09640155,-0.0037486127,-0.08060697,-0.48569503,0.40432993,0.38720134,0.48308966,0.11247801,0.2790009,-0.37021983,-0.088494025,0.06290958,-0.13889974,0.53828835,-0.14737138,-0.006426322,-0.15644835,0.19860396,-0.16286102,0.35617065,0.25703353,-0.21240404,-0.12545015,-0.2445759,-0.2536035,-0.103926554,0.1177366,0.098097436,-0.23672408,0.10820703,0.5233681,0,0,0,Enabler,Peripheral,0.02822874031492106
235,4,0.010025062656641603,0.0003431054297632085,0.21369212504946575,0.00522462808139057,0.0,4,0.0007957277702778389,27.242914228628518,0.4,5,0.0,0,-0.37963489446431853,10,6,2.5,0,0,5,5,0.0533621,-0.057008952,-0.2709728,0.015413583,0.03697655,0.45489725,-0.2211952,-0.62056303,0.008811863,-0.0795465,-0.23157398,0.13833043,-0.90458304,-0.24261905,-0.42424694,0.04390379,0.09479341,0.2941539,-0.5195825,0.0021803658,-0.46634078,-0.022672825,0.11884512,-0.3630458,0.31363496,-0.29408637,-0.08678327,-0.55329,0.28768608,-0.3420111,-0.096781544,-0.15987985,0.51223624,-0.642641,0.1278304,-0.3822791,-0.24533765,0.027676506,-0.08181639,0.11717974,-0.6064124,0.5426672,-0.2735371,0.23941992,0.64392596,-0.28020135,0.47236085,-0.5403948,-0.3664272,0.09972873,-0.09964388,0.09425434,0.38708222,0.30837014,-0.14302772,0.11223074,-0.106787294,-0.34312272,0.061294578,-0.2234953,-0.24664496,-0.01755778,0.48573843,0.7801164,0,0,0,Peripheral,Peripheral,0.023794875432669078
236,2,0.005012531328320802,5.1036900698743756e-05,0.20942103808845128,0.00321020122292141,0.0,2,2.88269529211079e-05,4.052380952380953,0.6666666666666666,3,0.0,0,-0.6706518452640555,6,5,1.5,0,1,0,5,0.0870723,-0.12908474,0.50450146,-0.15476307,0.3232511,0.1430648,0.17682312,-0.0077721323,-0.19561335,-0.032763552,-0.16368361,-0.16535404,-0.6282624,-0.099764414,0.4910886,-0.13898921,-0.40790898,0.20807172,-0.63062465,-0.47663015,0.3229085,0.088099234,0.051933464,-0.53724647,0.37276772,-0.23778206,0.2928769,-0.13935795,0.24777304,-0.48983026,0.07995856,0.6358813,-0.08044356,-0.27088708,-0.12948494,-0.19560497,-0.8897343,0.23653892,0.7281582,0.014949895,-0.11159805,0.28262204,0.36676547,-0.4960441,-0.17635876,-0.2901964,0.7688152,-0.5163691,0.2507167,-0.15790012,0.024192931,-0.34525055,-0.06376759,-0.5024396,-0.1904792,-0.4378801,-0.18928117,-0.3183448,-0.057619087,0.32219252,-0.15173823,-0.118455105,0.499542,0.37309232,0,0,0,Peripheral,Peripheral,0.011969487785995641
237,4,0.010025062656641603,0.0004777760175393683,0.21524985425791116,0.0052171006074378246,0.0,3,0.0007046169944984877,37.93589356864339,0.4,5,0.0,0,-0.37963489446431853,8,6,2.0,0,1,2,5,0.07015692,-0.1896538,-0.40673456,-0.44990963,-0.10294905,-0.092319205,-0.4754498,-0.18072869,-0.13599673,-0.4685912,-0.25125763,-0.28042954,-1.1382574,0.4684267,-0.26003185,0.07523927,0.045654442,0.025560634,-0.21655436,0.41229174,-0.43269086,0.3171493,0.47674042,0.302797,0.10565811,0.06789248,0.51362634,-0.33894008,0.44515452,-0.12257313,0.2764586,0.37014312,-0.12549892,0.10595807,-0.14482176,-0.37951332,-1.0583453,-0.32530588,-0.13048616,0.4492126,-0.24956399,0.11503072,0.045393407,0.25882417,0.31442034,-0.3819033,0.031269748,-0.16547656,-0.31293893,-0.294396,-0.7101929,0.3604803,0.2877593,-0.17570922,0.21527715,-0.12505722,-0.08604634,0.053652845,-0.06679779,-0.0119914105,-0.36535078,0.06478378,0.27490622,0.5949447,0,0,0,Peripheral,Peripheral,0.020274378985267134
238,1,0.002506265664160401,0.0,0.20338887293374322,0.0016499629512490921,0.0,1,0.0,0.0,1.0,2,0.0,0,-0.816160320663924,5,4,1.2,0,0,1,4,-0.4667838,0.29241914,-0.38466662,0.54444003,-0.002640385,0.23060377,-0.22546472,-0.2613205,-0.53215826,0.1183215,0.250486,-0.17183667,-0.62983257,0.37212726,-0.04429822,-0.19611144,-0.6081804,0.44324568,-0.32045183,0.24491222,-0.12079554,-0.072408855,0.11434754,-0.08979177,0.43080872,-0.1445813,0.47066283,-0.54131955,0.79663116,-0.5163799,-0.10969121,0.9017327,0.5506914,0.3296163,-0.085195735,0.084199555,-0.029937906,0.3961877,-0.044270657,0.12037359,0.38918042,-0.24958211,-0.18864296,-0.23564346,0.33136445,-0.0479039,0.05790898,-0.08693718,-0.30697587,0.16463423,0.124688864,0.02746323,-0.1019528,0.076895855,0.3686681,-0.46212456,-0.4491508,-0.12302163,-0.20466949,0.7157445,-0.11780661,-0.0487446,-0.36325803,0.12512593,1,1,0,Peripheral,Peripheral,0.02021539957561243
239,13,0.03258145363408521,0.002686471545223758,0.28097926477092383,0.07315054534755244,0.07692307692307693,9,0.00447450129882982,213.30852716231158,0.2087912087912088,14,0.0,0,0.9299413841344979,19,8,2.4210526315789473,7,8,4,0,0.07587955,-0.038517043,-0.19802414,0.19842224,0.19605888,-0.103529684,-0.08222906,-0.20658806,-0.28773585,-0.14574227,0.052808266,-0.33711147,-0.55729246,0.44003853,0.039093323,0.07628386,-0.13570145,0.11843137,-0.41229475,0.25755382,0.12064699,-0.08955097,-0.03198673,0.109432206,0.18076356,-0.16567397,0.15043214,-0.052097403,0.10959399,-0.0015945473,-0.27970037,0.077021845,-0.051480744,0.17707568,-0.054194625,-0.15612052,-0.5039634,-0.019300343,-0.15562482,0.19170971,-0.14887156,0.080747984,0.24702138,-0.088870406,0.15742919,-0.21304712,0.4300913,-0.22269359,-0.47416523,-0.0207623,-0.09561045,-0.005403268,-0.03493404,-0.022045173,0.012656448,-0.035020433,-0.11105433,-0.06669948,-0.27445564,0.22594497,-0.1504239,0.15281785,0.3938094,0.2031065,0,0,0,Broker,Broker,0.8672394390457859
240,3,0.007518796992481203,0.0004825764918534521,0.21009833769417072,0.004041065613546484,0.0,3,0.000355150508879681,38.31705602965595,0.5,4,0.0,0,-0.525143369864187,9,4,2.3333333333333335,0,1,2,6,-0.40595397,0.3179779,-0.14302257,0.14971186,0.13522668,-0.18060179,-0.28012198,-0.213645,-0.10119898,0.012037624,-0.46184692,-0.37399027,-0.90012914,0.6116885,-0.02503616,0.07857206,-0.5820334,0.09110596,-0.56485295,0.41763806,0.37705582,0.22486436,0.40365475,0.36862087,0.27438876,-0.14646514,0.122630894,-0.35371134,-0.482213,-0.3336542,0.16631128,0.23323019,0.095728524,-0.2253733,0.24763305,0.28678206,-0.22997797,-0.26521364,0.07575442,0.3690223,-0.06470445,-0.027979873,0.6148094,-0.41242215,0.026562281,-0.103449695,0.8598103,0.22679685,-0.7577245,-0.18293037,0.33385292,0.28904298,0.026970416,0.40951622,-0.4105973,0.53792363,-0.1171476,0.0037919297,0.51284814,0.22565109,0.4969999,0.23998304,-0.045829967,0.46620762,0,0,0,Peripheral,Peripheral,0.017932068123910353
241,1,0.002506265664160401,0.0,0.16479555052013595,0.00011566845615187779,0.0,1,0.0,0.0,1.0,2,0.0,0,-0.816160320663924,14,6,2.2142857142857144,0,3,3,8,0.29593438,-0.24740869,-0.44472978,-0.26271144,-0.5276064,-0.17960261,-0.40533167,-0.22031482,-0.17096126,-0.13730064,-0.20444702,-0.43057495,-1.3510858,0.20540822,0.043278962,0.042733498,-0.33717898,-0.27719492,-0.18288508,0.1724071,0.31961083,0.2532044,-0.03945005,0.09871874,0.40780845,-0.4161716,0.8700549,0.0043337755,0.25763002,0.44378245,0.098269954,0.1301381,-0.058044843,0.40808666,-0.062231664,-0.48335135,-1.3612156,-0.38858998,-0.0059635025,0.31619716,-0.231795,0.037457168,0.10986874,0.39678186,0.11316823,-0.44904193,0.07651109,-0.18516181,-0.82124454,0.07448732,-0.8876846,-0.3542438,-0.14194092,-0.25248647,0.069005765,-0.18991907,0.17104016,-0.0033491047,-0.7019175,-0.1170954,-0.36184955,0.35445157,0.44191173,0.29942796,1,1,0,Peripheral,Peripheral,0.019942488124701025
242,15,0.03759398496240601,0.009836182364888339,0.2897520339653773,0.08637783720977228,0.0380952380952381,10,0.011512155151959802,781.002715954499,0.15833333333333333,16,0.12888888888888883,1,1.0754498595343664,15,8,3.0,4,9,2,0,-0.04336523,0.24571249,-0.0042625205,0.15941161,0.32597733,0.0309679,-0.1575295,0.11928743,-0.22368725,0.06817714,-0.04900779,-0.41307262,-0.66675556,0.22745474,0.10764273,0.15903062,-0.18789287,0.06395505,-0.06491215,0.070890844,0.05288846,-0.19575447,0.22463572,-0.15139522,0.088752136,-0.38620317,-0.0011442256,-0.10741985,0.13945687,-0.08208136,-0.08563693,0.2712913,0.11352351,-0.18704198,-0.045392863,-0.10656948,-0.3553339,0.22274382,0.12715511,0.15513596,-0.11269443,0.078734316,0.20561409,-0.04726313,0.07735847,0.031247105,0.32636577,-0.50226814,-0.047401287,-0.10436279,-0.014135953,0.006160035,-0.0641309,0.11359296,0.054532193,-0.096561626,-0.32790664,-0.1971553,0.02140414,0.1090101,0.004210537,0.23765276,0.23180218,0.27332902,0,0,0,Broker,Peripheral,0.08931344833926191
243,3,0.007518796992481203,0.0003514072315092836,0.21453898948163008,0.0050587974529355175,0.0,3,0.00027612175456661036,27.902085589068626,0.5,4,0.0,0,-0.525143369864187,7,5,1.8571428571428572,0,0,1,6,0.2151717,0.43029004,0.41554147,0.39988112,0.012373467,0.039478794,-0.068186775,0.074422635,-0.067864895,-0.3648163,-0.54847294,-0.4642652,-0.75548464,0.00086502865,0.28745484,-0.20593658,-0.13321577,0.2209471,-0.4127206,-0.099324025,-0.11398378,0.3551356,0.5907668,-0.505585,-0.011131275,-0.7144132,0.075672425,0.10189098,-0.11460956,0.16086541,0.18584526,0.51062006,0.053672016,0.13701552,-0.39262956,-0.4938357,-0.6664355,0.15677081,0.5972917,-0.35937196,-0.3183569,0.1543066,0.20606272,-0.4073799,-0.0447308,-0.08753924,0.44694355,-0.3520131,0.26596636,0.04217094,0.21935657,0.056245666,-0.30592048,-0.17160988,-0.109028585,-0.13494195,-0.6712192,-0.67729044,-0.0684763,0.43974897,-0.1232717,0.010272123,0.77805036,0.45751348,0,0,0,Peripheral,Peripheral,0.018075765780769647
244,1,0.002506265664160401,0.0,0.1985403606816552,0.001112854571797185,0.0,1,0.0,0.0,1.0,2,0.0,0,-0.816160320663924,8,6,2.5,0,2,2,4,-0.16410257,-0.053695172,-0.56957763,-0.087740384,0.30190405,0.38391867,0.15118518,-0.56937504,-0.118558615,0.043374997,0.17891957,-0.55705696,-0.75048155,-0.008894051,-0.82561374,0.40105823,-0.20994622,0.13979927,-0.56522465,-0.118284956,-0.40583977,-0.2916212,0.10635702,-0.37234327,-0.38100693,-0.22909412,0.2904506,-0.19848701,-0.118832536,-0.11431963,0.11527353,-0.09400748,0.32456982,-0.18028782,0.24636027,-0.20609555,-0.21618576,-0.06916388,0.27054057,0.45217627,-0.4157188,0.54667556,-0.5440427,-0.10992943,0.5599734,-0.17203373,0.65373176,-0.6451267,0.12237561,0.01322123,-0.013310474,-0.6943073,0.39187452,0.11953743,0.05636321,-0.11681594,-0.50073177,-0.49617606,0.14391285,-0.20370401,0.14690813,0.10348735,0.30095237,0.1498577,1,1,0,Peripheral,Peripheral,0.02011986183653998
245,7,0.017543859649122806,0.009361799568335764,0.2521832531639658,0.01952070639202497,0.09523809523809523,3,0.012384265969525217,743.336247525428,0.32142857142857145,8,0.0,0,0.05689053173528696,17,10,2.3529411764705883,3,1,8,5,-0.06593384,0.1605485,0.16876028,0.20336466,-0.005709178,0.40965378,-0.20603403,-0.2602572,-0.23323427,-0.02639067,-0.10634509,-0.5383025,-0.8517428,0.2632194,-0.021423262,-0.13375916,-0.06664201,-0.27273372,-0.008572365,0.37699625,0.34184602,-0.11032249,0.36044037,0.35630882,0.45345107,-0.27621758,0.23497847,-0.8107602,-0.092343956,-0.15542677,-0.21612602,0.33729002,-0.25271654,-0.07674997,-0.110893235,0.08593515,-0.1326331,-0.07933951,0.07096323,0.24458589,-0.38164824,0.12992255,0.15621027,-0.30665132,0.2375502,-0.16346702,0.63011533,0.18806683,-0.2737526,-0.3366227,0.39323452,0.15566693,-0.16494422,0.13473381,-0.16434577,0.16619925,0.19164434,-0.34868973,0.08865576,-0.16695365,0.3255411,0.5381613,-0.038618438,0.18778649,1,2,0,Enabler,Enabler,0.2819553725099529
246,1,0.002506265664160401,0.0,0.19334049409237378,0.000887309068506275,0.0,1,0.0,0.0,1.0,2,0.0,0,-0.816160320663924,5,5,2.0,0,0,2,3,-0.17243727,0.06735888,-0.47437242,-0.005356991,0.51266485,-0.36120334,-0.46297017,-0.17332476,-0.10413254,-0.23789273,-0.46182644,-0.41681316,-0.39387298,0.67982507,-0.2994744,0.01893294,-0.5361549,-0.06318154,-0.69989187,0.24436577,0.33220294,0.56567556,0.106521815,0.40572268,0.21223521,-0.22438115,0.088473246,-0.12632439,-0.4563055,-0.59500444,-0.1700604,-0.10988958,-0.00414031,-0.53256416,-0.022127718,0.4658377,-0.4125366,0.22040227,0.014945393,0.43581957,-0.08205794,-0.1819565,0.16508651,-0.32560733,-0.055214304,0.050525885,1.0128096,0.025410118,-0.734074,-0.46381444,0.017398456,0.43553686,0.12952355,0.59403133,0.19859211,0.40589365,-0.20177987,0.027465967,0.43532988,0.18458001,0.48011112,-0.28666174,-0.0018060461,0.6165455,1,1,0,Peripheral,Peripheral,0.020079743103958745
247,7,0.017543859649122806,0.005672057712039904,0.25140250005819503,0.013488622571351661,0.047619047619047616,3,0.011388758700725556,450.36705439368035,0.2857142857142857,8,0.0,0,0.05689053173528696,21,11,2.6666666666666665,2,1,14,4,0.14301997,-0.2086852,-0.3638696,0.06358317,-0.43384522,-0.37628147,-0.40316108,-0.37534568,-0.17767788,-0.30345562,-0.07813222,-0.5078793,-1.2600119,0.33704442,-0.06797363,-0.18325451,-0.2562589,0.02004444,-0.3344707,0.15874374,0.15638423,-0.06852573,-0.071766056,0.25527418,0.3094871,-0.124110125,0.43253818,-0.077092454,0.115955666,0.04835591,-0.007457011,0.25250947,0.08739184,0.3325866,0.20792194,0.017773608,-0.8354897,-0.0417988,0.2541732,0.01426924,-0.33813146,-0.09046279,0.060786437,0.14872633,0.04345249,0.09614659,0.21148671,-0.3311383,-0.5086665,-0.1032498,-0.33128375,-0.195675,0.19265041,-0.2817687,0.25094777,0.014869414,0.35707647,0.26213577,-0.6065081,0.07131216,-0.5474422,0.07733849,0.4219559,0.20867375,0,0,0,Enabler,Enabler,0.18167762454209305
248,26,0.06516290726817042,0.0597476360326326,0.31201924118653984,0.11154284417304812,0.03076923076923077,10,0.04050687570174759,4744.022048627061,0.10256410256410256,27,0.2174556213017752,3,2.385026138133183,21,6,2.6666666666666665,17,4,0,0,-0.23015295,-0.09419247,-0.1390966,0.32709074,0.077530235,0.18646412,-0.07635945,0.024521792,-0.120032854,-0.28687885,-0.26148555,-0.32639846,-0.47842407,0.42771843,0.17647418,0.1583849,-0.06928812,-0.17711058,-0.523742,-0.03090432,0.20519872,0.21424398,-0.019973809,0.041392475,0.09639549,-0.2672737,-0.011544827,-0.27390817,-0.10271078,-0.2137682,0.030263335,0.21911363,0.14404538,0.116856456,-0.10173894,0.025648877,-0.33131745,0.1479866,-0.008551308,0.31816733,0.08306065,0.17256235,0.20001516,-0.05544829,0.050141517,0.07998181,0.4902674,-0.14481664,-0.2983229,0.19990864,0.16701682,0.050719995,0.124433815,-0.032025196,0.07248179,0.035300814,-0.14239815,-0.046872776,-0.14402352,-0.08227451,-0.10793886,0.058124743,0.030985842,0.21738641,0,0,0,Coordinator,Peripheral,0.13858876017867036
249,8,0.020050125313283207,0.016058904505942485,0.2647204809088737,0.026132315366463755,0.10714285714285714,4,0.013077036597652832,1275.0930766763393,0.3055555555555556,9,0.0,0,0.20239900713515546,15,8,3.1333333333333333,3,3,5,4,0.4164803,-0.079072736,-0.14087349,-0.17433713,-0.08018437,0.00048759108,-0.17664078,0.07505749,-0.17444718,-0.11794021,-0.5389817,-0.2570701,-0.5688492,0.6817176,-0.23077947,-0.18130998,-0.15229972,0.026453914,-0.50272983,0.21434851,-0.26221037,-0.08191156,0.40290636,-0.08678864,0.3487029,-0.070507415,0.095382124,-0.33488008,0.4129072,-0.16827713,0.21307346,0.3205643,0.1859155,0.13379017,0.09012865,-0.023794029,-0.7817938,-0.42557546,0.053048115,0.46380574,0.1425557,0.13544075,-0.17343555,-0.496449,0.39826658,-0.15664418,0.35354188,0.06873403,-0.099311806,-0.005391878,-0.3446363,0.45424262,0.43470103,0.16066974,0.2203283,-0.10159461,-0.42479122,-0.05083465,0.15329315,-0.016017575,-0.14011744,0.14153914,0.42676076,0.15136355,0,0,0,Enabler,Peripheral,0.040524474243666425
250,6,0.015037593984962405,0.0010945568231264357,0.23830669851444455,0.01721828905207466,0.13333333333333333,4,0.0027981654635732688,86.90890631306212,0.38095238095238093,7,0.0,0,-0.08861794366458153,10,7,2.0,1,2,4,3,-0.21703531,-0.10984415,-0.3004098,0.24548768,0.27208316,0.05345024,-0.37463132,-0.43754002,0.058855984,-0.32552293,0.021862207,-0.38502967,-0.41738665,-0.025916137,-0.18937325,-0.12495104,0.022090614,-0.03306791,-0.51616174,-0.49346918,-0.09040934,0.099165335,-0.1832853,-0.10752612,0.2787143,-0.43405515,-0.1038473,-0.12696062,0.24502052,-0.077283375,-0.35203907,0.40822315,0.19722745,0.058022033,-0.19506805,-0.34783113,-0.1975646,0.36949798,-0.09937806,-0.0071783285,-0.33994538,0.09968311,-0.35511693,-0.12640558,0.39808965,-0.57311845,0.5026517,-0.33155674,-0.73531574,-0.102443494,-0.14183626,0.40075892,0.20270252,0.3561975,-0.3586932,0.1181376,-0.44034177,-0.46415514,0.003453465,0.019664023,-0.36083162,-0.24873887,-0.04208263,0.65449536,0,0,0,Enabler,Peripheral,0.03041108227929719
251,3,0.007518796992481203,0.002298050811293718,0.20149629657269724,0.0018756273320575012,0.0,2,0.004595450099285065,182.4675324675325,0.5,4,0.0,0,-0.525143369864187,6,5,1.6666666666666667,0,1,3,2,0.25979784,-0.15921327,-0.26847985,-0.28355637,-0.41459695,-0.12199575,-0.34114295,-0.17108144,-0.13962579,-0.24316216,-0.2163762,-0.34609768,-1.2993324,0.32116672,0.07597949,0.0008581223,-0.31636268,-0.2113771,-0.27254248,0.13709399,0.095806755,0.28281707,-0.042137675,0.2461784,0.28603828,-0.31632298,0.72347516,0.02280145,0.31869859,0.4349265,0.06548198,0.14610761,0.025500355,0.4093654,-0.08000559,-0.3079208,-1.1579478,-0.26305422,0.023216004,0.3043806,-0.29607952,-0.07434019,0.119434975,0.38751453,0.17819256,-0.273335,0.081272356,-0.19661854,-0.76214653,-0.03497053,-0.8613831,-0.3223736,-0.07280359,-0.30589426,0.2435289,-0.051894814,0.2228749,0.022070317,-0.76186645,0.07830897,-0.23666379,0.20471232,0.27607626,0.15760407,1,1,0,Peripheral,Peripheral,0.028736027972147332
252,12,0.03007518796992481,0.00308299147395637,0.2790481358034261,0.07090217336908933,0.06060606060606061,9,0.0034485809917169986,244.79260602360972,0.20512820512820512,13,0.0,0,0.7844329087346295,15,10,2.6,2,7,6,0,-0.088326596,0.020272989,-0.22476399,0.16698234,0.183873,0.13101976,-0.072357155,-0.12017016,-0.23344672,-0.053252313,0.03461656,-0.5020352,-0.55544347,0.16492711,-0.0742537,-0.047103908,-0.3443182,0.029485414,-0.285461,0.17753577,0.037817348,-0.08894053,0.04421146,-0.18197863,-0.09622956,-0.024682604,0.12845385,-0.31492993,0.040414087,-0.06512454,-0.07809956,0.038112722,-0.026400054,-0.13617155,0.10166277,-0.13997157,-0.36255515,-0.040058292,-0.11443783,0.1049738,-0.15232368,0.2749008,0.03159156,-0.2425696,0.32362953,-0.12683621,0.47914872,-0.43599823,-0.39190027,0.12940195,0.06324735,-0.1903306,0.04721305,0.16628718,-0.073079586,0.15391845,-0.20735905,-0.119746044,-0.05293631,0.1581672,0.008767596,0.13120392,0.2083842,0.18732789,0,0,0,Broker,Broker,0.8386831996310542
253,26,0.06516290726817042,0.03647500089296154,0.3153514855098912,0.11162626977366807,0.027692307692307693,10,0.033252780767022705,2896.1515459020393,0.09971509971509972,27,0.2174556213017752,3,2.385026138133183,13,6,2.8461538461538463,10,3,0,0,-0.11323167,-0.18396592,-0.074983306,0.3550416,0.15839851,0.044836495,-0.17429863,-0.12014245,-0.24078727,-0.08193765,-0.241423,-0.47751826,-0.4840862,0.24021327,-0.17989369,0.03534872,-0.10601049,-0.032682233,-0.48294196,-0.15519819,0.11676657,0.118147336,0.23249964,-0.1686478,0.016727684,-0.14540781,0.018589573,-0.2657365,-0.041620553,0.0011543795,0.07248043,0.2535727,-0.0058379443,0.080474734,0.009646356,-0.23988669,-0.23745291,0.04356959,0.10455467,0.17230746,-0.039022308,0.2967109,-0.023435755,-0.12619135,0.08873131,-0.07147071,0.46164957,-0.2670646,0.2116036,-0.007352425,-0.024104549,-0.120663606,0.2057335,-0.08192523,-0.06936385,0.07245695,-0.26184946,-0.15825053,-0.027131464,-0.018672286,-0.1334892,0.055870637,0.25344402,0.3555052,0,0,0,Coordinator,Coordinator,1.0
254,2,0.005012531328320802,0.0,0.2062298603651987,0.0026376097050901824,1.0,2,0.0,0.0,1.0,3,0.0,0,-0.6706518452640555,11,8,2.5454545454545454,0,4,2,5,0.16535416,-0.13868828,-0.116699174,0.04273327,0.36727667,0.20916554,-0.38675776,-0.24960715,-0.58041126,-0.9609681,-0.10468719,-0.6533493,-0.4498059,0.24347617,-0.23437628,-0.41170904,0.24030666,-0.112325326,-0.47117,0.0036119646,-0.14496984,0.054417234,-0.09410076,-0.29524383,0.2785423,-0.45924136,-0.11106565,-0.1604964,0.061794724,0.38168934,-0.7098467,0.5010697,0.5888326,0.24884269,0.35873285,-0.3945991,-0.51227665,0.47166896,-0.5124469,0.1300328,-0.041424092,0.25550187,-0.0046912786,-0.25487062,0.46809536,0.13849872,-0.14635779,-0.3230153,-0.5566251,-0.05192668,0.17402579,0.2975238,-0.15738761,0.108114,-0.33411157,0.20020486,-0.23370959,-0.41738144,0.29882506,0.22332823,0.2891702,-0.41012597,0.56893474,0.07071286,0,0,0,Peripheral,Peripheral,0.011853113472020725
255,1,0.002506265664160401,0.0,0.177784362383792,0.00036120270080834736,0.0,1,0.0,0.0,1.0,2,0.0,0,-0.816160320663924,12,7,2.1666666666666665,0,2,3,7,0.13248739,-0.16211133,-0.088793054,0.37348068,-0.14437233,0.07327318,-0.35964525,-0.17582324,0.12166069,0.24282736,-0.078520924,-0.5419176,-0.7852265,0.09341409,0.50610393,0.019403588,-0.42440054,-0.5014005,-0.9520497,-0.049462862,0.19172527,0.2811983,-0.13656005,-0.17210677,0.4057314,-0.45827812,0.91192335,-0.3374097,0.24647151,-0.02982165,0.20952608,0.37833577,0.12137782,-0.04538925,-0.19231787,0.073888496,-0.97776324,-0.08616115,0.2734193,-0.30888292,0.10077868,0.7248456,0.007451463,-0.62099177,-0.34999487,0.25642827,0.6491225,-0.2523443,-0.0938007,-0.55307096,-0.004858928,0.5464634,-0.57992685,-0.019505257,-0.60930276,-0.46691915,-0.020408327,-0.5597193,-0.2605549,-0.05871048,-0.54377455,-0.07655028,0.70455897,0.17497016,1,1,0,Peripheral,Peripheral,0.019986162339248336
256,5,0.012531328320802004,0.00605182610267192,0.23918411640293663,0.00752540283011961,0.0,3,0.005743663441916074,480.5210443782531,0.3333333333333333,6,0.0,0,-0.23412641906445003,12,9,2.5833333333333335,0,3,6,3,-0.0050587896,-0.39249206,-0.11522939,0.46421996,-0.37532294,-0.031767607,-0.5943794,-0.33529785,-0.088971406,0.08057199,0.026416158,-0.6595718,-0.94605005,0.3424781,0.11277246,0.15068135,-0.38791004,0.0824239,-0.60665345,-0.02955897,0.060335826,-0.09294702,-0.23779738,-0.32527655,0.51868737,-0.18507166,0.52031004,-0.0028122324,0.37451637,0.055099636,-0.11662055,0.37332326,0.30810285,0.28093845,0.16309653,-0.010412951,-0.95517397,-0.07858597,0.06099283,-0.18590134,0.077609695,0.35772106,0.12233383,-0.042448904,-0.24792445,0.19658442,0.6728372,-0.17812559,0.16449164,-0.4347456,0.015553404,0.72400796,-0.24009891,0.11001667,-0.05581006,-0.35324037,0.10943066,0.066015735,-0.7086097,0.12747036,-0.23045805,0.16113044,0.40725863,-0.0058093714,0,0,0,Enabler,Peripheral,0.024405824997636157
257,3,0.007518796992481203,0.00018628114369981604,0.20821283979178715,0.0019578120238576938,0.0,3,0.00023267158767286978,14.790909090909093,0.5,4,0.0,0,-0.525143369864187,7,6,2.7142857142857144,0,1,2,4,-0.089648835,-0.14801243,-0.31878954,0.1854341,-0.69149274,-0.38245833,-0.53087974,-0.34721833,-0.48718688,0.028564021,-0.2226702,-0.5359633,-0.79961777,0.58466995,-0.17553438,-0.25298908,-0.7717383,0.37165847,-0.409033,0.015887871,0.31603122,-0.36636394,-0.10841168,0.03473478,0.42294362,-0.2568406,0.839373,-0.113265805,0.52603227,0.069871,0.033976257,0.4855045,0.35764664,0.13599958,0.40607974,-0.34317702,-0.7524766,-0.14448468,0.11755496,-0.020795008,-0.0051116874,0.14169243,0.26717877,0.28058377,-0.05778987,0.13898487,0.6238925,-0.3187843,-0.23540188,-0.24544512,-0.13708994,0.36228216,0.2634701,-0.042946298,0.012695625,-0.414335,0.24063477,-0.11065868,-0.71058965,-0.1612956,-0.43303403,0.22291985,0.5385442,0.054956988,0,0,0,Peripheral,Peripheral,0.017477185706363262
258,9,0.022556390977443608,0.006258585286431971,0.26300569236857324,0.028167858594844872,0.05555555555555555,4,0.011658913290325687,496.93793032798493,0.24444444444444444,10,0.0,0,0.34790748253502396,15,8,2.4,1,1,9,4,-3.7717884e-05,0.028185435,-0.4276552,0.029658869,-0.2783043,0.35774624,-0.15075365,-0.17723006,-0.29724503,-0.3058858,-0.09033429,-0.0755526,-0.8188934,-0.27137145,-0.052362308,0.06501341,0.24345458,-0.15498891,-0.03203518,0.24650069,-0.09789443,-0.19953072,0.0941104,-0.074496835,0.1763958,-0.21545261,-0.0025100068,-0.43915984,-0.060586497,-0.4190206,0.031357013,0.28056875,0.008997388,-0.20016174,0.2897197,-0.4860922,-0.40640664,0.31535944,-0.065661035,0.2873462,-0.18964054,0.07063435,-0.009285012,-0.24578127,0.45118824,-0.13333742,0.35921958,-0.35634425,-0.21321312,-0.14181273,-0.23860575,0.16959502,0.67674017,-0.10734413,-0.10373028,-0.024734436,-0.07983828,0.14155729,-0.07970252,0.29347104,-0.32460678,0.20174213,0.22237548,0.4645963,1,1,0,Enabler,Enabler,0.33396396150759317
259,1,0.002506265664160401,0.0,0.20338887293374322,0.0016499629512490921,0.0,1,0.0,0.0,1.0,2,0.0,0,-0.816160320663924,4,3,3.0,0,0,3,1,-0.33729923,0.3155502,-0.35308367,0.78147596,-0.046597313,0.1562758,-0.18320155,-0.3080663,-0.51370025,0.38729632,0.13442303,-0.0906213,-0.5869093,0.4778407,-0.12676997,0.0053360052,-0.62348485,0.3248485,-0.20961726,0.2955586,-0.034846082,0.04944822,0.15440768,-0.20322861,0.39616227,-0.20853126,0.83892155,-0.48062477,0.75881064,-0.27275646,-0.122142784,0.71202546,0.5925935,0.15335238,-0.086481184,0.028853502,-0.02111071,0.3472618,-0.028096827,0.009701881,0.3673891,-0.13565812,-0.20684499,-0.3753076,0.4262678,-0.119290754,0.03680527,0.03331858,-0.35905465,0.38029733,0.10503045,0.050748087,-0.19259052,0.119136594,0.36065927,-0.41435573,-0.5785277,-0.35466185,-0.149932,0.3253053,-0.11224303,-0.36467966,-0.26181754,0.2494623,1,1,0,Peripheral,Peripheral,0.02021539957561243
260,4,0.010025062656641603,0.006118275098741076,0.21872863978127136,0.004958451306122612,0.0,3,0.004268256076682639,485.7971611151402,0.4,5,0.0,0,-0.37963489446431853,11,7,2.090909090909091,0,1,2,8,0.109969676,-0.26960078,-0.13174854,-0.1436524,-0.4300516,0.15447298,-0.1348927,0.28807873,-0.42032942,-0.14457677,-0.14050092,-0.21165007,-0.802022,0.7262012,-0.48652455,0.053379707,0.04901735,-0.122407846,-0.3820796,0.17680687,-0.74744827,0.12547901,0.07644911,-0.3407679,0.11335626,-0.40083155,0.84065014,-0.75049275,0.7939004,-0.3239832,0.42932472,0.120525345,0.4402451,-0.24055934,0.28349423,0.09182146,-0.81068355,-0.112229295,0.09493307,-0.118092045,-0.10797573,0.6609277,-0.1460663,-0.67035276,-0.0727185,-0.14550535,-0.003266805,0.07550734,-0.3239423,-0.29673046,-0.15821284,0.24317887,0.10746135,0.14266261,-0.023975968,-0.038379468,-0.48264277,-0.010527717,0.37568375,0.12685637,-0.41415352,-0.0055022817,0.2272927,0.8367656,0,0,0,Peripheral,Peripheral,0.02183365102367302
261,4,0.010025062656641603,0.002949280829406966,0.2105068244168425,0.0029867687084785925,0.0,3,0.005754708482353602,234.17584713574252,0.4,5,0.4375,1,-0.525143369864187,8,5,2.75,0,2,4,2,-0.010301507,0.83368164,-0.18905994,0.025969872,0.15347987,0.15136483,-0.35248473,-0.63767123,0.086329624,0.19490267,0.18045424,-0.17161867,-0.6551193,0.44425476,-0.21866922,0.56395215,-0.51565826,0.18323484,-0.45333886,-0.38795263,-0.3023579,-0.13290183,-0.06454943,0.041203786,-0.17937918,-0.37246513,0.1522465,-0.14995433,0.055995096,-0.35849547,0.008106955,0.44405076,0.5605892,-0.33088803,0.58928365,-0.13321145,-0.3104691,0.35055745,0.36430323,0.8856438,-0.265722,0.6337845,-0.58551204,0.0951667,0.40073478,-0.20647287,0.4654857,-0.59748137,0.07912714,-0.1398156,0.16293867,-0.52920467,0.07053993,0.33358115,0.22431192,-0.05348224,-0.34416017,-0.4688838,0.12958038,-0.030678231,0.19421503,0.05654799,0.41310313,0.2684791,0,0,0,Peripheral,Peripheral,0.02413853222653883
262,0,0.0,0.0,0.0,7.590317288714358e-60,0.0,0,0.0,0.0,0.0,1,0.0,0,0.0,8,5,2.375,0,3,1,4,0.0005400982,0.0042216666,-0.010625331,-0.004363481,-0.0013396014,0.0053569805,-0.0016057044,0.013020156,0.015456283,-0.0152026545,-0.0022774711,0.003934581,0.012529435,-0.0115724765,0.0063714404,0.014681501,0.00032931566,0.0006836932,0.010549007,0.012216473,0.0016718581,-0.007644452,0.0023509152,0.005080322,-0.0025271438,0.010986609,0.0030844938,-0.015472611,-0.001484327,-0.0031684954,-0.0038237162,-0.00072128326,-0.00998031,-0.01105823,-0.0005562641,-0.013020998,-0.013054578,0.013813188,-0.0038784724,0.013740309,0.007817743,-0.00029455498,0.006684363,-0.0135809835,0.0109471325,0.0125349015,0.01379112,-0.008775314,-0.0036951974,-0.013289597,0.007847756,-0.009788599,0.0131552275,-0.010154091,0.0074932147,-0.010721356,0.0046554506,-0.0033997484,0.004198659,-0.0041938424,-0.01194408,-0.007542094,0.003656242,-0.011205943,0,0,0,Peripheral,Peripheral,0.0
263,25,0.06265664160401002,0.03073594516240267,0.3181312733351498,0.11723733812673529,0.03,10,0.031981553512224266,2440.4647818399344,0.10461538461538461,26,0.2944000000000001,4,2.094009187333446,16,5,3.375,15,1,0,0,-0.12853909,-0.1481026,0.029270781,0.30554304,0.0372773,-0.023158418,-0.24669509,-0.14613299,-0.22053796,-0.22119606,-0.029504148,-0.2293203,-0.39453134,0.18605112,-0.11726074,0.09716161,0.089279436,-0.13722576,-0.43549445,0.08445754,0.089165196,0.15700154,0.4327005,-0.30667484,0.06502666,-0.34670964,0.12345205,-0.40409514,0.14320679,-0.067640305,-0.036087297,0.090106815,0.1522136,0.028043047,0.17429279,-0.25040025,-0.14118263,0.2150732,-0.117189154,0.04336203,-0.12492034,-0.10086476,0.04390761,-0.10911486,0.1913669,-0.15894528,0.25821894,-0.22374295,-0.08994068,0.016987178,-0.009553789,-0.061610945,0.09701643,-0.14663003,0.072518475,0.110985525,-0.09456726,-0.1719321,-0.16849616,0.1735822,0.07935339,0.12747525,0.34963605,0.55479753,0,0,0,Coordinator,Coordinator,1.0
264,2,0.005012531328320802,1.2594299819901514e-05,0.21215677993154014,0.0038802310213478085,0.0,2,0.00011814652688193327,1.0000000000000002,0.6666666666666666,3,0.0,0,-0.6706518452640555,10,9,2.6,0,3,4,3,0.05204021,0.03846313,0.20839116,-0.15971814,0.32297185,-0.17382456,-0.3903703,0.24105343,-0.45277572,-0.6640599,-0.14862032,-0.70645463,-0.4462376,0.6265597,-0.40015334,-0.19427814,0.03509957,-0.17847116,-0.36202362,-0.20596355,0.13597739,-0.21247946,0.3917121,0.041754294,0.31600457,-0.64959836,0.0011641927,-0.084055945,0.072214305,0.0054363506,-0.96106786,0.42427698,0.29897684,-0.11944181,0.7148415,0.15244487,-0.4019071,0.3387677,-0.27674073,0.2796913,0.000101457765,0.19648854,0.23952955,-0.2357387,0.3853898,0.0997383,0.2533082,-0.5203822,-0.50991607,-0.056914836,-0.19774632,0.45336422,-0.38578424,-0.2334498,-0.019906241,-0.5049013,-0.44259244,-0.04691968,0.15068878,0.006571217,0.20722301,0.20141557,0.37012747,-0.057449006,0,0,0,Peripheral,Peripheral,0.012077728103223433
265,9,0.022556390977443608,0.01445017509020563,0.26515267761239836,0.027538103903375598,0.1111111111111111,4,0.020563131475089664,1147.3583523374173,0.28888888888888886,10,0.0,0,0.34790748253502396,18,9,2.888888888888889,4,2,10,2,-0.07812663,0.2688419,0.58167565,-0.15304646,0.3714507,-0.11482008,-0.28344718,0.06339255,-0.27541047,-0.40605658,-0.31448287,-0.5289222,-0.43519673,0.75586313,-0.20643279,-0.23201504,-0.3969632,-0.12774241,-0.11733402,-0.19055328,0.1022474,0.032081824,0.5485874,0.11654689,0.27489302,-0.5837118,0.10488812,-0.5003967,0.0644355,-0.18275338,-0.54287255,0.3791274,0.13663489,-0.18643497,0.5215045,0.34718424,-0.15778473,0.22779548,-0.031870015,0.28038153,-0.0638296,0.28319758,0.17225541,0.11803605,0.2681708,0.032873567,0.4663748,-0.30173707,-0.26307613,-0.03759154,0.025606599,0.15602174,-0.13876128,0.006920217,0.02833073,-0.5955028,-0.4278989,0.15761776,0.15432495,-0.1170562,-0.2546628,0.30379236,0.10506109,0.1349612,0,0,0,Enabler,Peripheral,0.04245117614040797
266,0,0.0,0.0,0.0,7.590317288714358e-60,0.0,0,0.0,0.0,0.0,1,0.0,0,0.0,14,7,3.0,0,4,4,6,0.001699008,0.00096650235,0.0074501596,0.009221701,-0.001107499,0.007934159,0.0055012275,0.0005330648,-0.0071011093,0.013033878,0.009959511,-0.011454903,-0.00941148,0.004662594,-0.006794557,0.0019738227,-0.0019389726,-0.0046261847,-0.01193155,-0.0014165454,0.0011120513,0.009214198,0.0016147587,-0.009055372,0.010887062,0.0029918477,-0.008681823,-0.009400075,-0.008557258,-0.0014810264,-0.0071103238,-0.01016056,-0.009951565,-0.0103846025,-0.013961395,-0.0061665177,0.013807863,0.011662053,-0.0021503903,0.0105234105,0.014637785,0.0118711535,-0.0034930613,0.0048721004,0.0035464615,0.0059517883,-0.0055693816,0.0101322625,0.0022761747,-0.010696918,-0.014257604,-0.01278645,-0.0012631975,-0.00039485283,0.00438698,-0.012993325,0.005366197,0.004868958,0.0070061907,-0.013376845,-0.014586126,-0.0029752553,-0.007071905,0.0149920955,0,0,0,Peripheral,Peripheral,0.0
267,22,0.05513784461152882,0.04403640896008249,0.3123192596876807,0.08732718519915898,0.03896103896103896,10,0.04185499176860457,3496.53490783951,0.1225296442687747,23,0.3305785123966941,4,2.0352416821764807,9,5,2.6666666666666665,7,2,0,0,0.24051628,-0.2941972,-0.22468853,0.060627438,-0.020749146,-0.17422122,0.23600991,0.032576285,-0.029652525,-0.21081005,-0.03864505,-0.21063146,-0.008043703,0.07463971,0.3586224,0.20214258,-0.14605601,-0.071891695,0.11249609,0.140068,0.03780393,0.38769293,-0.27646485,-0.10708713,-0.033478953,-0.08044331,0.41285357,-0.23480302,0.12470565,-0.2083677,-0.2346972,0.1478801,0.29484496,0.033750173,0.27768818,0.17284441,0.23662959,-0.12270808,0.15133567,0.15405497,0.069077015,-0.20622438,-0.05855244,0.16027674,0.2632236,0.19583273,-0.016565207,-0.117930956,0.1407543,0.47727644,-0.064277135,0.05613623,0.25622168,-0.14754349,-0.34735146,0.16062763,-0.055423155,-0.21906257,0.109731644,-0.03510437,0.12032262,0.30931094,0.24294132,0.39451683,0,0,0,Coordinator,Peripheral,0.12482954422640906
268,3,0.007518796992481203,0.002651392804791377,0.2074150894477573,0.002083429209198402,0.0,2,0.004686685624268274,210.52324009324013,0.5,4,0.0,0,-0.37680771710107014,8,6,2.125,0,2,1,5,0.39663514,-0.1674142,-0.572502,0.49180928,0.066194504,0.08317454,-0.14367257,-0.07872123,0.0068491446,0.12715985,0.33049387,-0.46485648,0.22749905,0.5562609,0.66445476,0.046000384,0.19597133,0.51281977,0.07266642,0.24772961,-0.15193109,0.26976752,0.4136222,0.18562172,0.34668547,-0.29299387,0.57982105,-0.75315213,-0.0010282355,-0.22493437,-1.0723604,-0.04335823,-0.12870885,0.11618372,0.18656245,-0.5744007,-0.1843631,-0.111453846,0.73514587,0.43712658,-0.17672352,-0.05817912,0.28088263,0.17367679,-0.26365575,0.3184853,-0.57261735,-0.09119967,0.42370242,0.62751865,0.05683169,-0.29989287,0.19942069,-0.009282668,-0.7596509,0.18471171,0.0127794705,-0.036177058,0.50953144,0.019309781,0.099110804,0.06515008,-0.30633995,0.48460498,1,1,0,Peripheral,Peripheral,0.028873551266565895
269,0,0.0,0.0,0.0,7.590317288714358e-60,0.0,0,0.0,0.0,0.0,1,0.0,0,0.0,8,6,1.875,0,1,2,5,-0.007996641,0.00842762,-0.014560677,0.005976487,0.01165163,-0.0010847319,0.007224163,0.0041407607,-0.014616573,-0.01297497,-0.007621862,0.0041810703,0.010534283,-0.014276506,-0.0033363383,-0.0046555996,0.011796178,0.009329131,-0.0012966059,0.009532271,0.012834819,0.00462549,0.013402628,0.010408238,0.015476765,0.004973313,0.0074265525,0.0058126543,0.0154135935,0.0018424056,0.010437472,0.006559085,-0.006453084,-0.011212634,0.010128563,0.0068462044,0.0024235789,-0.010455346,0.009445863,-0.007063169,0.014522221,-0.009555843,-0.011566365,0.0050868634,-0.0002941657,-0.00075018033,-0.0009341333,-0.011705326,0.015288461,0.011083446,-0.012601154,0.0024610646,0.011276733,-0.00081945583,0.005456323,-0.012273977,-0.0015260596,-0.010224665,0.00038331375,-0.010661943,-0.0079650935,-0.009618701,-0.013431527,0.006367782,0,0,0,Peripheral,Peripheral,0.0
270,3,0.007518796992481203,0.00017683088879962233,0.203134477845646,0.0016853987586632178,0.0,3,0.00020634297280687126,14.040549401578811,0.5,4,0.0,0,-0.37680771710107014,11,6,2.272727272727273,0,4,2,5,0.5201373,-0.19544171,-0.7734928,0.38371024,-0.24936225,0.1376488,-0.057811785,-0.2578428,0.2797433,-0.4223534,0.18368964,-0.6252591,0.2576509,-0.27724674,0.013018818,0.16675077,-0.17722447,0.42644897,-0.33086383,-0.26000634,-0.0824934,0.31546038,-0.38463238,0.07985497,0.045943778,-0.16675802,0.31026798,0.07263969,0.67479616,-0.40459952,-0.8692852,0.37893403,-0.17271021,-0.24828169,0.1990922,0.65418375,0.17895949,0.25176227,0.2227194,0.15712206,-0.2617309,0.6168703,0.2519643,0.08462837,-0.15484166,0.21388084,0.36220726,0.36646074,0.20490654,0.47287273,-0.5162276,-0.4632569,0.119142525,-0.017421054,-0.00044476168,0.47836402,-0.13912451,-0.10446189,-0.058452804,0.040261537,0.6096621,0.4609238,0.42504558,0.55660546,0,0,0,Peripheral,Peripheral,0.017426040875860017
271,1,0.002506265664160401,0.0,0.1948482483954337,0.0007687783923791756,0.0,1,0.0,0.0,1.0,2,0.0,0,-0.6984143036714102,7,5,1.7142857142857142,0,1,2,4,0.39026782,0.70036477,-0.5649612,0.12302115,-0.9069852,-0.6201568,-0.08880693,-0.37281856,-0.09514582,-0.07445289,0.19285057,-0.21521598,0.3272937,-0.08702658,0.43784812,0.7217005,-0.22952409,0.11761638,-0.36615974,-0.23660989,-0.094348915,1.1035008,0.055376444,0.11422688,-0.11530299,-0.09131801,0.5803419,-0.37275293,-0.087204225,-0.2784969,-0.31344208,0.3942127,0.2862551,-0.05600157,0.08381774,-0.2367812,0.14066894,0.21186574,0.22036323,0.92095155,-0.20164904,0.120277844,-0.2159942,0.50551736,0.022013124,0.15144496,0.22207205,-0.07202186,-0.13424185,-0.07473451,-0.18246487,-0.08026718,0.115198985,-0.092104584,-0.31704438,-0.19604725,-0.05956043,-0.4905182,0.3265282,0.3544529,0.29500863,-0.040544793,0.70017725,-0.43929204,1,1,0,Peripheral,Peripheral,0.020058659551288303
272,1,0.002506265664160401,0.0,0.20025402594031316,0.00133831719718464,0.0,1,0.0,0.0,1.0,2,0.0,0,-0.6984143036714102,5,4,1.8,0,0,1,4,0.119429015,-0.52935994,-0.2250328,-0.33809063,-0.024581958,-0.20272247,0.37532586,-0.04263029,-0.6634653,-0.0022893487,-0.2662327,-0.98294026,-0.12667811,0.38078105,0.37472066,0.5672175,-0.4217953,0.073550336,-0.107567295,0.07841427,-0.10935511,0.26392314,-0.40906298,0.41330415,0.0024317864,0.13291639,0.55546147,-0.31028134,-0.28415152,-0.33355305,-0.54783374,-0.0033991754,0.42358044,0.12406791,-0.64266634,-0.099594645,0.6596581,0.06789212,0.28609094,0.40689743,0.11462612,-0.09627854,-0.04829989,-0.044708453,0.571087,0.23596957,-0.1742657,-0.13438113,0.716091,0.08022001,-0.06747092,0.11090563,0.008809998,-0.3157763,-0.33329716,-0.012366437,-0.110786684,-0.107493445,-0.08187642,0.2661285,0.58211136,0.29608038,0.3341297,0.5642585,1,1,0,Peripheral,Peripheral,0.020159965827278012
273,8,0.020050125313283207,0.014892272113320865,0.22036094306322113,0.010197414120557592,0.0,4,0.007578364570074372,1182.46129806979,0.2222222222222222,9,0.0,0,0.42720874932478015,20,10,2.7,3,4,9,4,0.32466516,-0.52167934,-0.7752526,0.3879107,-0.07959244,-0.1147735,0.14113234,-0.03886874,0.053894326,0.035738923,0.07028828,-0.19039464,-0.08510094,0.39583945,0.8936426,0.05939333,-0.10686917,0.4917422,-0.0681164,0.07293484,-0.55173564,0.32456294,0.45375657,0.08106978,0.48039237,-0.02434141,0.5265104,-0.4141845,-0.16295412,-0.025976203,-0.56083876,0.05904991,0.023154639,-0.113727294,0.31445873,-0.04654512,-0.055005454,-0.04605368,0.3990376,0.60573155,-0.054344073,-0.043168742,0.119243376,0.2611875,0.035866402,0.27753055,-0.016688637,-0.23602764,0.60065526,0.62284905,0.26060045,-0.39432526,0.03992944,-0.0614938,-0.5827239,0.11820194,0.18815167,0.050359324,0.5168076,-0.09617291,0.19523457,0.4033195,-0.021422448,0.2551288,1,1,0,Enabler,Peripheral,0.05158798217234842
274,2,0.005012531328320802,9.044997143383814e-05,0.2018719888596569,0.0015679265142200401,0.0,2,0.00025739600256923715,7.1818181818181825,0.6666666666666666,3,0.0,0,-0.5376110103862402,11,9,2.3636363636363638,0,2,4,5,0.29544735,-0.346865,-0.36145312,-0.121991284,-0.070647836,-0.3088499,0.20530769,-0.20082887,-0.24751253,0.12132556,-0.12036557,-0.62726057,-0.1251006,0.5331999,0.041020814,0.5463046,-0.1742705,-0.10694223,-0.20633413,-0.09187844,-0.38201088,0.25170586,-0.49300784,0.25936526,0.29463297,-0.26166978,0.6766304,-0.018070789,-0.4958863,-0.0056868894,-0.46203545,0.044299703,0.46322387,0.11434841,-1.0455561,-0.109437294,0.7477201,-0.03464345,0.18176751,0.37719643,0.4059469,-0.24480827,0.073404156,0.29948476,0.61524844,0.42311272,0.1923124,0.0019990858,0.6608045,0.19489145,-0.31150657,0.15197931,0.08107959,-0.5116498,-0.15915346,0.15060264,-0.12925035,-0.08037811,0.036347084,0.38187683,0.40760434,0.59469336,0.39483932,0.80343896,0,0,0,Peripheral,Peripheral,0.011688586349137662
275,1,0.002506265664160401,0.0,0.1948482483954337,0.0007687783923791756,0.0,1,0.0,0.0,1.0,2,0.0,0,-0.6984143036714102,4,4,2.0,0,1,0,3,0.49825054,0.80073684,-0.8872386,0.020840997,-0.7415589,-0.40388733,0.13912933,-0.18712068,-0.11189551,0.043059178,0.14190574,-0.19759253,0.32675236,0.14357439,0.36599147,0.38713244,-0.116336405,0.38508508,-0.40363035,-0.4373757,0.00890217,1.0475407,0.18133761,-0.23796514,0.04099195,-0.4348407,0.47384405,-0.31719232,-0.37924963,-0.26055458,-0.5131626,0.5408157,0.2597237,-0.010667822,0.24693567,0.02247152,0.2321087,0.07698919,0.15452473,0.869027,-0.4072332,0.16129793,-0.22758843,0.50866336,0.06271426,-0.25945848,0.107446894,0.07657704,0.066324465,-0.052640002,0.00020132007,-0.03912119,0.12188628,-0.10370076,-0.52496904,-0.37364712,-0.26843673,-0.40957478,0.3091204,0.23201847,0.18479672,-0.023486476,0.7206256,-0.3766967,1,1,0,Peripheral,Peripheral,0.020058659551288303
276,2,0.005012531328320802,0.0022921625672220757,0.1985403606816552,0.001586852508754289,0.0,1,0.004521353635344643,182.00000000000003,0.6666666666666666,3,0.0,0,-0.5376110103862402,10,7,2.1,0,2,1,7,0.47866455,0.06422396,-0.64034003,-0.058777854,0.13070624,-0.3407049,-0.50762075,0.12381047,0.22526027,0.20128237,0.31007138,-0.7475729,-0.31477365,-0.61039776,0.2831099,0.22616427,-0.30072957,0.10872111,-0.0019516681,0.38409287,-0.23115712,0.24468842,-0.190415,0.104624495,-0.28795654,-0.23310688,0.61867434,-0.36190817,-0.5719289,-0.22807795,-0.58712524,0.19506717,0.50860333,-0.6269659,-0.2859216,0.46950293,-0.45914865,-0.29289064,0.00047040847,0.13328044,0.17287622,-0.10883615,-0.11845026,0.5967352,0.35298753,0.58039093,0.026316768,0.5264926,-0.04450773,0.7596042,0.06967009,-0.65151787,-0.10324861,-0.55387217,-0.06389392,-0.23015402,-0.24905674,-0.41308156,0.5522936,-0.2008256,-0.3459047,-0.08404614,0.39583328,0.66591454,1,2,0,Peripheral,Peripheral,0.022991011246793407
277,1,0.002506265664160401,0.0,0.16873352211698076,0.00012847820776108707,0.0,1,0.0,0.0,1.0,2,0.0,0,-0.6984143036714102,7,7,3.0,0,2,2,3,0.43661562,-0.26267922,-0.61233974,0.69886243,0.08820403,0.120460086,-0.17449504,0.029991625,-0.07053483,0.04244365,0.32342425,-0.485287,0.08494348,0.5374725,0.66439825,-0.031484418,0.35045666,0.62577057,0.14963743,0.16356601,-0.17580685,0.30642587,0.45123917,0.019643335,0.43523273,-0.48930454,0.54806846,-0.7209359,-0.13909559,-0.3567149,-1.0731585,-0.2172453,-0.27107304,-0.11234277,0.19511138,-0.7594117,-0.29822943,-0.0071065375,0.7464069,0.63409036,-0.21245469,-0.09721305,0.34686193,0.06342593,-0.39497697,0.32541174,-0.56949425,-0.27829933,0.51516986,0.7356572,0.20943028,-0.07070475,0.212042,-0.08139699,-0.88093233,0.29350203,0.11058367,-0.28319615,0.52873355,-0.07170865,0.14170712,0.08877464,-0.27372342,0.40438375,1,1,0,Peripheral,Peripheral,0.019944766649396678
278,2,0.005012531328320802,0.0004730222737552621,0.20662342880101014,0.0017885927887070726,0.0,2,0.00017674954860884506,37.558441558441565,0.6666666666666666,3,0.0,0,-0.5376110103862402,2,1,2.5,0,0,0,2,0.017101483,-0.13859622,-0.29962832,0.052197088,-0.07909001,0.018095933,0.6783326,0.25552586,0.018708844,0.027870955,-0.17097427,-0.5438011,-0.12303857,-0.15284254,0.38847488,0.22844434,-0.00035555573,-0.20563255,-0.19332926,-0.16950029,0.11127367,0.12403194,-0.155267,-0.16484949,0.3029796,-0.12764882,0.50415486,0.23660624,0.006292775,-0.21141905,-0.75570285,0.6536806,0.5700886,-0.052983955,0.39770606,0.2223707,-0.1309823,-0.11789839,0.6046369,0.2661374,-0.77751446,0.35666767,-0.26778436,0.4808103,0.15203458,0.14636023,0.33723694,0.65718937,0.48431328,1.1660922,-0.028069466,0.45415497,0.14516312,-0.05178436,-0.4189599,0.5886309,0.27572554,0.07936124,0.067418694,0.6277836,-0.098458566,0.88320184,0.69895154,0.13618828,0,0,0,Peripheral,Peripheral,0.011836716798169326
279,2,0.005012531328320802,0.00010075439855921211,0.2083463951733085,0.002426910554485275,0.0,2,5.317593257291749e-05,8.000000000000002,0.6666666666666666,3,0.0,0,-0.5376110103862402,8,8,2.375,0,2,3,3,0.05461454,0.17418091,-0.9748475,0.22023936,0.2638653,-0.27134788,0.62508035,0.4804548,-0.044585023,-0.22440755,0.22121985,-0.599182,-0.07657389,-0.22004415,0.08519892,0.39323303,0.02389193,0.41189393,-0.09089343,0.46379817,-0.22861464,0.67820394,-0.60348165,0.37432402,0.7554508,-0.36486614,-0.051561985,-0.20066817,-0.06432693,0.3019181,-0.52976644,0.42325473,0.3192067,-0.45197338,0.10086184,-0.28630957,-0.3272862,-0.2785588,-0.20998384,0.35784617,-0.15138233,-0.04444878,-0.32382184,0.25991997,-0.18428312,0.080823936,0.22482978,-0.036423974,0.36798182,0.38466084,0.13034934,0.21057303,0.15842108,-0.4872821,-0.0759423,-0.1581994,0.25996616,0.034404572,0.012718812,-0.088936456,0.4293164,0.25624368,-0.004950365,0.09294105,0,0,0,Peripheral,Peripheral,0.011844310100577923
280,10,0.02506265664160401,0.020917732172945347,0.2561609069993596,0.025914028174893505,0.2222222222222222,7,0.01009928227495172,1660.8888522640334,0.36363636363636365,11,0.0,0,0.7488153358951203,21,11,2.7142857142857144,8,2,6,5,-0.22528023,-0.4923173,-0.37165648,0.21408613,-0.2505262,-0.3613046,-0.28992322,0.1491223,0.005000281,-0.025070349,-0.1297029,-0.5401345,0.0341268,-0.21149512,0.24551582,0.23052296,-0.14157197,0.01720978,0.5118107,0.11635707,-0.2103939,0.44499388,-0.051850364,0.47644335,0.07195394,-0.25696298,0.31556344,-0.01334459,0.16586803,-0.23859021,-0.52903914,0.064177215,0.7140271,-0.13128419,-0.44156334,0.2031137,-0.15247446,-0.3292998,0.29393333,0.3623483,0.053839996,0.15689242,0.040147003,0.070706174,0.23219506,0.21289542,0.16370164,-0.18243131,0.45141432,0.4060865,0.11872973,-0.22610752,0.02470832,0.043621607,-0.31669262,0.3103339,-0.42780608,-0.057688203,-0.014916078,-0.22599965,0.26157862,-0.12193972,0.5747516,0.029591264,0,0,0,Enabler,Peripheral,0.05680989820599141
281,3,0.007518796992481203,0.0023846579405584177,0.20087324061545328,0.0008939595819570475,0.0,2,0.004541259202007439,189.34422513827894,0.5,4,0.0,0,-0.37680771710107014,16,9,2.0625,0,3,4,9,0.2395974,0.6148113,-0.5707218,-0.024776235,-0.45206773,-0.052904785,-0.2636809,-0.562847,0.12322599,0.17554744,0.17937917,-0.10389739,0.051493574,0.26369447,0.11890044,0.82152796,-0.5259507,0.16521455,-0.21626186,-0.51077944,-0.43117672,0.7928456,-0.33523226,0.003672259,-0.24823491,-0.398187,0.47532934,-0.114476986,0.1938998,-0.45443386,-0.5213616,0.5562633,0.33229926,-0.3145736,0.66184694,0.09620873,0.08643745,0.25454926,0.3208916,1.2309066,-0.5792748,0.6549603,-0.599072,0.5363676,-0.008754758,-0.042012483,0.30853125,-0.2429338,0.14103258,-0.024025658,0.13135567,-0.58531725,-0.12192072,0.06352623,-0.103680804,-0.08041865,-0.251183,-0.3862315,0.19578798,0.10545362,0.5209116,0.08737919,0.7004479,0.25357413,0,0,0,Peripheral,Peripheral,0.014356124511817048
282,2,0.005012531328320802,0.0002428805268190163,0.2058377883873181,0.002047715454381703,0.0,2,0.00024764291681584916,19.284956709956713,0.6666666666666666,3,0.0,0,-0.5376110103862402,11,9,2.6363636363636362,0,3,4,4,0.24835414,-0.5096162,-0.7356645,0.35915,-0.33549103,-0.14789772,0.10386352,0.04034979,-0.15936965,-0.24254628,0.072853975,-0.17005907,-0.052639794,0.38479096,0.94797444,0.02182873,-0.28628337,0.5105401,-0.2234069,0.6637273,-0.4493655,0.38546136,0.6625353,0.24066174,-0.045801017,0.15521286,0.33367,-0.30073527,-0.048205912,-0.19556871,-1.0354177,0.35793445,-0.23525485,0.10068473,0.086348705,-0.18874411,0.12623176,0.023930365,0.575741,0.35574386,-0.21264826,-0.004544773,-0.08342445,0.14715336,0.034191057,0.3741605,-0.003569881,-0.13468526,0.6109981,0.63484895,0.13896374,-0.4996171,0.14812782,0.04170959,-0.51501155,0.23268588,0.14349803,-0.07215895,0.45741516,0.032638744,-0.08841765,0.69183695,0.0505062,0.38467214,0,0,0,Peripheral,Peripheral,0.011817309985229242
283,10,0.02506265664160401,0.020996664323913616,0.2632188250204116,0.024062508988678365,0.08888888888888889,5,0.019036314507609065,1667.156143983065,0.2545454545454545,11,0.0,0,0.7488153358951203,17,10,2.176470588235294,5,1,4,7,0.0898747,0.34310365,-0.6031956,-0.10636772,0.2180935,-0.27391452,0.29766983,0.5562967,0.17990687,-0.12960933,0.30749458,-0.55492115,0.046621136,-0.27138457,-0.08098185,0.15918793,-0.1735185,0.13472801,-0.017453013,0.46016482,-0.2272634,0.6873313,-0.39538807,0.3254618,0.6547947,-0.1527838,0.30484617,-0.302688,0.026060445,0.12695165,-0.34054372,0.1876459,0.38856676,-0.31331438,0.26699817,-0.27296153,0.013375278,-0.3051856,0.045823548,0.25411186,-0.0751373,0.1939535,-0.33751395,0.11311001,-0.17115957,0.22032304,0.15152247,-0.11326057,0.2084701,0.28700182,0.25771764,-0.00528291,0.09071613,-0.23647235,-0.3861274,0.0067535182,0.008982167,0.0344681,-0.07203606,0.11355595,0.32222682,0.24413097,0.3173213,0.12432527,1,3,0,Enabler,Enabler,0.390110339489593
284,2,0.005012531328320802,6.559363554674924e-05,0.20199753114128605,0.0019553111654598437,0.0,2,0.00011293485115951096,5.208200256047436,0.6666666666666666,3,0.0,0,-0.5376110103862402,4,4,3.0,0,0,3,1,0.4423149,-0.58460593,-0.34422627,-0.30574763,0.23119377,0.024657568,0.4249169,-0.18689555,-0.4180655,-0.21785653,-0.42723572,-0.6596997,-0.43040365,0.32819408,0.2321776,0.5529991,-0.37575105,0.14958593,-0.27786753,-0.23319542,0.21948421,0.28168297,-0.44645128,0.52454185,-0.32592684,0.2869654,0.5443842,-0.40900236,-0.07956605,-0.17684464,-0.63622546,-0.03312949,0.4413567,-0.26490203,-0.08860671,-0.11801127,0.598239,-0.38850886,-0.02947184,0.25935036,-0.029802563,-0.44642663,0.258616,-0.020926485,0.44348028,0.2276595,-0.13976698,0.038123798,0.69639283,-0.18589172,-0.08678724,-0.020855358,-0.09485656,-0.39506987,-0.6427635,0.2944315,-0.22027783,-0.20602994,-0.11088246,0.03818673,0.419022,0.7052262,0.3769924,0.8010811,0,0,0,Peripheral,Peripheral,0.011750418012894363
285,1,0.002506265664160401,0.0,0.2058377883873181,0.0019196580009159866,0.0,1,0.0,0.0,1.0,2,0.0,0,-0.6984143036714102,11,5,2.727272727272727,0,1,2,8,-0.03703703,0.1255073,-0.59343565,0.21756881,-0.23922068,-0.29465872,-0.116379485,-0.2449364,0.22953138,0.40489885,-0.09265224,-0.39429197,0.030547848,-0.30101883,-0.469494,0.2747842,0.24152763,-0.22040251,-0.12725635,0.24999067,-0.2353554,0.45388567,-0.33304745,-0.14060451,0.22352989,-0.4175498,-0.019309351,-0.3734884,0.44895622,-0.058758255,-0.5836299,0.56059545,-0.3622334,0.22446615,-0.04300625,0.2767877,-0.09339353,-0.41675875,0.30582616,0.52176267,-0.17104965,-0.59707195,0.463319,0.18804815,0.60943115,0.9442314,0.06779693,-0.19174983,0.2810392,-0.022264086,0.12141434,-0.16016693,0.29015794,-0.67667216,-0.27584016,0.00035424714,-0.023180788,-0.08641527,0.32582095,0.52889293,0.46834603,0.4053306,0.277729,0.2056472,1,1,0,Peripheral,Peripheral,0.020263371374731446
286,6,0.015037593984962405,0.005722253071262446,0.2555562785800063,0.015312573289015094,0.13333333333333333,3,0.011256660313973262,454.3526161113095,0.38095238095238093,7,0.0,0,0.10560216275444005,17,9,2.4705882352941178,2,2,8,5,0.0186812,0.110998005,-0.05823961,0.06260991,-0.00872716,0.322135,0.3880063,-0.42189336,-0.09850674,-0.06225455,0.15777393,-0.68336797,-0.07200929,-0.2928512,-0.10960866,0.14842594,-0.44470125,-0.27990884,0.22124495,0.37641138,-0.6398535,0.5987856,0.07068089,0.055421017,0.3062401,-0.09424476,0.13514672,-0.42941624,0.19331622,-0.11456745,-0.59821886,0.057314027,0.1653115,-0.27157217,0.015832927,-0.08196785,0.13943872,-0.5539786,0.24089473,0.19614199,0.24721864,0.03224357,0.6285737,0.39155832,-0.05154241,-0.15260613,0.12807292,-0.026514357,0.2840903,0.617767,-0.082524635,0.25182864,0.25892147,0.14720523,-0.21332136,0.43475887,-0.27223024,-0.23101698,0.10283656,-0.116242856,-0.16885406,-0.0031114377,0.35759717,-0.008444564,1,2,0,Enabler,Enabler,0.25792487477721826
287,4,0.010025062656641603,0.0034083407416236984,0.23554171869121676,0.005043684767621904,0.0,2,0.006748950591628894,270.6256632256633,0.4,5,0.0,0,-0.21600442381590007,23,13,2.391304347826087,6,2,9,6,-0.22270526,-0.065868236,-0.4542778,0.0695674,-0.20919365,0.058918975,0.092056915,0.4699714,-0.010955777,0.12846118,-0.38611344,-0.21929541,-0.067640364,-0.08761847,-0.1711372,-0.09004473,0.37727028,0.11086155,-0.50764716,0.118622825,-0.024324577,0.53925353,-0.6142992,0.36919808,0.051185396,-0.18435256,0.30237782,-0.4981906,0.085131384,-0.0142346565,-0.893115,0.49695218,0.03126937,0.23353189,-0.4899834,0.33038858,-0.28331894,-0.18141524,0.7464246,0.8877058,-2.8210707e-06,-0.2965275,0.625185,0.15685931,0.5063702,0.57726103,-0.2434022,-0.3818417,0.32502434,0.32027513,-0.027045181,0.07856684,-0.10304469,0.47433066,-0.5184169,0.2585384,-0.009461136,0.3287887,0.060474608,0.041973505,-0.09893672,-0.124403976,0.3766427,0.534316,1,1,0,Enabler,Peripheral,0.03175002164437534
288,1,0.002506265664160401,0.0,0.002506265664160401,1.0682421910336818e-45,0.0,1,0.0,0.0,1.0,2,0.0,0,-0.6984143036714102,11,8,2.090909090909091,0,1,5,5,-0.64854276,0.78471595,-1.8571154,-0.22031356,-0.11156319,1.0629177,-0.5718317,-0.43454632,1.4186388,-1.5090536,-0.097732544,-0.77462286,-0.6576392,0.5361611,-0.0150013715,-1.89959,-0.4905794,-0.20032439,-0.09516465,-0.6515142,-0.034318317,0.3735394,-0.67448866,0.86469513,0.5171222,-1.0894877,1.0546542,-1.346621,-0.13689518,0.4702967,-1.7154919,-0.3746728,1.5377681,-0.10459851,1.0364095,0.40808186,-1.6879793,-0.31903344,1.2993006,0.7030253,0.0705544,0.21055906,0.055411052,-0.0018782112,-0.055452064,-0.73818326,0.95556176,0.61500764,-0.43161255,-0.45272702,0.19716367,-0.34172702,-0.91611415,-0.09455078,-0.029086664,0.04829901,-1.3806256,-1.0208409,0.9691596,0.33769712,0.023737505,1.7783246,0.25134963,1.4261632,1,1,0,Peripheral,Peripheral,0.0199219136872029
289,1,0.002506265664160401,0.0,0.19697515468477134,0.0006691427770700037,0.0,1,0.0,0.0,1.0,2,0.0,0,-0.6984143036714102,11,9,2.0,0,3,3,5,0.619362,-0.36503702,-0.4871432,0.2680203,0.44894242,-0.028873634,0.09538071,0.30171242,0.17709838,0.009639796,0.19999988,-1.112037,-0.001997397,-0.52577174,-0.0647073,0.4324509,-0.26330885,-0.39853755,-0.010707331,0.15613757,-0.38651377,0.39061,0.28151408,0.45283213,0.6787623,0.14215715,0.15602951,-0.469127,-0.079752766,-0.055249725,-1.07749,0.0972515,0.14629804,-0.11022425,0.38823923,-0.33346882,0.084888175,0.30509573,0.831553,-0.056835424,-0.34774783,0.25607902,0.7762461,0.08043605,0.28537267,-0.005902969,0.103609115,-0.18785329,-0.05403998,-0.43142045,-0.37528262,0.020057501,0.4060023,-0.014875959,0.64739656,0.28937268,-0.007403885,0.1919174,0.3960465,-0.37598804,0.19179016,0.08469461,0.4765746,0.09854752,1,1,0,Peripheral,Peripheral,0.02004093694299937
290,21,0.05263157894736842,0.03300514107286856,0.31596500980076647,0.07649235391160578,0.0380952380952381,10,0.03613853170777937,2620.6412063268367,0.12554112554112554,22,0.34467120181405897,4,1.8744383888913108,15,6,2.7333333333333334,10,5,0,0,0.17543502,-0.35039604,-0.42868274,0.08320798,-0.053198352,-0.1758065,0.19520608,0.08884731,0.04827794,0.12979211,-0.1634326,-0.50238127,0.14191778,-0.2625521,0.11931281,0.35266036,-0.23479263,-0.028914383,0.02758143,0.0055092094,-0.29241464,0.361102,0.01909146,-0.03151896,0.2598042,-0.19690353,0.3191089,-0.15710211,0.01499012,-0.24823308,-0.18984081,0.122385286,0.09896874,0.14669733,0.38921124,0.13573241,0.03813902,-0.037878543,0.309974,0.30808023,-0.08615164,-0.18699074,0.22132958,-0.15460645,0.277293,0.2748749,0.17711395,-0.26601964,0.07671149,0.22120911,-0.011427164,0.085379,0.32246533,-0.12340217,-0.10271239,0.12164743,-0.14134015,-0.41608542,0.16766867,-0.09139168,0.1377043,0.19477426,0.18433484,0.17743619,0,0,0,Coordinator,Coordinator,1.0
291,1,0.002506265664160401,0.0,0.20505809979494188,0.0015711617239614571,0.0,1,0.0,0.0,1.0,2,0.0,0,-0.6984143036714102,7,6,2.2857142857142856,0,2,1,4,0.10311596,-0.18353479,-0.09063262,0.49918136,0.04211383,-0.31041285,0.7845563,0.45390433,-0.16100688,0.1246747,0.11884362,-0.26807225,-0.20413464,0.22361171,0.40195832,0.1643209,-0.06994865,-0.2615982,-0.33757636,-0.19237596,-0.016332405,0.13634576,0.12765954,-0.0448563,0.3595677,-0.43285736,0.5680503,-0.107310645,-0.12372978,-0.165271,-0.4113488,0.38688725,0.5969309,-0.39666986,0.00070868555,0.39009324,-0.13503338,-0.11501088,0.4478693,0.2868447,-0.48672608,-0.0020993517,0.20257182,0.44678372,0.6221343,0.056660924,0.10425188,0.37126666,0.38950753,0.83468634,-0.039112233,0.23919657,0.38070503,-0.1637129,-0.70925206,0.7760981,0.32663843,0.12869562,0.00048139572,0.2611425,-0.017452134,0.288341,0.16439289,-0.05323277,1,1,0,Peripheral,Peripheral,0.020201382868036806
292,1,0.002506265664160401,0.0,0.15178132246504109,1.4815143116354057e-05,0.0,1,0.0,0.0,1.0,2,0.0,0,-0.6984143036714102,13,9,2.6153846153846154,0,3,4,6,0.13092455,0.9294984,-0.6631787,0.24517176,-0.20718978,-0.18481997,-0.3000216,-0.6068855,0.26528397,0.09218135,0.2602818,0.011417181,-0.22554441,0.4270528,0.07457718,0.9328851,-0.7288796,0.02183526,-0.2226792,-0.57839453,-0.28616682,0.5667547,-0.39455864,0.0648043,-0.23062655,-0.22382078,0.1825453,-0.47918156,0.020817155,-0.53295,-0.18761422,0.78812337,0.24012493,-0.29441792,0.8099453,0.11950392,-0.24060431,0.24627385,0.5037466,1.3019972,-0.7190657,0.8675409,-0.6424495,0.5933549,0.023933966,-0.26657405,0.38216817,-0.31343135,0.15328012,-0.19117239,-0.019500125,-0.7438824,0.063561305,0.11174445,-0.12183458,-0.04000294,-0.40510622,-0.44415247,0.13362457,0.15946451,0.47152454,0.1087857,0.8885779,0.15342535,1,1,0,Peripheral,Peripheral,0.019924548919367433
293,0,0.0,0.0,0.0,7.590317288714358e-60,0.0,0,0.0,0.0,0.0,1,0.0,0,0.0,7,4,1.7142857142857142,0,2,0,5,0.0016924366,-0.010113712,0.010062985,0.0073647313,0.010138463,-0.0004941486,0.0013852213,0.008909205,-0.011776511,0.002732994,-0.004366273,0.004606692,0.004749391,0.0044317804,-0.005284475,-0.0130568035,0.002499599,-0.0043405686,0.0061956253,0.015352147,0.005304223,0.015583605,0.011105709,0.012988653,-0.00701683,0.00088827685,0.005535595,0.014068533,0.008169306,0.0032880977,0.008496983,-0.000562096,0.012087252,0.006659616,0.0006962307,0.0023426209,0.014130138,0.010839894,-0.0032800008,0.0013948586,-0.0014573224,-0.015592771,0.0049927793,-0.014863133,-0.012401752,-0.007512264,0.013980502,-0.0056175366,-0.0028188806,0.002362514,-0.005598964,0.013490651,0.008734485,-0.00029515848,-0.0073112044,-0.004330676,0.007340722,-0.0093734395,0.0138752125,-0.009247201,-0.0054522324,0.0119721275,-0.0102593005,0.0071923323,0,0,0,Peripheral,Peripheral,0.0
294,23,0.05764411027568922,0.05704032108437772,0.3219147969030604,0.09628240424574033,0.043478260869565216,10,0.04849815917538001,4529.058534420676,0.12318840579710146,24,0.38752362948960295,5,2.0352416821764807,14,5,3.0,12,2,0,0,0.044836555,-0.14602664,-0.03954525,0.2231315,0.012881821,-0.02071121,0.09042377,-0.09797135,0.079551965,0.0022505021,0.1404411,-0.46528226,0.1646079,0.035844933,0.100853965,-0.06845667,-0.10073688,-0.10201095,0.2877779,0.13053985,-0.00872088,0.45221695,-0.12589076,0.023457538,-0.08049924,-0.33661002,0.36377573,-0.25408286,0.112124905,0.014773114,-0.39637992,0.37573183,0.1857088,-0.13956548,0.0048804283,0.0398655,0.095002495,-0.2915235,0.35474423,0.52925617,-0.00508122,-0.17345479,0.17644024,-0.0396441,-0.18818425,0.02861806,-0.055731516,-0.20592354,0.06597041,0.24837317,-0.120536834,-0.06940755,0.118596844,-0.18071748,-0.2269997,0.16806062,-0.12967412,-0.14190298,0.08394321,-0.026696939,0.078664646,0.073967576,0.067040056,0.24777173,0,0,0,Coordinator,Peripheral,0.1358153196084124
295,6,0.015037593984962405,0.007150102758562187,0.2521832531639658,0.012629117957959212,0.13333333333333333,4,0.005449696114242709,567.7253091325963,0.38095238095238093,7,0.0,0,0.10560216275444005,12,8,2.0,1,0,8,3,0.47416365,-0.22954667,-0.20476879,0.29594046,-0.37392557,-0.051014017,0.40614253,-0.058270432,0.4340549,-0.29958642,0.30982867,-0.9795113,0.27873603,-0.23892233,0.07039536,0.21613564,-0.21426554,0.50532454,-0.40885425,-0.26020533,0.061310202,0.359669,-0.10187841,0.27940056,0.21287568,-0.21062262,0.44532204,-0.13215226,0.38044536,0.20040596,-0.62520653,0.37561685,0.23901977,-0.3231305,0.22908221,0.31749353,0.18871273,0.35043624,0.17857803,0.21516365,-0.14463176,0.19378087,0.34950745,0.4348338,-0.06836438,0.18313493,0.0950668,0.064639635,0.17079161,0.25413418,-0.17795208,-0.2966754,0.6705731,0.15326744,-0.2133769,0.21379365,-0.12914024,-0.022683283,0.08354533,0.026532877,0.14473978,0.027583238,0.021860255,0.44980973,0,0,0,Enabler,Peripheral,0.03131818791407089
296,14,0.03508771929824561,0.010524031540766348,0.2800103707544724,0.05481159323317541,0.0989010989010989,10,0.01621168433578345,835.6186283683888,0.21904761904761905,15,0.0,0,1.3920285090358007,18,11,2.5555555555555554,5,7,6,0,0.29149544,-0.15684363,-0.27263,0.19098006,-0.033765435,-0.1449833,0.05564187,0.07178897,0.021136962,0.1915396,0.1337581,-0.3698936,0.051139817,-0.1447813,-0.13579206,0.41912144,-0.1910296,-0.16839276,0.039983116,-0.027600994,-0.09310868,0.35046634,-0.092522226,0.0626728,0.28097767,-0.1980383,0.33797875,-0.051263716,-0.13296612,-0.011832621,-0.41110384,0.24830492,0.26678374,-0.0471516,-0.21095885,0.03025502,-0.044118363,-0.14503379,0.12017255,0.39985037,0.14798369,-0.14299184,0.19405845,0.25675794,0.22776172,0.3672026,0.26582494,0.071275435,0.274337,0.29472402,-0.20759483,-0.027215738,0.19364046,-0.28186986,-0.47941467,0.101712026,-0.2074064,0.069988765,0.3568031,0.31457525,0.019835789,0.32295662,0.2891499,0.1804525,0,0,0,Broker,Peripheral,0.0782024127065584
297,3,0.007518796992481203,0.00018865841714958814,0.20955614843560513,0.0020785945922643843,0.0,3,0.00022412043808972055,14.97966698009445,0.5,4,0.0,0,-0.37680771710107014,8,6,2.0,0,3,1,4,0.17084096,0.12448839,-0.4683539,0.48981622,0.013310182,0.27556324,0.6669958,-0.46055427,0.38347587,0.013049167,-0.067198515,-0.89990026,0.0018409132,-0.26224056,0.006785178,-0.06623234,-0.3537765,-0.39842352,0.025636682,0.06696762,-0.3517923,1.1246041,-0.029547086,0.16913077,0.10541276,-0.36084402,-0.07348832,-0.40376237,0.27441683,-0.056348037,-1.0385431,0.19463459,-0.22227946,-0.36301464,0.20263323,-0.13720585,0.059164863,0.14264679,0.37786832,-0.15105529,0.56888306,-0.09910904,0.88045484,-0.21547534,-0.081670396,0.2662713,0.051064506,-0.038876776,0.25209066,0.12141756,-0.026081048,-0.091094896,0.688148,0.116872415,0.099030465,0.3319991,-0.45993307,-0.05956017,0.24228375,0.034859218,-0.12636468,-0.019328019,0.34837714,0.02664565,0,0,0,Peripheral,Peripheral,0.017499346381730053
298,14,0.03508771929824561,0.003152576815207457,0.2792880740113396,0.05445177645220043,0.0989010989010989,10,0.005016067290725448,250.31775170428728,0.21904761904761905,15,0.0,0,1.3920285090358007,22,9,2.5,10,9,3,0,0.2324104,-0.13410066,-0.34795788,0.09591802,0.016613198,-0.09474353,0.17381008,-0.07451849,0.08083619,0.07031768,0.102969795,-0.41334158,0.024425989,-0.14358884,-0.025037447,0.46039212,-0.15067646,-0.028018335,0.011880056,0.036619775,-0.11787233,0.55213755,-0.14352264,-0.006420359,0.0015801812,-0.1464603,0.2468762,-0.3525481,0.29538113,-0.10025467,-0.49797145,0.22297817,0.0842034,-0.11071762,-0.0010344818,0.0626223,-0.14966387,0.036166824,0.24213608,0.4006035,0.026111972,-0.15840125,0.37883294,0.057581976,0.039594866,0.42808178,0.062259756,0.05169228,0.22196716,0.22906335,-0.04673373,-0.12373574,0.0136513,-0.12697168,-0.35159868,0.22945265,-0.15074806,-0.035966408,0.04358201,0.1383171,0.27612078,0.09876242,0.14531414,0.15917765,0,0,0,Broker,Peripheral,0.07604050364833942
299,1,0.002506265664160401,0.0,0.19543443446160527,0.0006095352423352333,0.0,1,0.0,0.0,1.0,2,0.0,0,-0.6984143036714102,5,5,3.0,0,2,2,1,-0.04093761,-0.67640465,-0.061299644,0.15432854,-0.099325545,-0.19483835,-0.26515475,-0.20581146,0.0376207,0.14287208,0.35937783,-0.29869506,0.55194926,0.031143563,-0.04571068,-0.0047911266,-0.08832948,-0.054395698,0.75676596,0.040784113,0.42527264,0.632825,-0.44108596,0.35134727,0.054705814,-0.5560576,0.6247697,0.042874414,0.59000003,0.00194543,-0.5901118,0.12150169,0.5106615,-0.08671127,-0.18524386,0.09479772,-0.4045539,-0.25300708,0.2856065,1.1404922,0.035748374,0.123845205,0.5011246,-0.23271422,-0.065466836,-0.5059026,0.53327787,0.17380427,0.2563391,0.7448819,0.052987956,-0.2279464,-0.122827,0.096723035,0.035606198,0.15802431,-0.7298496,-0.45469537,-0.081305504,-0.4184097,0.6748404,0.28351605,0.4770982,-0.07524378,1,1,0,Peripheral,Peripheral,0.020030334298694965
300,14,0.03508771929824561,0.025518586361458456,0.2792880740113396,0.053255403351225195,0.08791208791208792,10,0.014193683214627134,2026.2012756861627,0.20952380952380953,15,0.0,0,1.3920285090358007,14,7,1.7857142857142858,3,9,2,0,0.28231704,-0.18842688,-0.4068769,0.21804762,0.025861321,-0.049489018,0.30792627,0.11470314,0.047014356,-0.050089944,-0.17506726,-0.4818015,0.17445509,-0.17925121,-0.1518574,0.28203604,-0.24822111,0.115151,-0.022546405,0.1684435,-0.05945579,0.46475825,-0.2993801,-0.037688754,0.13400123,-0.095067106,0.2169473,-0.34302017,-0.032381203,-0.11846863,-0.54590076,0.037997574,0.30284634,-0.053936716,0.2065285,-0.06269459,0.035895593,-0.17796038,0.124999404,0.49475917,-0.1486586,0.06238959,-0.1838128,0.07026712,-0.072729066,0.22596781,0.26952836,0.09328339,0.13541727,0.49453345,0.13677527,0.21884216,-0.057968184,-0.12716599,-0.15387025,0.008867212,-0.123203225,0.1270281,0.056463648,0.09261862,0.07842528,0.28587812,0.3786716,0.15212256,0,0,0,Broker,Peripheral,0.08219303844366792
301,2,0.005012531328320802,8.490634750652156e-06,0.20955614843560513,0.002230685688269793,0.0,2,0.00023066421016990774,0.6741648898365318,0.6666666666666666,3,0.0,0,-0.5376110103862402,5,3,1.8,0,0,2,3,-0.26554474,-0.04762693,-0.45262942,-0.042839024,-0.077652335,-0.13688868,-0.06755044,0.18779087,0.05988523,0.44224885,-0.15296175,-0.21288101,-0.008804468,-0.16386919,-0.43581733,0.14187588,0.3601904,0.013034143,-0.45964038,0.11469642,-0.2573824,0.6030775,-0.6277649,0.1469873,0.24654463,-0.3738471,0.21019103,-0.37518337,0.38768023,-0.04701224,-0.8469946,0.35759148,-0.1477636,0.2558288,-0.18843023,0.35594177,-0.10936674,-0.603123,0.43559387,0.8973731,-0.108615264,-0.6123583,0.70445883,0.14864811,0.56035966,0.8226117,-0.08245874,-0.5762564,0.46945968,0.21599057,-0.002390574,0.10596118,-0.044947952,0.0044386084,-0.47017515,-0.06662009,0.0039502624,0.22281885,0.096639395,0.40788722,0.07039314,-0.008813404,0.2721537,0.4517242,0,0,0,Peripheral,Peripheral,0.011783148600305524
302,1,0.002506265664160401,0.0,0.19927118409520733,0.0009442684619203305,0.0,1,0.0,0.0,1.0,2,0.0,0,-0.6984143036714102,5,5,2.4,0,1,2,2,-0.08039356,0.3692029,-0.054014105,0.012769025,0.089871064,0.5179997,0.65976286,-0.63362235,-0.25095165,-0.22263351,0.22538185,-0.6176623,-0.060011692,-0.2742584,-0.054994404,0.31634754,-0.5083892,-0.5870305,0.329654,0.46028608,-0.7912051,0.74143803,0.107946895,0.007334332,0.11851779,-0.0391916,0.08252108,-0.720498,0.16630778,-0.24054354,-0.6201471,0.16125362,-0.23243077,-0.49171066,-0.21231906,-0.22466333,-0.022682296,-0.52651966,0.33711338,0.47132,0.39587432,0.058290385,0.5518868,0.6077508,-0.052503992,-0.042676035,0.09435372,-0.064974345,0.34246242,0.381083,-0.21976502,0.37914047,0.4037187,0.19898243,-0.34245205,0.606201,-0.37803015,-0.39029217,0.06251539,-0.079362504,-0.3081028,-0.1104796,0.37237453,0.26509124,1,1,0,Peripheral,Peripheral,0.020089874712166517
303,2,0.005012531328320802,0.0002564386572713437,0.20505809979494188,0.0019875843227666386,0.0,2,0.0001361424728258899,20.36148582600196,0.6666666666666666,3,0.0,0,-0.5376110103862402,12,8,2.3333333333333335,0,4,1,7,0.4962851,-0.5659053,-0.6241774,0.6727134,0.03812168,-0.4703083,0.15110843,0.096816055,0.014603814,-0.008274499,-0.30650064,-0.008977462,0.17340186,0.3290396,0.59944165,0.33076268,-0.32536748,0.3167189,0.06690828,0.37015575,-0.19779934,0.19883262,0.56851274,-0.260152,0.69146323,-0.19327146,0.74182755,-0.31825662,-0.05926876,0.32494146,-0.8214829,-0.08473672,0.010765669,0.114699475,0.546483,-0.21727884,0.14896148,-0.08355675,0.22024164,0.55720395,-0.13384192,-0.068100125,-0.07083174,-0.06268522,-0.08163037,0.49119997,-0.08094142,-0.1315975,0.4791602,0.76368004,0.10824956,-0.04404674,0.46989465,0.47733384,-0.5789135,-0.15577121,0.04720078,-0.27303243,0.32541743,0.12371256,0.12923893,0.26359996,0.053141717,0.47891414,0,0,0,Peripheral,Peripheral,0.011810472833742279
304,1,0.002506265664160401,0.0,0.17453628698290594,0.00022960931703540024,0.0,1,0.0,0.0,1.0,2,0.0,0,-0.6984143036714102,8,4,2.0,0,3,3,2,0.2906714,-0.073529325,-0.23535657,0.037278067,-0.0018539168,-0.344973,0.100940764,0.027987996,0.19189902,-0.12061801,0.06764912,-0.5126304,0.011136503,0.57118917,-0.56346595,0.18836577,-0.26330683,-0.411214,0.05581905,-0.08597553,-0.70499945,0.36715135,-0.64220375,-0.0028218373,0.43988058,-0.6569999,0.7985849,0.27385288,-0.4695418,-0.014665548,-0.5412393,0.46655452,0.30385476,-0.23347297,-0.9888412,0.183704,0.61749303,0.04347506,0.19134526,0.46127775,0.17982244,-0.5420636,0.36388475,0.23550192,0.38266432,0.5626831,0.45288292,-0.0020712893,0.3044576,0.20444165,-0.52161324,0.034922455,0.20643626,-0.4582598,0.0012045199,-0.008977326,-0.15732142,-0.26253617,0.28208655,0.4186869,-0.011295364,0.6554194,0.51596254,0.65310246,1,1,0,Peripheral,Peripheral,0.019962755267522163
305,12,0.03007518796992481,0.012270991233999329,0.2780924915027294,0.047563015206326394,0.045454545454545456,9,0.009019864473498805,974.3289749707808,0.19230769230769232,13,0.0,0,1.0704219224654603,15,8,2.3333333333333335,2,10,3,0,0.27139235,-0.1161135,-0.44440702,0.23929326,-0.22481823,-0.2552135,0.11627995,-0.032076437,-0.23831286,-0.011423947,0.13616319,-0.14412013,0.23315792,-0.027401954,0.14711584,0.3027552,-0.15749384,0.2769873,-0.16453423,0.14999722,-0.1654952,0.57341397,0.08700189,0.096123405,0.190586,-0.20017467,0.38370934,-0.43487376,-0.1070241,0.038851433,-0.6527401,0.16133119,0.2054402,-0.074529596,0.019559512,-0.16501689,0.010820937,-0.018001474,0.1888207,0.3874036,-0.1650008,-0.03915299,-0.021306371,0.19374071,0.0886503,0.041207757,0.10429499,0.025222346,0.24307936,0.04491915,0.020737102,-0.115018584,0.058311015,-0.13133803,-0.55391616,0.16180389,-0.11096241,-0.17955591,0.26182663,0.09054691,0.07525188,0.11814665,0.3605135,-0.09170996,0,0,0,Broker,Peripheral,0.06958379395937095
306,1,0.002506265664160401,0.0,0.19697515468477134,0.0006691427770700037,0.0,1,0.0,0.0,1.0,2,0.0,0,-0.6984143036714102,4,4,2.5,0,0,1,3,0.60436106,-0.30571964,-0.51064247,0.28351897,0.4007864,0.16460493,0.0980999,0.26402915,0.50755733,-0.033160307,0.35808793,-1.0224615,-0.039138168,-0.48073122,0.029207096,0.2812608,-0.16163744,-0.3984564,-0.05278991,-0.1464876,-0.34803766,0.35125285,0.22691536,0.37250465,0.7025354,0.16738647,0.43769413,-0.37990075,0.0445292,-0.12910266,-1.1166023,0.18760672,0.26478115,0.080888726,0.49786392,-0.3488707,-0.029876526,0.24172142,0.7030166,-0.06081655,-0.21024464,0.27642837,0.8886764,0.042929433,0.32298896,-0.13932407,0.027716042,-0.38027886,0.026402507,-0.38945335,-0.2445616,-0.037139375,0.3711219,-0.08533633,0.43781224,0.3514764,0.09234146,0.17015274,0.33505297,-0.14057969,0.104808755,0.0028023114,0.46584544,0.086214945,1,1,0,Peripheral,Peripheral,0.02004093694299937
307,22,0.05513784461152882,0.04551068214088507,0.31201924118653984,0.0764141754634492,0.05194805194805195,10,0.03642450733095584,3613.593672668416,0.13438735177865613,23,0.25413223140495866,3,2.196044975461651,17,5,2.588235294117647,15,2,0,0,0.34856534,0.24044393,-0.6085018,0.26049036,0.06287207,-0.24109395,0.09429972,-0.046060424,0.06977387,-0.0412683,0.09919895,-0.38096407,-0.0155191105,-0.30462208,0.20544201,0.1171197,-0.2335369,0.15920842,-0.028463071,-0.18514615,0.02310338,0.44858786,-0.046222825,0.19533369,0.046280622,-0.42044267,0.35139114,-0.18412063,0.085967965,0.04276587,-0.2784461,0.24895458,0.21547653,-0.03312712,-0.046110842,0.0858535,0.038684454,-0.1342248,0.1569827,0.34336245,0.04307929,0.089711405,-0.018836772,0.24542406,0.1329545,-0.0051222737,0.113321766,-0.094584584,0.18980105,0.4249778,-0.07754454,0.078027815,0.09633598,-0.4071586,-0.32210687,0.24384068,0.06147234,-0.05522974,0.07312549,-0.1135161,0.091310166,-0.05294702,0.36165938,0.2317328,0,0,0,Coordinator,Peripheral,0.11975049277219854
308,0,0.0,0.0,0.0,7.590317288714358e-60,0.0,0,0.0,0.0,0.0,1,0.0,0,0.0,11,6,2.0,0,2,2,7,-0.009425983,-0.005781807,0.011031805,0.002315661,-0.0019185301,0.010485908,-0.0006766822,-0.013198718,0.00020990893,-0.0031688698,-0.012464408,-0.015033415,-0.0030757766,-0.0082853865,-0.013591595,-0.00709608,-0.010119662,0.011486694,-0.006300155,-0.0056126285,0.010258483,0.005079072,-0.002828706,-0.007602351,0.0091533195,0.003584724,-0.0020054858,-0.012711944,-0.013698027,-0.009470683,-0.010757294,0.0010469463,-0.014215404,0.011740265,0.004448505,0.011695979,-0.01158338,0.012699204,-0.0019174628,-0.012114324,-0.0016178023,-0.010018388,0.009626953,-0.014667429,-0.014544779,-0.010718195,-0.0058740247,0.00075725466,-0.0014208127,-0.015083531,-0.0029014256,-0.0023260843,0.015559845,0.0060650855,-0.005069744,-0.009956023,0.0028877836,-0.0127625875,0.0022202935,-0.014515486,0.0050162543,0.012094362,0.0034550037,0.01477699,0,0,0,Peripheral,Peripheral,0.0
309,12,0.03007518796992481,0.009137400354197522,0.26645777692796385,0.03112981971467284,0.18181818181818182,7,0.017757829427566426,725.5187255236374,0.3076923076923077,13,0.0,0,1.0704219224654603,18,12,2.7222222222222223,3,4,8,3,-0.023242675,0.022406137,-0.44207004,0.0029762532,-0.026768088,-0.25261372,-0.149584,-0.02390969,0.10087108,0.3224294,-0.30521834,-0.2174825,0.26362818,-0.15538469,-0.44003934,0.28842667,-0.10401865,-0.31513843,-0.11883615,0.08016059,-0.20921028,0.5535555,-0.30843017,-0.025342263,0.23028459,-0.49890462,0.34886733,-0.3245903,0.37318885,0.10134055,-0.59506327,0.37438372,-0.08902494,0.15349782,-0.07474454,-0.07870923,-0.051661134,-0.34884107,0.14898778,0.41326278,0.06390713,-0.31279176,0.43049583,0.20521311,0.4591109,0.582888,0.10973478,-0.2852219,0.3757263,0.3475135,0.037003722,-0.28705943,0.13155437,-0.34542722,-0.1392466,0.19289662,0.10912121,-0.28687105,0.22959349,0.39987776,0.099884726,0.28357756,0.26137626,0.15223184,1,2,0,Enabler,Enabler,0.4469296064324672
310,1,0.002506265664160401,0.0,0.20025402594031316,0.00133831719718464,0.0,1,0.0,0.0,1.0,2,0.0,0,-0.6984143036714102,7,5,2.142857142857143,0,1,1,5,0.1956503,-0.43633112,-0.21874484,-0.27484816,0.1543775,-0.2823421,0.45489782,-0.18416166,-0.4967004,0.1648942,-0.23735642,-1.0310587,-0.1555615,0.300522,0.31494254,0.4316618,-0.38795587,0.24096055,-0.068476,0.050457906,-0.073748544,0.31655785,-0.44611037,0.32542306,-0.10655481,0.14589897,0.6309221,-0.36424348,-0.24684438,-0.29448652,-0.7548074,-0.048198715,0.61665595,0.25837153,-0.66169083,-0.17125186,0.78523093,0.18279338,0.2501311,0.4496188,0.21953845,-0.026664248,0.021192677,-0.008311788,0.5195862,0.08623137,-0.11515904,0.10166924,0.6154876,0.025882978,0.006333307,0.20413157,0.10279922,-0.4351029,-0.283898,0.007008875,-0.003343008,-0.18556502,0.038494185,0.298231,0.39664167,0.034972645,0.30050543,0.5958588,1,1,0,Peripheral,Peripheral,0.020159965827278012
311,3,0.007518796992481203,0.0003868007754678583,0.20728272500011993,0.00272055641952543,0.0,3,0.0003138851286853861,30.712368372923414,0.5,4,0.0,0,-0.37680771710107014,5,5,2.8,0,2,1,2,0.39643976,-0.62526906,-0.5663403,-0.29109162,0.27174667,-0.04948893,0.40466926,-0.03344769,-0.42796344,0.1162228,-0.24935955,-0.46786547,-0.14233328,0.26604372,0.2610042,0.7380655,-0.3185677,0.13143106,-0.10418783,-0.2956088,0.07490535,0.28328624,-0.34653786,0.57764447,-0.07746886,0.1291421,0.91343015,-0.65437716,-0.2083527,-0.078771,-0.4369255,-0.048201267,0.5554269,0.2317813,0.14790437,-0.09889618,0.5854155,-0.033862002,0.14091316,0.17613226,-0.03667369,-0.2925763,0.2688695,-0.20612362,0.47841787,0.21690683,0.11894434,0.18919101,0.47461125,-0.08256208,-0.17617756,0.066069454,-0.04788409,-0.5803512,-0.40235567,0.015100601,-0.5460209,-0.26884928,-0.17267716,-0.07997632,0.03829704,0.53041863,0.1447537,0.5940613,0,0,0,Peripheral,Peripheral,0.017669925917886176
312,1,0.002506265664160401,0.0,0.20377166253148554,0.0013916109378306308,0.0,1,0.0,0.0,1.0,2,0.0,0,-0.6984143036714102,9,7,2.0,0,3,2,4,0.7518348,-0.36593184,-0.13593584,0.723173,0.4875551,0.21291268,-0.18113251,-0.0148253925,0.52658665,0.10585097,-0.08778443,-0.3560526,-0.1931161,-0.23613364,-0.37400365,-0.07943485,-0.57276714,-0.15042658,0.04201589,0.11187565,-0.38876387,0.23096056,-0.34098664,-0.05789016,-0.056904748,-0.16493247,0.412364,-0.616567,-0.10262558,0.35330358,-0.5964305,0.59588146,0.5371471,0.061210155,-0.5327888,-0.047475025,0.24394746,-0.45138565,0.30430588,0.3775275,-0.09840627,-0.19919625,0.053143084,0.3168265,-0.3564061,0.042833067,-0.21556225,-0.4844839,-0.035271112,0.12618858,-0.3447494,-0.1187945,0.45339817,0.058208372,-0.59676903,-0.08433175,0.08151564,-0.55403435,-0.13866435,0.40042388,0.2384809,0.47028893,0.33024824,-0.094988994,1,1,0,Peripheral,Peripheral,0.020169445410324595
313,14,0.03508771929824561,0.013916301227536424,0.28392659971607337,0.058255803545211565,0.01098901098901099,10,0.014483073543189727,1104.9682337676197,0.14285714285714285,15,0.1377551020408163,1,1.2312252157506305,17,8,2.5294117647058822,4,10,3,0,0.049351733,-0.29992872,-0.38184455,0.12221884,-0.0109774,-0.15056168,0.036309775,0.09907618,0.0167633,-0.17683972,0.20580652,-0.3766159,0.1458447,-0.22983615,-0.117044754,0.40429115,-0.13957596,0.029438812,0.19619875,0.08487129,-0.05773051,0.4797823,-0.088635825,0.022199124,-0.01184229,-0.036560975,0.4106127,-0.14911656,0.295717,0.0006131601,-0.5379086,0.28932035,-0.0140404925,-0.19335681,-0.098809406,0.2390018,-0.09044525,0.06848087,0.19895074,0.46379998,-0.13780838,0.14926769,0.23832811,0.08833095,-0.12550715,0.1088333,0.08324979,0.1564197,0.26577115,0.25504783,0.049898703,-0.04614353,-0.038073108,-0.10697164,-0.22023878,0.14000958,-0.33347479,-0.3031348,-0.053825464,0.03643418,0.2379894,0.22562784,0.23332693,0.17643686,0,0,0,Broker,Peripheral,0.08333796931858245
314,6,0.015037593984962405,0.0017025165394805952,0.22339204269270146,0.010170601781372357,0.0,3,0.00345950411788846,135.18151575129875,0.2857142857142857,7,0.0,0,0.10560216275444005,13,9,2.5384615384615383,3,1,4,5,0.48255357,0.01327915,-0.48452923,0.17214002,-0.18644151,0.19455227,-0.06504942,-0.06356105,-0.056158736,-0.26059768,-0.12566456,-0.2811857,0.22203271,-0.38133317,-0.06375081,0.38909036,-0.1917867,0.43259197,-0.060973246,-0.099320844,0.2867082,0.37484816,-0.4247459,-0.06673658,0.21599318,-0.06994043,0.17478225,-0.32222006,0.5710387,-0.45401126,-0.51808,0.2790647,0.18242776,-0.24864322,0.09389548,0.55739397,0.110187136,-0.04295793,0.124436714,0.33291638,-0.22508116,0.46634084,0.4027289,-0.18900149,-0.002370877,0.61939716,-0.087986864,0.09401692,0.32235244,0.4346549,-0.46070594,-0.41221896,0.07079584,-0.30893162,-0.0051630675,0.5128006,-0.21505214,-0.2661954,0.31265944,-0.031624068,0.62485546,0.25631493,0.57439494,0.28733304,0,0,0,Enabler,Enabler,0.15804210583369419
315,1,0.002506265664160401,0.0,0.20377166253148554,0.0013916109378306308,0.0,1,0.0,0.0,1.0,2,0.0,0,-0.6984143036714102,8,5,2.125,0,2,2,4,0.8227037,-0.37163168,0.02074644,0.69068885,0.4034212,0.25985602,-0.22037935,0.15550569,0.3670729,0.06674232,-0.023464551,-0.13635391,-0.22150062,-0.24082133,-0.53462934,-0.10186062,-0.5568931,-0.01759933,0.2155477,0.17468694,-0.22388236,0.21415794,-0.37827808,0.11973883,0.051158633,-0.14576018,0.5747017,-0.49944425,0.08526442,0.2453981,-0.5230669,0.5593934,0.31299838,0.11220076,-0.48781234,-0.059040893,0.23600213,-0.5211672,0.25972772,0.55671054,-0.08846103,-0.29360053,-0.10597095,0.3576655,-0.2571365,0.018328402,0.14211553,-0.59645176,0.17878503,-0.015732616,-0.50688237,-0.48724356,0.7146758,-0.04483168,-0.53883374,-0.22741057,-0.027308987,-0.45199665,-0.049455997,0.24591215,0.0527231,0.6599833,0.15384884,-0.03275233,1,1,0,Peripheral,Peripheral,0.020169445410324595
316,3,0.007518796992481203,0.0021635149868405247,0.2537593984962406,0.009831487579846742,0.0,3,0.0036301513285715253,171.7852534701245,0.5,4,0.5555555555555556,1,-0.5376110103862402,13,7,2.6153846153846154,0,2,7,4,0.48024917,-0.28526378,-0.31363204,0.22053984,-0.6117466,-0.10306102,-0.2824803,0.036410686,-0.018377425,-0.19321452,0.088824265,-0.117462456,-0.21632308,-0.15614292,0.5123318,0.13615945,-0.31287244,0.0021294905,-0.14407538,0.5300306,-0.016706366,0.3641016,-0.19747958,0.29673445,-0.32583076,0.3256805,0.13836044,-0.05360653,0.38534215,-0.36266106,-0.6333154,0.63035244,0.0014310189,0.05427221,-0.04875092,0.14364731,0.13334334,0.5866778,0.26603302,0.36875698,-0.25554332,0.8296927,-0.078476004,0.14341868,-0.22289617,0.23564617,0.46829456,-0.06618998,0.2614151,0.59581125,-0.36953074,-0.34886214,-0.05874011,-0.12253636,0.1589714,0.6429434,-0.22065657,0.007427998,-0.106465876,0.20016393,0.16454256,0.93071157,0.4570014,0.49702126,0,0,0,Peripheral,Peripheral,0.02299791257878698
317,1,0.002506265664160401,0.0,0.2058377883873181,0.0019196580009159866,0.0,1,0.0,0.0,1.0,2,0.0,0,-0.6984143036714102,10,7,2.1,0,2,5,3,-0.16535485,0.10680645,-0.5207539,0.15496337,-0.2816064,-0.3057544,-0.0979162,-0.10460263,0.21777518,0.25073436,-0.16280624,-0.4924618,0.38872212,-0.29487062,-0.44267002,0.5496874,0.22587524,-0.3181859,-0.09813696,0.21957618,-0.20384145,0.5407185,-0.38798937,-0.047212318,0.12503722,-0.50811744,0.24778058,-0.24458815,0.30011135,0.20160994,-0.51347816,0.47550046,-0.19926706,0.22231732,0.018945072,0.11233012,-0.3161366,-0.463798,0.19114096,0.5668939,-0.04877829,-0.6959793,0.53840023,0.16752492,0.56138223,0.6662183,0.17790301,-0.35861087,0.1427959,0.13323529,0.053683147,-0.009754332,0.02251163,-0.3914597,-0.35201517,-0.09253784,-0.20496324,0.005688763,0.24276954,0.54613054,0.26109684,0.45133296,0.41574422,0.2574934,1,1,0,Peripheral,Peripheral,0.020263371374731446
318,2,0.005012531328320802,0.0022669739675822724,0.19196928491441367,0.0006193491893936538,0.0,1,0.004521353635344643,180.0,0.6666666666666666,3,0.75,1,-0.6984143036714102,11,8,1.9090909090909092,0,1,5,5,0.38337478,-0.7072673,-0.58166057,-0.22026645,0.16588756,0.29932493,0.23374654,0.04302705,0.043923832,-0.56015134,-0.49642187,-0.52304924,-0.3584954,0.08627405,0.16306165,0.39158764,-0.13782196,0.24762484,-0.15164438,-0.3433212,0.33178282,0.3433979,-0.38483575,0.34144282,-0.3725049,0.23115265,0.7344782,-0.66505617,0.4208516,-0.30632892,-0.38968825,0.065985896,0.39725527,-0.13658501,0.53195673,-0.25083062,0.40392956,-0.38598475,0.14659515,0.27291727,0.23032531,-0.8509779,0.18223226,0.32126483,0.2288614,-0.00014482091,0.2025012,0.036807466,0.7606703,-0.2208008,-0.21308462,0.0403358,-0.13402225,-0.46143547,-0.77107906,0.21254803,-0.4889135,-0.09946942,-0.09186593,-0.027230248,0.27288702,0.7486054,0.5144251,0.6404295,1,2,0,Peripheral,Peripheral,0.026369233282070123
319,7,0.017543859649122806,0.018951088736634883,0.24330489144208833,0.010005432779501172,0.0,3,0.01932812328246504,1504.7353967775464,0.25,8,0.0,0,0.26640545603961013,12,9,2.3333333333333335,2,2,4,4,0.5360383,-0.58977693,-0.40263677,-0.26800126,0.18715222,0.2070227,0.28780118,0.04988687,-0.051802408,-0.3614212,-0.5005788,-0.35725215,-0.21479914,-0.055614196,0.053584535,0.34264913,-0.2307256,0.39462686,-0.14739934,-0.23638971,0.36286387,0.36281028,-0.2547728,0.3064301,-0.2963045,0.17176776,0.64333797,-0.5894096,0.24182458,-0.2458155,-0.3864953,0.08532629,0.44318563,-0.15466301,0.17257807,-0.2541993,0.45354944,-0.38668257,0.036038265,0.10411366,0.047794033,-0.60929775,0.10620643,0.08660224,0.26589313,0.10718859,0.15878032,-0.047988195,0.67201036,-0.14237615,-0.09323681,-0.06211812,-0.17824878,-0.39622656,-0.48428506,0.36166188,-0.4259269,-0.30567113,-0.0956191,0.041786548,0.20979115,0.63636976,0.25026652,0.68569195,1,2,0,Enabler,Peripheral,0.04701699250636968
320,0,0.0,0.0,0.0,7.590317288714358e-60,0.0,0,0.0,0.0,0.0,1,0.0,0,0.0,12,9,1.5833333333333333,0,3,3,6,0.005405171,0.014668234,-0.0080151,0.014461098,0.007889185,-0.0008120537,0.013962109,-0.0047945883,-0.009142648,0.0051445365,-0.0111389365,-0.007582959,-0.009627789,-0.0040975735,-0.0020242874,0.0026750118,-0.0010359809,0.007226646,0.0019657146,0.0021356475,-0.0021459367,-0.015298184,-0.008558465,0.0030182935,-0.0040753745,0.014490334,-0.008509932,-0.014667101,-0.008247474,-0.0025489777,-0.014317011,-0.015063513,0.012357976,-0.0032264069,0.012607796,-0.00875449,-0.0007866826,-0.013076579,-7.962622e-05,0.008249324,-0.00087608397,-0.014577271,0.011101654,0.009365477,0.007249551,0.0058281645,-0.012615945,0.011471253,-0.014969351,-0.014344465,0.005491933,-0.0073636323,0.015331857,0.0006263964,0.0012050793,-0.00064598955,0.00577648,-0.01492871,0.0011526849,-0.0007751081,-0.0008563958,-0.004920829,-0.00454651,0.012331216,0,0,0,Peripheral,Peripheral,0.0
321,1,0.002506265664160401,0.0,0.1628130476567358,9.785630717050239e-05,0.0,1,0.0,0.0,1.0,2,0.0,0,-0.6984143036714102,13,7,1.8461538461538463,0,1,2,10,0.49107015,0.06270154,-0.8155304,-0.13116975,0.13732046,-0.3340449,-0.5136149,0.17526048,0.20204589,0.09713362,0.34633225,-0.8076673,-0.4548632,-0.61563104,0.31481194,0.15515101,-0.38087755,0.1447814,0.016178323,0.547057,-0.09994195,0.18761817,-0.2251178,0.13135615,-0.32411227,-0.19822437,0.7814341,-0.4495838,-0.5955759,-0.2066268,-0.5940079,0.11636853,0.4391664,-0.6588814,-0.2555042,0.60333306,-0.5922266,-0.29051054,-0.049926113,0.23299295,0.18062875,-0.12912242,-0.16104937,0.5842091,0.30185756,0.62888944,-0.01387971,0.6182923,-0.11612778,0.6955704,0.098000795,-0.7148119,-0.056505423,-0.3662797,-0.060071956,-0.092378415,-0.39230174,-0.32763162,0.6364341,-0.14725536,-0.252067,-0.14035961,0.5711253,0.6659672,1,1,0,Peripheral,Peripheral,0.0199393198024279
322,2,0.005012531328320802,0.0,0.20915133939162134,0.002867578843817964,0.0,2,5.4312917973325275e-05,0.0,0.6666666666666666,3,0.0,0,-0.5376110103862402,9,4,2.4444444444444446,0,1,3,5,-0.10733861,0.13706344,-0.5500046,0.22219211,-0.3008289,-0.0502438,0.23673575,-0.30552998,0.10570659,0.43249673,-0.4082726,-0.6107108,-0.07851275,-0.08654554,-0.21019883,0.36898896,-0.07438846,-0.34218726,-0.023324167,0.08669271,-0.35497674,1.0077875,-0.1753757,-0.02095706,-0.0027874303,-0.6072527,0.101358265,-0.29097974,0.59803385,0.3460016,-0.6940598,0.36022863,-0.12289978,0.11692657,0.1386303,0.24495581,-0.032667726,-0.28032917,0.15264155,0.148556,0.1330744,-0.54323316,0.52225435,0.047630988,0.2925628,0.7642179,0.17595907,-0.42558274,0.34298855,0.06076769,0.108215936,-0.20782326,0.46057162,-0.3716999,-0.052945044,-0.05053022,-0.46553773,0.10150758,0.5152308,0.5250093,0.27247125,0.22842164,0.31167892,-0.29975948,0,0,0,Peripheral,Peripheral,0.011894019055346218
323,0,0.0,0.0,0.0,7.590317288714358e-60,0.0,0,0.0,0.0,0.0,1,0.0,0,0.0,14,8,1.8571428571428572,0,3,2,9,0.014787219,0.014596464,-0.0005269144,0.003444871,-0.0147380605,-0.0065028295,-0.009327594,0.011383614,-0.0025273114,-0.002484031,0.005410634,-0.009571543,0.0058572646,0.0026819985,0.010831146,0.0034482367,0.0012602676,-0.0073425192,-0.00227068,-0.0016363878,-0.01203233,0.007990506,-0.0068909824,-0.0023298524,-0.0060112868,0.0038002748,-0.0037073717,-0.0061813667,-0.0029708538,0.009707309,0.0077052657,-0.010623274,-0.013303865,-0.009990711,-0.00483739,0.011548277,0.007050071,0.0042635333,-0.0027897824,-0.013586653,-0.011128988,0.009983528,0.0062213205,0.0020160973,0.013352066,0.005914001,-0.0030637346,0.01179768,0.011912016,0.0066111125,-0.010575118,-0.0017299093,0.010634456,0.013630193,-0.013763055,0.00643445,-0.008358123,0.0020446833,0.0012874492,0.014258629,0.0027588923,0.01139188,0.00813251,-0.008259669,0,0,0,Peripheral,Peripheral,0.0
324,12,0.03007518796992481,0.0011663668152034111,0.2764357702767557,0.051647885174978175,0.07575757575757576,10,0.0017209010571713212,92.61069149396604,0.21794871794871795,13,0.0,0,1.0704219224654603,13,7,2.923076923076923,2,7,4,0,0.2911832,-0.2761596,-0.5136984,0.30972716,0.06875119,-0.35765338,0.18485892,0.026273185,0.18303342,-0.16091706,-0.039909273,-0.42188382,0.15045753,-0.2870934,-0.06437841,0.18390413,-0.4282127,0.04240845,-0.13398866,0.052590385,-0.00547943,0.37174073,-0.14298396,0.027505912,0.06830958,-0.06794574,0.43336445,-0.30065554,0.113982834,-0.12645184,-0.4811075,0.15226886,0.2163148,-0.07246585,-0.011614586,0.0018501474,-0.025911497,0.103421435,0.10605286,0.3327563,0.1697806,0.07319366,0.2223139,0.074112535,-0.013191271,0.01514135,0.1406414,-0.04741252,0.26134425,0.3603091,-0.1050392,0.08232967,0.19697739,-0.08205428,-0.35677114,0.12050499,-0.08732581,0.07423903,0.11657127,0.13839023,0.21796432,0.1441518,0.13272217,0.07094886,0,0,0,Broker,Broker,0.8338149672983112
325,1,0.002506265664160401,0.0,0.20389957945711737,0.00148384613738803,0.0,1,0.0,0.0,1.0,2,0.0,0,-0.6984143036714102,8,6,2.75,0,0,4,4,-0.11709877,0.34955022,-0.63056034,0.25462487,0.095340826,-0.34840992,0.47837994,0.71842104,0.16905026,-0.22726038,0.4355024,-0.74938154,0.07254361,-0.38238138,-0.38709784,0.41419107,-0.028610518,0.19286539,-0.0113858525,0.3848722,-0.025228495,0.7552039,-0.40531212,0.30264142,0.83868265,0.0060731038,0.35887635,-0.36262545,0.1400017,0.16576216,-0.06392734,0.18769792,0.3068208,-0.26029631,0.16762649,-0.55070317,0.024936318,-0.35243458,-0.077595785,0.6436936,-0.14240621,0.2265495,-0.45071432,0.15334223,-0.23342457,0.18839833,0.19903147,-0.15168642,0.22028585,0.20733827,0.2114776,0.39477724,-0.0016265205,-0.48397636,-0.093131736,0.024854766,0.2684416,-0.09674685,0.13279712,-0.03088481,0.5657022,0.2863136,0.29485527,0.20899107,1,1,0,Peripheral,Peripheral,0.02018585167536481
326,2,0.005012531328320802,0.0002060885425074793,0.205317338859158,0.0025238823857609083,0.0,2,0.00010064944606071292,16.363636363636363,0.6666666666666666,3,0.0,0,-0.5376110103862402,12,9,2.0833333333333335,0,4,2,6,0.5304341,-0.349373,-0.7027821,0.06693604,0.18571098,-0.3250239,-0.064213745,0.467163,0.15816252,0.15561633,0.08751872,-0.33258647,-0.112216406,-0.51360893,0.43756512,0.10382552,-0.0712098,0.303759,-0.27938417,0.4141284,-0.05299334,0.6441946,-0.14769454,0.44013634,0.29375675,-0.8251665,0.14472812,-0.13669327,-0.3631769,-0.16411592,-0.8146609,0.69412977,0.4848191,-0.82342756,-0.10440263,0.12365699,-0.45068496,-0.291378,-0.37995952,-0.0044577145,-0.09176463,0.15946157,0.020391252,0.3448452,0.3455099,0.27886343,0.15579398,0.13104314,0.402794,0.5115525,-0.039789375,-0.32191518,0.096261844,-0.48536435,-0.0593524,-0.29731908,-0.08070875,-0.21540298,0.43507633,0.051484764,0.31004697,0.08930458,-0.22054756,0.006274816,0,0,0,Peripheral,Peripheral,0.011891536857821204
327,11,0.02756892230576441,0.0030885517792373176,0.27387186346980436,0.04289732138640402,0.09090909090909091,8,0.002625104613263342,245.23409982322227,0.24242424242424243,12,0.0,0,0.9096186291802904,9,5,2.3333333333333335,0,5,4,0,0.15751986,-0.2524813,-0.3661691,0.12698486,-0.08300035,-0.0832057,0.12604997,0.1328773,0.04507683,-0.021816371,-0.03825462,-0.41085705,0.03762829,-0.027849099,0.089205176,0.28054675,-0.32994092,-0.019581813,-0.0882436,0.25654697,-0.1504266,0.70891947,-0.28754318,0.33931503,0.22530945,-0.1461201,0.16375871,-0.3020321,0.2437196,-0.083482124,-0.6229407,0.18220358,0.2741786,-0.2861791,-0.070809096,0.024475783,-0.19187401,-0.040695705,0.03505479,0.2398133,0.15346242,-0.09712083,0.06517402,0.0077358005,0.07665655,0.12937352,0.19438015,-0.026063688,0.3097318,0.26965007,-0.0031434908,-0.0683368,0.34025845,-0.13548665,-0.2637372,0.02715614,-0.28426942,-0.09458967,0.19880348,-0.010020988,0.16184008,0.036691636,0.034337185,-0.29505056,0,0,0,Broker,Peripheral,0.060448600981057754
328,12,0.03007518796992481,0.0028371168319539656,0.2754979050680135,0.04737906533762164,0.06060606060606061,9,0.003336626069181946,225.26991357397682,0.20512820512820512,13,0.0,0,1.0704219224654603,8,5,3.375,1,6,1,0,0.29008645,-0.24524564,-0.36810127,0.13634601,0.09382315,-0.22818498,-0.024361743,0.16421464,0.22922255,-0.20551987,0.062402736,-0.4305274,0.039193656,-0.26702026,0.07567861,0.31152558,-0.22270395,-0.012708371,0.033509776,0.0652614,-0.13281378,0.5075404,0.04003932,0.15003476,0.15255694,-0.07358736,0.32913122,-0.31087717,0.15145989,-0.23444551,-0.46344537,0.24362677,0.18286191,-0.16779847,-0.15891838,0.17981666,-0.10519699,-0.09009684,0.10623687,0.38065198,0.020934112,0.0015254796,0.15838887,0.11603241,0.19404416,0.27192128,0.07839111,0.23014265,0.16692324,0.23816732,0.14928392,-0.17756173,0.05377799,-0.2843138,-0.26855212,0.22540069,-0.17839788,-0.05071664,-0.01652987,0.07736369,0.10429072,-0.069487214,0.26422572,0.22195944,0,0,0,Broker,Broker,0.7885165683462033
329,5,0.012531328320802004,0.0018753595690539292,0.1987833721390379,0.0017897067675207963,0.0,3,0.001750692500210768,148.90542514245104,0.3333333333333333,6,0.0,0,-0.05520113053073,11,7,3.090909090909091,0,3,4,4,0.43994498,-0.05645269,-0.38661718,0.40161595,-0.16056198,0.22707777,-0.2995267,-0.17839351,-0.036628466,-0.034753036,0.042944964,-0.04349428,0.32108328,0.08883955,0.24123721,0.5845734,-0.4499225,0.106675565,0.20728925,-0.23126888,-0.18580346,0.58974695,-0.68739396,0.19659522,-0.11655179,-0.27348268,0.015742129,-0.092480265,0.585055,-0.5386398,-0.93560517,0.31047118,0.09241375,0.110653035,0.34293976,0.48276103,0.015104909,0.056813616,0.3283188,0.69951516,-0.4538904,0.7513901,-0.23053193,0.42096928,0.023456618,0.07275578,0.5212503,0.24130087,0.07909322,0.22116409,-0.09307818,-0.39925927,-0.3218762,-0.08996343,0.10367882,0.4155262,-0.37808895,-0.14452209,-0.0755841,0.024329264,0.7278057,0.47158253,0.91864485,0.4995651,0,0,0,Peripheral,Enabler,0.13611352750706232
330,2,0.005012531328320802,0.00013853729801891664,0.2083463951733085,0.0031788477842338214,0.0,2,7.766484888939265e-05,11.0,0.6666666666666666,3,0.0,0,-0.5376110103862402,13,8,1.6153846153846154,0,5,2,6,0.18758577,-0.41400805,-0.21656467,0.048635438,0.00530464,-0.32626542,-0.3501373,0.14215122,0.23452996,0.18357421,0.25490463,-0.578633,0.11019166,-0.5569933,0.607195,0.2142209,-0.32150114,-0.032442994,0.22157383,0.10811729,-0.06712665,0.3245394,-0.10969519,0.38088116,-0.08606406,-0.33410642,0.22817077,-0.30120927,0.017019454,-0.4559956,-0.6695066,0.22176515,0.5732321,-0.37588134,-0.58308035,0.08028963,-0.25784543,-0.53750676,0.0076552443,0.51093847,0.14170827,0.08246882,0.0153725995,0.28962377,0.7725941,0.32651156,0.29639757,0.39769295,0.10615468,0.5428769,0.29892382,-0.5722991,0.26657882,-0.2880985,-0.07280633,-0.24668984,-0.20006329,-0.15314749,0.12991774,-0.5325203,0.032303892,-0.22186188,0.696169,0.3421227,0,0,0,Peripheral,Peripheral,0.011988813322437447
331,4,0.010025062656641603,0.0005660391683608871,0.2135516305556791,0.0030227842832134533,0.0,3,0.000791805430013271,44.9440760070228,0.4,5,0.0,0,-0.21600442381590007,9,6,2.3333333333333335,0,2,2,5,0.48888618,0.20829381,-0.662239,0.45684657,0.0600296,0.02766482,0.1785477,-0.051448144,0.41335168,0.08408632,0.16849147,-1.0728999,0.13833661,-0.26165062,0.10903836,-0.015787272,-0.28452888,-0.036974214,-0.03799538,-0.13240626,-0.13378291,0.5409407,-0.20999719,0.16887487,0.23924516,-0.16669838,0.37557465,-0.36417884,0.25313756,-0.08504511,-1.2242031,0.0075316187,-0.18603437,-0.10912,0.36707756,-0.41369316,-0.050752852,0.3122726,0.53039736,-0.04289329,0.3170893,0.049816925,0.97258955,0.11049709,-0.16440591,-0.0294357,0.048563704,-0.17620565,0.17974111,-0.025219513,-0.41432285,-0.2245971,0.7192389,0.35391444,0.0828552,0.46950254,-0.0028032474,0.23867045,0.39290246,-0.09421138,0.13752198,-0.078107275,0.101164706,0.24559969,0,0,0,Peripheral,Peripheral,0.019909186244037355
332,2,0.005012531328320802,8.466168212267129e-05,0.2102343236732608,0.00275035459382634,0.0,2,0.00011807156081157668,6.722222222222223,0.6666666666666666,3,0.0,0,-0.5376110103862402,10,8,2.0,0,3,2,5,0.9911374,-0.6470766,-0.35807338,0.85666686,0.3657348,-0.305741,-0.15950634,-0.13104312,0.329822,0.11206659,-0.44940904,-0.29587802,0.19277927,-0.12224787,-0.23170672,0.15028168,-0.5024075,-0.20448263,0.17835107,0.18880758,0.044856526,0.28866485,-0.027554851,-0.33008704,0.25932676,-0.21635695,0.79165626,-0.3579271,-0.008884396,0.26656193,-0.4506076,0.21317878,0.21113478,0.011055937,0.112256214,-0.20192172,0.3416829,-0.2886411,0.18393223,0.57697827,-0.1834717,-0.25548795,-0.15364397,-0.005582667,-0.093376026,0.2630774,-0.019538518,-0.24289422,0.1116509,0.610813,-0.149026,0.0719777,0.6934591,0.4885446,-0.5518707,-0.29939845,-0.082988694,-0.2655115,-0.08586966,0.1639661,0.13224079,0.49773052,0.16475818,0.21095532,0,0,0,Peripheral,Peripheral,0.011897262492558697
333,9,0.022556390977443608,0.02722268242231743,0.2527720078406132,0.015292918128211512,0.08333333333333333,4,0.011260914544922191,2161.508207014426,0.26666666666666666,10,0.0,0,0.5880120426099502,16,8,2.375,3,2,4,7,0.089898236,-0.27332774,-0.7934273,0.11736846,-0.035211,-0.16661572,0.5177416,0.14391744,0.31971443,-0.13821703,-0.1117202,-0.24986178,0.01141661,0.05800875,0.35390323,0.06937607,-0.27995622,0.35614654,-0.013687223,0.23934528,-0.24022684,0.7420347,-0.17778805,0.3310612,0.35939813,-0.4838844,0.24863286,-0.26600972,-0.22003247,-0.08107132,-0.644253,0.74933016,0.20102614,-0.5330232,0.0070202965,0.03548755,-0.35680628,-0.34477496,-0.3009732,0.036521934,-0.2479133,0.36690387,0.08585166,0.22889382,0.026016554,0.12606369,0.18156077,-0.08992459,0.39479357,0.22308168,0.07811067,-0.06935205,0.15097733,-0.3627071,-0.21608675,-0.22479022,-0.10725924,-0.07800307,0.0969759,0.11739479,0.3789896,0.09944481,-0.10711485,0.037749812,1,1,0,Enabler,Peripheral,0.05813805134311195
334,6,0.015037593984962405,0.024943530163285224,0.24832724011864524,0.012466742432559703,0.13333333333333333,3,0.015993617976668786,1980.5412384950102,0.38095238095238093,7,0.0,0,0.10560216275444005,19,10,2.0526315789473686,3,1,9,6,0.2666115,0.66935456,-0.9156378,-0.04178919,-0.6296738,-0.38050506,0.110937096,-0.21475787,0.011013347,0.08155853,0.101626426,-0.18721695,0.29383424,0.0887141,0.2826018,0.46584794,-0.33196232,0.3029796,-0.1873137,-0.23184067,-0.12797688,0.74791723,0.048206143,-0.17823218,-0.061923236,-0.30914864,0.42557114,-0.24195531,-0.17856944,-0.26427567,-0.42576268,0.31906977,0.20382513,-0.09296589,0.18206125,-0.18383695,0.14051996,0.034604654,0.24787661,0.840596,-0.28936106,0.1294794,-0.13472435,0.4465276,0.017670969,-0.0031528743,0.17509706,0.037921257,-0.038211063,0.0014124326,-0.09485437,-0.088804156,0.18127345,-0.12152586,-0.5957832,-0.26373076,-0.22810906,-0.38698864,0.16203071,0.0094070695,0.18621728,0.17964394,0.54444766,-0.29587284,1,2,0,Enabler,Peripheral,0.047025746753003896
335,0,0.0,0.0,0.0,7.590317288714358e-60,0.0,0,0.0,0.0,0.0,1,0.0,0,0.0,13,8,2.076923076923077,0,5,1,7,-0.005622063,-0.005722493,-0.003876824,0.0022725686,-0.0138489995,-0.01129752,-0.006494414,0.010253228,-0.0020085555,-0.002644308,0.015278317,0.011577459,-0.004876677,-0.01267517,-0.0051865336,0.014740778,-0.007699158,0.00076379813,0.0073381905,-0.007483188,-0.011993166,0.006926598,0.012691507,0.015345013,0.009531245,0.0033233557,0.00041317567,-0.0073520076,-0.014826182,0.0082448535,-0.0003697928,0.015086893,-0.011208333,0.00963182,0.00044307858,-0.0015560742,-0.010620562,0.0055075567,0.00025998056,0.0096706655,-0.01396535,-0.008472806,0.0024075229,0.0032781009,-0.0035198405,-0.0085596405,-0.0064187422,0.0087280385,-0.008392332,0.0021229703,-0.01512506,-0.008792723,0.0008054916,0.008537125,0.01496149,0.0043564998,0.0011244118,-0.0053517763,0.0015486758,0.0029991195,-0.0010530464,0.013658129,0.0035718959,-0.0021222401,0,0,0,Peripheral,Peripheral,0.0
336,1,0.002506265664160401,0.0,0.19174263876929631,0.000616993968275204,0.0,1,0.0,0.0,1.0,2,0.0,0,-0.6984143036714102,9,5,2.4444444444444446,0,2,3,4,0.6153343,-0.78464013,-0.5647695,-0.33326384,0.26977366,0.44624063,0.35355398,-0.19237848,-0.22259173,-0.40234667,-0.48446667,-0.41622242,-0.36967653,-0.22851469,0.09142157,0.4721916,-0.05311084,0.21472883,-0.30716532,-0.15519151,0.43285075,0.516058,-0.33419457,0.28153205,-0.40040636,0.0497265,0.7001793,-0.57180095,0.067333505,-0.2443552,-0.39497027,-0.0749861,0.39084962,-0.23134409,0.26245338,-0.32794625,0.49887514,-0.39517337,0.18331598,0.14369598,0.05601384,-0.62198883,0.12851234,0.27239212,0.34775448,0.26292488,0.11438931,0.08864506,0.5982154,-0.16244577,-0.050899196,-0.006406875,-0.104870714,-0.5030654,-0.6417617,0.39819375,-0.34961808,-0.5173481,-0.16958112,-0.16329302,0.2290433,0.82822806,0.121458806,0.89312893,1,1,0,Peripheral,Peripheral,0.02003166101382347
337,1,0.002506265664160401,0.0,0.17425538094162443,0.00021743106474561558,0.0,1,0.0,0.0,1.0,2,0.0,0,-0.6984143036714102,7,6,1.7142857142857142,0,0,2,5,-0.0517636,0.09359998,-0.40787178,-0.21522218,0.11016951,0.030730952,0.74783456,-0.021537969,0.12767668,0.012886305,-0.18657847,-0.56963724,-0.011090706,-0.5226479,0.27334842,0.15327772,-0.037371285,-0.3491628,-0.008678506,0.18054368,0.27602708,0.30878207,-0.20791675,-0.2271071,0.30502003,-0.10630195,0.35857636,0.14116096,0.22823653,-0.1951105,-0.84196585,0.7310724,0.53673416,0.0970133,0.43455377,-0.026689852,-0.03339529,-0.020081714,0.6327945,0.20217095,-0.58791196,0.6099094,-0.36202615,0.4657187,-0.1949488,0.41586393,0.6529455,0.79981965,0.2878622,1.1605961,0.08466165,0.39534706,0.10132495,0.16688554,-0.3241841,0.62129915,0.15268649,0.022311589,0.08954132,0.6139049,-0.15128134,1.1862072,0.5554842,0.56351274,1,1,0,Peripheral,Peripheral,0.019960589070281285
338,10,0.02506265664160401,0.009210345115463016,0.2571750040183594,0.021702553658600944,0.13333333333333333,5,0.017734618760358686,731.310612512879,0.2909090909090909,11,0.0,0,0.7488153358951203,22,11,2.590909090909091,6,2,10,4,0.21117261,-0.42668134,-0.38166246,-0.20164281,-0.12792157,-0.24401559,0.35964316,-0.17509636,-0.2283677,0.107433036,-0.30704567,-0.5992057,-0.19222859,0.17206016,0.28595376,0.26891774,-0.31354633,-0.031158453,-0.04405917,-0.114004195,0.03384644,0.30180472,-0.29961234,0.3776592,0.20600702,0.079388075,0.5900149,-0.35367435,-0.263087,-0.3226187,-0.46262497,0.04646262,0.5193705,0.081724815,-0.48936334,-0.046870243,0.37499562,0.2229925,0.28181058,0.4012842,0.29496527,-0.316252,-0.12840846,0.036659017,0.34443402,0.12524615,-0.12723948,-0.011603258,0.6661103,0.0137242135,0.033331964,0.03433259,0.15490964,-0.28974837,-0.34152925,0.289479,-0.23035112,-0.043371625,-0.09159119,0.19837736,0.28911635,0.36144453,0.15792389,0.5043845,1,2,0,Enabler,Enabler,0.36696698432842023
339,0,0.0,0.0,0.0,7.590317288714358e-60,0.0,0,0.0,0.0,0.0,1,0.0,0,0.0,15,9,1.9333333333333333,0,2,7,6,0.008034315,-0.006065216,-0.013108572,-0.015505979,0.011360312,-0.007565953,-0.00020921975,-0.0067006852,0.0113062635,0.015008196,-0.012185177,-0.0089422595,-0.008405432,-0.010401567,0.012479397,-0.008805277,-0.014352152,-0.013137434,0.0018590894,0.008485399,0.0069948863,0.00733874,0.0024613217,-0.013126502,0.0060011037,0.0084678065,-0.0076354314,0.007136857,0.013404636,-0.013025083,0.010078443,-0.010809245,-0.0067152977,-0.012570111,-0.009598963,0.0030296333,0.013410915,-0.0041948333,0.011739129,0.0028457288,-0.0016401764,-0.0072992314,0.0013252757,-0.0009270683,-0.0012770183,-0.0029165037,-0.00783873,-0.011310155,-0.007458035,-0.015096897,-0.006413391,-0.0069404207,0.013303526,0.0065667424,0.0074444953,0.0156097915,-0.008123925,-0.015189225,0.005742464,-0.00058152527,-0.00026432239,0.004285766,-0.012793824,0.011311224,0,0,0,Peripheral,Peripheral,0.0
340,0,0.0,0.0,0.0,7.590317288714358e-60,0.0,0,0.0,0.0,0.0,1,0.0,0,0.0,15,8,2.1333333333333333,0,3,2,10,0.0019423943,0.009466024,0.0043213945,0.014335273,-0.012872726,0.013621027,-0.0071017276,-0.0026650783,-0.013469715,-0.013846885,-0.006385103,0.0051788595,0.013183862,-0.0017974954,0.00069191307,-0.014668174,0.008118266,-0.0010383204,-0.0050568283,0.009765318,0.003983397,-0.011373285,0.0066183545,0.014900511,-0.002343811,0.005452661,-0.0132752955,-0.006657142,0.014484648,-0.011654597,-0.012074636,-0.014158333,-0.0028491411,0.006749874,-0.0017914195,-0.008703684,-0.01425368,0.000249099,0.012914743,-0.0110218655,0.0016409382,0.013442634,-0.012111593,-0.014488298,0.0017739255,-0.003302697,0.005428957,-0.00463493,0.003921913,-0.012731049,0.01419799,0.004509464,-0.008543467,0.012696965,-0.011522716,-0.008265387,-0.0002813507,-0.013873622,-0.009607937,-0.0109521225,-0.013823764,-0.0054836553,-0.0001736395,0.009001872,0,0,0,Peripheral,Peripheral,0.0
341,3,0.007518796992481203,0.011402039436950836,0.2055772342248025,0.0022159920578999973,0.0,2,0.004566292386974747,905.3333333333334,0.5,4,0.0,0,-0.37680771710107014,6,5,2.1666666666666665,0,0,3,3,-0.39454943,-0.7825407,-0.07200759,0.2046766,-0.33791912,-0.2505329,-0.27490592,-0.07090089,-0.02702782,0.0134467725,0.09702314,-0.24290557,0.31772763,-0.28019944,0.27709684,-0.008480574,-0.2271055,0.0028374095,0.58734995,0.21120992,-0.039156243,0.6802494,-0.109949015,0.4893741,0.016212102,-0.21906479,0.32723385,-0.20805128,0.7362357,-0.050061345,-0.5682416,0.22091593,0.679157,-0.3814394,-0.57059383,0.042442974,-0.30476305,-0.36803308,0.3936079,0.8749728,0.09683613,0.08865334,0.1097026,-0.3699823,0.48982444,-0.1463679,0.5441032,0.13717152,0.41719353,0.49091086,0.1934863,-0.35719526,0.27951413,-0.010033262,-0.26646364,0.20973143,-0.5495178,-0.18014379,-0.13793673,-0.6825759,0.6317941,0.14028366,0.7021073,0.050066713,1,1,0,Peripheral,Peripheral,0.03138755402273476
342,1,0.002506265664160401,0.0,0.20389957945711737,0.00148384613738803,0.0,1,0.0,0.0,1.0,2,0.0,0,-0.6984143036714102,6,5,2.5,0,1,2,3,-0.0551221,0.35507354,-0.82622486,0.121794716,0.28292993,-0.3938032,0.47462773,0.6260544,0.09160442,-0.33688462,0.36444342,-0.94114697,-0.15173256,-0.16015872,-0.17119679,0.49229735,-0.24390097,0.18501544,0.20312648,0.31853878,-0.14925717,0.69263214,-0.51838654,0.32580158,0.79841375,-0.17586794,0.182661,-0.35843417,0.11889313,0.36922163,-0.36198866,0.20198463,0.29525173,-0.280287,0.12273749,-0.3820638,-0.10935494,-0.28937933,-0.120998666,0.43936282,-0.018987752,0.12468628,-0.49623707,0.21432804,-0.3418205,0.0872943,0.20475858,-0.049067806,0.19802237,0.45281073,0.2853798,0.16551727,-0.17269398,-0.3132319,-0.22752325,0.05754191,0.21134655,0.21190713,-0.021900639,-0.27427226,0.34817296,0.31175664,0.36237812,0.14399672,1,1,0,Peripheral,Peripheral,0.02018585167536481
343,1,0.002506265664160401,0.0,0.19757422753965204,0.000943064417097245,0.0,1,0.0,0.0,1.0,2,0.0,0,-0.6984143036714102,8,5,2.0,0,3,0,5,0.07841476,-0.33147576,-0.9033149,0.15821813,0.1848924,-0.16380483,0.53217614,0.099780045,0.013946103,-0.06736042,0.060163677,-0.32417524,-0.014060959,0.055292826,0.45879808,-0.026046013,-0.26213405,0.3397124,-0.2760954,0.4351644,-0.24279703,0.77833515,-0.16732363,0.39801604,0.48731953,-0.39430952,-0.10597571,-0.36429128,-0.12181077,0.074606396,-0.80470115,0.9214967,0.45229855,-0.88330233,0.005601287,0.106909685,-0.57844186,-0.19521117,-0.49189854,-0.11272649,-0.22648545,0.16229096,-0.055800095,0.33650833,-0.08655623,0.081005625,0.24343961,-0.029326454,0.5851371,0.40000352,-0.28213948,-0.12710199,0.13130869,-0.5299827,-0.19441937,-0.12772392,-0.31912926,-0.08223994,0.18566748,0.053693123,0.45614174,0.1371935,-0.3157843,-0.16585222,1,1,0,Peripheral,Peripheral,0.020089660543621508
344,1,0.002506265664160401,0.0,0.17720241684407415,0.0006288406667709299,0.0,1,0.0,0.0,1.0,2,0.0,0,-0.6984143036714102,9,6,2.4444444444444446,0,1,3,5,0.1503764,-0.8432062,-0.9718269,0.5342448,-0.23405571,-0.12042995,-0.043921575,-0.0809062,-0.0833635,0.14669687,0.11657405,-0.26869076,-0.027471764,0.59571177,0.8353957,0.012963828,-0.03429856,0.7680294,-0.0981353,0.009752461,-0.6141419,0.08999208,0.5595824,0.07716102,0.61890405,-0.1505679,0.5146644,-0.43127868,-0.08927946,-0.0092891175,-0.78425467,0.1196607,-0.06866223,-0.0016552277,0.26780063,-0.14550811,0.19234854,-0.26923448,0.53559047,0.6083933,-0.12798938,0.052174784,0.06721385,0.07424104,-0.019494796,0.38332233,-0.15754618,-0.025849232,0.4153159,0.46703166,0.3112153,-0.36332154,0.19695745,-0.25899056,-0.69665277,0.058574986,-0.054892253,-0.17030303,0.54324347,-0.09388498,0.012040162,0.32549426,-0.12552333,0.32614902,1,1,0,Peripheral,Peripheral,0.02003376823618874
345,1,0.002506265664160401,0.0,0.19543443446160527,0.0006095352423352333,0.0,1,0.0,0.0,1.0,2,0.0,0,-0.6984143036714102,12,7,1.8333333333333333,0,2,2,8,-0.15130745,-0.6612671,0.03175408,0.17667718,0.05148881,-0.15210451,-0.4448678,-0.09210421,0.13203251,-0.025679791,0.35749137,-0.32794878,0.64748925,0.11210034,-0.060280308,-0.03835179,-0.17541471,0.009933234,0.8298748,0.0012968468,0.3524817,0.53588694,-0.3391513,0.3899433,-0.011023819,-0.34532094,0.5059096,-0.32113826,0.60248417,0.0726616,-0.42360997,0.33907664,0.26547563,-0.23288581,-0.43868423,0.037613496,-0.47058728,-0.14017656,0.28811654,1.0142132,0.021118985,0.07115512,0.5527499,-0.27129847,0.09536964,-0.43474808,0.42087868,0.20037097,0.275262,0.79336286,-0.20427519,-0.3613406,-0.04004139,-0.043670367,-0.11508636,0.28459865,-0.84293467,-0.32071194,0.11534531,-0.27502036,0.7105449,0.16902722,0.51943827,0.13782166,1,1,0,Peripheral,Peripheral,0.020030334298694965
346,13,0.03258145363408521,0.003508034069086716,0.2776171197223829,0.05362380622405085,0.08974358974358974,10,0.003525846945415781,278.54141311955436,0.21978021978021978,14,0.0,0,1.2312252157506305,16,9,2.875,4,9,3,0,0.010542813,-0.110577255,-0.18089457,0.13153113,-0.030959973,-0.15462175,0.40249574,0.1440435,-0.08676007,-0.11013509,0.069343895,-0.3435772,0.07881768,-0.14853348,0.09222738,0.31094965,-0.37444636,-0.25073075,0.14863922,0.09763464,-0.10650558,0.44887385,-0.060441874,0.059856296,0.127051,-0.036653645,0.39244914,-0.41269502,0.05212203,-0.14181586,-0.48158473,0.22244792,0.24145672,-0.22269407,-0.096983984,0.01342203,-0.08980349,-0.09811305,0.113197714,0.505387,-0.08105823,-0.015342991,0.1848613,0.09348298,0.2392014,0.07211256,0.14479233,0.13595138,0.24115147,0.37415883,0.080637075,0.04571356,0.31521347,-0.06514742,-0.41124293,0.3271555,-0.109619334,0.09715231,0.053453796,0.10345328,-0.06671425,0.045551226,0.34184253,0.0650384,0,0,0,Broker,Broker,0.8709893988920198
347,8,0.020050125313283207,0.013370021440301322,0.25922747811267993,0.022033879343373544,0.21428571428571427,5,0.010071926352057267,1061.5930723813653,0.3888888888888889,9,0.0,0,0.42720874932478015,22,12,2.1363636363636362,8,0,6,8,0.46072593,-0.36610922,-0.29928583,0.53703725,0.33601457,-0.42797902,0.016695902,-0.1274689,0.07909747,-0.11250468,-0.26167905,-0.32687396,0.2617895,-0.23580654,-0.0097679505,0.18216725,-0.2854773,-0.1534089,0.14398071,0.1719398,0.002307691,0.49403375,0.24012822,-0.016934315,0.2768652,-0.3514247,0.79324234,-0.26454213,0.05859817,0.08284686,-0.5095631,0.121353135,0.19406015,0.12601371,0.35796672,-0.13349587,0.12671417,-0.20520626,0.09712534,0.33223832,-0.103403665,-0.240801,-0.2617197,-0.08680586,-0.18697755,0.4729784,-0.033073876,-0.004653623,0.32594597,0.3299121,0.02355823,0.0017296792,0.30684194,0.3897506,-0.41554746,-0.056596696,-0.004584997,0.11257404,0.08578773,0.12215644,0.10519646,0.22224247,0.13768658,0.65898126,0,0,0,Enabler,Enabler,0.2611509898089605
348,22,0.05513784461152882,0.032787395638262266,0.31201924118653984,0.08103370248850598,0.05627705627705628,10,0.029180413445740565,2603.3520010736624,0.1383399209486166,23,0.25413223140495866,3,2.196044975461651,12,7,2.75,8,4,0,0,0.08690114,-0.11947436,-0.42018935,0.28441116,0.10899416,-0.23932423,-0.017734077,-0.040498305,0.29251754,0.12270739,-0.05472826,-0.52875644,0.11975303,0.09984191,0.27356988,0.32614064,-0.027057143,0.124411754,0.2254437,0.12452263,-0.089490384,0.5257947,-0.2115808,-0.08246488,0.21213035,-0.07293102,0.1702898,-0.33992103,0.10752713,-0.017763073,-0.39236605,0.16550454,0.2999539,0.0368884,-0.04281296,0.11750026,-0.20593402,-0.29944652,0.18074416,0.33813968,0.14855845,-0.16609983,0.012892775,0.012887496,0.09918425,0.23740016,-0.04701583,-0.11823347,0.1248202,0.38911253,-0.13376628,0.08281173,0.17855515,-0.11982153,-0.20928344,0.16897301,0.07652928,-0.06502778,-0.05813023,-0.052431937,0.13109756,0.059018586,0.24316978,0.21387383,0,0,0,Coordinator,Coordinator,1.0
349,1,0.002506265664160401,0.0,0.20300751879699247,0.0014188747876107736,0.0,1,0.0,0.0,1.0,2,0.0,0,-0.6984143036714102,8,4,2.25,0,2,5,1,0.25394392,-0.4437163,-0.091841236,0.1625076,-0.35445347,-0.19786681,-0.068607636,0.25751057,-0.10935542,-0.32433286,-0.06025931,-0.37725937,-0.030037478,-0.23941319,0.91744024,0.15955183,-0.429581,0.10573983,-0.38572517,0.8972467,-0.383942,0.5090225,-0.08578623,0.32055733,-0.8491444,0.23091173,0.15704758,-0.1989459,0.108704396,-0.44282016,-0.82996523,0.74261236,0.14521204,-0.0072029796,-0.24643165,-0.0038632122,0.19090666,0.35370877,0.47392264,0.30177653,-0.05722342,0.117251106,-0.09249467,0.13198778,-0.13076554,0.30407745,0.2667013,-0.23118825,0.30999902,0.45649874,0.07038083,-0.028298132,0.11376875,0.14298792,-0.2179226,0.20610525,-0.122629404,-0.00597261,0.007477939,0.33958846,-0.16406034,0.8495226,0.08123304,0.43887523,1,1,0,Peripheral,Peripheral,0.02017429494659335
350,1,0.002506265664160401,0.0,0.18862487228524272,0.0006850362704969433,0.0,1,0.0,0.0,1.0,2,0.0,0,-0.6984143036714102,11,7,1.8181818181818181,0,2,3,6,0.87225866,-0.40844315,-0.3986521,0.25993097,0.3035415,-0.13520196,0.40861288,0.0975698,-0.31912094,0.12554845,-0.47237703,0.08867184,0.12633687,0.082609534,0.00927269,0.62254757,-0.47662896,-0.15852308,0.054997843,0.069379725,-0.00520849,0.5896015,-0.54280555,0.13176449,0.42859408,-0.37471178,-0.23154177,-0.46351615,0.7420948,-0.5134523,-0.84491897,0.425776,0.40059817,0.031063357,0.24313554,0.28827205,-0.1222261,-0.27621907,0.35792205,0.44331557,-0.2797773,0.10231098,-0.30554137,0.63276404,-0.31369737,0.23660035,0.092694834,0.09700767,-0.26854387,0.22299558,0.1388998,-0.44285685,-0.094401695,-0.21650982,0.22484879,0.31913528,-0.49256608,0.19426914,-0.44476244,0.35142592,0.54529816,0.11776504,0.41955322,0.41219625,1,1,0,Peripheral,Peripheral,0.020043763985894365
351,11,0.02756892230576441,0.003901924054155883,0.27526443226710845,0.04454087703993401,0.12727272727272726,8,0.002847993389204001,309.8166718240313,0.2727272727272727,12,0.0,0,0.9096186291802904,22,9,3.090909090909091,5,15,2,0,0.4741612,-0.14586464,-0.21659839,0.26378977,0.009065952,-0.040963538,0.022355195,0.08779309,0.15317911,-0.021944813,0.022169586,-0.5190976,-0.08163474,-0.2802851,0.052024126,0.19533688,-0.23995246,-0.04218286,0.0736292,0.075556,0.06697449,0.4122157,-0.23717937,0.21400507,-0.08194846,-0.1712693,0.38162833,-0.34862262,-0.039077584,-0.046824485,-0.6694531,0.21360233,0.29336622,-0.13966568,-0.23480284,-0.13266057,-0.054780036,-0.116374746,0.29514417,0.342413,0.17668568,-0.14499621,0.18506384,0.18218058,-0.1472474,0.16278476,-0.07691345,0.040528476,-0.020029226,0.4447513,-0.12954718,-0.09675808,0.025668774,-0.011577838,-0.52352554,-0.10175782,-0.07590323,-0.05565492,0.13341449,0.027798865,0.05430283,-0.021363353,0.14613444,0.15371692,0,0,0,Broker,Peripheral,0.06097243192284459
352,2,0.005012531328320802,0.00017705133614046378,0.20675495230756713,0.0017576933536533402,0.0,2,0.000273119916935825,14.058053140888966,0.6666666666666666,3,0.0,0,-0.5376110103862402,12,8,2.25,0,3,4,5,0.10249278,0.20345508,-0.4654569,0.20295192,0.20207219,0.038344976,-0.12523131,0.3980537,0.20534632,0.27992836,-0.014142426,-0.41772065,0.014597249,0.12343086,-0.066919826,-0.10620654,0.20069502,0.04075282,-0.15252419,0.032573666,0.37649336,0.5977449,-0.43659645,0.3241535,0.19676046,-0.2415301,0.61355597,-0.5620975,0.18761173,-0.15370642,-1.2636154,0.3432302,-0.24249355,0.1860408,-0.39597535,-0.19801693,-0.23585647,-0.3180225,0.754554,0.84563005,0.018540515,-0.24397422,0.7952317,0.17192133,-0.023311986,0.40584916,-0.5741624,-0.2508237,0.3395247,0.3777819,0.018609522,0.079716176,0.04276519,0.55376774,-0.28036892,0.28272694,-0.044374153,0.34048668,0.042782344,0.05866524,-0.11207743,-0.36443147,-0.007851423,0.54810417,0,0,0,Peripheral,Peripheral,0.011746987621070612
353,9,0.022556390977443608,0.022965900473774045,0.2617341096496277,0.02300880771765902,0.1111111111111111,5,0.01262495848467041,1823.515463518133,0.28888888888888886,10,0.0,0,0.5880120426099502,11,9,2.3636363636363638,1,1,5,4,0.072712004,-0.34073177,-0.28328457,0.28907746,-0.39117292,0.048255716,0.082992546,0.09549176,-0.034479167,-0.34086785,-0.30093876,-0.3107454,0.013620488,-0.29122618,0.5981452,0.44423875,-0.32072276,0.1582452,-0.1084322,0.44377068,-0.24819683,0.27150175,-0.009686066,0.19530587,-0.45991418,0.03653062,0.20506682,-0.18301037,0.13370475,-0.14510512,-0.9222962,0.4867736,0.22500348,0.0047759316,-0.21952057,0.12060638,-0.03465079,0.18205772,0.23967408,0.33173484,-0.13733357,-0.09554441,-0.16409498,0.095140725,-0.018474702,0.22074835,0.13734953,0.047484484,0.3326493,0.37608686,-0.04669284,0.20966789,0.05635447,-0.09758875,-0.09698163,0.1549618,0.015771829,-0.05617535,0.04551031,0.103378184,-0.077197865,0.6420273,0.17550609,0.46322286,1,1,0,Enabler,Peripheral,0.061856518950812116
354,0,0.0,0.0,0.0,7.590317288714358e-60,0.0,0,0.0,0.0,0.0,1,0.0,0,0.0,14,8,2.4285714285714284,0,2,2,10,0.014755562,0.004549194,-0.0010084026,0.007422166,-0.014949018,-0.007688429,-0.007745739,0.012508925,0.006406842,-0.0013384521,-0.00928962,0.014374999,0.0066885054,0.007785829,0.0062691215,0.008288518,0.010009225,0.0035154223,0.011385588,0.010699062,0.007590009,0.0083532985,0.015314627,0.0024551433,-0.013337169,0.011006152,0.006351277,0.003770724,-0.0121108685,-0.014080012,-0.009973489,0.0024413206,0.012961939,-0.0017528329,0.006946031,0.00093582086,-0.014777023,-0.00074228644,-0.013388466,0.0003878437,-0.009371875,0.0041211434,-0.007780524,-0.004484931,0.014045145,0.010144671,0.013849048,-0.012398059,-0.004595019,-0.013479682,-0.0052544307,0.0030040499,0.00493131,-0.010118967,-0.008437246,0.0031098127,-0.00034987368,0.0081662405,0.0021621268,0.005363792,0.004603956,0.0038386527,0.0029461216,0.011487877,0,0,0,Peripheral,Peripheral,0.0
355,1,0.002506265664160401,0.0,0.18688839474982047,0.00031102768735380643,0.0,1,0.0,0.0,1.0,2,0.0,0,-0.6984143036714102,7,4,1.5714285714285714,0,0,1,6,-0.26697695,-0.029534549,-0.5692206,0.053637292,-0.4137206,-0.0033907944,-0.011731613,0.51166236,-0.16248499,0.06832704,-0.42675728,-0.31548196,-0.120426275,-0.114267625,-0.09208999,-0.038999166,0.4692971,0.20931086,-0.78426546,-0.029199887,0.03673173,0.6476803,-0.65906185,0.39970693,0.17442836,-0.013066497,0.3492105,-0.5152278,0.13866703,-0.065237485,-1.0132996,0.45299286,-0.19173339,0.1465077,-0.53587085,0.3631114,-0.23552364,-0.31244615,0.6890812,0.9782984,-0.017565995,-0.28559133,0.6809373,0.14229788,0.5752216,0.69158536,-0.2800159,-0.3329024,0.26652393,0.46535522,-0.0039548445,0.12558503,-0.20523268,0.65979075,-0.635258,0.29189694,-0.08778932,0.3497431,0.11533021,0.07007575,-0.21632348,-0.2017355,0.42324448,0.6225963,1,1,0,Peripheral,Peripheral,0.01997723749739748
356,0,0.0,0.0,0.0,7.590317288714358e-60,0.0,0,0.0,0.0,0.0,1,0.0,0,0.0,5,4,1.8,0,1,1,3,0.003814062,-0.005896734,0.00067615137,-0.008178206,0.0019139983,0.011003682,-0.008833261,0.0139470305,0.005270466,0.015172889,0.0043438263,0.010717597,-0.011937363,-0.0020852815,0.0038136058,0.0010986701,0.0045777373,0.004453052,-0.009344894,0.013472438,0.00089800917,-0.011570662,0.0067117885,0.014037743,0.015460098,-0.0029890891,0.011632357,0.009452989,0.0016368348,-0.010324724,-0.014291463,-0.01367927,-0.0004000496,-0.00014971942,0.014038879,-0.007223608,0.015434014,0.011879781,0.004874438,0.0043272804,-0.014232673,2.3048371e-05,-0.008993281,-0.009601895,-0.008454384,-0.012434995,0.0041469727,0.007872397,-0.008417292,0.0076609384,-0.009769084,-0.002301814,-0.010423124,-0.007384803,-0.008331602,-0.0035906918,0.0039713215,0.003912177,0.0054088626,-0.0048855245,0.008636961,-0.00583509,-0.012921056,-0.00046292134,0,0,0,Peripheral,Peripheral,0.0
357,1,0.002506265664160401,0.0,0.20389957945711737,0.00148384613738803,0.0,1,0.0,0.0,1.0,2,0.0,0,-0.6984143036714102,6,6,2.1666666666666665,0,3,2,1,-0.06283353,0.5239555,-0.7116263,0.11931105,0.19227338,-0.19097005,0.4485739,0.5331629,-0.11708669,-0.26298216,0.53308165,-0.9494795,0.18376309,-0.43040296,-0.15388292,0.46076152,-0.27050692,0.2157343,0.062007718,0.25349042,-0.11108333,0.9171368,-0.5788305,0.4491928,0.48608175,-0.070278265,0.16585352,-0.2457777,0.10888084,0.32080844,-0.32613102,0.23941568,0.35149017,-0.14492066,0.2848571,-0.24825424,-0.27493906,-0.36743182,-0.15834796,0.53483176,-0.14670233,0.1243929,-0.48360094,0.10891188,-0.2869257,-0.02490405,0.20388147,-0.06282687,0.2480425,0.38998902,0.31842414,0.12745021,-0.07134402,-0.37448716,-0.37684992,-0.124111705,0.13935694,0.22175764,0.0027127664,-0.08433136,0.37053418,0.3788251,0.35082653,0.29828086,1,1,0,Peripheral,Peripheral,0.02018585167536481
358,7,0.017543859649122806,0.004221872205505183,0.25257545106935303,0.0153716333816025,0.14285714285714285,4,0.008105036453243094,335.220874989317,0.35714285714285715,8,0.0,0,0.26640545603961013,13,8,2.3076923076923075,3,2,3,5,0.1036738,-0.06820481,-0.39176732,0.26576993,0.021916866,0.060118433,0.51970154,-0.4900475,0.44354466,0.14387272,-0.38662314,-0.44296837,-0.05999851,-0.07000836,0.022015445,0.4028059,-0.2854581,0.021967089,0.10584115,0.11707263,-0.15314972,1.1170521,0.16116977,0.14070924,-0.033074833,-0.37765953,0.09620363,-0.35440272,0.32903627,0.21916096,-0.6858872,0.20088394,0.28743038,-0.16998611,0.21974456,0.124098554,-0.08469342,-0.033993993,0.065771066,-0.101886295,0.15154387,-0.016679859,0.66491276,-0.2564072,0.09329075,0.5179385,0.0892144,-0.19567876,0.4048423,0.13860948,0.07396467,-0.067811094,0.41143548,-0.25165194,0.17284593,0.11905002,-0.27485943,-0.043994978,0.22223252,0.23808835,-0.2103871,0.11213501,0.3982402,-0.0054552965,1,1,0,Enabler,Enabler,0.29027447988229976
359,13,0.03258145363408521,0.0024969930021467653,0.2776171197223829,0.05350665143184247,0.10256410256410256,10,0.00405732074014235,198.26374136345532,0.23076923076923078,14,0.0,0,1.2312252157506305,12,8,2.8333333333333335,5,4,3,0,0.44734782,-0.38490856,-0.19227518,0.38405058,0.03011587,-0.12674573,0.06861925,-0.04744846,0.053664427,0.029102389,-0.068093814,-0.31367204,0.14052479,-0.17731734,-0.20115893,0.25076696,-0.3579455,-0.019781427,-0.041352816,0.08325972,-0.17872137,0.4813109,-0.28120208,-0.0067135855,0.16280076,-0.12932733,0.27440685,-0.420207,0.16687827,-0.13867031,-0.49208206,0.26043022,0.19922996,-0.030773738,-0.086302206,-0.07286867,0.011554772,-0.2765445,0.26323742,0.472881,-0.30436534,-0.07167387,-0.009529297,0.1497409,-0.007925887,0.21525897,0.0529726,-0.13986848,0.06968877,0.20113142,-0.010310888,-0.21035156,0.035018224,-0.2425113,-0.18107608,0.044001903,-0.18844466,0.07280838,-0.073538266,0.19888762,0.09038332,0.20748909,0.2403621,-0.00087185577,0,0,0,Broker,Peripheral,0.07355132116666749
360,3,0.007518796992481203,0.0006319737356695941,0.1987833721390379,0.0009077846240856226,0.0,2,0.0014385153809194902,50.17934658590144,0.5,4,0.5555555555555556,1,-0.5376110103862402,5,4,2.0,0,1,2,2,0.59217274,-0.6012087,-0.58153,-0.103586935,0.21972048,0.42003873,0.2901867,0.2106256,-0.26146564,-0.6777741,-0.2800273,-0.07055118,-0.22382787,0.083378576,0.1594157,0.70915496,-0.33880606,0.33033198,-0.07080105,-0.54433745,0.5009969,0.49509943,-0.50540036,0.18810132,-0.24590239,-0.0051135058,0.11479543,-0.7401093,0.13285011,-0.32379535,-0.26978216,0.13996935,0.30165032,-0.33368015,0.29289922,-0.061677445,0.49667925,-0.40943843,-0.04480042,0.2643818,-0.07902619,-0.36369878,0.34393907,0.32489172,0.06131993,0.4810588,-0.05450913,0.15413105,0.69609743,-0.2215532,-0.1862353,-0.14164977,-0.26849908,-0.031102087,-0.2959404,0.54983526,-0.5800985,-0.43377736,-0.30508438,-0.23896904,0.30712703,0.76420593,0.49130735,0.8202944,0,0,0,Peripheral,Peripheral,0.017417256453950217
361,0,0.0,0.0,0.0,7.590317288714358e-60,0.0,0,0.0,0.0,0.0,1,0.0,0,0.0,10,6,2.2,0,2,2,6,-0.007212432,-0.0063058734,-0.011123965,-0.0036287792,0.007463122,0.0025692433,0.010247899,-0.011468632,-0.006524071,-0.0016670581,0.001468882,0.0022909734,-0.015113931,-0.014997495,0.001821531,0.0048292093,0.0147623345,-0.013545139,-0.00461499,-0.010122336,0.0076723173,0.015490221,-0.005469503,0.013316456,0.0070177577,-0.009580763,0.005240552,-0.00034960732,-0.014186483,0.005996082,-0.0019317828,0.0018177852,0.011478312,-0.007448176,-0.007946987,-0.00664996,0.0030572526,0.0065472834,-0.015439743,-0.007070994,0.007032752,-0.011307206,0.014109876,0.0026915353,0.000921417,-0.00040113367,-0.005250104,-0.0032568388,-0.004745515,0.009692391,0.013302185,-0.009114269,-0.011498703,0.008458387,-0.012863429,0.009869723,0.01051211,-0.010150064,-0.009387666,-0.009563791,-0.0026733447,0.0075557325,0.00014724396,-0.015002234,0,0,0,Peripheral,Peripheral,0.0
362,21,0.05263157894736842,0.030469976271948234,0.3078787014930692,0.06810548111549365,0.02857142857142857,10,0.028545852527129847,2419.346585968962,0.11688311688311688,22,0.18140589569160992,2,2.196044975461651,16,5,3.1875,15,1,0,0,0.24021299,-0.28700876,-0.36580485,0.09684912,0.20171985,-0.101315126,0.12474386,-0.11611863,0.19027151,-0.16488102,-0.08420112,-0.4084315,0.034084786,0.017893415,0.20997025,0.15596958,-0.21327987,0.06204647,-0.059701007,0.06864776,-0.027882826,0.48931634,-0.31510472,0.14683652,-0.18069991,-0.022789728,0.47004116,-0.17781155,0.12949722,-0.09794501,-0.31986493,0.31849584,0.2878314,-0.013606575,-0.011512746,0.24904163,0.29409975,-0.2598515,0.26338938,0.24107206,0.07171644,-0.030601945,0.015340701,-0.06920356,0.007306585,0.020327859,0.07822222,-0.2860543,0.14412677,0.25563204,-0.25920624,-0.083990045,0.24097182,-0.23111168,-0.5867221,0.053426675,-0.06648453,-0.16755822,0.110309556,-0.03017073,0.12112092,0.2761323,0.19845696,0.22852527,0,0,0,Coordinator,Peripheral,0.10830004848444212
363,6,0.015037593984962405,0.018718165180700495,0.2517922713761147,0.01085101417345098,0.0,3,0.014733147153439813,1486.2410335128,0.2857142857142857,7,0.0,0,0.10560216275444005,11,8,2.4545454545454546,4,1,4,2,0.4745229,-0.18573616,-0.42297676,0.37240902,0.34424767,0.0663605,0.07151174,0.0033818902,0.44095266,-0.039095365,0.29239842,-0.8929644,0.09262497,-0.39279473,-0.007908659,0.24209118,-0.117652066,-0.1459605,-0.0442167,0.0816338,-0.4803776,0.5124185,0.23797104,0.29230863,0.594844,0.10814588,0.4434755,-0.49201468,0.040739,-0.08212967,-0.8303389,0.17542727,0.23859644,0.16416343,0.3502763,-0.34165514,-0.023119705,0.15136375,0.6110465,0.00034767337,-0.10221984,0.12953743,0.8551761,0.12062603,0.1830486,-0.117313065,0.0359543,-0.28270265,-0.026218917,-0.33649743,-0.19411618,0.049393523,0.4229596,-0.07314783,0.2960101,0.23091422,0.019704541,0.14642988,0.30109945,-0.20273569,0.21526065,0.061254468,0.41625816,0.04474109,1,3,0,Enabler,Peripheral,0.04496661913615604
364,6,0.015037593984962405,0.0314273266883998,0.24928014587504832,0.009884474271407734,0.06666666666666667,3,0.014610781422268342,2495.3611663856323,0.3333333333333333,7,0.0,0,0.10560216275444005,13,9,1.9230769230769231,1,3,6,3,-0.13326333,-0.5712787,0.024498617,0.015959939,-0.19169565,-0.21405804,-0.34060287,-0.2544906,-0.04494291,0.0076855086,0.27861893,-0.23136365,0.5453309,-0.03293353,0.0057754167,0.038668405,-0.17434321,0.015385855,0.772599,-0.02006973,0.113357276,0.54843265,-0.42962486,0.39262983,0.09034015,-0.31639817,0.45333278,-0.20012672,0.47632253,0.0303653,-0.72409654,0.21768744,0.3824136,-0.22645304,-0.20149809,0.06206512,-0.38179606,-0.3224728,0.21807659,0.9095317,-0.06471502,0.09990354,0.37583977,-0.29816455,0.14003748,-0.3559235,0.46122456,0.043534484,0.13050622,0.67870694,-0.16240482,-0.30923307,0.00090429833,-0.019544171,-0.13615642,0.20033474,-0.6426801,-0.1762779,0.08051397,-0.39591488,0.61836994,0.29628202,0.3562841,0.0026846107,1,2,0,Enabler,Peripheral,0.04841170829013129
365,11,0.02756892230576441,0.01810935431090076,0.25395780302985765,0.025634928348555682,0.16363636363636364,7,0.01804449289919367,1437.9008416398312,0.30303030303030304,12,0.0,0,0.9096186291802904,29,12,2.3793103448275863,7,6,10,6,0.30215675,-0.042664073,-0.5678515,0.02286916,0.06584405,-0.13940994,-0.33763403,0.18686552,0.013400616,0.09460749,0.15281393,-0.62610614,0.003725914,-0.39044717,0.32791921,0.18809147,-0.18737559,0.07373542,0.15566094,0.1937806,-0.21821982,0.32371858,-0.33369267,-0.023638172,-0.02408008,-0.2328465,0.504186,-0.39010698,-0.3045761,-0.10124723,-0.37078637,0.31620252,0.36230096,-0.46252066,-0.25669292,0.33894038,-0.24004644,0.037443865,0.24047624,0.0036324828,-0.10977512,-0.21736504,-0.0855074,0.31387624,0.23960993,0.40051928,0.15726075,0.2479506,0.067333415,0.5301069,0.073210515,-0.46561646,0.27287427,-0.36765757,-0.3136751,-0.1956025,-0.22599363,-0.22596559,0.3220236,-0.16163173,-0.044522952,-0.12134317,0.43409073,0.27777147,1,2,0,Enabler,Peripheral,0.07232542176297645
366,3,0.007518796992481203,0.002929706872324989,0.18237621003660187,0.00024023397805486766,0.0,2,0.005171810734838224,232.62165536947646,0.5,4,0.5555555555555556,1,-0.5376110103862402,4,4,2.75,0,2,1,1,0.1274719,0.896338,-0.5631075,0.0655038,-0.2886385,0.0014167129,-0.306013,-0.79752403,0.15454532,0.15099281,0.20354249,-0.0091068745,-0.29444444,0.3360129,0.031230962,0.86581326,-0.63963723,0.048514273,-0.26516366,-0.4769113,-0.4937106,0.58672404,-0.32839265,0.021489566,-0.1584246,-0.29852617,0.4289941,-0.26785284,0.16827406,-0.43654054,-0.3467222,0.6805577,0.3820979,-0.27894726,0.7603584,0.17750876,-0.19221151,0.36021686,0.28645635,1.259446,-0.56921995,0.80838895,-0.7401288,0.4203902,-0.0062264283,-0.16074899,0.43251163,-0.4025742,0.16068815,-0.17423308,0.1823353,-0.5858506,-0.116405375,0.15142879,-0.01713856,0.0529813,-0.41074628,-0.46104914,0.10302544,0.030729914,0.3580602,0.055403903,0.74189794,0.29487282,1,1,0,Peripheral,Peripheral,0.032182386762732815
367,10,0.02506265664160401,0.029370700651249793,0.26515267761239836,0.025478396662181227,0.2,6,0.015016558149234263,2332.0630024098846,0.34545454545454546,11,0.0,0,0.7488153358951203,18,11,2.4444444444444446,7,2,8,1,-0.026547823,-0.29562396,-0.22556284,0.32323885,-0.14997075,-0.08764126,0.67422634,0.17973709,0.16201413,0.06697746,0.025439782,-0.47956488,-0.04803669,0.11057029,0.13282704,0.029493272,-0.13876179,-0.117566615,-0.37496266,-0.10216415,-0.29971454,0.24744666,0.077871814,-0.05289604,0.10568144,-0.47615337,0.54523325,-0.05011687,-0.20665404,-0.40218556,-0.6418761,0.052295756,0.43792772,-0.38216403,-0.009832059,0.2336063,-0.07005027,-0.22298741,0.39508265,0.2924491,-0.34702364,-0.15712081,-0.016280018,0.20823617,0.30466726,0.038431488,-0.03679148,0.1523753,0.2291638,0.7344183,-0.04127108,0.11897652,-0.0065708803,-0.07724724,-0.45300484,0.51679695,0.14491366,0.043003164,-0.0009519663,0.22610691,0.17819384,0.44238207,0.36923108,0.036035627,1,2,0,Enabler,Peripheral,0.06981056875346621
368,9,0.022556390977443608,0.017148898623129096,0.26110291806687136,0.02345960848445765,0.16666666666666666,5,0.017446177570948792,1361.6396995750733,0.3333333333333333,10,0.0,0,0.5880120426099502,15,10,2.2,5,1,5,4,0.3808701,0.04442343,-0.28677723,0.4776602,0.2608644,0.19094631,-0.23628184,0.040103484,0.16896711,-0.053919546,0.24082212,-0.5121051,0.17517613,0.006284518,-0.026997827,-0.103639826,-0.19655186,0.18151054,0.17205228,0.1782425,0.08609815,0.47425833,-0.21561979,0.39027116,0.15089944,-0.21349402,0.55527955,-0.50786465,0.24329513,-0.21697512,-0.6929606,0.028883146,-0.19988327,0.24711752,-0.031426452,-0.27491313,-0.14757822,-0.061352525,0.40093046,0.34226623,-0.12078335,-0.07783579,0.4872196,0.13185878,-0.029194834,0.3182504,-0.38595054,0.010712491,0.46844733,0.51192516,0.13821843,0.3816682,0.40794566,0.109691784,-0.27318755,0.07131682,-0.0005307243,-0.19054157,0.3951414,-0.09139093,0.04455188,-0.06510092,0.19595861,0.3128945,0,0,0,Enabler,Enabler,0.28238977053776404
369,3,0.007518796992481203,0.0002739591112979607,0.19661745161936317,0.0013682008660408243,0.0,2,0.0008113841513336621,21.75262739616938,0.5,4,0.0,0,-0.37680771710107014,11,6,2.090909090909091,0,0,3,8,0.75228554,-0.31377605,-0.5619625,0.29840222,0.20036115,0.30107868,0.1839559,0.18192129,-0.15156567,-0.3268565,-0.1383617,0.1212861,-0.1006072,0.05890871,-0.08816375,0.5158483,-0.3267663,0.3552646,-0.073573224,-0.29161695,0.12426649,0.64424545,-0.70599616,0.2590913,0.28144687,-0.17108469,0.039721895,-0.5890927,0.713987,-0.5769859,-0.5018775,0.40075114,0.16204232,-0.11255785,0.43589264,0.48145226,0.2681719,-0.39559823,0.07422851,0.1742759,-0.290018,0.27347958,0.3896871,0.06903426,-0.02552927,0.7461775,0.038508523,0.35390586,0.1026163,0.2727683,-0.19432582,-0.46564996,-0.4095091,-0.29966268,-0.09862259,0.7858112,-0.56992143,-0.30538034,-0.095769264,-0.10646495,0.60639197,0.14891429,0.5283313,0.6465228,0,0,0,Peripheral,Peripheral,0.013839777530517886
370,14,0.03508771929824561,0.009045833631324322,0.2800103707544724,0.054646695626086074,0.08791208791208792,10,0.006634220979061319,718.2482361607825,0.20952380952380953,15,0.0,0,1.3920285090358007,6,5,2.5,2,3,1,0,0.073995546,-0.31442276,-0.31439722,0.2140439,0.00033244037,-0.20767939,0.28942543,0.05858978,-0.073790826,-0.03530051,0.05294285,-0.28474757,0.06539354,0.097701706,0.24992223,0.41476387,-0.27977082,0.0949324,-0.027722389,-0.012545994,-0.1935248,0.29504785,-0.0471371,0.19278623,0.2149259,-0.196446,0.4493113,-0.4204636,0.089503445,-0.14478518,-0.6412835,-0.017058047,0.16561574,-0.014579332,-0.1307566,-0.0197193,0.083429255,-0.03920256,0.17487243,0.3408832,-0.035137728,0.05871989,-0.00406804,-0.011900378,0.2572578,0.10373326,-0.0644083,0.25421253,0.2547851,0.29073983,0.113353826,-0.092695825,0.3351851,-0.24712953,-0.48328847,0.11178061,-0.03501335,-0.011698669,0.08732945,0.14904016,0.10585816,0.122406706,0.27405548,0.24552533,0,0,0,Broker,Peripheral,0.07775238836942559
371,1,0.002506265664160401,0.0,0.19927118409520733,0.0009442684619203305,0.0,1,0.0,0.0,1.0,2,0.0,0,-0.6984143036714102,10,6,2.0,0,1,2,7,-0.2181738,0.22770369,-0.12788153,0.13161235,-0.0029829822,0.43205345,0.5506768,-0.42765576,-0.27175188,-0.2857035,0.23791361,-0.5220344,0.1994283,-0.20424914,-0.23045911,0.10663872,-0.53346384,-0.5635467,0.3897527,0.37039796,-0.60367966,0.7848846,0.21583064,0.08509524,0.20956098,-0.10409898,-0.11677005,-0.5115521,0.028240502,-0.01593933,-0.7811477,0.06765117,0.0659138,-0.6339864,-0.063229255,-0.07177135,0.004774927,-0.49311855,0.33316067,0.41987678,0.3082923,-0.13344945,0.51702434,0.28871804,-0.1900611,-0.07107379,-0.072416365,-0.22382157,0.281251,0.6685173,0.1733534,0.3005128,0.5646347,0.21392661,-0.15375935,0.45427582,-0.42983,-0.51677006,0.026633877,-0.07308108,-0.3367141,-0.08888325,0.40742272,0.105471656,1,1,0,Peripheral,Peripheral,0.020089874712166517
372,1,0.002506265664160401,0.0,0.1675152295385188,0.00013665300712766058,0.0,1,0.0,0.0,1.0,2,0.0,0,-0.6984143036714102,7,6,2.857142857142857,0,2,4,1,-0.5421892,-0.8909791,-0.2501071,0.12464924,-0.27367035,-0.51326513,-0.18622354,-0.20345297,-0.04118608,-0.15156193,0.17499948,-0.19337991,0.2604118,-0.25426897,0.17310001,-0.030538514,-0.14206637,0.18170542,0.49292752,0.2324921,-0.17111363,0.7736315,0.058218513,0.65341604,-0.04083895,-0.05299255,0.2056943,-0.30266973,0.85996395,0.011871537,-0.67656976,0.21443368,0.7220309,-0.29387847,-0.653154,0.044664208,-0.4242477,-0.3869081,0.47047886,0.9439698,0.03309235,0.12648442,0.03912864,-0.2880809,0.49979737,-0.18035692,0.5836924,0.09171286,0.248098,0.5394732,0.1844111,-0.15587074,0.2075417,0.16837807,-0.3318062,0.20933636,-0.7236197,-0.2167694,-0.1650782,-0.82017523,0.61834353,0.22788711,0.8755069,-0.05917768,1,1,0,Peripheral,Peripheral,0.0199462207355341
373,3,0.007518796992481203,0.0007163034772702912,0.2084801219994788,0.0023179311043669093,0.0,3,0.0006634640515073539,56.875212398738384,0.5,4,0.0,0,-0.37680771710107014,6,5,2.1666666666666665,0,2,0,4,-0.0808966,-0.37748426,-0.092912726,0.2755844,-0.3567791,-0.048701253,-0.343803,-0.04416738,0.14311671,0.04239362,0.09715508,-0.07437588,0.5445383,0.21071991,0.2954188,0.2817136,-0.44900772,0.029146679,0.67942435,0.11015133,0.045657262,0.37255114,-0.42305836,0.36117902,0.046455204,-0.36672926,0.15015204,-0.14636104,0.5170105,-0.30468395,-0.5885394,0.29468995,0.6110743,-0.2946294,-0.22208945,0.16052908,-0.31370312,-0.09717949,0.45304218,0.99744475,-0.098870754,0.12559788,0.04080174,-0.12605676,0.36273858,-0.064133845,0.44010064,0.2597789,0.24979061,0.5887958,0.16745861,-0.3866905,0.37320477,-0.013080842,0.15369819,0.16203274,-0.69651425,-0.028105566,-0.16605297,-0.46492785,0.64105725,0.32192418,0.8999351,0.032459367,0,0,0,Peripheral,Peripheral,0.017692085312878518
374,21,0.05263157894736842,0.03536437321727654,0.29936592633657877,0.06953477466417503,0.03333333333333333,10,0.02844368236843728,2807.9665978249745,0.12121212121212122,22,0.26530612244897966,3,2.0352416821764807,16,7,3.0,10,6,0,0,0.20373863,-0.24275655,-0.0990816,0.14252138,0.11776109,-0.08165607,0.025701718,0.13487308,-0.055295132,0.12237949,-0.13500933,-0.5064356,0.08262317,-0.0061323363,0.24771371,0.26657808,-0.28513768,0.1445892,-0.107762076,0.30049336,-0.16713168,0.5729652,-0.1670197,0.2552264,0.10946252,-0.37291837,0.27996215,-0.36484006,0.14852458,-0.29148072,-0.43320736,0.27835616,0.3141869,-0.049788993,0.104123555,0.25658774,-0.13150813,-0.05483264,0.09007015,0.014632032,-0.07184657,-0.041370977,-0.07196881,0.016678168,0.03645151,0.2866888,0.15161534,-0.24526474,0.1728931,0.376444,-0.14508739,0.036758035,0.08680316,-0.18495056,0.016172858,0.26885283,-0.22633095,-0.15629922,-0.06107029,0.0841511,0.020710036,0.15843673,0.06997509,-0.0075557283,0,0,0,Coordinator,Coordinator,1.0
375,1,0.002506265664160401,0.0,0.002506265664160401,1.0682421910336818e-45,0.0,1,0.0,0.0,1.0,2,0.0,0,-0.6984143036714102,11,8,2.727272727272727,0,4,5,2,-0.57775843,0.95974964,-1.8715885,-0.17083098,-0.078487575,0.9599967,-0.6946435,-0.56786853,1.3212123,-1.4499297,-0.016672585,-0.8314707,-0.5823882,0.60250723,-0.05214263,-2.0198555,-0.4488338,-0.12063269,0.0069956467,-0.66608274,-0.10129005,0.37627298,-0.6369044,0.8840612,0.62818325,-1.1014652,1.2158757,-1.4301995,-0.19595669,0.72117716,-1.6376104,-0.32796288,1.4980577,-0.2609424,0.9064484,0.20465922,-1.7001978,-0.30723533,1.267139,0.6613087,-0.07354689,0.084708534,-0.04306751,-0.0019012159,-0.04020781,-0.9869563,0.93271077,0.3910934,-0.29708517,-0.49490592,0.07148796,-0.3474846,-0.93130463,-0.18550603,-0.14643891,0.13891271,-1.4970754,-0.9659994,0.8168313,0.4568842,0.0001092948,1.868612,0.0602907,1.4391899,1,1,0,Peripheral,Peripheral,0.0199219136872029
376,3,0.007518796992481203,0.0002500775841161983,0.21271252788159,0.003540878255782018,0.0,2,0.00041460530418478046,19.85641025641026,0.5,4,0.0,0,-0.37680771710107014,8,7,1.5,0,1,3,4,0.50480866,-0.23056863,-0.19187054,0.35513535,-0.12003328,-0.016080491,-0.18284307,-0.13829146,0.22048698,0.24768895,-0.049325977,-0.330323,-0.18346402,0.027903805,-0.6706215,0.25267744,-0.037488803,-0.50627834,0.040868223,-0.039924458,-0.4360008,0.4223153,-0.50950474,0.11486177,0.46660793,-0.5259989,0.37055123,-0.06445869,-0.10203038,0.29469803,-0.47992253,0.6177753,0.12332951,0.23799807,-0.620604,-0.014467761,0.46602544,-0.36409476,0.43591064,0.61391467,0.051242333,-0.6250827,0.24418703,0.31838736,0.17230098,0.6977807,0.18048339,-0.3283009,0.09376014,0.08665888,-0.3457194,-0.24400797,0.5146934,-0.49102163,-0.47088933,-0.14562021,0.025714861,-0.13966577,0.20279168,0.53804153,-0.009754923,0.78450835,0.3446196,0.15413944,0,0,0,Peripheral,Peripheral,0.014219444193655277
377,5,0.012531328320802004,0.0014014381834282273,0.22857989449344684,0.00453111163510078,0.0,3,0.003013301125267808,111.27559320238467,0.3333333333333333,6,0.0,0,-0.05520113053073,16,11,2.0,3,3,7,3,0.54906505,-0.04572718,-0.46013898,0.22898003,-0.44504037,0.11928754,-0.091641314,-0.28592652,0.086608216,-0.44021404,-0.0018205437,-0.3791758,0.21392798,-0.26853085,0.20993519,0.11906152,-0.20317191,0.09935951,-0.12324545,0.03293335,0.049428906,0.41324043,-0.4479316,0.15628742,-0.17043804,0.005086736,0.104205154,-0.0028549046,0.37897888,-0.43347442,-0.94167817,0.46283242,-0.015872745,0.10018077,0.15542631,0.4244169,0.13726526,0.17214161,0.3290999,0.4703156,-0.3075389,0.85639,-0.081411295,-0.024106286,0.024112253,0.26737237,0.58925116,0.3471849,0.024385585,0.67766625,-0.55604124,-0.5007498,-0.044432767,-0.053046525,0.065096855,0.49317992,-0.26189774,0.13846785,0.051278498,0.0013883455,0.45320368,0.947661,0.5765337,0.29699484,0,0,0,Enabler,Enabler,0.13827660386094803
378,9,0.022556390977443608,0.020403765273384555,0.26300569236857324,0.022566783336268346,0.16666666666666666,5,0.013402594677120662,1620.079366472007,0.3333333333333333,10,0.0,0,0.5880120426099502,25,12,2.6,9,2,7,7,0.7120482,-0.24098182,-0.012569504,0.4315277,0.27872568,0.070425875,-0.07211764,0.0069781323,0.27615753,0.2111559,-0.13792334,-0.21675305,-0.08280506,-0.2654429,-0.2282735,-0.015948577,-0.5152096,-0.07330424,0.2217582,-0.004056168,-0.30094403,0.3246398,-0.35404855,-0.111996286,0.20944096,-0.165563,0.3836117,-0.5887697,0.009957909,0.35671067,-0.5834437,0.27563396,0.30271965,0.1523183,-0.35238382,0.04901952,-0.010889892,-0.33426613,0.15080467,0.42732516,0.061074175,-0.25402468,-0.008316792,0.37896252,-0.17416956,-0.044770204,0.08732928,-0.29705322,0.25161856,0.13871592,-0.31978148,-0.04008425,0.49362037,-0.060046222,-0.47190332,0.0464258,-0.016948547,-0.33326468,0.071990855,0.25655195,0.23102085,0.4002528,0.27104232,0.18497527,1,2,0,Enabler,Enabler,0.37435531977143083
379,22,0.05513784461152882,0.04304040220069519,0.3132227869577512,0.07749036965452322,0.047619047619047616,10,0.0378355409461013,3417.4509751373985,0.13043478260869565,23,0.25413223140495866,3,2.196044975461651,7,4,2.857142857142857,6,1,0,0,-0.0734988,-0.075506076,-0.092980795,-0.046581414,0.0282726,-0.2190947,0.097924925,0.28801298,-0.117651105,0.08049847,-0.1342507,-0.3202129,0.022442007,0.062953316,0.2778217,0.10619882,-0.18802011,0.042597663,-0.08323476,0.06996924,-0.052518975,0.60219544,-0.20295647,0.24130651,-0.010290836,-0.18192214,0.40360904,-0.3569463,0.022200113,-0.20731129,-0.38967502,0.28091076,0.1992151,0.0675732,-0.24445613,0.31251547,0.067837805,-0.1269025,0.2604134,0.31215143,0.0044930507,0.18272683,0.019791406,0.06428185,0.31117156,0.114650846,0.09641572,-0.17934969,0.24962318,0.43296742,-0.08392328,-0.011496552,0.264977,-0.039972495,-0.22785626,0.22947188,0.102267,0.0322633,-0.08021569,0.015890485,-0.06832756,0.057883114,0.31080547,0.3809874,0,0,0,Coordinator,Peripheral,0.11923888135954262
380,6,0.015037593984962405,0.005524248098908722,0.23830669851444455,0.011108620714689746,0.13333333333333333,3,0.009605121022835754,438.63082330145147,0.38095238095238093,7,0.0,0,0.10560216275444005,10,6,2.3,1,3,6,0,0.5992676,-0.1784422,-0.49460235,-0.0155911455,0.23373552,-0.043422554,0.24954176,0.24705961,0.011587468,0.104275905,-0.56701076,0.10921634,0.10477264,0.05553875,-0.012824002,0.6100743,-0.47539964,-0.09827192,0.13677002,0.029520253,-0.07172773,0.46649554,-0.36058372,0.1340156,0.35681188,-0.37517622,-0.17318642,-0.22098362,0.4963021,-0.48079738,-0.75517774,0.44145176,0.39896035,0.14204508,0.1934754,0.26795885,-0.19691552,-0.23988628,0.40737182,0.46880814,-0.29476586,0.212191,-0.14598604,0.39338487,-0.38922137,0.18249872,0.042494528,0.12187646,-0.10980461,0.21619274,-0.07692182,-0.3718012,0.048303593,-0.22960162,-0.07536627,0.38913608,-0.46256977,-0.15841016,-0.30191216,0.35123345,0.33382595,0.16774347,0.2658742,0.4117539,1,1,0,Enabler,Peripheral,0.04125746816830344
381,5,0.012531328320802004,0.0048302120117808735,0.21625301602875363,0.0037233912715237414,0.0,2,0.00969912829953163,383.5236639474132,0.3333333333333333,6,0.0,0,-0.05520113053073,15,8,2.2,4,1,8,2,0.39006948,0.023343995,-0.26810798,0.01607197,-0.071165435,-0.2302861,0.09613768,0.027610416,0.24330826,-0.05994315,0.13678935,-0.3906131,0.14817931,0.44334447,-0.39630795,0.3370021,-0.17221944,-0.3121742,0.028186578,-0.1684595,-0.55632293,0.36680868,-0.5060008,0.0806302,0.54141724,-0.44350412,0.7105568,0.16680937,-0.27599898,0.12734625,-0.5433189,0.42939025,0.3014477,0.035594292,-0.94257396,-0.018080894,0.47482887,-0.0322258,0.2708438,0.27116424,0.18842885,-0.63087904,0.28868797,0.16318175,0.37020043,0.4881393,0.4675819,-0.059221637,0.2423261,0.36428383,-0.30028653,-0.07482519,0.2599862,-0.4484298,-0.111232884,-0.061314926,-0.051302504,-0.3283478,0.27439812,0.4070356,-0.08464119,0.7687479,0.4420406,0.5744212,1,2,0,Enabler,Peripheral,0.03405432901870398
382,1,0.002506265664160401,0.0,0.20505809979494188,0.0015711617239614571,0.0,1,0.0,0.0,1.0,2,0.0,0,-0.6984143036714102,12,9,2.4166666666666665,0,3,4,5,0.09826818,-0.112212434,-0.19489393,0.35749856,-0.049708847,-0.19222999,0.8840725,0.27887195,-0.1398327,0.015016759,-0.087813616,-0.35425875,-0.14667046,0.21020553,0.3027814,0.06392145,-0.12329636,-0.20885468,-0.3186568,-0.4154365,-0.25307122,0.09763826,0.034419626,-0.115288585,0.0122091295,-0.3652825,0.45650846,-0.26383507,-0.15402777,-0.23408124,-0.48506704,0.28484315,0.5885432,-0.4430919,0.118888855,0.29104605,-0.15637194,-0.052197665,0.5628917,0.4581152,-0.32779545,-0.11751754,0.17267752,0.45706826,0.45380566,0.06711185,-0.024840225,0.31802183,0.28123635,1.0557063,0.035640117,0.34638348,0.47452894,-0.10890732,-0.74309754,0.7638397,0.20822611,0.22088203,-0.21759254,0.5360444,-0.05737478,0.20817542,0.31282237,0.021400172,1,1,0,Peripheral,Peripheral,0.020201382868036806
383,4,0.010025062656641603,0.011551028143783022,0.2158219468938126,0.0035259065113389023,0.0,2,0.00523331644173934,917.1631856445157,0.4,5,0.0,0,-0.21600442381590007,14,8,2.4285714285714284,3,0,7,4,0.102285884,0.028912103,-0.29375458,-0.27001685,0.017305901,0.062439866,0.5712656,0.12317687,0.18170421,0.07695438,-0.17448428,-0.47879457,-0.023497699,-0.4005539,0.30973163,0.28737053,0.0070275106,-0.23056701,-0.10042097,0.08311901,0.21925227,0.30997562,-0.16824856,-0.10759998,0.1476356,-0.038473237,0.37200183,0.15885037,0.24596176,-0.124185756,-0.82350224,0.73181003,0.5018673,0.070651725,0.48726737,-0.022190122,-0.09252135,-0.024508499,0.5976902,0.27768984,-0.6756195,0.53810364,-0.43225083,0.24431576,-0.12465368,0.38286102,0.5183914,0.6470824,0.19217397,1.0190033,-0.20539056,0.3984818,0.03863855,0.0926762,-0.30411172,0.5626457,-0.014312383,0.09561509,0.04213616,0.5601565,-0.13946384,1.1527978,0.5296546,0.4111712,1,1,0,Enabler,Peripheral,0.03379744680111039
384,1,0.002506265664160401,0.0,0.1974541216262541,0.0009479208429019775,0.0,1,0.0,0.0,1.0,2,0.0,0,-0.6984143036714102,12,7,2.25,0,3,3,6,0.13026066,-0.17987706,-0.46722922,0.06804609,-0.08081042,-0.023566185,0.61644274,-0.53073364,0.4530134,0.19433714,-0.47788885,-0.56902957,-0.20300369,0.03198942,0.27710015,0.40408254,-0.44383514,-0.095027134,-0.031313155,0.0743382,-0.27835408,1.4865872,0.11597482,0.15358318,-0.031408403,-0.6156817,0.06510924,-0.21424569,0.38895592,0.20685503,-0.9105453,-0.027065761,-0.026340803,-0.113485225,0.25720218,0.09172305,-0.14185774,0.12078106,0.13156155,-0.2009799,0.37253833,-0.2477807,0.61986136,-0.5011819,-0.006951902,0.6585561,0.25901112,0.009896446,0.25217897,0.15804183,0.04774324,0.008228796,0.2934804,-0.2362717,0.17583773,0.0015006547,-0.3319373,-0.19204701,0.21077777,0.19201577,-0.17209248,0.045065947,0.35123768,-0.104594104,1,1,0,Peripheral,Peripheral,0.02009052437661892
385,4,0.010025062656641603,0.0016074081350591237,0.21411471989135658,0.00392186210421319,0.0,4,0.0007962746061132732,127.62981333182947,0.4,5,0.0,0,-0.21600442381590007,10,7,2.3,0,1,3,6,0.3529402,-0.39003605,-0.8353209,0.6003339,0.01588379,-0.28604177,0.41245663,0.19109516,-0.29981065,0.07028408,0.22273587,-0.12112073,0.19711243,0.22007816,0.507274,-0.10613187,-0.09041041,0.4772535,-0.4683115,-0.04628599,-0.29790348,0.16908677,-0.08293186,0.36375162,0.51191384,-0.7922603,0.1476025,-0.13986865,-0.18653041,0.011990596,-0.9268363,0.53842723,0.2631456,-0.58731383,0.5183319,0.03252394,-0.14672133,0.047688894,0.2089933,-0.08841909,-0.15729713,0.23889573,0.18908684,0.18104735,0.21571282,0.07156255,0.31627944,0.2744133,0.72125596,0.52295846,-0.2694677,-0.06475733,0.5709282,-0.1902428,-0.7736623,0.4510646,0.18499567,0.2522358,0.2993481,0.13328718,0.269284,0.22795153,-0.057270035,0.11611006,0,0,0,Peripheral,Peripheral,0.023922965929446673
386,3,0.007518796992481203,0.0006103204490004331,0.2078131990244325,0.0019157235951520208,0.0,2,0.0003668953068204967,48.46005397108339,0.5,4,0.0,0,-0.37680771710107014,8,6,2.0,0,3,1,4,0.24068134,-0.07688916,-0.5426594,-0.09932498,-0.1550397,0.05887688,0.15328926,0.0017570523,0.03644134,-0.16967846,-0.042726513,-0.35006157,-0.05818911,-0.3614778,0.32361484,0.23418793,-0.056251388,-0.022873566,-0.11095931,0.21472807,0.19050986,0.4674244,-0.13494043,0.087601356,-0.28739727,0.13871321,0.24371237,0.17518912,0.25724056,-0.35372803,-0.9274517,0.8878339,0.24307314,0.17769048,0.39446378,0.17537318,0.018593365,0.10819584,0.5589724,0.34835428,-0.4851237,0.754618,-0.19215687,0.17994902,-0.1780072,0.49077514,0.6685549,0.49079597,0.3122419,0.9162989,-0.27929083,0.013728751,0.018453415,0.101673156,-0.10383613,0.5929667,-0.17910223,0.16950516,-0.0454153,0.31198406,0.07607342,1.2769495,0.6348216,0.41626263,0,0,0,Peripheral,Peripheral,0.014032895735973319
387,1,0.002506265664160401,0.0,0.17453628698290594,0.00022960931703540024,0.0,1,0.0,0.0,1.0,2,0.0,0,-0.6984143036714102,8,5,2.625,0,3,2,3,0.3038227,0.0005261536,-0.12365136,0.09242596,-0.09015342,-0.37326497,0.049977317,0.1588504,0.35629123,-0.062850066,0.38620394,-0.5004614,0.019504579,0.57972586,-0.5238958,0.3839326,-0.227891,-0.49560496,0.024075015,-0.36364722,-0.50459003,0.3475771,-0.374342,0.14733921,0.4995074,-0.5305114,0.67186785,0.23473246,-0.47922638,0.3198842,-0.49106827,0.4723266,0.36725762,0.13169818,-1.0516839,-0.028154336,0.48943755,-0.02536265,0.21002069,0.47430325,0.2447769,-0.62163776,0.2889998,0.106004275,0.3865553,0.672366,0.41843602,-0.1430058,0.46965218,0.47370818,-0.15483533,-9.3499526e-05,0.39127263,-0.32071042,-0.14206263,-0.025633708,-0.29538396,-0.29986268,0.45349157,0.36269537,0.03263161,0.8651839,0.5614192,0.65906453,1,1,0,Peripheral,Peripheral,0.019962755267522163
388,0,0.0,0.0,0.0,7.590317288714358e-60,0.0,0,0.0,0.0,0.0,1,0.0,0,0.0,16,8,2.0625,0,1,5,10,0.008207586,-0.004133664,0.014248487,-0.014998317,-0.01422454,-0.0024377052,0.008026488,0.003035305,0.005446844,0.010542378,0.005775431,-0.007552836,0.006397998,-0.0048630703,1.1699274e-05,-0.003109783,0.01235188,-0.011613274,-0.011656031,0.007932147,-0.005125325,-0.0035249107,-0.013169525,0.01297654,-0.0028287992,-0.011607582,-0.007086342,0.0024106223,-0.0042329095,-0.012956405,-0.0059319567,0.012668334,-0.005762065,-0.014123036,0.006277282,0.0073693525,-0.0148882475,-0.015299004,-0.013034031,-0.0022603963,0.0012603886,-0.009049859,8.053146e-05,-0.00947821,0.0047913194,0.0039749146,0.015159827,0.00096399337,-0.012949154,0.0021510683,0.004401164,0.0059778597,0.014060194,-0.006740529,0.0025114808,-0.00134914,-0.003002122,-0.002045894,-0.009479927,0.008381551,-0.013924079,-0.0031109918,0.015036784,-0.011092577,0,0,0,Peripheral,Peripheral,0.0
389,21,0.05263157894736842,0.04310097683121739,0.3064264434671584,0.07575655862577935,0.05238095238095238,10,0.0338412966824821,3422.260661375492,0.13852813852813853,22,0.26530612244897966,3,2.0352416821764807,15,6,3.1333333333333333,12,3,0,0,0.19798268,0.10768679,-0.48272857,0.18716899,-0.1491346,-0.22961181,0.20138174,0.01286033,0.042889964,-0.018879486,0.046507377,-0.36659214,0.20065056,-0.30674702,0.22121009,0.3017403,-0.040845957,0.06042595,0.014689157,0.09795272,-0.051854797,0.5668103,-0.0997277,0.14438745,0.2157303,-0.4527702,0.15263306,-0.16032821,-0.022876915,-0.02216429,-0.22999728,0.3965617,0.34379688,0.11051808,0.02608014,0.26268616,-0.07434073,-0.30376405,0.16895968,0.38814238,-0.14453368,-0.07135643,-0.05274501,0.13674113,0.24192822,0.16570356,0.22636473,-0.056847516,0.2654894,0.08417893,-0.03464401,0.0050074616,0.046063554,-0.30992717,-0.1359688,0.023528295,0.030819407,-0.2905621,0.17438133,-0.11969127,0.14306709,-0.0012171628,0.053957086,0.12030381,0,0,0,Coordinator,Peripheral,0.1168132297719216
390,4,0.010025062656641603,0.0008049000557564344,0.2523791997476208,0.012409336348012858,0.3333333333333333,3,0.0018479790229414398,63.909869327116645,0.6,5,0.0,0,-0.21600442381590007,16,8,2.6875,3,1,12,0,0.28270543,-0.58306396,-0.637227,-0.10469225,0.5354579,0.12610267,0.4323368,-0.34943554,0.13565674,0.061721794,-0.22692394,-0.42824194,0.25927004,0.05166985,0.28919178,0.75779146,-0.15681304,0.08263776,0.073002934,0.31532827,0.006492639,0.42948955,0.020540522,0.11566441,0.14604282,-0.02769176,0.39441875,-0.5986409,-0.14478469,-0.0883175,-0.19016218,0.23886175,0.3894312,0.11289322,0.26310027,0.17149913,-0.054628417,0.21927877,0.25569463,0.3314011,0.12651326,-0.033062633,0.34941807,-0.04224829,0.39250183,0.036676366,0.008620616,0.05350267,0.23887989,0.06252098,0.080595694,-0.29861358,-0.113947324,-0.52057207,-0.08795922,-0.07763614,-0.23468232,-0.036893047,0.043447334,0.010913887,-0.32454774,0.3332769,0.20362113,0.3258474,0,0,0,Enabler,Peripheral,0.021646791472845196
391,13,0.03258145363408521,0.008074937278969022,0.2783307884106152,0.05248525011209909,0.05128205128205128,10,0.005437121809984178,641.1580948874193,0.18681318681318682,14,0.0,0,1.2312252157506305,14,10,2.357142857142857,3,6,5,0,0.31312445,-0.29521844,-0.44961965,0.0981876,0.024275245,-0.14244734,0.033951573,0.15976608,0.029763766,0.030498542,0.11075044,-0.30897385,0.03874241,-0.16404375,0.07121075,0.3950092,-0.30928287,0.18013547,-0.0482894,0.12300651,-0.20028585,0.25289685,0.11073856,0.27059385,0.08554469,-0.1739086,0.38269216,-0.4809253,0.0052127093,-0.07584956,-0.51336414,0.1251068,0.22401385,-0.073873006,-0.036820527,-0.023685873,-0.0099912025,-0.13672517,0.206553,0.3094841,-0.06991836,0.042668767,0.1326961,0.010902527,0.14776564,0.17801745,0.13200063,0.18424001,0.21311013,0.28728998,-0.004903683,-0.11838317,0.038707733,-0.27773842,-0.3824175,0.017831108,-0.18983911,-0.17099988,0.3155121,0.0011819657,-0.13765858,0.040372103,0.13675606,0.111455955,0,0,0,Broker,Peripheral,0.07495711625741647
392,2,0.005012531328320802,0.00010075439855921211,0.2083463951733085,0.002426910554485275,0.0,2,5.317593257291749e-05,8.000000000000002,0.6666666666666666,3,0.0,0,-0.5376110103862402,3,3,2.3333333333333335,0,1,1,1,0.06678358,-0.033983923,-0.7969564,0.29118153,0.17184563,-0.3100536,0.4677078,0.47673488,-0.048506644,0.05210318,0.19699067,-0.47776425,0.1648876,-0.2293591,0.20978838,0.39263317,-0.20669547,0.41531813,-0.27444592,0.37798077,-0.12925044,0.6247523,-0.38305244,0.51220673,0.7407234,-0.53175426,0.10012482,-0.1725721,-0.15157896,0.2265935,-0.3797841,0.58229154,0.53176767,-0.78375655,0.2656934,-0.16527776,-0.49918425,-0.36509016,-0.2328477,0.2336091,-0.27691,0.22114894,-0.18986484,0.15984595,-0.09537925,0.12044267,0.12889884,-0.047878433,0.5379841,0.17670444,-0.078979366,0.17400399,-0.06631937,-0.5322574,-0.17246681,-0.24135862,0.20315419,-0.1597017,0.05009409,-0.05108516,0.5364972,0.23276491,-0.0008710136,-0.03087002,0,0,0,Peripheral,Peripheral,0.011844310100577923
393,0,0.0,0.0,0.0,7.590317288714358e-60,0.0,0,0.0,0.0,0.0,1,0.0,0,0.0,9,5,2.3333333333333335,0,2,3,4,0.014596375,0.0063200314,-0.003262801,0.010668965,0.0155871045,-0.008273764,0.009198459,-0.008797204,0.00691298,-0.012013668,-0.012628296,0.009821817,-0.01545112,-0.005332809,0.010614306,-0.010973997,0.008762948,0.0031999834,-0.011832897,-0.015324794,0.014530078,-0.005041808,-0.005581254,-0.011323106,-0.011176417,0.0052804034,-0.007173585,0.009339172,0.004877746,-0.01005302,0.0034121666,-0.0112487655,-0.014622197,0.007857289,-0.009612886,0.011857649,-0.009969436,0.009721281,0.014204424,-0.0045046527,0.011699092,-0.011636939,0.0062959734,-0.014873356,-0.007817617,-0.014442012,0.014911996,-0.010004612,-0.009543946,-0.010861363,0.010725066,0.0036429893,-0.002365861,-0.014049023,-0.004221445,0.009657444,-0.012744056,0.00394555,-0.007975133,0.013113452,-0.0018351898,0.011887159,0.011388514,-0.0001103431,0,0,0,Peripheral,Peripheral,0.0
394,3,0.007518796992481203,0.002327566543382466,0.210780032495255,0.0028161183900373378,0.0,2,0.004562984793082651,184.8111111111112,0.5,4,0.5555555555555556,1,-0.5376110103862402,11,7,2.3636363636363638,0,3,2,6,0.40305448,-0.13275847,-0.4229178,0.45862788,0.51281995,-0.08437506,-0.2439887,-0.0714979,0.3338835,0.18226486,-0.12375355,-0.7928853,0.15898883,-0.023743574,0.05270958,0.2867163,-0.16417204,0.080462866,0.27241188,0.1617862,0.3406008,0.45455366,-0.039231785,-0.26700646,0.1507852,-0.11192758,0.9269413,-0.4438057,-0.047350824,-0.12625025,-0.8568132,-0.0070163966,-0.020552663,0.12890011,0.5209229,-0.58175766,-0.18936922,-0.19364041,0.29578632,0.5144808,0.10602578,-0.26386282,0.17707555,-0.048109993,-0.2674866,0.5041694,-0.5015985,0.01574816,0.2702541,0.7309299,-0.069536686,0.31322625,0.2531838,0.6575047,-0.41334054,-0.23112734,0.04878373,0.3081421,0.19919324,-0.04638966,0.22215228,0.17034847,0.017606156,0.74485815,1,1,0,Peripheral,Peripheral,0.03246920182225498
395,1,0.002506265664160401,0.0,0.19697515468477134,0.0006691427770700037,0.0,1,0.0,0.0,1.0,2,0.0,0,-0.6984143036714102,14,6,2.5,0,1,3,10,0.5044568,-0.27178264,-0.6210976,0.3943301,0.356173,0.095082775,0.02062905,0.14182775,0.36609223,-0.20358181,0.32454175,-0.9351014,0.07415412,-0.39535704,-0.103536606,0.32990357,-0.10528861,-0.29094535,0.15834878,-0.030984854,-0.55507505,0.3500532,0.22019033,0.39740357,0.68523794,0.10296856,0.27827418,-0.4273027,0.18988091,-0.0070999083,-0.90977424,0.12311877,0.09205144,0.07475639,0.43294483,-0.34355998,-0.14980172,0.3856356,0.8030354,0.2199029,-0.24804345,0.013680108,0.8254896,0.1679605,0.20841214,-0.077549644,0.11531128,-0.23770802,-0.01209042,-0.19420014,-0.3509362,-0.01621179,0.63503146,-0.033614542,0.6554178,0.20212573,-0.08235121,0.20662306,0.30449727,-0.37686872,0.12481907,0.11047919,0.25591087,0.0118337525,1,1,0,Peripheral,Peripheral,0.02004093694299937
396,14,0.03508771929824561,0.005814196342769958,0.2792880740113396,0.055446385991628135,0.12087912087912088,10,0.004938634388249002,461.65300381227746,0.23809523809523808,15,0.0,0,1.3920285090358007,13,8,2.8461538461538463,4,7,2,0,0.114804566,-0.2658846,-0.21589157,0.07060879,0.030852187,-0.21698296,0.037334953,0.05806683,-0.015620257,-0.10502998,0.0031233681,-0.39831194,0.0426277,-0.12870775,0.20671545,0.35103437,-0.3768346,-0.12035099,0.04251191,0.21958996,-0.14079854,0.52468115,-0.16241781,0.23851357,-0.012488625,0.022668412,0.38948214,-0.2864028,0.08911192,-0.20917498,-0.51892555,0.19445199,0.27160898,-0.015584239,-0.24974658,-0.09131178,-0.008738724,-0.009156404,0.09659238,0.3365799,0.08012927,0.06734918,0.099494115,0.091237895,0.26226437,0.09818053,0.12144582,0.07871395,0.21265139,0.37321588,0.082365215,-0.035649825,0.14655782,-0.20718601,-0.32838497,-0.014543241,-0.118715,0.028408876,0.07673891,0.043190606,0.019837039,0.15766573,0.34645563,0.15891507,0,0,0,Broker,Broker,0.9077230269968204
397,1,0.002506265664160401,0.0,0.1982979426588449,0.0015808179686636632,0.0,1,0.0,0.0,1.0,2,0.0,0,-0.6984143036714102,12,7,2.9166666666666665,0,2,5,5,0.5103166,-0.046958186,-0.42060524,-0.106311716,-0.096992895,-0.2700532,-0.5239607,0.1623594,0.19465786,0.1645034,0.3015165,-0.72847295,0.08461284,-0.7433041,0.39461753,0.17963386,-0.1423833,0.09141974,-0.021838976,0.13601603,-0.0922295,0.2937943,0.0775971,0.11782991,-0.025606556,-0.29053518,0.41374135,-0.3579574,-0.5193044,-0.22962236,-0.3765951,0.32725993,0.38337535,-0.5296355,-0.48441517,0.28095624,-0.3150763,-0.3093109,-0.03912947,0.16982003,0.054468628,-0.01971103,0.032568097,0.29792294,0.2938611,0.44518685,0.17926143,0.35950398,0.12741879,0.92147803,-0.019057766,-0.40786597,0.009408257,-0.61794674,-0.16668198,-0.4095895,-0.39450166,-0.3976196,0.43879536,0.04491193,-0.16672966,-0.1439929,0.24857745,0.45973688,1,1,0,Peripheral,Peripheral,0.020203100465121623
398,1,0.002506265664160401,0.0,0.17406861204458088,0.0004062237884558052,0.0,1,0.0,0.0,1.0,2,1.0,1,-0.8592175969565803,12,8,1.75,0,3,2,7,-0.18659498,0.08118576,-0.17985582,-0.036116228,-0.20256576,0.012862861,0.20074613,-0.17733921,-0.28013885,-0.40047657,0.3105929,-0.22549076,0.11144284,0.2242252,0.36261186,0.109888114,-0.35524583,-0.13089293,0.69798386,0.19970776,-0.030183302,0.2771209,-0.34859237,-0.11914827,0.30449948,0.3083954,-0.17247598,-0.6302045,-0.28861862,-0.15701686,0.08053505,-0.5785971,0.48351339,-0.15861264,0.14739646,0.0007578999,-0.17371504,-0.09679591,0.4227621,0.5934213,-1.0065614,-0.34681356,0.14280018,-0.80651635,-0.37449056,-0.3480934,0.06414278,-0.13559392,0.59865993,0.2994547,-0.70579046,0.09929568,-0.5891705,0.2358016,0.013092417,-0.29342493,0.19670022,-0.92007315,0.4481738,0.9416612,-0.655763,-0.06408177,0.13576782,0.64147234,1,1,0,Peripheral,Peripheral,0.02355165501751865
399,24,0.06015037593984962,0.05375411530389992,0.32513716724243036,0.09444137165531412,0.021739130434782608,10,0.05239069093002149,4268.1305092449575,0.1,25,0.37326388888888895,5,2.196044975461651,10,6,2.5,6,4,0,0,0.25984213,-0.03695475,-0.33094046,0.34858373,0.032204665,0.040865075,0.16300389,0.16710743,0.03251827,0.0019296871,0.017923124,-0.63313323,-0.057276085,-0.08066518,0.057533152,0.030983718,-0.103599705,-0.13158974,0.37401274,0.049711607,-0.12472576,0.42201298,0.009819552,0.26060897,0.22845717,-0.17096697,0.1937383,-0.37627283,-0.05179944,0.044495665,-0.39841214,0.3455382,0.09433142,-0.22069505,-0.04825574,-0.18614167,0.124232724,-0.15882182,0.2934241,0.28422472,-0.015263558,0.08440792,0.041292906,-0.0009620485,0.044140514,0.053814832,0.0388947,-0.22433032,0.0074322196,0.1339301,-0.19240752,-0.011688549,0.19367664,-0.11480466,-0.035064023,0.34007278,0.19553578,-0.118504174,0.060909543,-0.22962363,-0.11969945,0.0913728,0.2502285,0.19996442,0,0,0,Coordinator,Peripheral,0.13668708799428142
