person_id,degree,degree_centrality,betweenness,closeness,eigenvector,clustering_coef,core_number,is_bridge,ego_density,ego_nodes,participation_coef,cross_community_edges,within_module_z,cross_comm_connections,cross_comm_ratio,bottleneck_score,avg_neighbor_importance,neighbor_diversity_entropy,incident_count,crime_diversity,avg_severity,coordinator_interactions,broker_interactions,enabler_interactions,peripheral_interactions,high_severity_ratio,severe_ratio,emb_0,emb_1,emb_2,emb_3,emb_4,emb_5,emb_6,emb_7,emb_8,emb_9,emb_10,emb_11,emb_12,emb_13,emb_14,emb_15,emb_16,emb_17,emb_18,emb_19,emb_20,emb_21,emb_22,emb_23,emb_24,emb_25,emb_26,emb_27,emb_28,emb_29,emb_30,emb_31,emb_32,emb_33,emb_34,emb_35,emb_36,emb_37,emb_38,emb_39,emb_40,emb_41,emb_42,emb_43,emb_44,emb_45,emb_46,emb_47,emb_48,emb_49,emb_50,emb_51,emb_52,emb_53,emb_54,emb_55,emb_56,emb_57,emb_58,emb_59,emb_60,emb_61,emb_62,emb_63,true_role,predicted_role,mo_importance_score
0,1,0.002881844380403458,0.0,0.1598966679055145,0.002208665774224543,0.0,1,1,1.0,2,0.0,0,-0.6563924617405256,1,0.25,0.005366192984199543,0.0048222063537268324,-1.000088900581841e-12,1,1,2.0,0,0,1,0,0.0,0.0,0.23978637158870697,-0.35688579082489014,0.27197563648223877,0.3768288791179657,-0.03615685924887657,-0.16402006149291992,-0.6359694600105286,-0.35089653730392456,0.08846668899059296,-0.10061638802289963,0.2869156301021576,-0.2980513572692871,-0.6785621643066406,-0.3266529142856598,0.6638054251670837,0.11472494900226593,-0.3084459900856018,-0.48318085074424744,0.673943042755127,-0.6052846312522888,0.003871255088597536,0.39676833152770996,0.07163181155920029,-0.009060732088983059,0.012553583830595016,-0.5570879578590393,-0.09152020514011383,0.3378749191761017,-0.12031199038028717,-0.4390033483505249,0.6033287644386292,0.30572131276130676,-0.21101590991020203,-0.09611865133047104,-0.7757562398910522,0.14418856799602509,-0.07517789304256439,-0.040046148002147675,-0.14582638442516327,-0.19146770238876343,0.0691634863615036,0.09192923456430435,-0.14561903476715088,-0.08058734238147736,0.4128784239292145,0.10680566728115082,0.057377059012651443,0.03855583071708679,0.17867442965507507,0.12650184333324432,-0.4491339325904846,0.5812239050865173,0.20011918246746063,0.43932124972343445,-0.6224135756492615,0.10367583483457565,0.41247084736824036,0.2851884663105011,0.32958197593688965,0.8888932466506958,0.015799643471837044,0.5357744097709656,0.11689674854278564,0.6088598370552063,Peripheral,Peripheral,0.01839740491298662
1,2,0.005763688760806916,0.000628778819085396,0.18825419768340598,0.005964846420227343,0.0,2,0,0.6666666666666666,3,0.0,0,-0.3281962308702628,1,0.25,0.00784753846652123,0.001590582984039012,-1.000088900581841e-12,14,9,2.4285714285714284,1,4,8,1,0.21428571428571427,0.21428571428571427,0.2091880887746811,-0.12958641350269318,-0.2274983525276184,-0.059174101799726486,0.46436062455177307,-0.18608404695987701,-0.21545885503292084,-0.003957219887524843,0.13023360073566437,0.03636673837900162,0.3219936490058899,-0.2231440246105194,-0.5903202891349792,-0.3207182288169861,0.57601398229599,0.3426477313041687,-0.17961867153644562,-0.3546011745929718,0.6486979722976685,-0.5433555245399475,0.5589558482170105,-0.2504865825176239,-0.6110743284225464,-0.15544463694095612,-0.1359483152627945,-0.07397916913032532,0.06501960009336472,-0.14372727274894714,0.06564781814813614,-0.2246619015932083,0.35176190733909607,0.25306037068367004,-0.10552305728197098,-0.47780951857566833,-0.6172416806221008,0.5473305583000183,0.43820446729660034,0.14839404821395874,-0.34453070163726807,-0.20283634960651398,0.07853903621435165,0.11230234056711197,-0.1626686006784439,0.07354582846164703,0.3722590208053589,0.005473418161273003,-0.15867337584495544,0.4458788335323334,0.08881199359893799,-0.08596361428499222,-0.3931005299091339,0.4312588572502136,0.3347603976726532,0.5584002137184143,-0.31811147928237915,-0.031208261847496033,0.44659459590911865,0.3079681694507599,-0.08720129728317261,1.217346429824829,0.0511651374399662,0.02044435404241085,0.2977638840675354,0.7633339166641235,Enabler,Peripheral,0.0230819115672449
2,1,0.002881844380403458,0.0,0.15781142184519217,0.0007853786537451031,0.0,1,1,1.0,2,0.0,0,-0.6563924617405256,1,0.25,0.005366192984199543,0.002666622245173327,-1.000088900581841e-12,9,5,1.7777777777777777,0,0,4,5,0.1111111111111111,0.0,0.44522175192832947,0.08076756447553635,0.2682700455188751,0.7163353562355042,0.14226987957954407,-0.32685863971710205,-0.0969276949763298,-0.374437153339386,0.24527274072170258,0.4445056617259979,0.4970681965351105,-0.5723700523376465,-0.47118300199508667,-0.48004797101020813,0.6810115575790405,0.3884941637516022,-0.13097314536571503,0.8157508969306946,-0.06349844485521317,-0.20261602103710175,0.6874285936355591,0.04377776384353638,-0.6444525718688965,-0.14787079393863678,-0.12921687960624695,-0.2103785276412964,0.2697696089744568,0.8305444717407227,-0.5246347784996033,-0.40252041816711426,0.6104421615600586,0.1820959895849228,-0.0824194997549057,-0.21319995820522308,-0.02943899668753147,-0.09746561199426651,0.41241294145584106,0.3281291127204895,-0.4598451554775238,0.4944589138031006,-0.076352059841156,-0.2118178904056549,0.16260793805122375,0.5347848534584045,-0.29166457056999207,0.19308510422706604,-0.651861846446991,0.18315553665161133,0.12393570691347122,0.07971114665269852,-0.47395065426826477,0.23866884410381317,0.4813801348209381,0.5620076656341553,-0.11319168657064438,0.3289015293121338,0.07744897156953812,0.1064014732837677,0.7482561469078064,0.11980213224887848,-0.1526140719652176,-0.2871914207935333,-0.6406300067901611,-0.024261631071567535,Peripheral,Peripheral,0.01957335706940127
3,1,0.002881844380403458,0.0,0.14064365210471103,0.0003625632134403021,0.0,1,1,1.0,2,1.0,1,-0.9845886926107883,1,0.25,0.0,0.018992813669647318,-1.000088900581841e-12,7,4,2.7142857142857144,0,0,5,2,0.14285714285714285,0.42857142857142855,0.20372366905212402,-0.020340416580438614,-0.6013349890708923,0.039581768214702606,0.8429824113845825,0.17465461790561676,-0.7179778814315796,-0.06204837188124657,-0.13753582537174225,-0.3279821574687958,-0.4520486891269684,-0.6420183777809143,-0.41782939434051514,0.4243508279323578,-0.24020875990390778,0.39036473631858826,0.043038345873355865,-0.3038571774959564,0.15562571585178375,0.12853549420833588,0.5761183500289917,0.8532931208610535,0.28062063455581665,-0.8901680111885071,0.0052471221424639225,-0.3546072244644165,-0.07406192272901535,0.13919863104820251,-0.4941633343696594,-0.961724042892456,0.17698323726654053,-0.4231676757335663,-0.2944084107875824,-0.005068669095635414,0.05216299369931221,-0.21067047119140625,-0.3118722140789032,-0.4885813593864441,-0.2053089290857315,0.011878976598381996,-0.5305668711662292,0.35050028562545776,-0.2164394110441208,0.4954874515533447,0.1628919541835785,0.09212399274110794,0.32210126519203186,-0.7390938401222229,-0.008554071187973022,-0.8117403984069824,-0.37211403250694275,-0.018611151725053787,0.4754513204097748,-0.021219860762357712,0.0737445130944252,-0.4396877884864807,0.1790728121995926,0.8723058104515076,-0.12370306998491287,0.4572085738182068,-0.12437542527914047,-0.3567081093788147,0.14447113871574402,0.20117999613285065,Peripheral,Peripheral,0.02167321856520788
4,0,0.0,0.0,0.0,0.0,0.0,0,0,0.0,1,0.0,0,-0.9845886926107883,0,0.0,0.0,0.0,0.0,8,4,2.5,0,0,4,4,0.375,0.125,0.0,0.0,0.0,0.0,0.0,0.0,0.0,0.0,0.0,0.0,0.0,0.0,0.0,0.0,0.0,0.0,0.0,0.0,0.0,0.0,0.0,0.0,0.0,0.0,0.0,0.0,0.0,0.0,0.0,0.0,0.0,0.0,0.0,0.0,0.0,0.0,0.0,0.0,0.0,0.0,0.0,0.0,0.0,0.0,0.0,0.0,0.0,0.0,0.0,0.0,0.0,0.0,0.0,0.0,0.0,0.0,0.0,0.0,0.0,0.0,0.0,0.0,0.0,0.0,Peripheral,Peripheral,0.009347952690522663
5,0,0.0,0.0,0.0,0.0,0.0,0,0,0.0,1,0.0,0,-0.9845886926107883,0,0.0,0.0,0.0,0.0,8,4,1.5,0,0,1,7,0.0,0.0,0.0,0.0,0.0,0.0,0.0,0.0,0.0,0.0,0.0,0.0,0.0,0.0,0.0,0.0,0.0,0.0,0.0,0.0,0.0,0.0,0.0,0.0,0.0,0.0,0.0,0.0,0.0,0.0,0.0,0.0,0.0,0.0,0.0,0.0,0.0,0.0,0.0,0.0,0.0,0.0,0.0,0.0,0.0,0.0,0.0,0.0,0.0,0.0,0.0,0.0,0.0,0.0,0.0,0.0,0.0,0.0,0.0,0.0,0.0,0.0,0.0,0.0,0.0,0.0,Peripheral,Peripheral,0.006370897693540925
6,0,0.0,0.0,0.0,0.0,0.0,0,0,0.0,1,0.0,0,-0.9845886926107883,0,0.0,0.0,0.0,0.0,2,2,2.0,0,0,0,2,0.5,0.0,0.0,0.0,0.0,0.0,0.0,0.0,0.0,0.0,0.0,0.0,0.0,0.0,0.0,0.0,0.0,0.0,0.0,0.0,0.0,0.0,0.0,0.0,0.0,0.0,0.0,0.0,0.0,0.0,0.0,0.0,0.0,0.0,0.0,0.0,0.0,0.0,0.0,0.0,0.0,0.0,0.0,0.0,0.0,0.0,0.0,0.0,0.0,0.0,0.0,0.0,0.0,0.0,0.0,0.0,0.0,0.0,0.0,0.0,0.0,0.0,0.0,0.0,0.0,0.0,Peripheral,Peripheral,0.00643043879348056
7,1,0.002881844380403458,0.0,0.15764694928464482,0.0007556334694223218,0.0,1,1,1.0,2,0.0,0,-0.6563924617405256,1,0.25,0.005366192984199543,0.008498167613399743,-1.000088900581841e-12,7,6,3.142857142857143,0,0,2,5,0.5714285714285714,0.2857142857142857,-0.3471813201904297,0.25355324149131775,0.051336877048015594,0.6731055378913879,0.4143544137477875,-0.27078747749328613,0.2664831280708313,-0.4206715524196625,-0.28099745512008667,0.3179735839366913,-0.47498780488967896,-0.5480671525001526,-0.6063095927238464,0.1505046933889389,0.37829411029815674,0.20724666118621826,-0.5425971746444702,0.4023415148258209,0.6733234524726868,-0.36227452754974365,0.16926813125610352,0.3210877776145935,-0.47789424657821655,-0.5916417241096497,0.14218445122241974,0.0963476374745369,-0.33692649006843567,-0.43653130531311035,0.35246041417121887,-0.47282126545906067,0.5755441188812256,-0.2547015845775604,-0.6371166110038757,0.8871452212333679,-0.25384360551834106,0.20800836384296417,-0.03317089006304741,-0.2351885735988617,0.12200922518968582,0.4836326241493225,-0.11968083679676056,0.12766240537166595,-0.08671340346336365,0.015947910025715828,-0.2984752058982849,-0.0495089590549469,-0.4265519082546234,0.33624890446662903,0.3201359510421753,-0.02669672667980194,-0.6700839996337891,0.6154596209526062,0.45012447237968445,0.20608696341514587,-0.21886473894119263,0.17741258442401886,1.076291799545288,-0.4061878025531769,0.2435041218996048,0.40028560161590576,0.36665499210357666,-0.17445778846740723,-0.20163260400295258,0.9069761633872986,Peripheral,Peripheral,0.02315952776617639
8,2,0.005763688760806916,0.011941830054471855,0.1891960573341047,0.005321235708732721,0.0,1,1,0.6666666666666666,3,0.75,1,-0.6563924617405256,2,0.5,0.016065454304548015,0.008668227298248843,0.6931471805579453,9,5,2.111111111111111,0,0,3,6,0.1111111111111111,0.1111111111111111,0.236146941781044,0.0174842718988657,0.0004442278004717082,0.13864313066005707,0.059044644236564636,-0.622612476348877,0.7213201522827148,0.18778474628925323,-0.5216833353042603,0.19184957444667816,-0.06172656640410423,-0.8431520462036133,-0.2950471043586731,0.29073044657707214,0.5548927783966064,0.16880762577056885,-0.12928640842437744,0.3923952877521515,0.14709502458572388,-0.12604106962680817,0.43850433826446533,0.11669524759054184,0.03100721165537834,-0.05565126985311508,0.17383630573749542,-0.24042122066020966,-0.043282244354486465,0.3757682740688324,-0.08299608528614044,-0.4559580981731415,0.657712459564209,-0.17257285118103027,-0.48486092686653137,-0.10901287943124771,-0.19779494404792786,-0.175135537981987,0.7819083333015442,0.17703749239444733,-0.2052953839302063,0.36566561460494995,-0.08641333132982254,0.04808848351240158,0.7048563957214355,0.21976901590824127,0.41889145970344543,0.07600083202123642,-0.16119585931301117,0.026212405413389206,-0.1377682387828827,0.1866033375263214,-0.010094042867422104,0.2606210708618164,0.11298403143882751,0.16053993999958038,-0.3189913034439087,0.25134599208831787,-0.2585698068141937,0.6565223336219788,0.00569925969466567,0.45981699228286743,-0.054307837039232254,0.26008790731430054,0.577157199382782,1.0119906663894653,Peripheral,Peripheral,0.03392544776618276
9,1,0.002881844380403458,0.0,0.15699247310702305,0.0007874229030140819,0.0,1,1,1.0,2,0.0,0,-0.6563924617405256,1,0.25,0.005366192984199543,0.002579667171961153,-1.000088900581841e-12,7,5,2.5714285714285716,0,0,1,6,0.0,0.2857142857142857,0.3597787916660309,0.48470425605773926,-0.21211275458335876,0.4349892735481262,0.32596805691719055,-0.11481014639139175,0.2111646831035614,-0.18757708370685577,-0.560753345489502,0.5057792067527771,0.42505863308906555,-0.5597137808799744,-0.29746124148368835,-0.5110569596290588,1.012879729270935,0.3049711287021637,-0.058638155460357666,-0.37670719623565674,0.1293438971042633,0.29471173882484436,0.7730048894882202,0.28312554955482483,-0.6643388271331787,0.04190418869256973,-0.04668436944484711,0.41785749793052673,0.50379478931427,0.08895266801118851,-0.2362399846315384,-0.5440079569816589,0.48388564586639404,-0.012953579425811768,-0.48083168268203735,-0.061778388917446136,-0.047508999705314636,-0.2980080842971802,0.33035844564437866,-0.8852300047874451,-0.3801088035106659,0.3131506145000458,-0.2898021936416626,-0.144384503364563,0.14733454585075378,0.08876745402812958,-0.05779490992426872,0.2967911958694458,-0.4794815480709076,0.13105368614196777,0.345790296792984,0.35434576869010925,-0.16254207491874695,0.3737262785434723,-0.13101902604103088,0.178855299949646,0.6174923777580261,-0.8307085037231445,0.31448662281036377,0.025009341537952423,0.31820446252822876,0.13105304539203644,0.41198107600212097,0.46751922369003296,0.6061426997184753,0.4970923364162445,Peripheral,Peripheral,0.021459867704460834
10,2,0.005763688760806916,1.6907930902367106e-05,0.15947522175921636,0.0014620260336130537,0.0,2,0,0.6666666666666666,3,0.0,0,-0.3281962308702628,1,0.25,0.002847753596784701,0.008544543652446236,-1.000088900581841e-12,3,3,1.6666666666666667,0,0,2,1,0.0,0.0,-0.21539777517318726,0.31362834572792053,0.08680063486099243,0.6738924980163574,0.642105221748352,-0.2214684784412384,0.16141869127750397,-0.3429523706436157,-0.36358630657196045,0.2732113003730774,-0.38926780223846436,-0.5551559925079346,-0.5880642533302307,0.3921145796775818,0.41968053579330444,0.30285751819610596,-0.4275892972946167,0.22327649593353271,0.47600674629211426,-0.4985988140106201,-0.009074154309928417,0.6621235609054565,-0.6114196181297302,-0.4514853358268738,-0.060531388968229294,-0.05881819128990173,-0.4442572295665741,-0.43091967701911926,0.1901380717754364,-0.36904385685920715,0.3479050397872925,-0.20288780331611633,-0.3726007044315338,0.8288251757621765,-0.4450860917568207,0.2245224416255951,0.16117465496063232,-0.034122683107852936,-0.24257953464984894,0.6450650691986084,-0.295838862657547,0.13036923110485077,-0.1500442773103714,-0.06079215556383133,0.10159812867641449,0.22020629048347473,-0.4083050787448883,0.5641061067581177,0.6271985173225403,-0.32340508699417114,-0.5738670825958252,0.4285775423049927,0.3577449917793274,0.17428843677043915,0.039002224802970886,0.21064266562461853,0.7564326524734497,-0.08532733470201492,0.27755436301231384,0.15919095277786255,0.20388804376125336,0.057202670723199844,-0.26271992921829224,0.9832168221473694,Peripheral,Peripheral,0.017757055115120966
11,2,0.005763688760806916,4.064804612854786e-05,0.16023543203243293,0.0028872452278482156,0.0,2,0,0.6666666666666666,3,0.0,0,-0.3281962308702628,1,0.25,0.0013519163508641568,0.002725492586406114,-1.000088900581841e-12,7,5,1.7142857142857142,0,0,1,6,0.2857142857142857,0.0,0.25149667263031006,-0.37510478496551514,-0.136449933052063,0.16761749982833862,0.45408186316490173,-0.24430131912231445,-0.3718508183956146,-0.1263313591480255,0.01250808872282505,-0.16370129585266113,0.3622419834136963,-0.2626214623451233,-0.6046454906463623,-0.29946234822273254,0.5798345804214478,0.3333243727684021,-0.19254299998283386,-0.5002668499946594,0.7560091018676758,-0.5220134854316711,0.5020627975463867,-0.047375645488500595,-0.5075915455818176,-0.14371497929096222,-0.10792268812656403,-0.3051469326019287,-0.031007247045636177,0.0539824403822422,-0.13584305346012115,-0.3167383372783661,0.47591403126716614,0.3241373896598816,-0.16975358128547668,-0.4105551838874817,-0.5695412158966064,0.6065644025802612,0.27688339352607727,0.02491302788257599,-0.2829868197441101,-0.33766382932662964,0.24358436465263367,0.10229454934597015,-0.08775961399078369,0.06854013353586197,0.43509674072265625,-0.0007995875203050673,0.011330402456223965,0.3343847393989563,0.060652680695056915,-0.008043940179049969,-0.4418869614601135,0.4657000005245209,0.3211943209171295,0.4109967350959778,-0.547324001789093,-0.0625215470790863,0.5716971158981323,0.23948121070861816,0.0390232652425766,1.2565391063690186,0.18868708610534668,0.17543934285640717,0.25934335589408875,0.7624861598014832,Peripheral,Peripheral,0.018867622470721036
12,0,0.0,0.0,0.0,0.0,0.0,0,0,0.0,1,0.0,0,-0.9845886926107883,0,0.0,0.0,0.0,0.0,10,6,2.7,0,0,4,6,0.4,0.3,0.0,0.0,0.0,0.0,0.0,0.0,0.0,0.0,0.0,0.0,0.0,0.0,0.0,0.0,0.0,0.0,0.0,0.0,0.0,0.0,0.0,0.0,0.0,0.0,0.0,0.0,0.0,0.0,0.0,0.0,0.0,0.0,0.0,0.0,0.0,0.0,0.0,0.0,0.0,0.0,0.0,0.0,0.0,0.0,0.0,0.0,0.0,0.0,0.0,0.0,0.0,0.0,0.0,0.0,0.0,0.0,0.0,0.0,0.0,0.0,0.0,0.0,0.0,0.0,Peripheral,Peripheral,0.010419692489436092
13,2,0.005763688760806916,4.830837400676317e-05,0.18491717339684194,0.007856709140234806,0.0,2,0,0.6666666666666666,3,0.0,0,-0.3281962308702628,1,0.25,0.0055042123510771045,0.016005651246855802,-1.000088900581841e-12,3,3,2.0,0,0,1,2,0.3333333333333333,0.0,-0.0036491595674306154,0.09614312648773193,-0.25676339864730835,0.12514415383338928,-0.2865312695503235,-0.021171830594539642,0.0037786909379065037,-0.3524550497531891,-0.06934979557991028,0.27747249603271484,0.1545313596725464,-0.5051336884498596,-0.5755548477172852,0.07857922464609146,0.8724544644355774,0.23106929659843445,0.009777135215699673,0.1750539243221283,0.044012315571308136,-0.3908005654811859,0.011272907257080078,0.045868854969739914,-0.12352553755044937,-0.252714067697525,-0.36874955892562866,-0.17817343771457672,0.33045053482055664,0.5313377976417542,0.05482158064842224,-0.08391954749822617,0.5711475610733032,-0.20738902688026428,-0.4742248058319092,0.3302672803401947,-0.08803274482488632,0.005677126348018646,-0.447631299495697,-0.21926824748516083,-0.10970883071422577,0.12393062561750412,0.006183159537613392,-0.2018885463476181,-0.0455888994038105,0.22466041147708893,0.6469804048538208,-0.19495467841625214,-0.7092751264572144,0.5465869903564453,0.015572450123727322,0.23350100219249725,-0.09979119896888733,0.061992958188056946,0.4600429832935333,-0.07450888305902481,0.2759261131286621,0.04607311263680458,0.6775037050247192,0.2540307939052582,-0.3958713114261627,0.5934204459190369,-0.18238337337970734,0.224455326795578,-0.42953038215637207,0.9147095680236816,Peripheral,Peripheral,0.01915114857953861
14,2,0.005763688760806916,0.001917139780810217,0.14031748408034947,0.000175009177528463,0.0,2,0,0.6666666666666666,3,0.0,0,-0.3281962308702628,1,0.25,0.01165647508043355,0.002590426764353568,-1.000088900581841e-12,12,9,2.5,1,4,6,1,0.25,0.25,0.33014848828315735,0.19294336438179016,0.38853809237480164,0.17250503599643707,0.746954619884491,-0.2809837758541107,-0.38892337679862976,0.44717055559158325,-0.1624389886856079,0.05694975331425667,0.4243437349796295,-0.8568263053894043,-0.6578711867332458,-0.0709616169333458,0.8718417286872864,-0.6473404169082642,-0.643589437007904,-0.13481833040714264,0.4151880741119385,-0.725466251373291,0.4535922110080719,0.7948021292686462,0.10704346746206284,-0.1849985122680664,-0.18408283591270447,-0.5677018761634827,0.24067988991737366,0.38357630372047424,0.21717135608196259,-0.49548760056495667,0.46993035078048706,-0.1870761215686798,0.5419906377792358,0.131961390376091,1.1261425018310547,-0.15113206207752228,0.3041329085826874,-0.6850635409355164,-0.8189564943313599,-0.01965649239718914,0.3642531931400299,0.26521050930023193,0.1250171810388565,-0.008118662983179092,0.6835789680480957,0.11802689731121063,-0.7571215629577637,0.04237379506230354,0.14929133653640747,0.2795184552669525,-0.7248453497886658,0.5151349306106567,-0.07244591414928436,0.21179860830307007,-0.7284679412841797,0.10966528207063675,0.6878206133842468,-0.12942054867744446,0.028543828055262566,0.7282282710075378,0.002821107394993305,0.643530011177063,-0.41971781849861145,0.4412691295146942,Enabler,Peripheral,0.022770568410797182
15,1,0.002881844380403458,0.0,0.16432617907508604,0.0022320607408142608,0.0,1,1,1.0,2,1.0,1,-0.9845886926107883,1,0.25,0.0,0.023639802426033713,-1.000088900581841e-12,3,2,2.0,0,0,0,3,0.3333333333333333,0.0,0.31685468554496765,-0.4070527255535126,-0.2033943384885788,0.08890766650438309,0.6426584124565125,-0.44269272685050964,-0.13734722137451172,0.6984851956367493,0.2323053926229477,0.5224957466125488,-0.4737834632396698,-0.3176385760307312,-0.33421239256858826,-0.01227103266865015,-0.17926421761512756,-0.11365602165460587,-0.5861432552337646,-0.4356328248977661,0.29075539112091064,0.20423805713653564,0.7421991229057312,0.6523914337158203,0.25134924054145813,-0.0493469275534153,0.2576768696308136,-0.2863045036792755,-0.05968688800930977,-0.29106104373931885,0.27657753229141235,-0.12967772781848907,0.6361150741577148,-0.03424069285392761,0.876145601272583,0.21650376915931702,0.1886291205883026,-0.6141241192817688,-0.027306104078888893,-0.4711335301399231,-0.6088308691978455,-0.6221364140510559,-0.19906224310398102,0.12519744038581848,0.08289522677659988,0.17639215290546417,0.17365102469921112,0.3289031386375427,-0.41290658712387085,-0.1956971138715744,0.10792596638202667,0.37471577525138855,-0.13225658237934113,0.07191407680511475,-0.31224173307418823,0.4510980546474457,0.13128234446048737,0.056817639619112015,0.6445872783660889,0.1366608887910843,-0.02676745317876339,0.1348688006401062,0.03852542117238045,-0.2707708179950714,-0.14296728372573853,0.5248770117759705,Peripheral,Peripheral,0.018683142662478187
16,4,0.011527377521613832,0.005366738296324677,0.1909876866649201,0.012712517890116478,0.0,2,1,0.4,5,0.0,0,0.3281962308702628,1,0.25,0.026899422526968985,0.008786925089960432,-1.000088900581841e-12,16,9,2.4375,1,8,3,4,0.1875,0.125,-0.13908523321151733,0.4304105341434479,-0.06889616698026657,0.6859257221221924,0.11841191351413727,-0.27077150344848633,0.1607813686132431,0.1573210209608078,-0.16777761280536652,0.48715940117836,0.34685730934143066,-1.004141926765442,-0.15092355012893677,-0.058336302638053894,0.7512462735176086,0.19597464799880981,0.11686699837446213,0.39262229204177856,0.20935125648975372,-0.007736475206911564,0.36333656311035156,0.03159235045313835,-0.1304805427789688,-0.3112194836139679,0.441887229681015,-0.1361604481935501,-0.18411846458911896,0.34598273038864136,-0.24808944761753082,-0.30951109528541565,0.30048462748527527,0.2289499044418335,-0.05750067159533501,-0.23809702694416046,-0.2786881625652313,0.2379964143037796,-0.09373509883880615,0.017108960077166557,-0.4332641065120697,0.29836541414260864,-0.4368855953216553,-0.02157418057322502,0.453499436378479,0.5611749291419983,-0.10060374438762665,-0.26091793179512024,-0.259708434343338,0.3994766175746918,0.1376926600933075,0.11410269141197205,-0.4633108675479889,0.00895344465970993,0.5564041137695312,0.25877365469932556,-0.46296924352645874,0.3402574360370636,-0.06329063326120377,0.3855394423007965,0.4990675151348114,0.3662312924861908,-0.12330479174852371,0.24044166505336761,0.02561652846634388,0.5651495456695557,Enabler,Peripheral,0.02492537830225007
17,2,0.005763688760806916,0.011941830054471855,0.19002794954600088,0.0061362693548265125,0.0,1,1,0.6666666666666666,3,0.0,0,-0.3281962308702628,1,0.25,0.016065454304548015,0.010797701090709993,-1.000088900581841e-12,12,10,3.0,2,2,4,4,0.25,0.4166666666666667,-0.16929879784584045,0.0725196897983551,0.4001361131668091,0.2598331570625305,0.3042783737182617,-0.29801860451698303,-0.355339378118515,-0.37150150537490845,-0.10335320979356766,-0.2237522155046463,0.08662893623113632,-0.344027578830719,-0.6469268202781677,0.07994773983955383,1.2309865951538086,0.047367531806230545,-0.03418697789311409,-0.013772623613476753,0.25056931376457214,-0.5221874117851257,0.272672176361084,0.4513273537158966,-0.20028331875801086,0.18113677203655243,0.016762657091021538,0.05907042324542999,0.49735647439956665,0.4488580822944641,-0.008738284930586815,-0.47959378361701965,0.7632842659950256,0.019039912149310112,-0.3334278166294098,-0.016012826934456825,0.1225399374961853,0.04224205017089844,0.07672753930091858,0.1254480481147766,-0.38858529925346375,-0.26262596249580383,-0.16265249252319336,-0.21986174583435059,0.07845138758420944,-0.11487302929162979,0.30382516980171204,0.4902454912662506,-0.2987675070762634,-0.2707656919956207,-0.2619750499725342,-0.0016101710498332977,-0.49867433309555054,0.660923957824707,0.3996322751045227,0.10177069902420044,-0.7124399542808533,-0.05459139496088028,0.028572453185915947,-0.7503281831741333,0.23708967864513397,0.4613006114959717,-0.17078794538974762,0.6727704405784607,0.15973137319087982,0.7665894627571106,Enabler,Peripheral,0.025416814485780617
18,20,0.05763688760806916,0.195951124054871,0.3086984649767688,0.22778565216811425,0.03684210526315789,3,0,0.12857142857142856,21,0.3599999999999999,4,4.266551001313416,4,1.0,0.33836592816685845,0.048598357560713665,0.7083465777021715,15,6,3.1333333333333333,11,4,0,0,0.3333333333333333,0.4,0.2009257674217224,0.17176730930805206,0.0631953552365303,0.31937259435653687,0.13071592152118683,-0.27617746591567993,0.1724199801683426,-0.3467191457748413,-0.13313911855220795,0.18033985793590546,0.13741913437843323,-0.34364524483680725,-0.20704981684684753,-0.09733618795871735,0.30954232811927795,0.05402783304452896,-0.13309824466705322,-0.23167955875396729,-0.08305185288190842,-0.1524612009525299,0.13228420913219452,0.13543426990509033,-0.3226519823074341,-0.10542945563793182,0.1617581993341446,0.0888352021574974,-0.037648674100637436,0.1599714607000351,0.11037977784872055,-0.44203248620033264,0.3950936198234558,0.057597093284130096,-0.2398640513420105,-0.07463564723730087,-0.005446626804769039,0.045648716390132904,0.18065322935581207,-0.14888833463191986,-0.08200755715370178,0.10049370676279068,-0.08871527761220932,0.2031315416097641,0.3644926846027374,0.05935685336589813,0.2831682860851288,0.2328684777021408,-0.14258761703968048,0.22789151966571808,0.0016771581722423434,0.08608990162611008,-0.27728918194770813,0.053423911333084106,0.28768202662467957,0.19706390798091888,-0.09006388485431671,0.16388081014156342,0.27692869305610657,0.24734319746494293,0.14276987314224243,0.31605616211891174,0.04766938090324402,0.10147782415151596,-0.16989460587501526,0.5031542778015137,Coordinator,Peripheral,0.0974721205095926
19,0,0.0,0.0,0.0,0.0,0.0,0,0,0.0,1,0.0,0,-0.9845886926107883,0,0.0,0.0,0.0,0.0,6,4,2.3333333333333335,0,0,1,5,0.3333333333333333,0.16666666666666666,0.0,0.0,0.0,0.0,0.0,0.0,0.0,0.0,0.0,0.0,0.0,0.0,0.0,0.0,0.0,0.0,0.0,0.0,0.0,0.0,0.0,0.0,0.0,0.0,0.0,0.0,0.0,0.0,0.0,0.0,0.0,0.0,0.0,0.0,0.0,0.0,0.0,0.0,0.0,0.0,0.0,0.0,0.0,0.0,0.0,0.0,0.0,0.0,0.0,0.0,0.0,0.0,0.0,0.0,0.0,0.0,0.0,0.0,0.0,0.0,0.0,0.0,0.0,0.0,Peripheral,Peripheral,0.008375448058175297
20,0,0.0,0.0,0.0,0.0,0.0,0,0,0.0,1,0.0,0,-0.9845886926107883,0,0.0,0.0,0.0,0.0,10,4,2.3,0,0,5,5,0.2,0.2,0.0,0.0,0.0,0.0,0.0,0.0,0.0,0.0,0.0,0.0,0.0,0.0,0.0,0.0,0.0,0.0,0.0,0.0,0.0,0.0,0.0,0.0,0.0,0.0,0.0,0.0,0.0,0.0,0.0,0.0,0.0,0.0,0.0,0.0,0.0,0.0,0.0,0.0,0.0,0.0,0.0,0.0,0.0,0.0,0.0,0.0,0.0,0.0,0.0,0.0,0.0,0.0,0.0,0.0,0.0,0.0,0.0,0.0,0.0,0.0,0.0,0.0,0.0,0.0,Peripheral,Peripheral,0.009228870490643394
21,4,0.011527377521613832,0.008816097186179504,0.19467470764300734,0.012902057813457614,0.0,2,0,0.4,5,0.0,0,0.3281962308702628,1,0.25,0.003952996157874574,0.011082338890211079,-1.000088900581841e-12,12,9,2.4166666666666665,0,1,6,5,0.25,0.25,0.16677699983119965,0.02478046528995037,0.28125491738319397,-0.08806774020195007,0.20361031591892242,-0.3339589834213257,-0.19008591771125793,0.0759546086192131,-0.13116951286792755,-0.12229026854038239,0.45325323939323425,-0.7217526435852051,-0.35069629549980164,0.03962083160877228,0.8130910396575928,-0.2334316521883011,-0.3024022579193115,-0.27661043405532837,0.03513311222195625,-0.47472524642944336,-0.05213971808552742,0.35319918394088745,-0.11605849862098694,-0.10187235474586487,0.0755518302321434,-0.21323804557323456,0.46953272819519043,0.40364253520965576,0.0938042402267456,-0.6878083348274231,0.46579504013061523,-0.2707100212574005,0.04021495580673218,-0.012962696142494678,0.3944333493709564,0.1327173113822937,-0.006508221384137869,-0.4428384006023407,-0.6814767718315125,0.1939978301525116,0.3877668082714081,-0.09207967668771744,0.12974749505519867,-0.22807112336158752,0.4760259687900543,0.1181163564324379,-0.34488776326179504,0.24093776941299438,0.238416850566864,0.13691414892673492,-0.5214635133743286,0.34637144207954407,0.2384966015815735,0.15477317571640015,-0.39070218801498413,0.2114185094833374,0.1460847705602646,-0.3645778000354767,0.10457514226436615,0.8006513118743896,-0.05283721908926964,0.5486502051353455,-0.23309560120105743,0.35584786534309387,Enabler,Peripheral,0.023346428123973077
22,5,0.01440922190201729,0.0048222063537268324,0.19281357277070327,0.019414541494593894,0.0,3,1,0.3333333333333333,6,0.0,0,0.6563924617405256,1,0.25,0.020492455448789366,0.008067422227274247,-1.000088900581841e-12,13,8,2.230769230769231,2,1,6,4,0.3076923076923077,0.15384615384615385,0.21558968722820282,-0.1575794219970703,0.1819736659526825,0.3893038034439087,0.14532198011875153,-0.1642856001853943,-0.4414736032485962,-0.41528356075286865,0.0891527608036995,-0.14219160377979279,0.44774478673934937,-0.4091430902481079,-0.5654730796813965,-0.1859753131866455,0.5813159942626953,0.16754251718521118,-0.16605216264724731,-0.1536988765001297,0.48269182443618774,-0.4960636496543884,0.12000854313373566,0.16947400569915771,-0.06273306906223297,0.036474328488111496,-0.22700251638889313,-0.1523878574371338,-0.082312673330307,0.10096471011638641,-0.0518878810107708,-0.4824320375919342,0.6010060906410217,0.2809242308139801,-0.3143259584903717,-0.14415405690670013,-0.4918234944343567,0.32979947328567505,-0.052393823862075806,-0.31116870045661926,-0.22828949987888336,-0.13677948713302612,0.41652733087539673,-0.04221218824386597,0.015280969440937042,0.12086138874292374,0.39947837591171265,0.020366046577692032,0.0007550783921033144,-0.17638489603996277,0.03130778297781944,0.12369381636381149,-0.4599457085132599,0.4458359479904175,0.12032531201839447,0.41862836480140686,-0.6272588968276978,0.03558097779750824,0.3159235417842865,0.19376599788665771,0.15376470983028412,0.8046879768371582,0.019542505964636803,0.524043619632721,0.09554609656333923,0.6467140316963196,Enabler,Peripheral,0.02364687976194714
23,1,0.002881844380403458,0.0,0.1924456079371714,0.008676539597927843,0.0,1,1,1.0,2,1.0,1,-0.9845886926107883,1,0.25,0.0,0.0419187764030682,-1.000088900581841e-12,6,4,1.3333333333333333,0,0,1,5,0.0,0.0,-0.05984434485435486,-0.30327144265174866,0.2156539112329483,0.43222808837890625,0.13714385032653809,-0.31910836696624756,-0.29375943541526794,0.30319586396217346,-0.38343796133995056,0.6617558598518372,-0.28996944427490234,-0.571480929851532,0.26871299743652344,-0.3388306498527527,-0.02525247260928154,0.7089847922325134,-0.41921135783195496,-0.11771116405725479,0.15028046071529388,0.016155747696757317,0.09081726521253586,0.009271645918488503,0.060377221554517746,-0.7066928148269653,-0.3521970808506012,0.13345152139663696,0.31285688281059265,-0.15376904606819153,-0.5183384418487549,-0.3218505084514618,0.28738176822662354,-0.23527157306671143,0.3201322555541992,0.18097391724586487,-0.23319995403289795,-0.22184929251670837,-0.7031304836273193,-0.029102850705385208,-0.4151449203491211,-0.21535420417785645,0.11497517675161362,0.14902731776237488,0.17652881145477295,0.5352782011032104,0.31328460574150085,0.09229764342308044,0.012167617678642273,-0.36192649602890015,-0.0580730214715004,0.009730455465614796,0.10911732167005539,0.12682949006557465,0.31578314304351807,0.09032171219587326,0.07016793638467789,-0.024715058505535126,0.6669735312461853,-0.06784877181053162,-0.4824082851409912,0.33408987522125244,-0.5739396810531616,-0.005130960140377283,0.4320617914199829,-0.15849001705646515,Peripheral,Peripheral,0.017719901618184854
24,4,0.011527377521613832,0.005303598595728054,0.23597854577007285,0.055553073643574646,0.16666666666666666,3,0,0.5,5,0.0,0,0.3281962308702628,1,0.25,0.02591862651253197,0.09157348450392944,-1.000088900581841e-12,11,6,2.3636363636363638,0,8,3,0,0.36363636363636365,0.09090909090909091,0.011398063972592354,0.14572224020957947,-0.18103621900081635,0.3025738000869751,0.11224072426557541,-0.5668793320655823,0.24666467308998108,-0.04236223176121712,-0.1788826882839203,0.05057765170931816,-0.013759794645011425,-0.3755095899105072,-0.21086996793746948,0.040447939187288284,0.3851102292537689,-0.21594026684761047,0.026801511645317078,0.13293218612670898,0.0980733186006546,-0.08044223487377167,0.16486665606498718,0.38762399554252625,-0.06388039886951447,-0.11704497784376144,-0.1644410341978073,-0.08534915000200272,0.08230932801961899,0.09751537442207336,-0.13374492526054382,-0.49882829189300537,0.443061888217926,-0.056125182658433914,-0.40659651160240173,-0.1948835551738739,-0.1586853265762329,-0.1868399977684021,0.3692711889743805,0.05979509651660919,-0.16337081789970398,0.298247754573822,-0.02482975274324417,-0.06376960873603821,0.14319124817848206,0.030116816982626915,0.42116570472717285,0.151585653424263,-0.18090316653251648,0.4245116114616394,0.08770481497049332,0.1619766652584076,-0.26710137724876404,0.35655540227890015,0.39361444115638733,0.24166560173034668,0.021101495251059532,0.3012252449989319,0.17012529075145721,0.38944897055625916,0.14994701743125916,0.2828710675239563,-0.13267874717712402,0.15608055889606476,0.1342511624097824,0.7362817525863647,Broker,Peripheral,0.025515729352217038
25,1,0.002881844380403458,0.0,0.002881844380403458,5.2634322472132326e-21,0.0,1,1,1.0,2,0.0,0,-0.6563924617405256,1,0.25,1.656232402530723e-05,0.0,-1.000088900581841e-12,8,4,1.875,0,0,0,8,0.125,0.0,0.05527695268392563,-0.8403902649879456,-0.6532652974128723,0.5128408074378967,0.43557798862457275,0.14213474094867706,-1.3830256462097168,-0.44311290979385376,-1.2525893449783325,-0.4906215965747833,-0.1481269896030426,-0.5751262903213501,1.274205207824707,-0.22106416523456573,1.0844639539718628,0.7010301351547241,0.39710041880607605,1.049609899520874,0.35642197728157043,0.5167678594589233,0.06357855349779129,0.9883997440338135,0.2127470076084137,-1.7704604864120483,0.8470010161399841,-0.5425446033477783,0.7597844004631042,-0.5760831236839294,0.8268961906433105,-0.2875004708766937,1.1571719646453857,-1.0876491069793701,-0.07205598056316376,1.1375977993011475,0.41134515404701233,-1.0280715227127075,0.47415614128112793,-0.5665743350982666,-0.2613897919654846,1.2180677652359009,0.007195726502686739,-1.2432043552398682,1.1397526264190674,1.1684168577194214,-1.1154649257659912,0.27855557203292847,-1.219382882118225,-0.41726574301719666,0.8859174251556396,0.43717941641807556,-0.5286562442779541,-0.42586109042167664,1.609356164932251,1.1248239278793335,-0.12266179174184799,-0.42921170592308044,1.1250330209732056,-0.062069959938526154,0.4151398241519928,0.9829522967338562,-0.8507363796234131,-0.14135724306106567,-0.35848647356033325,1.904455304145813,Peripheral,Peripheral,0.019396104988730054
26,2,0.005763688760806916,0.004409851879559196,0.16247287630356252,0.001487689890656753,0.0,2,0,0.6666666666666666,3,0.0,0,-0.3281962308702628,1,0.25,0.008153035755902389,0.0053666184834948606,-1.000088900581841e-12,8,6,2.875,0,0,2,6,0.5,0.25,0.24437278509140015,0.16248098015785217,0.3468344211578369,-0.022553550079464912,0.5224059224128723,-0.2509019374847412,-0.36967578530311584,0.31845352053642273,-0.2251398265361786,-0.02744711935520172,0.5738640427589417,-0.6679903268814087,-0.48412516713142395,-0.1988908052444458,0.754044234752655,-0.635442852973938,-0.44132015109062195,-0.1045568585395813,0.31394922733306885,-0.615839421749115,0.20254677534103394,0.6604090332984924,-0.002713574795052409,-0.31678906083106995,-0.09905826300382614,-0.41901731491088867,0.28538474440574646,0.3523835837841034,0.2907819449901581,-0.6180672645568848,0.5326588153839111,-0.24052874743938446,0.2407459020614624,-0.02268383651971817,0.8431829214096069,-0.022927289828658104,-0.058810099959373474,-0.6231375336647034,-0.6156923770904541,0.08825502544641495,0.3683536946773529,0.3031144142150879,0.13064073026180267,0.021764026954770088,0.5483157634735107,0.03671084716916084,-0.6911286115646362,0.35869982838630676,0.015177136287093163,0.2570943832397461,-0.5837723612785339,0.49763813614845276,0.009921496734023094,0.11167601495981216,-0.48963820934295654,0.29593074321746826,0.43744343519210815,-0.2455417364835739,0.08822448551654816,0.7312189340591431,-0.03173622488975525,0.7719438672065735,-0.27097049355506897,0.4921225905418396,Peripheral,Peripheral,0.023049776604112747
27,0,0.0,0.0,0.0,0.0,0.0,0,0,0.0,1,0.0,0,-0.9845886926107883,0,0.0,0.0,0.0,0.0,8,6,1.625,0,0,2,6,0.25,0.0,0.0,0.0,0.0,0.0,0.0,0.0,0.0,0.0,0.0,0.0,0.0,0.0,0.0,0.0,0.0,0.0,0.0,0.0,0.0,0.0,0.0,0.0,0.0,0.0,0.0,0.0,0.0,0.0,0.0,0.0,0.0,0.0,0.0,0.0,0.0,0.0,0.0,0.0,0.0,0.0,0.0,0.0,0.0,0.0,0.0,0.0,0.0,0.0,0.0,0.0,0.0,0.0,0.0,0.0,0.0,0.0,0.0,0.0,0.0,0.0,0.0,0.0,0.0,0.0,Peripheral,Peripheral,0.006743029568163641
28,0,0.0,0.0,0.0,0.0,0.0,0,0,0.0,1,0.0,0,-0.9845886926107883,0,0.0,0.0,0.0,0.0,7,5,1.7142857142857142,0,0,1,6,0.14285714285714285,0.0,0.0,0.0,0.0,0.0,0.0,0.0,0.0,0.0,0.0,0.0,0.0,0.0,0.0,0.0,0.0,0.0,0.0,0.0,0.0,0.0,0.0,0.0,0.0,0.0,0.0,0.0,0.0,0.0,0.0,0.0,0.0,0.0,0.0,0.0,0.0,0.0,0.0,0.0,0.0,0.0,0.0,0.0,0.0,0.0,0.0,0.0,0.0,0.0,0.0,0.0,0.0,0.0,0.0,0.0,0.0,0.0,0.0,0.0,0.0,0.0,0.0,0.0,0.0,0.0,Peripheral,Peripheral,0.006770673650278472
29,0,0.0,0.0,0.0,0.0,0.0,0,0,0.0,1,0.0,0,-0.9845886926107883,0,0.0,0.0,0.0,0.0,7,5,1.8571428571428572,0,0,1,6,0.42857142857142855,0.0,0.0,0.0,0.0,0.0,0.0,0.0,0.0,0.0,0.0,0.0,0.0,0.0,0.0,0.0,0.0,0.0,0.0,0.0,0.0,0.0,0.0,0.0,0.0,0.0,0.0,0.0,0.0,0.0,0.0,0.0,0.0,0.0,0.0,0.0,0.0,0.0,0.0,0.0,0.0,0.0,0.0,0.0,0.0,0.0,0.0,0.0,0.0,0.0,0.0,0.0,0.0,0.0,0.0,0.0,0.0,0.0,0.0,0.0,0.0,0.0,0.0,0.0,0.0,0.0,Peripheral,Peripheral,0.007195967221275863
30,3,0.008645533141210374,0.014179057160336442,0.18990866018658722,0.006032401387096072,0.0,2,1,0.5,4,0.0,0,0.0,1,0.25,0.010730675610754643,0.018987552727387145,-1.000088900581841e-12,15,9,2.066666666666667,0,5,7,3,0.2,0.06666666666666667,-0.10038748383522034,0.2300148755311966,-0.4391041100025177,0.5105966329574585,-0.10631760209798813,-0.40499478578567505,0.1307414174079895,0.03732303902506828,-0.48548367619514465,0.8630568385124207,0.01448590587824583,-0.1795540153980255,-0.28637048602104187,0.07906407117843628,0.39408475160598755,0.20754630863666534,-0.33723917603492737,0.18325471878051758,-0.07046031206846237,-0.10636043548583984,0.5079993009567261,0.24256683886051178,-0.37416839599609375,-0.673159122467041,0.09423299133777618,-0.006443575955927372,0.46137261390686035,0.4172419011592865,0.1699296087026596,-0.21593911945819855,0.42703065276145935,0.40274709463119507,0.11952414363622665,0.10701703280210495,0.08362950384616852,0.42095762491226196,0.1367293894290924,-0.2919514775276184,0.43815478682518005,0.3107607960700989,-0.09234702587127686,0.17740276455879211,0.15141792595386505,-0.2271622121334076,0.44034695625305176,0.22744600474834442,0.12067797780036926,-0.00483318604528904,0.3722214102745056,0.25082826614379883,-0.27421122789382935,0.3894837498664856,0.5611461997032166,0.5838096737861633,-0.40611428022384644,-0.08455800265073776,0.12098177522420883,0.7917442917823792,0.48011040687561035,0.5887370705604553,-0.257571816444397,0.8376975059509277,-0.19133809208869934,0.6503430604934692,Enabler,Peripheral,0.023317040691188617
31,5,0.01440922190201729,0.044964790413841736,0.23671713276778827,0.050886722547867885,0.0,2,1,0.3333333333333333,6,0.0,0,0.6563924617405256,1,0.25,0.06298565226437279,0.07396989444630725,-1.000088900581841e-12,6,3,3.0,0,5,1,0,0.3333333333333333,0.3333333333333333,-0.05315275862812996,0.14525257050991058,-0.34688422083854675,0.3800959885120392,-0.22788216173648834,-0.4226149916648865,0.33021673560142517,-0.12477068603038788,-0.2692803740501404,0.5381386280059814,0.05656304955482483,0.12036608159542084,-0.23135575652122498,-0.14890430867671967,0.3663899898529053,0.05154221132397652,-0.4215182363986969,0.19538713991641998,-0.024179475381970406,0.08415655046701431,0.34193605184555054,0.25417062640190125,-0.4061419665813446,-0.4182988107204437,0.020278336480259895,-0.034216828644275665,0.2021646946668625,0.33538591861724854,0.05684889480471611,-0.37957605719566345,0.425974041223526,0.1773969978094101,-0.009484993293881416,-0.0591101199388504,0.09286817163228989,0.19144265353679657,-0.13407328724861145,-0.0027379535604268312,0.1208803579211235,0.4030662477016449,0.05412880703806877,0.00876739900559187,0.32037103176116943,-0.08102385699748993,0.34162572026252747,0.09027159959077835,0.2649914026260376,-0.01126086339354515,0.04021655395627022,-0.026018982753157616,-0.49486860632896423,0.5447700619697571,0.4154098927974701,0.4139377176761627,-0.15050813555717468,-0.1567726880311966,0.36406296491622925,0.25621598958969116,0.20978108048439026,0.6187185049057007,-0.07317595183849335,0.450141966342926,-0.13052673637866974,0.6966613531112671,Broker,Peripheral,0.030155097229177884
32,2,0.005763688760806916,0.00020737563980221938,0.17316799981524525,0.0026511842991957897,0.0,2,0,0.6666666666666666,3,0.75,1,-0.6563924617405256,2,0.5,0.006763088346825574,0.004947344258919307,0.6931471805579453,7,3,1.8571428571428572,0,0,0,7,0.2857142857142857,0.0,0.11712576448917389,-0.17375537753105164,0.1775256097316742,-0.15237592160701752,0.34324872493743896,-0.1027304157614708,-0.32751014828681946,0.20495565235614777,-0.23691894114017487,-0.17971748113632202,0.3999072015285492,-0.7214447855949402,-0.27027806639671326,0.02927061729133129,0.5317381024360657,-0.1275249868631363,-0.26538166403770447,-0.16711823642253876,0.0032385701779276133,-0.40765833854675293,-0.006620628759264946,0.33698418736457825,-0.4537871778011322,-0.33371639251708984,0.09980932623147964,0.0028906771913170815,0.4609749913215637,0.261741578578949,0.04320618882775307,-0.953420102596283,0.3885795474052429,-0.4592958986759186,-0.007595714181661606,-0.15378572046756744,0.3323259949684143,0.11200515180826187,-0.1951068490743637,-0.28255587816238403,-0.9144493937492371,0.1682886779308319,0.29236751794815063,-0.08187836408615112,0.09706643223762512,-0.11224080622196198,0.6891199946403503,-0.14868603646755219,-0.4930964410305023,0.1886652410030365,-0.09619917720556259,0.39457669854164124,-0.485683798789978,0.40276241302490234,0.16606158018112183,0.2842845320701599,-0.3156011402606964,0.2775133550167084,0.06129831448197365,-0.5048772692680359,0.14889146387577057,0.7786056399345398,0.17061761021614075,0.7749291062355042,-0.3796943426132202,0.31629037857055664,Peripheral,Peripheral,0.031395116620512
33,1,0.002881844380403458,0.0,0.1587221908065233,0.0014346837705960023,0.0,1,1,1.0,2,0.0,0,-0.6563924617405256,1,0.25,0.0,0.007837550598857256,-1.000088900581841e-12,3,3,2.0,0,0,1,2,0.3333333333333333,0.0,0.025541581213474274,0.019828666001558304,-0.2326127141714096,0.4134078323841095,0.5006049275398254,-0.9156912565231323,0.05705251917243004,-0.3329385221004486,-0.27091461420059204,-0.20345081388950348,-0.13934381306171417,-0.18539971113204956,0.1417616605758667,0.15319064259529114,0.040896639227867126,-0.073697529733181,0.05120161920785904,0.029558945447206497,0.3066890835762024,-0.12342378497123718,0.40960973501205444,0.8565779328346252,-0.06148857995867729,-0.0782245472073555,-0.48566552996635437,0.08697088062763214,0.1308162659406662,-0.08575373142957687,-0.24022257328033447,-0.6704534888267517,0.4881037473678589,-0.1564912647008896,-0.28821834921836853,-0.07696294039487839,-0.3665638566017151,-0.15837451815605164,0.4165496826171875,-0.04080020636320114,-0.3901095688343048,0.6186192631721497,-0.16846181452274323,-0.4206731915473938,-0.14248526096343994,0.2082131803035736,0.7124032974243164,0.4430161118507385,-0.1551666408777237,0.6331083178520203,0.2223348319530487,-0.1841297745704651,-0.19898982346057892,0.46633628010749817,0.8428881168365479,0.2833455502986908,0.045707739889621735,0.6447973847389221,0.552632749080658,0.5671799778938293,0.710490345954895,0.1288437396287918,-0.1160847395658493,0.2256152629852295,0.019984034821391106,1.0686852931976318,Peripheral,Peripheral,0.018645161300979523
34,0,0.0,0.0,0.0,0.0,0.0,0,0,0.0,1,0.0,0,-0.9845886926107883,0,0.0,0.0,0.0,0.0,13,6,2.076923076923077,0,0,2,11,0.3076923076923077,0.0,0.0,0.0,0.0,0.0,0.0,0.0,0.0,0.0,0.0,0.0,0.0,0.0,0.0,0.0,0.0,0.0,0.0,0.0,0.0,0.0,0.0,0.0,0.0,0.0,0.0,0.0,0.0,0.0,0.0,0.0,0.0,0.0,0.0,0.0,0.0,0.0,0.0,0.0,0.0,0.0,0.0,0.0,0.0,0.0,0.0,0.0,0.0,0.0,0.0,0.0,0.0,0.0,0.0,0.0,0.0,0.0,0.0,0.0,0.0,0.0,0.0,0.0,0.0,0.0,Peripheral,Peripheral,0.009279251421361547
35,1,0.002881844380403458,0.0,0.15863895945319006,0.001446218587060685,0.0,1,1,1.0,2,0.0,0,-0.6563924617405256,1,0.25,0.005366192984199543,0.005366738296324677,-1.000088900581841e-12,7,4,2.142857142857143,0,0,1,6,0.14285714285714285,0.14285714285714285,-0.21466588973999023,0.4664757251739502,-0.04321499541401863,0.7724612355232239,-0.01580483838915825,-0.5394184589385986,0.20998521149158478,0.3468269109725952,-0.08155704289674759,0.6766443252563477,0.3406645953655243,-1.051011085510254,-0.21428968012332916,-0.1868588626384735,0.6758104562759399,0.12448586523532867,0.13338150084018707,0.2948167622089386,0.22659097611904144,-0.20306973159313202,0.47878748178482056,0.061891306191682816,-0.06767313182353973,-0.3425193428993225,0.3892248570919037,-0.15208829939365387,-0.01750071346759796,0.15682749450206757,-0.3638838529586792,-0.2664921283721924,0.4913177788257599,0.44738537073135376,-0.07824541628360748,-0.3719189465045929,-0.4348852038383484,0.15903538465499878,-0.1694890707731247,-0.05641906335949898,-0.36095327138900757,0.32628050446510315,-0.40880846977233887,0.10356176644563675,0.6562986373901367,0.6902986764907837,-0.1711605042219162,-0.20764560997486115,-0.28790518641471863,0.5121567249298096,0.25441721081733704,0.05747797712683678,-0.3768235146999359,-0.23056660592556,0.7696549892425537,0.2607148289680481,-0.4012500047683716,0.2812792658805847,-0.08767783641815186,0.20460465550422668,0.5808732509613037,0.4129568934440613,-0.1906396597623825,0.16929195821285248,0.049195628613233566,0.5411332845687866,Peripheral,Peripheral,0.02021536732719955
36,2,0.005763688760806916,0.0007710016491479402,0.12873382794775892,5.0623669564097397e-05,0.0,2,0,0.6666666666666666,3,0.75,1,-0.6563924617405256,2,0.5,0.007332692923471039,0.0029506754843330934,0.6931471805579453,7,5,1.8571428571428572,0,0,1,6,0.14285714285714285,0.0,0.3306138813495636,0.3345107436180115,0.22682292759418488,0.24251525104045868,0.7507762908935547,-0.26536720991134644,-0.5297187566757202,0.6159048676490784,-0.005428578704595566,0.07770682871341705,0.3805181682109833,-0.8571740388870239,-0.7904481887817383,-0.21148274838924408,0.5203916430473328,-0.6628953814506531,-0.7465944886207581,-0.16577130556106567,0.3887779712677002,-0.5773901343345642,0.4508477449417114,0.7281082272529602,0.1448281705379486,-0.1935497522354126,-0.4374416172504425,-0.7049015164375305,0.3523043096065521,0.5822916030883789,0.40201300382614136,-0.5550565123558044,0.6719774603843689,-0.3225105106830597,0.5566049814224243,0.3363366723060608,0.8842495679855347,-0.3342006504535675,0.355811208486557,-0.7681974768638611,-1.1139507293701172,-0.16071167588233948,0.36752191185951233,0.2959454357624054,0.11941022425889969,0.1705436259508133,0.6842036247253418,0.2012147158384323,-0.7081920504570007,0.09562583267688751,-0.06451867520809174,0.233742818236351,-0.5004550814628601,0.48435452580451965,-0.2783743441104889,0.40262025594711304,-0.7499116659164429,-0.06880338490009308,0.7277361154556274,-0.2720305919647217,0.12239892035722733,0.5848973393440247,-0.2908613085746765,0.5370335578918457,-0.35422685742378235,0.5073768496513367,Peripheral,Peripheral,0.03133186405310932
37,2,0.005763688760806916,0.0008538496819191091,0.18978952050014644,0.004125291028279424,0.0,2,0,0.6666666666666666,3,0.75,1,-0.6563924617405256,2,0.5,0.0020738077440125226,0.007632473085477662,0.6931471805579453,8,5,2.125,0,0,2,6,0.25,0.125,0.14559370279312134,-0.21534974873065948,-0.2544560432434082,0.8399091958999634,0.2584841549396515,-0.33224552869796753,0.39009153842926025,-0.07010425627231598,-0.5590226650238037,0.23374994099140167,0.3615646958351135,-0.6744126677513123,-0.5733817219734192,-0.4767874777317047,0.358318954706192,-0.22293230891227722,-0.05489962175488472,-0.43137726187705994,0.20639735460281372,0.193135067820549,-0.281133234500885,0.16291171312332153,-0.31183379888534546,-0.3386305272579193,-0.13235989212989807,0.36888840794563293,0.05318072438240051,0.09672714024782181,0.2767083942890167,-0.02887597493827343,0.43736031651496887,0.4668574333190918,-0.4882058799266815,-0.3193734586238861,0.24895113706588745,0.04759030044078827,0.17572548985481262,-0.19832077622413635,-0.22865533828735352,0.18932387232780457,-0.3760114908218384,-0.2780771553516388,0.3037646412849426,0.21037419140338898,-0.17172765731811523,0.8394814729690552,-0.4890318214893341,-0.11223204433917999,0.17515477538108826,-0.2672480344772339,-0.3604881167411804,0.20280665159225464,0.1498420685529709,0.15786342322826385,0.1694394201040268,-0.0995788499712944,0.06465037912130356,0.2822742760181427,-0.07393109798431396,0.5193912982940674,0.5759610533714294,0.406670480966568,-0.07819661498069763,0.5744437575340271,Peripheral,Peripheral,0.032379589590402914
38,3,0.008645533141210374,0.0032809017861779814,0.18943299666702154,0.006754405872944752,0.0,2,1,0.5,4,0.0,0,0.0,1,0.25,0.006892029173567248,0.0037147168485202648,-1.000088900581841e-12,7,6,3.2857142857142856,2,2,3,0,0.14285714285714285,0.5714285714285714,0.7970186471939087,0.10385794937610626,0.24273933470249176,0.3729090690612793,-0.21673408150672913,0.009592410176992416,0.3052949905395508,0.16547447443008423,-0.9228370785713196,0.3584730923175812,0.397245854139328,-0.5976479649543762,-0.5274747014045715,-0.13594482839107513,0.3207018971443176,0.2656543552875519,0.3730372190475464,0.3443048894405365,-0.043852299451828,-0.041570693254470825,0.16424967348575592,0.49617502093315125,-0.47566911578178406,-0.05661867558956146,-0.3084215819835663,-0.5508289337158203,-0.5890859365463257,-0.23191018402576447,0.04550056904554367,-0.4727422893047333,0.8388005495071411,0.03155813366174698,-0.4308701753616333,0.12042736262083054,-0.0640898123383522,-0.2961493134498596,0.48000767827033997,-0.29128512740135193,-0.22040079534053802,0.2457638680934906,-0.2866428792476654,-0.11517889052629471,0.3570643663406372,-0.32867231965065,0.08163483440876007,0.03746459633111954,0.1583556979894638,-0.022435404360294342,-0.1431475579738617,0.41204503178596497,-0.0029545300640165806,0.4456366002559662,0.6378654837608337,0.10208491235971451,-0.44883307814598083,0.3274071216583252,0.4792521297931671,-0.051775794476270676,0.21115416288375854,0.809990644454956,-0.021161731332540512,-0.11425887048244476,0.0628432184457779,0.9168878197669983,Enabler,Peripheral,0.024159488323325512
39,0,0.0,0.0,0.0,0.0,0.0,0,0,0.0,1,0.0,0,-0.9845886926107883,0,0.0,0.0,0.0,0.0,10,6,1.8,0,0,2,8,0.2,0.1,0.0,0.0,0.0,0.0,0.0,0.0,0.0,0.0,0.0,0.0,0.0,0.0,0.0,0.0,0.0,0.0,0.0,0.0,0.0,0.0,0.0,0.0,0.0,0.0,0.0,0.0,0.0,0.0,0.0,0.0,0.0,0.0,0.0,0.0,0.0,0.0,0.0,0.0,0.0,0.0,0.0,0.0,0.0,0.0,0.0,0.0,0.0,0.0,0.0,0.0,0.0,0.0,0.0,0.0,0.0,0.0,0.0,0.0,0.0,0.0,0.0,0.0,0.0,0.0,Peripheral,Peripheral,0.007740342992152525
40,5,0.01440922190201729,0.01684652753442898,0.23690250248804498,0.052540112506632645,0.0,2,0,0.3333333333333333,6,0.0,0,0.6563924617405256,1,0.25,0.028492878511145785,0.07275389500026941,-1.000088900581841e-12,10,5,2.7,0,7,3,0,0.3,0.2,0.18966832756996155,0.32625263929367065,0.04824173450469971,0.43880921602249146,-0.1016390323638916,-0.29015740752220154,0.11627474427223206,-0.006656690035015345,0.05413373187184334,0.18346072733402252,0.13950222730636597,-0.6490721106529236,-0.3124655485153198,-0.3453655242919922,0.44195473194122314,0.2014668881893158,-0.08847450464963913,0.23275746405124664,-0.1185765489935875,-0.25084054470062256,0.3609676659107208,0.16101045906543732,-0.2514585852622986,-0.2791869640350342,0.039346128702163696,-0.04320728778839111,0.043740373104810715,0.49027571082115173,-0.37482666969299316,-0.375588983297348,0.484508752822876,0.09520980715751648,0.01203280407935381,-0.0818074569106102,-0.21309177577495575,0.14884410798549652,0.01802876964211464,0.25438615679740906,-0.2790429890155792,0.102298304438591,-0.18172653019428253,-0.09976767003536224,0.24285098910331726,0.2557181715965271,0.00824020430445671,0.05676233395934105,-0.42735734581947327,0.4451042413711548,0.36040419340133667,-0.04951022192835808,-0.43304160237312317,0.2866506576538086,0.46779197454452515,-0.00712482538074255,-0.12551917135715485,0.10657025128602982,0.16767863929271698,0.29929235577583313,0.4860992431640625,0.3926650285720825,0.045043427497148514,0.019778907299041748,-0.23787210881710052,0.2251250445842743,Broker,Peripheral,0.02705212068071661
41,1,0.002881844380403458,0.0,0.15955933316309778,0.0014424902374975583,0.0,1,1,1.0,2,0.0,0,-0.6563924617405256,1,0.25,0.0,0.014616181639486265,-1.000088900581841e-12,9,4,2.0,0,0,2,7,0.2222222222222222,0.0,0.19672958552837372,0.9421268105506897,0.15607385337352753,0.5708205103874207,0.03899039700627327,0.040506511926651,0.2668238580226898,0.2473241239786148,-0.2723003923892975,-0.05031450837850571,0.6242648363113403,-0.6044976115226746,-0.33384406566619873,-0.4077489376068115,0.730400562286377,0.23741388320922852,-0.5217849612236023,0.10377340763807297,-0.20050227642059326,-0.7133378982543945,-0.030097458511590958,0.3514317572116852,-0.09656818211078644,-0.4875759184360504,-0.05638960748910904,0.18119025230407715,0.13162599503993988,0.6378112435340881,-0.9176117181777954,-0.4893099367618561,0.6719030141830444,-0.13463599979877472,0.26326555013656616,0.17576225101947784,0.126969575881958,0.2978293001651764,0.2435654252767563,-0.19379228353500366,-0.47252631187438965,0.13296499848365784,-0.06119805574417114,-0.16248394548892975,0.034237246960401535,-0.005182740744203329,0.18471331894397736,-0.08161141723394394,-0.6687439680099487,0.6471617221832275,0.2246490716934204,0.1927318572998047,-0.5267057418823242,0.2131846398115158,0.3374287486076355,0.20313619077205658,-0.27536916732788086,-0.10352347046136856,0.17917588353157043,0.2847205400466919,0.2563549876213074,0.8432130217552185,-0.16204120218753815,-0.0016576143680140376,-0.3857705593109131,0.22635291516780853,Peripheral,Peripheral,0.020074519544031527
42,19,0.0547550432276657,0.1451688087654918,0.2951458494412033,0.2017647534494621,0.023391812865497075,3,0,0.12105263157894737,20,0.29085872576177296,3,4.266551001313416,3,0.75,0.03650454214152913,0.04356966405498118,0.5366645624815252,15,5,3.466666666666667,13,2,0,0,0.06666666666666667,0.7333333333333333,0.06710502505302429,0.22841069102287292,-0.06707343459129333,0.26058757305145264,0.13558240234851837,-0.19138135015964508,0.13613739609718323,-0.31258827447891235,-0.1871376782655716,0.20843161642551422,0.18620742857456207,-0.3447878956794739,-0.3738577663898468,-0.0061657605692744255,0.3939605951309204,0.24190939962863922,0.027697594836354256,-0.2994171679019928,-0.12332011014223099,-0.14613139629364014,0.22149939835071564,0.13874997198581696,-0.2880288064479828,-0.07063841074705124,0.034549206495285034,-0.016018018126487732,0.03494325652718544,0.2354782372713089,0.012145008891820908,-0.4691968262195587,0.33041220903396606,0.05229249969124794,-0.19431816041469574,0.06026407703757286,-0.08632610738277435,0.11061955988407135,-0.07479481399059296,0.039274558424949646,-0.12941521406173706,0.07016828656196594,-0.024482443928718567,0.007315292488783598,0.0928736999630928,0.2210620939731598,0.30934664607048035,0.08396639674901962,-0.16096848249435425,0.2309809923171997,0.1017889678478241,0.22752799093723297,-0.12122093886137009,0.2104923129081726,0.3294912874698639,0.28251487016677856,-0.021750053390860558,0.1422463059425354,0.4268091022968292,0.17467926442623138,0.13163897395133972,0.347851037979126,-0.06561681628227234,0.1363663226366043,-0.26015251874923706,0.5588277578353882,Coordinator,Broker,0.7090454457870146
43,1,0.002881844380403458,0.0,0.15955933316309778,0.0014424902374975583,0.0,1,1,1.0,2,0.0,0,-0.6563924617405256,1,0.25,0.0,0.014616181639486265,-1.000088900581841e-12,7,3,2.142857142857143,0,0,1,6,0.42857142857142855,0.0,0.10928879678249359,0.915659487247467,0.009921874850988388,0.5152590870857239,-0.049615707248449326,-0.045529842376708984,0.21443960070610046,0.22807283699512482,-0.3380071520805359,0.04177980497479439,0.46738556027412415,-0.712009072303772,-0.34012389183044434,-0.5837600231170654,0.571053683757782,0.2681252956390381,-0.4384062886238098,0.15438725054264069,-0.26501381397247314,-0.7368699312210083,-0.2501106858253479,0.37913501262664795,-0.05458199605345726,-0.4658513367176056,-0.0967915803194046,0.11836167424917221,0.15619920194149017,0.5458575487136841,-0.9623008966445923,-0.6429831385612488,0.6854667067527771,-0.10489333420991898,0.240609273314476,0.0854748785495758,0.07646128535270691,0.1503572016954422,0.12447936087846756,-0.05267920345067978,-0.4316779673099518,0.05294922739267349,0.11895164102315903,-0.09242330491542816,0.16997474431991577,0.14542654156684875,0.20033346116542816,0.028071682900190353,-0.8558482527732849,0.5875064134597778,0.12448356300592422,0.0970144122838974,-0.7919343113899231,0.12389971315860748,0.4293118417263031,0.22722861170768738,-0.17169256508350372,-0.10630137473344803,0.1077379658818245,0.32366302609443665,0.30250343680381775,0.7730674147605896,-0.2338307499885559,-0.17872372269630432,-0.45663926005363464,0.27200931310653687,Peripheral,Peripheral,0.02002348431551184
44,1,0.002881844380403458,0.0,0.14358068138454363,0.0007536455971926859,0.0,1,1,1.0,2,1.0,1,-0.9845886926107883,1,0.25,0.0,0.00271216463063382,-1.000088900581841e-12,9,5,1.8888888888888888,0,0,3,6,0.1111111111111111,0.1111111111111111,-0.11791597306728363,-0.553398072719574,0.24129198491573334,0.9186708331108093,0.06626803427934647,-0.5338164567947388,-0.12763690948486328,0.3669690787792206,-0.34682172536849976,-0.231947660446167,0.13855811953544617,-0.12114555388689041,-0.5232436060905457,-0.21419145166873932,0.7763319611549377,0.036282867193222046,0.7484881281852722,-0.5049837231636047,0.29209837317466736,0.34263312816619873,-0.5914312601089478,0.42767807841300964,-0.7735075354576111,-0.7194803953170776,-0.07826287299394608,0.29505079984664917,-0.06938193738460541,0.1823337823152542,0.3230598568916321,0.18247675895690918,0.8577812910079956,-0.3150915503501892,0.8181315660476685,-0.001785069820471108,0.2948400378227234,0.32431578636169434,0.5117380619049072,-0.023106973618268967,0.4373582601547241,0.4941146671772003,-0.07349590957164764,-0.46095356345176697,0.2523352801799774,0.39501553773880005,-0.5945326089859009,0.571875810623169,-0.18715135753154755,-0.5617012977600098,0.2203885018825531,-0.054118286818265915,-0.11358672380447388,0.02223193272948265,0.39914342761039734,0.1927872896194458,-0.24736405909061432,0.4166187345981598,0.2990688979625702,0.016510553658008575,-0.45510149002075195,0.18131692707538605,0.16522511839866638,0.18396978080272675,0.1529427319765091,-0.02115653268992901,Peripheral,Peripheral,0.019710924001420983
45,0,0.0,0.0,0.0,0.0,0.0,0,0,0.0,1,0.0,0,-0.9845886926107883,0,0.0,0.0,0.0,0.0,7,4,1.0,0,0,0,7,0.0,0.0,0.0,0.0,0.0,0.0,0.0,0.0,0.0,0.0,0.0,0.0,0.0,0.0,0.0,0.0,0.0,0.0,0.0,0.0,0.0,0.0,0.0,0.0,0.0,0.0,0.0,0.0,0.0,0.0,0.0,0.0,0.0,0.0,0.0,0.0,0.0,0.0,0.0,0.0,0.0,0.0,0.0,0.0,0.0,0.0,0.0,0.0,0.0,0.0,0.0,0.0,0.0,0.0,0.0,0.0,0.0,0.0,0.0,0.0,0.0,0.0,0.0,0.0,0.0,0.0,Peripheral,Peripheral,0.004644205795291516
46,4,0.011527377521613832,0.007837550598857256,0.19110833586685622,0.012611129688125304,0.0,2,1,0.4,5,0.0,0,0.3281962308702628,1,0.25,0.021264896578070642,0.0071935362356942345,-1.000088900581841e-12,10,8,2.4,2,2,3,3,0.3,0.1,0.0477588064968586,0.1182728037238121,-0.22775685787200928,0.31222003698349,0.5538426637649536,-0.6718873381614685,0.00012636627070605755,-0.3125624358654022,-0.22097721695899963,-0.21226410567760468,-0.175995871424675,-0.1679440289735794,0.1554563343524933,0.21695446968078613,0.03887110948562622,0.05864792689681053,0.15445266664028168,0.20424281060695648,0.21750561892986298,-0.05285503715276718,0.16489817202091217,0.804149866104126,-0.11218113452196121,-0.060272667557001114,-0.26450270414352417,0.1446642279624939,0.08412381261587143,0.04591696709394455,-0.16233673691749573,-0.71352219581604,0.6778913736343384,-0.14004091918468475,-0.22607547044754028,-0.0899157002568245,-0.1662645936012268,-0.09328281134366989,0.31764599680900574,0.06983401626348495,-0.26960909366607666,0.5183526277542114,-0.12201292812824249,-0.1893959790468216,0.06065649911761284,0.19801239669322968,0.5201336145401001,0.43709391355514526,-0.24777325987815857,0.7289924621582031,0.060731321573257446,-0.17801719903945923,-0.07291384041309357,0.34957119822502136,0.44478365778923035,0.23685099184513092,0.08546452224254608,0.4744899570941925,0.6168568730354309,0.6369960904121399,0.6015744805335999,0.24252872169017792,-0.035484664142131805,0.2964632511138916,0.03635387867689133,0.9873620271682739,Enabler,Peripheral,0.023355169264361167
47,0,0.0,0.0,0.0,0.0,0.0,0,0,0.0,1,0.0,0,-0.9845886926107883,0,0.0,0.0,0.0,0.0,2,2,1.0,0,0,1,1,0.0,0.0,0.0,0.0,0.0,0.0,0.0,0.0,0.0,0.0,0.0,0.0,0.0,0.0,0.0,0.0,0.0,0.0,0.0,0.0,0.0,0.0,0.0,0.0,0.0,0.0,0.0,0.0,0.0,0.0,0.0,0.0,0.0,0.0,0.0,0.0,0.0,0.0,0.0,0.0,0.0,0.0,0.0,0.0,0.0,0.0,0.0,0.0,0.0,0.0,0.0,0.0,0.0,0.0,0.0,0.0,0.0,0.0,0.0,0.0,0.0,0.0,0.0,0.0,0.0,0.0,Peripheral,Peripheral,0.0034533837964988183
48,0,0.0,0.0,0.0,0.0,0.0,0,0,0.0,1,0.0,0,-0.9845886926107883,0,0.0,0.0,0.0,0.0,7,4,2.4285714285714284,0,0,1,6,0.42857142857142855,0.0,0.0,0.0,0.0,0.0,0.0,0.0,0.0,0.0,0.0,0.0,0.0,0.0,0.0,0.0,0.0,0.0,0.0,0.0,0.0,0.0,0.0,0.0,0.0,0.0,0.0,0.0,0.0,0.0,0.0,0.0,0.0,0.0,0.0,0.0,0.0,0.0,0.0,0.0,0.0,0.0,0.0,0.0,0.0,0.0,0.0,0.0,0.0,0.0,0.0,0.0,0.0,0.0,0.0,0.0,0.0,0.0,0.0,0.0,0.0,0.0,0.0,0.0,0.0,0.0,Peripheral,Peripheral,0.008897141505265431
49,4,0.011527377521613832,0.014616181639486265,0.1923232648933461,0.012679741176808158,0.0,2,1,0.4,5,0.0,0,0.3281962308702628,1,0.25,0.00789583692121235,0.008740813348622974,-1.000088900581841e-12,9,6,2.111111111111111,0,5,3,1,0.2222222222222222,0.1111111111111111,0.2121427357196808,0.7571895122528076,0.061333462595939636,0.4011358916759491,-0.0019354886608198285,-0.14581303298473358,0.18017514050006866,0.15998896956443787,-0.4289408326148987,-0.07209571450948715,0.5519320964813232,-0.736497163772583,-0.33495190739631653,-0.43659844994544983,0.5896665453910828,0.13692884147167206,-0.42180579900741577,0.13390982151031494,-0.0383465513586998,-0.5562416315078735,-0.15019747614860535,0.21910062432289124,-0.3019183874130249,-0.4113256335258484,-0.013084125705063343,0.09304679930210114,0.06519219279289246,0.61985844373703,-0.7945007681846619,-0.4341329336166382,0.5948687791824341,-0.21860145032405853,0.10963306576013565,0.19540488719940186,4.3887474021175876e-05,0.2639457583427429,0.13087865710258484,-0.06260278820991516,-0.33013099431991577,0.11781352758407593,0.06411854922771454,-0.17478136718273163,0.06386268883943558,0.09484053403139114,0.3267636299133301,-0.07828943431377411,-0.7499287724494934,0.41992267966270447,0.043759360909461975,-0.02302747778594494,-0.6261234283447266,-0.029736056923866272,0.293097585439682,0.1847178041934967,-0.245696023106575,0.10388179868459702,0.15306106209754944,0.2100875824689865,0.42789554595947266,0.6614566445350647,-0.23614521324634552,-0.03625548258423805,-0.39964550733566284,0.36631378531455994,Enabler,Peripheral,0.022266958384783236
50,2,0.005763688760806916,0.002579667171961153,0.1886062940631131,0.0069215703663356495,0.0,1,1,0.6666666666666666,3,0.0,0,-0.3281962308702628,1,0.25,0.016065454304548015,0.007527594453273049,-1.000088900581841e-12,14,8,2.4285714285714284,1,5,4,4,0.2857142857142857,0.21428571428571427,0.36122432351112366,0.31608375906944275,-0.2522851824760437,0.428094744682312,0.2950669527053833,0.002266611671075225,0.28657662868499756,-0.249852254986763,-0.4911997318267822,0.4613185226917267,0.4897661507129669,-0.541327953338623,-0.3326583504676819,-0.5712261199951172,0.8022965788841248,0.12692348659038544,-0.03940650075674057,-0.354928582906723,0.12202510237693787,0.31709906458854675,0.6966500878334045,0.24007630348205566,-0.7273221611976624,0.04016998037695885,-0.02282968908548355,0.2883486747741699,0.29591530561447144,0.031045973300933838,-0.15461985766887665,-0.46438586711883545,0.3284784257411957,-0.03666839376091957,-0.4992315173149109,-0.11861511319875717,-0.10267838835716248,-0.25833624601364136,0.2745680510997772,-0.7225900292396545,-0.34122905135154724,0.23210391402244568,-0.30965274572372437,-0.13654431700706482,0.16294708847999573,0.22369679808616638,-0.013456685468554497,0.2026117742061615,-0.4376174509525299,-0.0014662527246400714,0.2863486707210541,0.3745003640651703,-0.2785502076148987,0.4213016629219055,-0.04136522114276886,0.21154724061489105,0.3904629945755005,-0.6290298700332642,0.2992244362831116,0.0923314318060875,0.16015708446502686,0.08048115670681,0.41604775190353394,0.4091941714286804,0.30033496022224426,0.5094624757766724,Enabler,Peripheral,0.02356045497910885
51,2,0.005763688760806916,1.9323349602705266e-05,0.18943299666702154,0.007358080506028699,0.0,2,0,0.6666666666666666,3,0.0,0,-0.3281962308702628,1,0.25,0.0,0.0035312284731320196,-1.000088900581841e-12,2,2,2.0,0,0,0,2,0.5,0.0,0.2875290811061859,-0.24111108481884003,0.3198568522930145,0.2581869661808014,0.18445035815238953,-0.21308782696723938,0.28314003348350525,-0.4706414043903351,-0.017221592366695404,0.5316449999809265,0.4304637312889099,-0.44907131791114807,-0.40330061316490173,-0.3800264298915863,0.565258264541626,0.07734948396682739,-0.09586700052022934,0.24329674243927002,-0.08361988514661789,-0.22795557975769043,0.9683111906051636,-0.04565492272377014,-0.46245765686035156,-0.029526276513934135,-0.23258838057518005,-0.121162548661232,0.2784310281276703,0.6393312811851501,-0.1979728788137436,-0.5950432419776917,0.540642499923706,0.4627174139022827,-0.24680887162685394,-0.14559659361839294,-0.02721681259572506,-0.3020539879798889,0.24152347445487976,0.08830548077821732,-0.39012610912323,0.5008713006973267,-0.13827715814113617,-0.2064620405435562,-0.09080156683921814,0.269235223531723,-0.15792395174503326,0.20281590521335602,-0.6345008015632629,0.1559181660413742,0.3045658469200134,-0.0647859051823616,-0.39769285917282104,0.13837018609046936,-0.03274821490049362,0.2975460886955261,0.11779646575450897,0.14968012273311615,0.3042578399181366,0.25836434960365295,0.5623309016227722,0.3841625154018402,-0.0346563495695591,-0.23207588493824005,-0.4525163769721985,0.23225192725658417,Peripheral,Peripheral,0.018690525987014022
52,0,0.0,0.0,0.0,0.0,0.0,0,0,0.0,1,0.0,0,-0.9845886926107883,0,0.0,0.0,0.0,0.0,9,4,1.2222222222222223,0,0,0,9,0.0,0.0,0.0,0.0,0.0,0.0,0.0,0.0,0.0,0.0,0.0,0.0,0.0,0.0,0.0,0.0,0.0,0.0,0.0,0.0,0.0,0.0,0.0,0.0,0.0,0.0,0.0,0.0,0.0,0.0,0.0,0.0,0.0,0.0,0.0,0.0,0.0,0.0,0.0,0.0,0.0,0.0,0.0,0.0,0.0,0.0,0.0,0.0,0.0,0.0,0.0,0.0,0.0,0.0,0.0,0.0,0.0,0.0,0.0,0.0,0.0,0.0,0.0,0.0,0.0,0.0,Peripheral,Peripheral,0.005782102371915647
53,0,0.0,0.0,0.0,0.0,0.0,0,0,0.0,1,0.0,0,-0.9845886926107883,0,0.0,0.0,0.0,0.0,5,4,2.0,0,0,1,4,0.4,0.0,0.0,0.0,0.0,0.0,0.0,0.0,0.0,0.0,0.0,0.0,0.0,0.0,0.0,0.0,0.0,0.0,0.0,0.0,0.0,0.0,0.0,0.0,0.0,0.0,0.0,0.0,0.0,0.0,0.0,0.0,0.0,0.0,0.0,0.0,0.0,0.0,0.0,0.0,0.0,0.0,0.0,0.0,0.0,0.0,0.0,0.0,0.0,0.0,0.0,0.0,0.0,0.0,0.0,0.0,0.0,0.0,0.0,0.0,0.0,0.0,0.0,0.0,0.0,0.0,Peripheral,Peripheral,0.007144931992756178
54,3,0.008645533141210374,0.0119978677683197,0.15922341877749127,0.001452669713002706,0.0,2,1,0.5,4,0.5555555555555556,1,-0.3281962308702628,2,0.5,0.016248744023761415,0.008743171583570712,0.6365141682928128,3,2,1.3333333333333333,0,0,0,3,0.0,0.0,-0.42775511741638184,0.19722020626068115,-0.46586960554122925,0.7616775631904602,0.14585278928279877,-0.25550276041030884,0.23494738340377808,0.15052427351474762,-0.427102655172348,0.9156413674354553,0.20604602992534637,-0.3852665424346924,-0.32956477999687195,0.31530800461769104,0.43151140213012695,0.30199897289276123,-0.2413165271282196,0.257621705532074,0.011992700397968292,0.04119948670268059,0.5238720178604126,0.1590505987405777,-0.32459720969200134,-0.8396400809288025,0.3054902255535126,-0.1913529634475708,0.5286697745323181,0.6137186884880066,0.17240484058856964,-0.3017297089099884,0.4747490882873535,0.28794509172439575,-0.020989099517464638,-0.23340003192424774,0.005543956998735666,0.21402108669281006,0.17017628252506256,-0.2713736891746521,0.23002006113529205,0.08357500284910202,-0.3344258964061737,0.24778014421463013,0.35689619183540344,-0.3150967061519623,0.24963684380054474,-0.09301265329122543,0.2033900022506714,0.07535868883132935,0.6965538859367371,0.47729936242103577,-0.14504878222942352,0.37550556659698486,0.7251746654510498,0.5180791616439819,-0.4913466274738312,0.025283800438046455,0.04469228908419609,0.753555417060852,0.5477867722511292,0.5640317797660828,-0.05061495676636696,0.7583081126213074,-0.08715023845434189,0.889457106590271,Peripheral,Peripheral,0.030007255027535446
55,1,0.002881844380403458,0.0,0.15740088224621926,0.00066721633110511,0.0,1,1,1.0,2,0.0,0,-0.6563924617405256,1,0.25,0.0,0.011941830054471855,-1.000088900581841e-12,6,3,1.3333333333333333,0,0,0,6,0.0,0.0,0.4274885058403015,0.4691930413246155,-0.3003007471561432,0.3345440924167633,-0.10298039764165878,-0.6796802878379822,-0.13389885425567627,-0.05969678610563278,-0.4252321422100067,0.7401429414749146,0.05161319300532341,0.17727167904376984,-0.6451404690742493,-0.18070349097251892,0.4702187776565552,-0.44051963090896606,-0.5057147741317749,0.19477801024913788,0.1018528863787651,-0.1508062183856964,0.4495393633842468,0.4799175560474396,-0.8956268429756165,-0.593265950679779,0.03113039769232273,-0.1592472493648529,0.4587954878807068,0.1609380692243576,0.10120075941085815,-0.5714003443717957,0.2059553563594818,0.40395501255989075,0.13728207349777222,0.49913132190704346,0.3306512236595154,0.15079578757286072,-0.18920648097991943,0.2956337332725525,0.7150513529777527,0.10381916165351868,0.3078940808773041,-0.0002766653778962791,0.6613746285438538,0.45591866970062256,0.35667121410369873,-0.008511403575539589,0.42976832389831543,0.3357490003108978,-0.05817074328660965,-0.08798856288194656,-0.5337937474250793,0.47708040475845337,0.7354596853256226,0.450139582157135,-0.08900001645088196,-0.40337955951690674,0.3204575181007385,0.4388269782066345,0.14672313630580902,0.7738310694694519,-0.03246280923485756,0.6435328722000122,-0.0740818977355957,0.8893819451332092,Peripheral,Peripheral,0.017338394484521864
56,0,0.0,0.0,0.0,0.0,0.0,0,0,0.0,1,0.0,0,-0.9845886926107883,0,0.0,0.0,0.0,0.0,7,5,2.142857142857143,0,0,4,3,0.42857142857142855,0.0,0.0,0.0,0.0,0.0,0.0,0.0,0.0,0.0,0.0,0.0,0.0,0.0,0.0,0.0,0.0,0.0,0.0,0.0,0.0,0.0,0.0,0.0,0.0,0.0,0.0,0.0,0.0,0.0,0.0,0.0,0.0,0.0,0.0,0.0,0.0,0.0,0.0,0.0,0.0,0.0,0.0,0.0,0.0,0.0,0.0,0.0,0.0,0.0,0.0,0.0,0.0,0.0,0.0,0.0,0.0,0.0,0.0,0.0,0.0,0.0,0.0,0.0,0.0,0.0,Peripheral,Peripheral,0.008046554363270647
57,3,0.008645533141210374,0.007992501518238226,0.1923232648933461,0.012352135894007184,0.0,2,0,0.5,4,0.0,0,0.0,1,0.25,0.007764602815780375,0.012688084106470881,-1.000088900581841e-12,14,9,2.2142857142857144,0,3,5,6,0.2857142857142857,0.14285714285714285,0.33409735560417175,0.2605888247489929,-0.18551866710186005,0.2653805911540985,0.21436212956905365,-0.2463262379169464,-0.47352808713912964,-0.47506266832351685,-0.1469143182039261,-0.02594917267560959,-0.11842947453260422,-0.27699214220046997,-0.3603355884552002,0.29607337713241577,0.12146330624818802,0.44647982716560364,0.2639378309249878,-0.10479284077882767,0.39419618248939514,-0.02618170529603958,0.08143337815999985,0.5223861932754517,-0.30898526310920715,-0.2568262219429016,-0.34992772340774536,-0.2186560332775116,-0.391473650932312,0.0677652508020401,-0.010607942938804626,-0.6864519715309143,0.5351168513298035,-0.246794193983078,-0.33482515811920166,-0.17309950292110443,-0.38602086901664734,0.06974278390407562,-0.02982567809522152,-0.289894700050354,-0.3828805088996887,0.4194847047328949,-0.21003535389900208,0.07927856594324112,0.014643196016550064,0.1293366551399231,0.37285247445106506,0.3905198276042938,-0.14987966418266296,-0.1529681384563446,0.19379545748233795,-0.36502188444137573,-0.7178164720535278,0.5384455323219299,0.5561134815216064,-0.12352127581834793,-0.07618241012096405,-0.05371283367276192,0.06341832876205444,0.6391245126724243,0.38609564304351807,0.34167763590812683,0.09496410936117172,0.2614659368991852,-0.42120465636253357,0.6065492033958435,Enabler,Peripheral,0.0232713863345382
58,0,0.0,0.0,0.0,0.0,0.0,0,0,0.0,1,0.0,0,-0.9845886926107883,0,0.0,0.0,0.0,0.0,4,3,2.5,0,0,1,3,0.75,0.0,0.0,0.0,0.0,0.0,0.0,0.0,0.0,0.0,0.0,0.0,0.0,0.0,0.0,0.0,0.0,0.0,0.0,0.0,0.0,0.0,0.0,0.0,0.0,0.0,0.0,0.0,0.0,0.0,0.0,0.0,0.0,0.0,0.0,0.0,0.0,0.0,0.0,0.0,0.0,0.0,0.0,0.0,0.0,0.0,0.0,0.0,0.0,0.0,0.0,0.0,0.0,0.0,0.0,0.0,0.0,0.0,0.0,0.0,0.0,0.0,0.0,0.0,0.0,0.0,Peripheral,Peripheral,0.008395295091488508
59,1,0.002881844380403458,0.0,0.15740088224621926,0.00066721633110511,0.0,1,1,1.0,2,0.0,0,-0.6563924617405256,1,0.25,0.0,0.002608652196365211,-1.000088900581841e-12,5,3,2.2,0,0,0,5,0.4,0.0,-0.20425258576869965,0.22452130913734436,-0.21786648035049438,0.2940945029258728,-0.5502162575721741,-0.19508841633796692,0.379620760679245,-0.21026870608329773,-0.4283584952354431,0.7940298914909363,-0.23018373548984528,-0.41896912455558777,-0.21832141280174255,-0.3168210983276367,0.43762630224227905,-0.2637506127357483,-0.43265923857688904,0.3809186816215515,-0.040635574609041214,0.05354906991124153,0.21192605793476105,0.635541558265686,-0.7810628414154053,-0.6658793687820435,0.12178245186805725,0.03327704593539238,0.24841269850730896,0.3571118712425232,0.09571322798728943,-0.41649898886680603,-0.197053924202919,0.5809317231178284,0.2641378939151764,-0.1258133351802826,-0.014338917098939419,0.40475866198539734,0.2982892394065857,0.11896796524524689,0.07256258279085159,0.6637779474258423,0.07957373559474945,-0.14498652517795563,0.19945599138736725,-0.07615727931261063,0.9007547497749329,0.23295894265174866,0.20938071608543396,-0.5974394083023071,-0.23457345366477966,0.23237144947052002,-0.8897688388824463,0.7014553546905518,0.7101585268974304,0.1933618038892746,-0.11448810994625092,-0.33979666233062744,0.8947064876556396,0.49843212962150574,0.17729490995407104,0.5702949166297913,-0.5556837320327759,0.5072004795074463,-0.035004209727048874,0.7583712339401245,Peripheral,Peripheral,0.019680344415480833
60,1,0.002881844380403458,0.0,0.002881844380403458,5.2634322472132326e-21,0.0,1,1,1.0,2,1.0,1,-0.9845886926107883,1,0.25,1.656232402530723e-05,0.0,-1.000088900581841e-12,9,5,2.111111111111111,0,0,2,7,0.1111111111111111,0.2222222222222222,-0.014451793394982815,-1.2815297842025757,0.33179420232772827,1.0089346170425415,0.052317406982183456,-0.7061343789100647,-0.4840260446071625,0.06340433657169342,-0.7745781540870667,0.16811202466487885,0.17403656244277954,-0.7775448560714722,-1.1876769065856934,-0.2724885940551758,0.8366504907608032,1.2223002910614014,-0.5706053376197815,-0.33622026443481445,0.17915035784244537,-0.12572020292282104,1.0519920587539673,1.8325538635253906,-0.19201025366783142,-1.7226310968399048,0.44048193097114563,0.8402488827705383,-0.1473444551229477,0.7623896598815918,0.5537580847740173,-1.1198376417160034,1.1568984985351562,0.021393805742263794,0.3938431739807129,0.058624520897865295,-0.5936592817306519,-0.7763305306434631,0.4675678312778473,-0.6658130884170532,-0.4998099207878113,0.012699081562459469,-0.3644503653049469,-0.48325541615486145,0.4866492450237274,1.1653822660446167,0.6305587887763977,0.32169675827026367,-0.5732198357582092,0.17558853328227997,-0.06551225483417511,0.40134209394454956,-0.7081950306892395,-0.03684641793370247,1.152477502822876,0.7942568063735962,0.2520490288734436,-0.03410563990473747,0.5299612879753113,0.16229788959026337,-0.4736798107624054,0.9219619035720825,-0.29281821846961975,-0.8602110743522644,0.2352856546640396,0.9118992686271667,Peripheral,Peripheral,0.020337185151664834
61,5,0.01440922190201729,0.007027219716279414,0.2361627600915171,0.057620597528502744,0.1,3,0,0.4,6,0.0,0,0.6563924617405256,1,0.25,0.015560416882927926,0.07094768261768594,-1.000088900581841e-12,7,4,2.7142857142857144,1,5,1,0,0.42857142857142855,0.14285714285714285,0.329158753156662,-0.21496228873729706,0.13127578794956207,0.18920211493968964,0.06710750609636307,-0.29321637749671936,-0.18127958476543427,-0.11408955603837967,-0.029537150636315346,0.3174301087856293,0.20545917749404907,-0.3005927801132202,-0.3437017798423767,-0.1243535578250885,0.5481653809547424,0.05882536992430687,0.005087618250399828,0.004941927269101143,0.24369442462921143,-0.20808592438697815,0.0769386813044548,0.131617933511734,-0.18064981698989868,-0.09372194856405258,-0.025459062308073044,-0.15630604326725006,0.022700132802128792,0.24049484729766846,-0.06395793706178665,-0.30763939023017883,0.5704811811447144,0.1941167265176773,-0.4090287685394287,0.23928962647914886,-0.4922110140323639,0.11224273592233658,-0.22378267347812653,-0.20609170198440552,-0.1853940486907959,0.08327056467533112,0.049850162118673325,0.05251989886164665,0.024089191108942032,-0.16482247412204742,0.27862218022346497,-0.09447169303894043,-0.3298299312591553,0.1297888606786728,0.09201814979314804,0.1720629632472992,-0.2229662388563156,0.40283775329589844,0.4235166013240814,0.20180289447307587,-0.1173899844288826,-0.058445967733860016,0.3021855354309082,0.270201712846756,0.11584649235010147,0.6248801946640015,0.0407729409635067,0.11163036525249481,-0.05639629438519478,0.6939786672592163,Broker,Peripheral,0.025458564311755017
62,4,0.011527377521613832,0.0020476498906937296,0.19147119979571736,0.019507680162932407,0.0,3,0,0.4,5,0.0,0,0.3281962308702628,1,0.25,0.0031054391531181585,0.008625018125042261,-1.000088900581841e-12,11,9,2.272727272727273,0,4,3,4,0.36363636363636365,0.09090909090909091,0.32471171021461487,0.02754971943795681,0.1097213476896286,0.5500172972679138,-0.2584320604801178,-0.21145771443843842,-0.09125032275915146,-0.1309349536895752,-0.14644098281860352,0.22981807589530945,-0.0765758827328682,-0.5473952889442444,-0.7583129405975342,-0.09425570070743561,0.233902245759964,0.3190697729587555,0.01285728719085455,0.022125784307718277,0.3261343240737915,-0.21077117323875427,-0.053674373775720596,0.08041009306907654,-0.27338579297065735,0.09703052043914795,-0.21316443383693695,-0.09084302186965942,-0.13048537075519562,-0.1556297242641449,0.08421457558870316,-0.758179783821106,0.6939338445663452,0.21426622569561005,-0.6381374597549438,0.22900636494159698,-0.3581690490245819,-0.10735774785280228,0.005934454500675201,-0.47318601608276367,-0.08912403881549835,0.04425738379359245,0.08244563639163971,0.057700272649526596,0.02958698943257332,0.10610615462064743,0.23364733159542084,-0.2222219854593277,-0.017742842435836792,-0.16663889586925507,0.1530017852783203,0.11546173691749573,-0.31506845355033875,0.4826045632362366,0.3842446804046631,-0.0918835699558258,-0.2987334132194519,0.10395041108131409,0.5270535945892334,0.25517740845680237,0.26331382989883423,0.5808289647102356,0.08514700829982758,0.04779251664876938,-0.30036741495132446,0.7141395807266235,Enabler,Peripheral,0.022480513406580745
63,1,0.002881844380403458,0.0,0.1579762379515579,0.0006980818079960984,0.0,1,1,1.0,2,0.0,0,-0.6563924617405256,1,0.25,0.005366192984199543,0.011941830054471855,-1.000088900581841e-12,4,3,2.0,0,0,1,3,0.25,0.0,-0.154435932636261,0.05705815553665161,0.3981190621852875,0.3423183262348175,0.3285472095012665,-0.3884115517139435,-0.32801878452301025,-0.40549972653388977,-0.0661756619811058,-0.22968269884586334,0.12779691815376282,-0.34021005034446716,-0.726853609085083,0.14210116863250732,1.2803481817245483,0.03763461485505104,-0.026287412270903587,-0.015844082459807396,0.31682685017585754,-0.5831316113471985,0.3707652688026428,0.5723913908004761,-0.29166239500045776,0.17666272819042206,-0.027017416432499886,0.13857504725456238,0.590869128704071,0.44676581025123596,-0.15429654717445374,-0.6772411465644836,0.9297158122062683,-0.07107174396514893,-0.170169398188591,-0.027306267991662025,0.10079000890254974,0.0564807690680027,0.11531967669725418,0.1340370774269104,-0.3243045210838318,-0.3350531756877899,-0.298418253660202,-0.17571988701820374,0.15582475066184998,-0.1927889883518219,0.2465377151966095,0.5427133440971375,-0.38226303458213806,-0.32126927375793457,-0.3461565375328064,-0.08468500524759293,-0.3851989507675171,0.7432820200920105,0.4424559473991394,0.03933505341410637,-0.7131600975990295,-0.07702324539422989,0.03304942324757576,-0.8702768087387085,0.18285663425922394,0.4116807281970978,-0.3164435029029846,0.7091211676597595,0.15600371360778809,0.8136986494064331,Peripheral,Peripheral,0.0190399446475419
64,0,0.0,0.0,0.0,0.0,0.0,0,0,0.0,1,0.0,0,-0.9845886926107883,0,0.0,0.0,0.0,0.0,9,5,2.2222222222222223,0,0,2,7,0.2222222222222222,0.0,0.0,0.0,0.0,0.0,0.0,0.0,0.0,0.0,0.0,0.0,0.0,0.0,0.0,0.0,0.0,0.0,0.0,0.0,0.0,0.0,0.0,0.0,0.0,0.0,0.0,0.0,0.0,0.0,0.0,0.0,0.0,0.0,0.0,0.0,0.0,0.0,0.0,0.0,0.0,0.0,0.0,0.0,0.0,0.0,0.0,0.0,0.0,0.0,0.0,0.0,0.0,0.0,0.0,0.0,0.0,0.0,0.0,0.0,0.0,0.0,0.0,0.0,0.0,0.0,Peripheral,Peripheral,0.008759157368897387
65,2,0.005763688760806916,0.01205045759037569,0.18990866018658722,0.006571556340864582,0.0,2,0,0.6666666666666666,3,0.0,0,-0.3281962308702628,1,0.25,0.005518068413006772,0.015149520296866226,-1.000088900581841e-12,11,8,2.5454545454545454,1,1,3,6,0.45454545454545453,0.18181818181818182,-0.486726313829422,0.24421755969524384,-0.42636752128601074,0.635471522808075,0.16853483021259308,-0.29733896255493164,0.26301252841949463,0.36858662962913513,-0.3095457851886749,0.6275790929794312,0.15962578356266022,-0.5451006293296814,-0.21554797887802124,0.2630349397659302,0.44576898217201233,0.401400089263916,-0.0764479860663414,0.17642569541931152,0.2019822746515274,-0.07730608433485031,0.5396485924720764,0.06186462193727493,-0.12381773442029953,-0.6093227863311768,0.41673290729522705,-0.26281771063804626,0.2880600690841675,0.6234354972839355,0.14321793615818024,-0.35884496569633484,0.47250983119010925,0.3639354407787323,-0.26965153217315674,-0.3374704122543335,0.0655839741230011,0.14057005941867828,0.11362472921609879,-0.19855742156505585,0.08362860232591629,0.30048832297325134,-0.5573428273200989,0.275709331035614,0.43471917510032654,-0.051096104085445404,0.29409676790237427,-0.20144961774349213,-0.01938968151807785,0.21443486213684082,0.3781008720397949,0.4468904733657837,-0.16796445846557617,0.2848203778266907,0.38160616159439087,0.5722783207893372,-0.41772690415382385,0.12978200614452362,-0.11854983121156693,0.6531984806060791,0.4754981994628906,0.40132924914360046,-0.09056561440229416,0.5593504309654236,-0.15423035621643066,1.0082498788833618,Enabler,Peripheral,0.02347713683104634
66,0,0.0,0.0,0.0,0.0,0.0,0,0,0.0,1,0.0,0,-0.9845886926107883,0,0.0,0.0,0.0,0.0,6,4,1.6666666666666667,0,0,1,5,0.16666666666666666,0.0,0.0,0.0,0.0,0.0,0.0,0.0,0.0,0.0,0.0,0.0,0.0,0.0,0.0,0.0,0.0,0.0,0.0,0.0,0.0,0.0,0.0,0.0,0.0,0.0,0.0,0.0,0.0,0.0,0.0,0.0,0.0,0.0,0.0,0.0,0.0,0.0,0.0,0.0,0.0,0.0,0.0,0.0,0.0,0.0,0.0,0.0,0.0,0.0,0.0,0.0,0.0,0.0,0.0,0.0,0.0,0.0,0.0,0.0,0.0,0.0,0.0,0.0,0.0,0.0,Peripheral,Peripheral,0.006390744726854135
67,5,0.01440922190201729,0.004395834701090712,0.23542762309512327,0.0577750506844688,0.2,3,0,0.4666666666666667,6,0.0,0,0.6563924617405256,1,0.25,0.012064375518292397,0.07124275368522286,-1.000088900581841e-12,13,11,2.0,1,4,5,3,0.07692307692307693,0.15384615384615385,0.31727296113967896,-0.13390906155109406,-0.04737669602036476,0.3349205553531647,0.3243328928947449,-0.2418864667415619,0.22957195341587067,-0.48095354437828064,-0.09383385628461838,0.3722260892391205,0.20215868949890137,-0.4241466224193573,-0.41126397252082825,-0.4423118531703949,0.6432529091835022,0.06696175783872604,0.019971882924437523,0.19738046824932098,-0.17485323548316956,-0.17550981044769287,0.4477798342704773,0.17541466653347015,-0.4517325758934021,-0.16102945804595947,-0.08134673535823822,-0.10290093719959259,0.2770565450191498,0.40856048464775085,0.08896062523126602,-0.24161195755004883,0.2196800261735916,0.1884716898202896,-0.4518803060054779,-0.11367350071668625,-0.1371227353811264,-0.3605499565601349,0.0982164517045021,-0.018398050218820572,-0.2320166975259781,0.1159583032131195,0.04327581822872162,-0.2046075314283371,-0.253934383392334,0.13615180552005768,0.050678495317697525,0.02425755001604557,-0.4673449397087097,0.04277276247739792,0.1524680107831955,0.024798667058348656,-0.4157719016075134,0.32563260197639465,0.031101291999220848,0.1739235371351242,0.1283683478832245,-0.019632790237665176,0.295879602432251,0.358694851398468,0.16716498136520386,0.31379106640815735,0.13076002895832062,0.25150740146636963,-0.23580998182296753,0.4741331934928894,Enabler,Peripheral,0.02445553434518186
68,5,0.01440922190201729,0.01830117282541275,0.23671713276778827,0.05631221136709591,0.1,3,0,0.4,6,0.0,0,0.6563924617405256,1,0.25,0.008136874942762554,0.07517471666071217,-1.000088900581841e-12,12,8,2.6666666666666665,2,8,2,0,0.16666666666666666,0.3333333333333333,-0.05622679367661476,0.16520288586616516,-0.3364524841308594,0.3144504129886627,-0.11763862520456314,-0.5048424601554871,0.28764134645462036,0.16012541949748993,-0.1597609966993332,0.39999693632125854,0.11329685151576996,-0.7277091145515442,-0.1579357236623764,0.17300330102443695,0.5131517052650452,0.01067574042826891,0.033490125089883804,0.29840269684791565,0.05849630758166313,-0.21758878231048584,0.5464903712272644,0.18008774518966675,-0.11513181775808334,-0.251137375831604,0.3365713953971863,-0.22740958631038666,-0.13545207679271698,0.40357574820518494,-0.11072677373886108,-0.1441321074962616,0.5291483402252197,0.08626946806907654,-0.2052704393863678,-0.21300171315670013,-0.2238876074552536,0.08239798247814178,0.08052597939968109,-0.26432424783706665,-0.07893328368663788,0.0944397822022438,-0.18524184823036194,0.21100248396396637,0.31960245966911316,0.34630176424980164,0.19498352706432343,0.1124262586236,-0.08468706160783768,0.3295574188232422,0.31756341457366943,0.19796177744865417,-0.2777358293533325,0.13885238766670227,0.3618244528770447,0.22511255741119385,-0.40687495470046997,0.20529676973819733,0.027971342206001282,0.36259281635284424,0.33073484897613525,0.30800577998161316,0.15636394917964935,0.2191842496395111,0.08101166039705276,0.5487185120582581,Broker,Peripheral,0.026985612356928666
69,6,0.017291066282420747,0.018116725860062913,0.23877229335219688,0.056031528681903475,0.06666666666666667,2,1,0.3333333333333333,7,0.30555555555555547,1,0.6563924617405256,2,0.5,0.022540733746182873,0.06496914835268229,0.4505612088643047,17,7,3.1176470588235294,3,13,1,0,0.35294117647058826,0.4117647058823529,0.0012782237026840448,0.3812207281589508,0.23784486949443817,0.1563832014799118,0.026026606559753418,-0.1654633730649948,0.11458753049373627,0.10775288939476013,-0.27901139855384827,-0.0703178197145462,0.15156126022338867,-0.4852370321750641,-0.4541846215724945,-0.07589815557003021,0.4708995223045349,0.07408852875232697,-0.1869116574525833,-0.04330069199204445,-0.04563192278146744,-0.31754428148269653,-0.003707859432324767,0.23791548609733582,-0.24887795746326447,-0.22571073472499847,-0.35600221157073975,-0.01390604767948389,0.29036858677864075,0.539159893989563,-0.24307748675346375,-0.27150359749794006,0.4130394756793976,-0.1450541615486145,-0.11516723781824112,-0.020354732871055603,0.07904938608407974,0.09339281916618347,-0.09926538914442062,-0.2061985284090042,-0.3415844738483429,0.13275909423828125,-0.1427363008260727,-0.15770557522773743,0.10510570555925369,0.1894076019525528,0.5123510360717773,0.03353925049304962,-0.40550923347473145,0.6374943256378174,0.011159168556332588,0.1333112120628357,-0.46240752935409546,0.3563123941421509,0.11562054604291916,0.04350592568516731,-0.2812233567237854,-0.0938282236456871,0.3611198365688324,0.17089828848838806,0.15640154480934143,0.647621214389801,0.10740774124860764,0.22198259830474854,-0.280415415763855,0.3562697768211365,Broker,Broker,0.4191527239669295
70,1,0.002881844380403458,0.0,0.15723726386550593,0.0007292286193893622,0.0,1,1,1.0,2,0.0,0,-0.6563924617405256,1,0.25,0.005366192984199543,0.002608652196365211,-1.000088900581841e-12,11,6,2.090909090909091,0,0,3,8,0.45454545454545453,0.0,0.3724604845046997,0.5496454834938049,0.16707120835781097,0.025504911318421364,-0.1268616020679474,-0.57499098777771,0.16099826991558075,0.05187731608748436,-0.854529082775116,-0.00999983586370945,0.7129788398742676,-0.8300003409385681,-0.037125542759895325,0.06653878837823868,0.7240365743637085,0.4079096019268036,0.09140924364328384,0.4809609651565552,-0.2825116515159607,0.13092470169067383,0.3395724594593048,0.9919570684432983,-0.38144826889038086,-0.2779940664768219,-0.2489280104637146,-0.768258273601532,-0.152662456035614,-0.23508220911026,0.03813666105270386,-0.47810861468315125,0.5806018114089966,0.33048301935195923,-0.5967848896980286,-0.13988034427165985,-0.037178002297878265,-0.20625287294387817,0.4775497019290924,0.28161606192588806,0.11858532577753067,-0.16780003905296326,-0.11564034968614578,0.03191932290792465,0.6732852458953857,-0.07528074830770493,0.2200118750333786,0.20180383324623108,0.17935322225093842,0.4263647794723511,0.06281561404466629,0.14131221175193787,0.003328944556415081,0.4812813997268677,0.26193666458129883,0.5854628086090088,-0.5446520447731018,0.1920561045408249,0.24508698284626007,0.2047840654850006,-0.30714643001556396,0.7627161741256714,-0.09382788836956024,-0.4060835540294647,-0.15216024219989777,0.4754927158355713,Peripheral,Peripheral,0.020979220421541628
71,0,0.0,0.0,0.0,0.0,0.0,0,0,0.0,1,0.0,0,-0.9845886926107883,0,0.0,0.0,0.0,0.0,9,3,1.6666666666666667,0,0,2,7,0.1111111111111111,0.0,0.0,0.0,0.0,0.0,0.0,0.0,0.0,0.0,0.0,0.0,0.0,0.0,0.0,0.0,0.0,0.0,0.0,0.0,0.0,0.0,0.0,0.0,0.0,0.0,0.0,0.0,0.0,0.0,0.0,0.0,0.0,0.0,0.0,0.0,0.0,0.0,0.0,0.0,0.0,0.0,0.0,0.0,0.0,0.0,0.0,0.0,0.0,0.0,0.0,0.0,0.0,0.0,0.0,0.0,0.0,0.0,0.0,0.0,0.0,0.0,0.0,0.0,0.0,0.0,Peripheral,Peripheral,0.007105237926129755
72,6,0.017291066282420747,0.017336454596497686,0.23671713276778827,0.046169245436625886,0.2,3,1,0.42857142857142855,7,0.0,0,0.9845886926107883,1,0.25,0.016841761824254474,0.04042080529783706,-1.000088900581841e-12,14,8,2.4285714285714284,2,5,4,3,0.14285714285714285,0.21428571428571427,0.24300655722618103,-0.009087233804166317,-0.0908745750784874,0.3745706379413605,0.1517268866300583,-0.49401864409446716,0.49689146876335144,0.10818713158369064,-0.3452344238758087,0.2731047570705414,0.19024501740932465,-0.6869715452194214,-0.15043696761131287,0.1637716293334961,0.34020712971687317,0.1023901104927063,-0.03630533441901207,0.08678752928972244,-0.020055754110217094,-0.034312814474105835,0.41438156366348267,0.4857194423675537,-0.033951178193092346,0.04287996143102646,0.23261334002017975,-0.1711217164993286,-0.1249447911977768,0.2389618456363678,-0.21179857850074768,-0.3142264187335968,0.2712688148021698,-0.06060835346579552,-0.33920061588287354,-0.2181939035654068,-0.08250211179256439,-0.0014413903700187802,0.5358569025993347,0.2501806318759918,-0.10931777954101562,0.17527459561824799,-0.24490705132484436,0.026217391714453697,0.5624867677688599,0.18965603411197662,0.33895084261894226,-0.026652295142412186,-0.2176124006509781,0.3186857998371124,-0.0012146703666076064,0.2887829840183258,0.1253238320350647,0.4622889459133148,0.39686504006385803,0.06765946745872498,-0.5280775427818298,0.2142218053340912,0.13259391486644745,0.3915506899356842,0.058327414095401764,0.4921194911003113,0.09809742122888565,0.24731719493865967,0.16600212454795837,0.8333583474159241,Enabler,Peripheral,0.026512030522083188
73,0,0.0,0.0,0.0,0.0,0.0,0,0,0.0,1,0.0,0,-0.9845886926107883,0,0.0,0.0,0.0,0.0,3,3,1.3333333333333333,0,0,1,2,0.0,0.0,0.0,0.0,0.0,0.0,0.0,0.0,0.0,0.0,0.0,0.0,0.0,0.0,0.0,0.0,0.0,0.0,0.0,0.0,0.0,0.0,0.0,0.0,0.0,0.0,0.0,0.0,0.0,0.0,0.0,0.0,0.0,0.0,0.0,0.0,0.0,0.0,0.0,0.0,0.0,0.0,0.0,0.0,0.0,0.0,0.0,0.0,0.0,0.0,0.0,0.0,0.0,0.0,0.0,0.0,0.0,0.0,0.0,0.0,0.0,0.0,0.0,0.0,0.0,0.0,Peripheral,Peripheral,0.004683899861917938
74,1,0.002881844380403458,0.0,0.002881844380403458,5.2634322472132326e-21,0.0,1,1,1.0,2,0.0,0,-0.6563924617405256,1,0.25,1.656232402530723e-05,0.0,-1.000088900581841e-12,10,9,2.2,1,3,5,1,0.3,0.1,-0.036709319800138474,-0.9324143528938293,-0.5790206789970398,0.6877053380012512,0.625460147857666,-0.08647933602333069,-1.3186790943145752,-0.33584195375442505,-1.1201205253601074,-0.590252697467804,0.016122255474328995,-0.5695631504058838,1.3085497617721558,-0.3180784285068512,0.9701756238937378,0.8390477299690247,0.538690447807312,0.9612373113632202,0.4289892911911011,0.5040754079818726,0.027478007599711418,0.9801613688468933,0.11229808628559113,-1.7826993465423584,0.8532699942588806,-0.649083137512207,0.7286123633384705,-0.5968806743621826,0.863567054271698,-0.15128029882907867,1.1763842105865479,-1.2670735120773315,-0.1852264404296875,1.225156545639038,0.43953272700309753,-0.8582985401153564,0.41872158646583557,-0.6552494168281555,-0.4120187759399414,1.0115790367126465,-0.1273312121629715,-1.1126844882965088,1.1100749969482422,1.1330170631408691,-1.204142689704895,0.24112637341022491,-1.2675141096115112,-0.5066091418266296,0.783463180065155,0.523075520992279,-0.5174352526664734,-0.355485737323761,1.618054986000061,1.2340450286865234,-0.006055000703781843,-0.686463475227356,1.136284589767456,0.20765839517116547,0.4313593804836273,0.9945996403694153,-0.7346123456954956,-0.056424397975206375,-0.22509533166885376,1.9160574674606323,Enabler,Peripheral,0.020839976662266196
75,0,0.0,0.0,0.0,0.0,0.0,0,0,0.0,1,0.0,0,-0.9845886926107883,0,0.0,0.0,0.0,0.0,5,3,2.0,0,0,0,5,0.2,0.2,0.0,0.0,0.0,0.0,0.0,0.0,0.0,0.0,0.0,0.0,0.0,0.0,0.0,0.0,0.0,0.0,0.0,0.0,0.0,0.0,0.0,0.0,0.0,0.0,0.0,0.0,0.0,0.0,0.0,0.0,0.0,0.0,0.0,0.0,0.0,0.0,0.0,0.0,0.0,0.0,0.0,0.0,0.0,0.0,0.0,0.0,0.0,0.0,0.0,0.0,0.0,0.0,0.0,0.0,0.0,0.0,0.0,0.0,0.0,0.0,0.0,0.0,0.0,0.0,Peripheral,Peripheral,0.007144931992756178
76,1,0.002881844380403458,0.0,0.15838978831268766,0.0007063925641907317,0.0,1,1,1.0,2,0.0,0,-0.6563924617405256,1,0.25,0.0,0.008590919691492728,-1.000088900581841e-12,4,4,2.25,0,0,1,3,0.5,0.0,-0.1996966302394867,0.2561257779598236,0.253475546836853,0.5797837972640991,0.9619019627571106,-0.14969196915626526,-0.020571328699588776,-0.5135158896446228,-0.2620713710784912,0.49258485436439514,-0.323231041431427,-0.20597784221172333,-0.3211650550365448,0.4088117480278015,0.364849328994751,0.6374432444572449,-0.43912169337272644,0.1515997052192688,0.2743268311023712,-0.28945785760879517,0.2170501947402954,0.6775770783424377,-0.6288973689079285,-0.6071797013282776,-0.4815134108066559,-0.10192760080099106,-0.7791029214859009,-0.19158343970775604,-0.06279059499502182,-0.43103331327438354,0.4010109603404999,-0.2302122563123703,-0.0786384791135788,0.42250457406044006,-0.4463508129119873,0.11683791130781174,0.25083667039871216,0.04742177575826645,-0.5061507225036621,0.48073047399520874,-0.1094062551856041,0.14259332418441772,-0.11452885717153549,-0.057952914386987686,0.19111382961273193,0.3571344316005707,-0.4340834617614746,0.7196313738822937,0.6607969999313354,-0.5198234915733337,-0.4375177323818207,0.5139496922492981,0.3381451368331909,0.10169650614261627,-0.177558034658432,0.20685970783233643,0.6010422706604004,0.026006244122982025,0.46412578225135803,-0.08202097564935684,0.1251990795135498,0.250038743019104,-0.2534498870372772,0.9837659001350403,Peripheral,Peripheral,0.01959289884237891
77,0,0.0,0.0,0.0,0.0,0.0,0,0,0.0,1,0.0,0,-0.9845886926107883,0,0.0,0.0,0.0,0.0,7,5,2.0,0,0,2,5,0.2857142857142857,0.0,0.0,0.0,0.0,0.0,0.0,0.0,0.0,0.0,0.0,0.0,0.0,0.0,0.0,0.0,0.0,0.0,0.0,0.0,0.0,0.0,0.0,0.0,0.0,0.0,0.0,0.0,0.0,0.0,0.0,0.0,0.0,0.0,0.0,0.0,0.0,0.0,0.0,0.0,0.0,0.0,0.0,0.0,0.0,0.0,0.0,0.0,0.0,0.0,0.0,0.0,0.0,0.0,0.0,0.0,0.0,0.0,0.0,0.0,0.0,0.0,0.0,0.0,0.0,0.0,Peripheral,Peripheral,0.007621260792273254
78,5,0.01440922190201729,0.015055188906546097,0.23579461861047032,0.060054266131661385,0.3,3,1,0.5333333333333333,6,0.0,0,0.6563924617405256,1,0.25,0.020243881059916504,0.07252797551377009,-1.000088900581841e-12,15,7,2.2,2,12,1,0,0.2,0.2,0.3568343222141266,0.07082773745059967,-0.10733682662248611,0.3818008303642273,0.05678071454167366,-0.16829411685466766,0.26260823011398315,-0.11803357303142548,-0.331904798746109,0.42289701104164124,0.3080139756202698,-0.37632161378860474,-0.3232704699039459,-0.19579587876796722,0.7012880444526672,-0.0179000124335289,-0.07028969377279282,-0.19385340809822083,0.10936073958873749,-0.010394672863185406,0.3984875977039337,0.09885944426059723,-0.38057810068130493,-0.08026698231697083,-0.13294397294521332,0.20773465931415558,0.1660076230764389,0.08139326423406601,-0.04917144030332565,-0.31025832891464233,0.33717459440231323,0.21062184870243073,-0.5109328627586365,-0.16068148612976074,-0.1395014375448227,-0.18633049726486206,0.13154470920562744,-0.43011951446533203,-0.25043514370918274,0.30766215920448303,-0.278967022895813,-0.12229365855455399,0.16495150327682495,0.14217454195022583,0.11875946819782257,0.4492475092411041,-0.4244651198387146,0.12363196164369583,0.17183221876621246,-0.02307352051138878,-0.3671605587005615,0.2854233682155609,-0.08686535060405731,0.3075959384441376,0.22668048739433289,-0.2514277398586273,0.21126550436019897,0.16763836145401,0.20374418795108795,0.3364533483982086,0.16338032484054565,0.28237324953079224,0.07662809640169144,0.43530938029289246,Broker,Peripheral,0.026689653402868652
79,0,0.0,0.0,0.0,0.0,0.0,0,0,0.0,1,0.0,0,-0.9845886926107883,0,0.0,0.0,0.0,0.0,7,5,2.0,0,0,2,5,0.14285714285714285,0.0,0.0,0.0,0.0,0.0,0.0,0.0,0.0,0.0,0.0,0.0,0.0,0.0,0.0,0.0,0.0,0.0,0.0,0.0,0.0,0.0,0.0,0.0,0.0,0.0,0.0,0.0,0.0,0.0,0.0,0.0,0.0,0.0,0.0,0.0,0.0,0.0,0.0,0.0,0.0,0.0,0.0,0.0,0.0,0.0,0.0,0.0,0.0,0.0,0.0,0.0,0.0,0.0,0.0,0.0,0.0,0.0,0.0,0.0,0.0,0.0,0.0,0.0,0.0,0.0,Peripheral,Peripheral,0.007621260792273254
80,5,0.01440922190201729,0.02526267847006519,0.22797625898811863,0.031029687009638377,0.1,2,1,0.4,6,0.3599999999999999,1,0.3281962308702628,2,0.5,0.024097720206968785,0.03369863546869675,0.5004024235361879,15,10,2.6,2,8,3,2,0.13333333333333333,0.4,0.31280601024627686,0.18132828176021576,-0.04685791954398155,-0.03964122757315636,-0.057696886360645294,0.1603686660528183,0.15382376313209534,-0.12730757892131805,-0.2527601718902588,0.10621967166662216,0.14085102081298828,-0.43228065967559814,-0.29065272212028503,0.10503961145877838,0.707613468170166,0.15967652201652527,0.022838562726974487,0.09221626073122025,0.20618166029453278,-0.3022037446498871,0.05019383504986763,0.026733383536338806,-0.04916704446077347,-0.25491344928741455,-0.22956079244613647,0.147122323513031,0.26523131132125854,0.6900906562805176,-0.3176558017730713,0.02893761731684208,0.6014535427093506,-0.2700943052768707,-0.14977198839187622,0.014968134462833405,0.15859495103359222,0.039666417986154556,-0.20238551497459412,-0.19638553261756897,-0.04607786610722542,0.04151738062500954,-0.09412265568971634,-0.18390637636184692,0.2378104031085968,0.2603693902492523,0.6240581274032593,-0.0015202179783955216,-0.4394083023071289,0.5760745406150818,0.3534577488899231,0.058890193700790405,-0.3282072842121124,0.2611583173274994,0.46619781851768494,0.20167367160320282,0.2770729959011078,-0.013851003721356392,0.6515802145004272,0.030248038470745087,-0.174452543258667,0.6516503095626831,-0.20476362109184265,0.3083086907863617,-0.4839300811290741,0.6603821516036987,Enabler,Broker,0.39273166377184815
81,1,0.002881844380403458,0.0,0.1578937868879089,0.000686264857328369,0.0,1,1,1.0,2,0.0,0,-0.6563924617405256,1,0.25,0.005366192984199543,0.014179057160336442,-1.000088900581841e-12,7,4,2.0,0,0,1,6,0.2857142857142857,0.0,-0.2999633550643921,0.10757892578840256,-0.6528560519218445,0.7615492939949036,-0.3359319567680359,-0.3859526216983795,0.15795813500881195,-0.033140696585178375,-0.3635251224040985,0.7585400342941284,0.14755366742610931,-0.3853723406791687,-0.12222034484148026,0.13806751370429993,0.5288516283035278,0.2872980237007141,-0.4928075671195984,-0.15261760354042053,0.045531801879405975,0.13711762428283691,0.39477115869522095,0.1554158478975296,-0.5156169533729553,-0.875106930732727,-0.04754411056637764,0.0756402388215065,0.6741875410079956,0.5806178450584412,0.35138776898384094,-0.18694832921028137,0.5250875353813171,0.28815799951553345,0.08161550760269165,0.05095553398132324,0.11365040391683578,0.3782764971256256,0.10229390859603882,-0.16446493566036224,0.3211173117160797,0.18360675871372223,0.013105664402246475,0.1667289286851883,0.282007098197937,-0.2688015103340149,0.30320119857788086,0.3210439383983612,0.17254064977169037,-0.026302682235836983,0.4159519672393799,0.15814386308193207,-0.07410013675689697,0.6787682175636292,0.4789327383041382,0.5937132239341736,-0.3814343512058258,-0.0866219699382782,0.14497491717338562,0.9458091259002686,0.48715734481811523,0.5929966568946838,-0.5059641599655151,0.5500653386116028,-0.2526057958602905,0.7556012868881226,Peripheral,Peripheral,0.01975387497142497
82,2,0.005763688760806916,0.002608652196365211,0.18895970997953368,0.0064100487876971105,0.0,1,1,0.6666666666666666,3,0.0,0,-0.3281962308702628,1,0.25,0.005366192984199543,0.005513553128269347,-1.000088900581841e-12,18,10,2.2777777777777777,3,8,3,4,0.1111111111111111,0.2777777777777778,0.4543156027793884,0.490801066160202,0.26763927936553955,0.15009838342666626,-0.2168838232755661,-0.392581969499588,0.22346916794776917,-0.04877951741218567,-0.8144203424453735,-0.015930326655507088,0.6423165798187256,-0.6745991706848145,-0.13662046194076538,-0.0255717970430851,0.6039609313011169,0.3234284520149231,0.08275534212589264,0.36002328991889954,-0.2597982883453369,0.09558074176311493,0.3945452868938446,0.8699465394020081,-0.2820436954498291,-0.37702685594558716,-0.24431633949279785,-0.763868510723114,-0.23989425599575043,-0.23892495036125183,-0.009663499891757965,-0.26484203338623047,0.5547968745231628,0.10752658545970917,-0.4968768060207367,-0.13247841596603394,-0.0746540054678917,-0.1040082648396492,0.45286157727241516,0.0929812341928482,0.18585070967674255,0.013853649608790874,-0.25841787457466125,0.15941393375396729,0.41249898076057434,-0.09049936383962631,0.17690333724021912,0.13564534485340118,0.1144479438662529,0.4297851324081421,0.03513338416814804,0.21263951063156128,-0.02290397882461548,0.47411784529685974,0.1446366310119629,0.44075751304626465,-0.37098443508148193,0.2583443224430084,0.1289447695016861,0.18329274654388428,-0.20717200636863708,0.6339567303657532,-0.08684204518795013,-0.23679058253765106,-0.11640623211860657,0.6261531710624695,Enabler,Peripheral,0.023659669828335318
83,0,0.0,0.0,0.0,0.0,0.0,0,0,0.0,1,0.0,0,-0.9845886926107883,0,0.0,0.0,0.0,0.0,5,4,1.6,0,0,0,5,0.0,0.0,0.0,0.0,0.0,0.0,0.0,0.0,0.0,0.0,0.0,0.0,0.0,0.0,0.0,0.0,0.0,0.0,0.0,0.0,0.0,0.0,0.0,0.0,0.0,0.0,0.0,0.0,0.0,0.0,0.0,0.0,0.0,0.0,0.0,0.0,0.0,0.0,0.0,0.0,0.0,0.0,0.0,0.0,0.0,0.0,0.0,0.0,0.0,0.0,0.0,0.0,0.0,0.0,0.0,0.0,0.0,0.0,0.0,0.0,0.0,0.0,0.0,0.0,0.0,0.0,Peripheral,Peripheral,0.005954109993963482
84,0,0.0,0.0,0.0,0.0,0.0,0,0,0.0,1,0.0,0,-0.9845886926107883,0,0.0,0.0,0.0,0.0,10,5,2.0,0,0,1,9,0.3,0.1,0.0,0.0,0.0,0.0,0.0,0.0,0.0,0.0,0.0,0.0,0.0,0.0,0.0,0.0,0.0,0.0,0.0,0.0,0.0,0.0,0.0,0.0,0.0,0.0,0.0,0.0,0.0,0.0,0.0,0.0,0.0,0.0,0.0,0.0,0.0,0.0,0.0,0.0,0.0,0.0,0.0,0.0,0.0,0.0,0.0,0.0,0.0,0.0,0.0,0.0,0.0,0.0,0.0,0.0,0.0,0.0,0.0,0.0,0.0,0.0,0.0,0.0,0.0,0.0,Peripheral,Peripheral,0.008335753991548874
85,2,0.005763688760806916,0.00011704428902210047,0.1601506064993295,0.002987667680614765,0.0,2,0,0.6666666666666666,3,0.0,0,-0.3281962308702628,1,0.25,0.0015258361893677056,0.0026642758384358553,-1.000088900581841e-12,6,6,1.8333333333333333,0,0,2,4,0.16666666666666666,0.0,0.6642179489135742,0.11078353226184845,0.2539122998714447,0.4490152895450592,-0.21799950301647186,-0.01761776953935623,0.2092544436454773,0.13060924410820007,-0.7501128911972046,0.2724190652370453,0.1845177412033081,-0.614467442035675,-0.6518945693969727,-0.16174748539924622,0.1460661143064499,0.23393353819847107,0.26660123467445374,0.23717184364795685,-0.13987010717391968,-0.15706868469715118,0.06516357511281967,0.3521660268306732,-0.3987973630428314,-0.026465315371751785,-0.33014342188835144,-0.4322151839733124,-0.7180318236351013,-0.25682511925697327,0.16234757006168365,-0.6935129761695862,0.9091000556945801,0.15437352657318115,-0.5246142745018005,0.16004280745983124,-0.3240059018135071,-0.1917908787727356,0.2295854538679123,-0.46559441089630127,-0.11455441266298294,0.15870487689971924,-0.24386097490787506,-0.2836103141307831,0.2145877182483673,-0.4326234459877014,0.09528263658285141,-0.09543557465076447,-0.1045222207903862,-0.3334820568561554,0.04634711146354675,0.4029284715652466,-0.05196477472782135,0.5891324281692505,0.6806402802467346,0.04916131868958473,-0.4305382966995239,0.20208947360515594,0.5058489441871643,-0.034783028066158295,0.16755595803260803,0.9353432059288025,-0.1348034143447876,-0.06652966141700745,-0.010298804379999638,0.8578282594680786,Peripheral,Peripheral,0.019000324477455335
86,0,0.0,0.0,0.0,0.0,0.0,0,0,0.0,1,0.0,0,-0.9845886926107883,0,0.0,0.0,0.0,0.0,3,2,1.6666666666666667,0,0,0,3,0.3333333333333333,0.0,0.0,0.0,0.0,0.0,0.0,0.0,0.0,0.0,0.0,0.0,0.0,0.0,0.0,0.0,0.0,0.0,0.0,0.0,0.0,0.0,0.0,0.0,0.0,0.0,0.0,0.0,0.0,0.0,0.0,0.0,0.0,0.0,0.0,0.0,0.0,0.0,0.0,0.0,0.0,0.0,0.0,0.0,0.0,0.0,0.0,0.0,0.0,0.0,0.0,0.0,0.0,0.0,0.0,0.0,0.0,0.0,0.0,0.0,0.0,0.0,0.0,0.0,0.0,0.0,Peripheral,Peripheral,0.005676251527578518
87,0,0.0,0.0,0.0,0.0,0.0,0,0,0.0,1,0.0,0,-0.9845886926107883,0,0.0,0.0,0.0,0.0,11,7,2.4545454545454546,0,0,3,8,0.45454545454545453,0.18181818181818182,0.0,0.0,0.0,0.0,0.0,0.0,0.0,0.0,0.0,0.0,0.0,0.0,0.0,0.0,0.0,0.0,0.0,0.0,0.0,0.0,0.0,0.0,0.0,0.0,0.0,0.0,0.0,0.0,0.0,0.0,0.0,0.0,0.0,0.0,0.0,0.0,0.0,0.0,0.0,0.0,0.0,0.0,0.0,0.0,0.0,0.0,0.0,0.0,0.0,0.0,0.0,0.0,0.0,0.0,0.0,0.0,0.0,0.0,0.0,0.0,0.0,0.0,0.0,0.0,Peripheral,Peripheral,0.009927125208117294
88,5,0.01440922190201729,0.0067486240236464155,0.22695010928524637,0.03803173816442155,0.2,3,0,0.4666666666666667,6,0.0,0,0.6563924617405256,1,0.25,0.004921634918444509,0.03358912550154099,-1.000088900581841e-12,14,9,2.0714285714285716,0,5,4,5,0.2857142857142857,0.07142857142857142,0.1843670904636383,0.08191865682601929,0.10211019963026047,0.40456366539001465,-0.01134420745074749,-0.08561743050813675,0.2092449814081192,-0.24647055566310883,0.02929602935910225,0.31731486320495605,0.020779341459274292,-0.431503027677536,-0.4647551476955414,0.18561804294586182,0.6827768683433533,0.2766830325126648,-0.04182565212249756,0.1205301433801651,0.10174033045768738,-0.315669983625412,0.32828792929649353,0.06236282363533974,-0.07872874289751053,-0.04218792915344238,-0.021559515967965126,-0.008016450330615044,0.14279411733150482,0.40946829319000244,0.0007626422448083758,-0.27446261048316956,0.49826234579086304,0.09263207763433456,-0.508567750453949,0.3072207272052765,-0.3447994589805603,-0.3241969048976898,-0.21512442827224731,-0.21995118260383606,-0.004240639507770538,0.07617110013961792,0.2905631363391876,-0.04708732292056084,-0.15772314369678497,0.02667021006345749,0.20800335705280304,-0.10998640954494476,-0.2597966194152832,0.20007041096687317,0.15694409608840942,0.050275105983018875,-0.3677498400211334,0.31435975432395935,0.2307736873626709,0.17767104506492615,0.1408616453409195,0.2049737274646759,0.6332333087921143,0.24349863827228546,-0.2792391777038574,0.5463283658027649,0.03853171318769455,0.27141085267066956,-0.3484486937522888,0.7603883147239685,Enabler,Peripheral,0.023878847913213007
89,5,0.01440922190201729,0.011673841192543288,0.2370881627564525,0.05469917220745914,0.0,3,0,0.3333333333333333,6,0.0,0,0.6563924617405256,1,0.25,0.015714778104466108,0.07119645811660431,-1.000088900581841e-12,8,4,3.0,2,6,0,0,0.25,0.375,0.36405128240585327,0.07549583166837692,0.19067279994487762,0.2409442812204361,0.1765139102935791,-0.28332316875457764,-0.18320885300636292,-0.30721843242645264,-0.05430002883076668,0.14888489246368408,0.11433476954698563,-0.2192510962486267,-0.4162334203720093,0.08109898120164871,0.26094919443130493,0.09794007986783981,0.12918706238269806,-0.16515541076660156,0.2733396887779236,-0.09602872282266617,0.21678534150123596,0.15174105763435364,-0.12206002324819565,-0.31217432022094727,-0.06327395886182785,-0.1695447415113449,-0.26046326756477356,0.20116785168647766,-0.21348710358142853,-0.5210239887237549,0.7630828619003296,0.1865079402923584,-0.4266204237937927,0.07932538539171219,-0.24164237082004547,0.2958582043647766,0.001991548575460911,-0.20480556786060333,-0.3179612457752228,0.24887682497501373,-0.16042089462280273,-0.1751701682806015,0.05073358491063118,-0.170352041721344,0.3445245623588562,-0.0622313916683197,-0.18663880228996277,-0.14181537926197052,0.05068928748369217,-0.0739252120256424,-0.3078433573246002,0.3252101540565491,0.30548426508903503,0.22256365418434143,-0.1596461832523346,-0.10053250193595886,0.3114682137966156,0.41457250714302063,0.2508624792098999,0.6177529692649841,0.23124809563159943,0.13078315556049347,-0.10695324093103409,0.5337764620780945,Broker,Peripheral,0.026745672398494093
90,3,0.008645533141210374,0.003140517921949476,0.23451511292808794,0.04954460448195297,0.0,2,0,0.5,4,0.0,0,0.0,1,0.25,0.006495622115657074,0.1139162372131494,-1.000088900581841e-12,11,9,2.6363636363636362,3,4,4,0,0.2727272727272727,0.2727272727272727,0.030126400291919708,0.04823306202888489,-0.09090966731309891,0.3053375482559204,0.283557265996933,-0.2886858284473419,0.053767524659633636,-0.039971813559532166,0.02954431064426899,0.11599475145339966,0.2842581868171692,-0.14530998468399048,-0.36192959547042847,-0.05479324609041214,0.4612378776073456,0.2109726071357727,-0.07787897437810898,-0.0381539985537529,0.3028576076030731,-0.277747243642807,0.4695696234703064,0.01111852377653122,-0.4909599721431732,-0.12674817442893982,-0.1564783900976181,-0.017392251640558243,0.10675273835659027,-0.05981721356511116,-0.1548856943845749,-0.026157647371292114,0.3377454876899719,0.15033717453479767,-0.23601076006889343,-0.2626906633377075,-0.22749948501586914,0.3115483522415161,0.24602606892585754,-0.00042653619311749935,-0.20312002301216125,-0.01728496514260769,0.14766229689121246,-0.033743567764759064,-0.0939183458685875,0.11741472780704498,0.2748122811317444,0.037194591015577316,-0.21699391305446625,0.3396376967430115,0.09433721750974655,-0.047629695385694504,-0.4593192934989929,0.3813137412071228,0.2776997983455658,0.23644067347049713,-0.0938052088022232,-0.044833261519670486,0.3426596522331238,0.2934035360813141,-0.012164322659373283,0.8462592363357544,0.13775627315044403,-0.09087793529033661,0.25112104415893555,0.6491445302963257,Broker,Peripheral,0.025193021881390592
91,0,0.0,0.0,0.0,0.0,0.0,0,0,0.0,1,0.0,0,-0.9845886926107883,0,0.0,0.0,0.0,0.0,3,3,1.6666666666666667,0,0,0,3,0.3333333333333333,0.0,0.0,0.0,0.0,0.0,0.0,0.0,0.0,0.0,0.0,0.0,0.0,0.0,0.0,0.0,0.0,0.0,0.0,0.0,0.0,0.0,0.0,0.0,0.0,0.0,0.0,0.0,0.0,0.0,0.0,0.0,0.0,0.0,0.0,0.0,0.0,0.0,0.0,0.0,0.0,0.0,0.0,0.0,0.0,0.0,0.0,0.0,0.0,0.0,0.0,0.0,0.0,0.0,0.0,0.0,0.0,0.0,0.0,0.0,0.0,0.0,0.0,0.0,0.0,0.0,Peripheral,Peripheral,0.005676251527578518
92,0,0.0,0.0,0.0,0.0,0.0,0,0,0.0,1,0.0,0,-0.9845886926107883,0,0.0,0.0,0.0,0.0,6,2,1.8333333333333333,0,0,0,6,0.3333333333333333,0.0,0.0,0.0,0.0,0.0,0.0,0.0,0.0,0.0,0.0,0.0,0.0,0.0,0.0,0.0,0.0,0.0,0.0,0.0,0.0,0.0,0.0,0.0,0.0,0.0,0.0,0.0,0.0,0.0,0.0,0.0,0.0,0.0,0.0,0.0,0.0,0.0,0.0,0.0,0.0,0.0,0.0,0.0,0.0,0.0,0.0,0.0,0.0,0.0,0.0,0.0,0.0,0.0,0.0,0.0,0.0,0.0,0.0,0.0,0.0,0.0,0.0,0.0,0.0,0.0,Peripheral,Peripheral,0.006886920559684426
93,0,0.0,0.0,0.0,0.0,0.0,0,0,0.0,1,0.0,0,-0.9845886926107883,0,0.0,0.0,0.0,0.0,10,6,2.0,0,0,2,8,0.2,0.1,0.0,0.0,0.0,0.0,0.0,0.0,0.0,0.0,0.0,0.0,0.0,0.0,0.0,0.0,0.0,0.0,0.0,0.0,0.0,0.0,0.0,0.0,0.0,0.0,0.0,0.0,0.0,0.0,0.0,0.0,0.0,0.0,0.0,0.0,0.0,0.0,0.0,0.0,0.0,0.0,0.0,0.0,0.0,0.0,0.0,0.0,0.0,0.0,0.0,0.0,0.0,0.0,0.0,0.0,0.0,0.0,0.0,0.0,0.0,0.0,0.0,0.0,0.0,0.0,Peripheral,Peripheral,0.008335753991548874
94,0,0.0,0.0,0.0,0.0,0.0,0,0,0.0,1,0.0,0,-0.9845886926107883,0,0.0,0.0,0.0,0.0,6,4,2.0,0,0,1,5,0.3333333333333333,0.0,0.0,0.0,0.0,0.0,0.0,0.0,0.0,0.0,0.0,0.0,0.0,0.0,0.0,0.0,0.0,0.0,0.0,0.0,0.0,0.0,0.0,0.0,0.0,0.0,0.0,0.0,0.0,0.0,0.0,0.0,0.0,0.0,0.0,0.0,0.0,0.0,0.0,0.0,0.0,0.0,0.0,0.0,0.0,0.0,0.0,0.0,0.0,0.0,0.0,0.0,0.0,0.0,0.0,0.0,0.0,0.0,0.0,0.0,0.0,0.0,0.0,0.0,0.0,0.0,Peripheral,Peripheral,0.007383096392514716
95,3,0.008645533141210374,0.008498167613399743,0.18955168902082292,0.006642136625600721,0.0,2,1,0.5,4,0.0,0,0.0,1,0.25,0.01855463358618481,0.005232958411075537,-1.000088900581841e-12,15,11,2.2666666666666666,2,5,4,4,0.26666666666666666,0.13333333333333333,-0.18554718792438507,0.3639311194419861,0.10193604230880737,0.6006921529769897,0.3648475110530853,-0.1059575304389,0.36292436718940735,-0.25389790534973145,-0.14491328597068787,0.29841798543930054,-0.4630662798881531,-0.5780043601989746,-0.4724593460559845,0.06123042479157448,0.388045996427536,0.21535667777061462,-0.4596824645996094,0.019368484616279602,0.5121258497238159,-0.3534359633922577,0.1753784865140915,0.3920084238052368,-0.5163453817367554,-0.5162493586540222,0.0721479281783104,0.06336072087287903,-0.24379560351371765,-0.3356093764305115,0.3063013255596161,-0.41552987694740295,0.3856726884841919,-0.12429989129304886,-0.5811418294906616,0.8435782194137573,-0.32515397667884827,0.1251184642314911,-0.039289843291044235,-0.14662021398544312,-0.07099007070064545,0.4703493118286133,-0.061501916497945786,0.18707334995269775,-0.05180998146533966,-0.08491712808609009,-0.16915014386177063,-0.05780535563826561,-0.48723599314689636,0.31892165541648865,0.5310578942298889,-0.19552604854106903,-0.508461594581604,0.42237240076065063,0.4564846456050873,0.23068101704120636,0.007252395153045654,0.2797013223171234,0.8330673575401306,-0.34156593680381775,0.21853888034820557,0.32138028740882874,0.24012218415737152,-0.03298800066113472,-0.20192569494247437,0.9963686466217041,Enabler,Peripheral,0.023815107679533914
96,0,0.0,0.0,0.0,0.0,0.0,0,0,0.0,1,0.0,0,-0.9845886926107883,0,0.0,0.0,0.0,0.0,5,4,2.0,0,0,1,4,0.2,0.2,0.0,0.0,0.0,0.0,0.0,0.0,0.0,0.0,0.0,0.0,0.0,0.0,0.0,0.0,0.0,0.0,0.0,0.0,0.0,0.0,0.0,0.0,0.0,0.0,0.0,0.0,0.0,0.0,0.0,0.0,0.0,0.0,0.0,0.0,0.0,0.0,0.0,0.0,0.0,0.0,0.0,0.0,0.0,0.0,0.0,0.0,0.0,0.0,0.0,0.0,0.0,0.0,0.0,0.0,0.0,0.0,0.0,0.0,0.0,0.0,0.0,0.0,0.0,0.0,Peripheral,Peripheral,0.007144931992756178
97,0,0.0,0.0,0.0,0.0,0.0,0,0,0.0,1,0.0,0,-0.9845886926107883,0,0.0,0.0,0.0,0.0,3,3,2.6666666666666665,0,0,1,2,0.6666666666666666,0.0,0.0,0.0,0.0,0.0,0.0,0.0,0.0,0.0,0.0,0.0,0.0,0.0,0.0,0.0,0.0,0.0,0.0,0.0,0.0,0.0,0.0,0.0,0.0,0.0,0.0,0.0,0.0,0.0,0.0,0.0,0.0,0.0,0.0,0.0,0.0,0.0,0.0,0.0,0.0,0.0,0.0,0.0,0.0,0.0,0.0,0.0,0.0,0.0,0.0,0.0,0.0,0.0,0.0,0.0,0.0,0.0,0.0,0.0,0.0,0.0,0.0,0.0,0.0,0.0,Peripheral,Peripheral,0.008653306524560258
98,5,0.01440922190201729,0.011027106256538695,0.23634726224783859,0.055616023894661595,0.1,3,1,0.4,6,0.0,0,0.6563924617405256,1,0.25,0.0163294706622477,0.07286918827988073,-1.000088900581841e-12,8,5,2.5,1,7,0,0,0.375,0.125,0.29691430926322937,0.2797392010688782,-0.028822405263781548,0.1604958027601242,-0.12005354464054108,-0.36035066843032837,0.24093279242515564,0.08953729271888733,-0.589907705783844,0.22742889821529388,0.15966156125068665,-0.6151707172393799,-0.16393832862377167,-0.17898765206336975,0.3461282253265381,0.18292109668254852,0.09199389815330505,0.27308258414268494,-0.11444813013076782,-0.09341730922460556,0.2495119869709015,0.3611220717430115,-0.35765576362609863,-0.1032952070236206,-0.004325754940509796,-0.4516909122467041,-0.2282416969537735,0.026051979511976242,0.14993934333324432,-0.47068965435028076,0.6441706418991089,0.13647447526454926,-0.6174484491348267,-0.08788307756185532,0.053166307508945465,-0.034433819353580475,0.3514535427093506,-0.019309667870402336,-0.04575926810503006,0.1424112170934677,-0.07480105757713318,-0.13041718304157257,0.29553940892219543,0.03676418215036392,0.36099979281425476,0.10940796881914139,0.011170503683388233,0.3051852881908417,0.07682089507579803,0.16413967311382294,0.006371319759637117,0.4357345998287201,0.16648049652576447,0.17043247818946838,-0.25597846508026123,0.18534047901630402,0.028826110064983368,0.013031997717916965,-0.0924583226442337,0.5269885659217834,-0.1400814950466156,-0.15268075466156006,0.10675730556249619,0.6678789854049683,Broker,Peripheral,0.02527656809761134
99,0,0.0,0.0,0.0,0.0,0.0,0,0,0.0,1,0.0,0,-0.9845886926107883,0,0.0,0.0,0.0,0.0,7,6,2.4285714285714284,0,0,2,5,0.2857142857142857,0.14285714285714285,0.0,0.0,0.0,0.0,0.0,0.0,0.0,0.0,0.0,0.0,0.0,0.0,0.0,0.0,0.0,0.0,0.0,0.0,0.0,0.0,0.0,0.0,0.0,0.0,0.0,0.0,0.0,0.0,0.0,0.0,0.0,0.0,0.0,0.0,0.0,0.0,0.0,0.0,0.0,0.0,0.0,0.0,0.0,0.0,0.0,0.0,0.0,0.0,0.0,0.0,0.0,0.0,0.0,0.0,0.0,0.0,0.0,0.0,0.0,0.0,0.0,0.0,0.0,0.0,Peripheral,Peripheral,0.008897141505265431
100,1,0.002881844380403458,0.0,0.15863895945319006,0.001446218587060685,0.0,1,1,1.0,2,0.0,0,-0.6563924617405256,1,0.25,0.005366192984199543,0.005366738296324677,-1.000088900581841e-12,3,2,2.0,0,0,0,3,0.3333333333333333,0.0,-0.29529857635498047,0.4242646396160126,-0.07635746896266937,0.7293968796730042,-0.04138597846031189,-0.461513489484787,0.22225233912467957,0.30078646540641785,-0.11655784398317337,0.573482871055603,0.32798829674720764,-1.1163973808288574,-0.08756779879331589,-0.03145763650536537,0.7230209112167358,0.23109948635101318,0.09217953681945801,0.30745306611061096,0.13958975672721863,-0.02246600016951561,0.5623146891593933,0.1565476655960083,-0.16236338019371033,-0.34838664531707764,0.45414242148399353,-0.3794362246990204,-0.2738756239414215,0.3816976845264435,-0.552503764629364,-0.28662431240081787,0.3553483486175537,0.27890971302986145,0.07526220381259918,-0.36436888575553894,-0.41616538166999817,0.2562907636165619,-0.0999528095126152,-0.08536333590745926,-0.4043326675891876,0.37152189016342163,-0.47109469771385193,-0.11726925522089005,0.5696563124656677,0.6012967228889465,-0.2397429198026657,-0.3280397355556488,-0.34793126583099365,0.3654244542121887,0.33937713503837585,-0.06248083710670471,-0.37670543789863586,-0.11899327486753464,0.6827981472015381,0.17722120881080627,-0.434469074010849,0.2379138022661209,-0.0080795893445611,0.16210323572158813,0.5429263710975647,0.4278951585292816,0.011636517941951752,0.20593294501304626,0.060555461794137955,0.5783542394638062,Peripheral,Peripheral,0.018837416157168003
101,1,0.002881844380403458,0.0,0.1875539340838397,0.003828116348034406,0.0,1,1,1.0,2,0.0,0,-0.6563924617405256,1,0.25,0.0,0.014544442875435788,-1.000088900581841e-12,7,4,1.8571428571428572,0,0,2,5,0.0,0.14285714285714285,0.31298917531967163,-0.03347280994057655,-0.3831206262111664,0.7243192791938782,0.018971800804138184,-0.31700819730758667,0.26825520396232605,-0.07864592969417572,-0.5235334634780884,0.24021311104297638,0.31856122612953186,-0.3264058530330658,-0.5589403510093689,-0.4213923215866089,0.4113255441188812,-0.15314479172229767,-0.545127272605896,-0.3002108931541443,-0.020237790420651436,0.1371874064207077,-0.26243695616722107,0.3500732481479645,-0.4102835953235626,-0.15263819694519043,-0.21293015778064728,0.26258084177970886,0.0812549889087677,0.0652855932712555,0.3354058861732483,-0.10594914108514786,0.4003356695175171,0.239072784781456,-0.7048982381820679,-0.3371416926383972,-0.013700593262910843,0.09595653414726257,0.1771797388792038,-0.1883808672428131,-0.3855436146259308,0.14238697290420532,-0.3310723304748535,-0.3280484974384308,0.4284264147281647,0.2959633767604828,0.05127613991498947,0.986381471157074,-0.43530306220054626,0.11028008162975311,0.2877565622329712,-0.35888493061065674,-0.412716805934906,0.2677096128463745,-0.0020526337902992964,0.3749435245990753,0.06892755627632141,-0.15535791218280792,0.022787589579820633,0.3426371216773987,-0.08992590755224228,0.4672624170780182,0.4411967694759369,0.2552528977394104,-0.1734112650156021,0.39387354254722595,Peripheral,Peripheral,0.019286531415649916
102,0,0.0,0.0,0.0,0.0,0.0,0,0,0.0,1,0.0,0,-0.9845886926107883,0,0.0,0.0,0.0,0.0,10,4,1.9,0,0,1,9,0.3,0.0,0.0,0.0,0.0,0.0,0.0,0.0,0.0,0.0,0.0,0.0,0.0,0.0,0.0,0.0,0.0,0.0,0.0,0.0,0.0,0.0,0.0,0.0,0.0,0.0,0.0,0.0,0.0,0.0,0.0,0.0,0.0,0.0,0.0,0.0,0.0,0.0,0.0,0.0,0.0,0.0,0.0,0.0,0.0,0.0,0.0,0.0,0.0,0.0,0.0,0.0,0.0,0.0,0.0,0.0,0.0,0.0,0.0,0.0,0.0,0.0,0.0,0.0,0.0,0.0,Peripheral,Peripheral,0.008038048491850698
103,0,0.0,0.0,0.0,0.0,0.0,0,0,0.0,1,0.0,0,-0.9845886926107883,0,0.0,0.0,0.0,0.0,7,3,1.8571428571428572,0,0,0,7,0.14285714285714285,0.14285714285714285,0.0,0.0,0.0,0.0,0.0,0.0,0.0,0.0,0.0,0.0,0.0,0.0,0.0,0.0,0.0,0.0,0.0,0.0,0.0,0.0,0.0,0.0,0.0,0.0,0.0,0.0,0.0,0.0,0.0,0.0,0.0,0.0,0.0,0.0,0.0,0.0,0.0,0.0,0.0,0.0,0.0,0.0,0.0,0.0,0.0,0.0,0.0,0.0,0.0,0.0,0.0,0.0,0.0,0.0,0.0,0.0,0.0,0.0,0.0,0.0,0.0,0.0,0.0,0.0,Peripheral,Peripheral,0.007195967221275863
104,3,0.008645533141210374,0.002666622245173327,0.18978952050014644,0.006903597470239849,0.0,2,1,0.5,4,0.0,0,0.0,1,0.25,0.005366192984199543,0.0056219502946772285,-1.000088900581841e-12,11,8,2.727272727272727,1,5,4,1,0.36363636363636365,0.2727272727272727,0.29812461137771606,0.13131804764270782,0.20844590663909912,0.5850639343261719,0.23573757708072662,-0.3563903272151947,0.040091484785079956,-0.32384032011032104,0.15033385157585144,0.4494900405406952,0.4790739119052887,-0.6451303958892822,-0.4580748379230499,-0.37190327048301697,0.712411105632782,0.33772531151771545,-0.1999974399805069,0.6386006474494934,-0.06665027141571045,-0.4647994041442871,0.5376027822494507,-0.022784050554037094,-0.5616650581359863,-0.18199512362480164,-0.11677595973014832,-0.12401588261127472,0.17590369284152985,0.62336665391922,-0.5747241973876953,-0.359042227268219,0.41775140166282654,0.1886235475540161,-0.06856554001569748,-0.14732635021209717,-0.043676286935806274,-0.09601372480392456,0.21151770651340485,0.20834597945213318,-0.3928689956665039,0.4798803925514221,-0.07097522914409637,-0.21333745121955872,0.07493916898965836,0.4101037383079529,-0.2266027331352234,0.16470195353031158,-0.5007632970809937,0.19758324325084686,0.05180351436138153,0.056590497493743896,-0.4067838191986084,0.12168722599744797,0.539760172367096,0.3429311513900757,-0.18897774815559387,0.2140580415725708,0.06728377193212509,0.2914343476295471,0.5741150379180908,0.2779248356819153,-0.1585109978914261,-0.2865738868713379,-0.4378076195716858,0.043470557779073715,Enabler,Peripheral,0.023358341281246926
105,2,0.005763688760806916,0.002608652196365211,0.1891960573341047,0.0058649676826153935,0.0,1,1,0.6666666666666666,3,0.0,0,-0.3281962308702628,1,0.25,0.010699261320348472,0.022482395206920868,-1.000088900581841e-12,16,10,2.625,1,8,4,3,0.1875,0.3125,-0.050308119505643845,0.143440380692482,-0.19066664576530457,0.33021658658981323,-0.43199068307876587,-0.29847604036331177,0.2872632145881653,-0.21784530580043793,-0.3285747170448303,0.8219231367111206,-0.18189656734466553,-0.22024264931678772,-0.3564719557762146,-0.3458949029445648,0.502846360206604,-0.1520703136920929,-0.3934493660926819,0.3739898204803467,-0.11092208325862885,-0.07315470278263092,0.2708792984485626,0.6198652386665344,-0.6200129985809326,-0.5806137919425964,0.1464499533176422,-0.0032157357782125473,0.2891997992992401,0.2940627634525299,0.04936199635267258,-0.3494126498699188,0.07720136642456055,0.3757590055465698,0.2553601562976837,0.011544947512447834,0.06169700250029564,0.5619257688522339,0.1890144944190979,0.10320407897233963,0.2349536269903183,0.5178290605545044,-0.00857628509402275,-0.020304882898926735,0.13987602293491364,-0.045761026442050934,0.801918625831604,0.2788568437099457,0.16860997676849365,-0.3918868601322174,-0.0385122187435627,0.19154953956604004,-0.5737743973731995,0.5961024761199951,0.6285023093223572,0.14928892254829407,-0.14829760789871216,-0.27982619404792786,0.7242504954338074,0.45818278193473816,0.23864677548408508,0.49747738242149353,-0.3004176616668701,0.6546453833580017,-0.03947898745536804,0.6181626915931702,Enabler,Peripheral,0.02438159895057824
106,0,0.0,0.0,0.0,0.0,0.0,0,0,0.0,1,0.0,0,-0.9845886926107883,0,0.0,0.0,0.0,0.0,5,1,2.4,0,0,0,5,0.4,0.2,0.0,0.0,0.0,0.0,0.0,0.0,0.0,0.0,0.0,0.0,0.0,0.0,0.0,0.0,0.0,0.0,0.0,0.0,0.0,0.0,0.0,0.0,0.0,0.0,0.0,0.0,0.0,0.0,0.0,0.0,0.0,0.0,0.0,0.0,0.0,0.0,0.0,0.0,0.0,0.0,0.0,0.0,0.0,0.0,0.0,0.0,0.0,0.0,0.0,0.0,0.0,0.0,0.0,0.0,0.0,0.0,0.0,0.0,0.0,0.0,0.0,0.0,0.0,0.0,Peripheral,Peripheral,0.008335753991548874
107,2,0.005763688760806916,0.011941830054471855,0.1891960573341047,0.0058649676826153935,0.0,1,1,0.6666666666666666,3,0.0,0,-0.3281962308702628,1,0.25,0.010699261320348472,0.022482395206920868,-1.000088900581841e-12,10,6,2.4,0,6,2,2,0.4,0.1,0.38116544485092163,0.2972661554813385,-0.3791719675064087,0.21705447137355804,-0.14163383841514587,-0.5618947744369507,-0.04910854250192642,-0.12559504806995392,-0.3846880793571472,0.6928475499153137,0.019304756075143814,0.17347115278244019,-0.5749081373214722,-0.15053005516529083,0.43512389063835144,-0.23982885479927063,-0.5572786331176758,0.21316596865653992,-0.020996708422899246,-0.06498495489358902,0.3643375039100647,0.4350099563598633,-0.7223383188247681,-0.5676745176315308,-0.010603180155158043,-0.11935178935527802,0.4762021005153656,0.1462702453136444,0.1642032116651535,-0.6500387787818909,0.30687376856803894,0.3441523015499115,0.04424804076552391,0.350911021232605,0.26358625292778015,0.31331321597099304,-0.11541300266981125,0.3066410720348358,0.567877471446991,0.1389293372631073,0.08926866948604584,0.05277872085571289,0.5604255795478821,0.24520720541477203,0.301290363073349,0.07522311806678772,0.3575585186481476,0.2462189644575119,-0.09650804102420807,-0.09150756150484085,-0.5470138192176819,0.47715726494789124,0.6127243041992188,0.4752601981163025,0.0119319511577487,-0.3103393018245697,0.32834747433662415,0.510145366191864,0.22086213529109955,0.5923545956611633,-0.15863411128520966,0.6510193347930908,-0.054365742951631546,0.7407156825065613,Enabler,Peripheral,0.02294962438843081
108,3,0.008645533141210374,0.008590919691492728,0.19062665134041173,0.0062093199449298735,0.0,2,1,0.5,4,0.0,0,0.0,1,0.25,0.016159031435291002,0.006959600693862013,-1.000088900581841e-12,11,9,2.3636363636363638,2,3,1,5,0.18181818181818182,0.18181818181818182,-0.04062580317258835,0.1735069453716278,0.06857611238956451,0.5041463971138,0.6839767098426819,-0.1624787151813507,0.2116590291261673,-0.694729208946228,-0.2823062837123871,0.18176740407943726,-0.2800063490867615,-0.41076451539993286,-0.1653212159872055,0.28896015882492065,0.3170583248138428,0.47273701429367065,-0.3485015332698822,0.05908943712711334,0.3335115313529968,-0.23732149600982666,0.026231832802295685,0.6665276885032654,-0.4519764184951782,-0.5411377549171448,-0.2380637526512146,0.02514776960015297,-0.46404650807380676,-0.31132829189300537,-0.021609293296933174,-0.4879882335662842,0.5541778206825256,-0.28192707896232605,-0.10569071769714355,0.28975293040275574,-0.3184340298175812,0.13549365103244781,0.1746964007616043,0.23112274706363678,-0.47888126969337463,0.5610726475715637,-0.01870080828666687,0.06266389042139053,-0.05696401372551918,-0.08575664460659027,0.13135184347629547,0.29731470346450806,-0.15899644792079926,0.46839895844459534,0.6240665316581726,-0.3371622562408447,-0.6565049290657043,0.3668348789215088,0.28136035799980164,-0.04472748190164566,0.011042275466024876,0.09052136540412903,0.5338592529296875,0.1486816257238388,0.40301626920700073,0.04154764488339424,0.08792524039745331,0.19181296229362488,-0.22685419023036957,1.0445725917816162,Enabler,Peripheral,0.023051562897080137
109,4,0.011527377521613832,0.014544442875435788,0.23451511292808794,0.033649839555934924,0.16666666666666666,2,1,0.5,5,0.0,0,0.3281962308702628,1,0.25,0.01721453229048092,0.05296504066083405,-1.000088900581841e-12,14,8,2.2857142857142856,1,5,7,1,0.14285714285714285,0.14285714285714285,0.21677885949611664,-0.017723001539707184,-0.22158850729465485,0.6884648203849792,0.062474291771650314,-0.32875949144363403,0.3511483669281006,-0.21525488793849945,-0.4761199951171875,0.20739741623401642,0.3129288852214813,-0.4455803334712982,-0.4707075357437134,-0.4369611144065857,0.38935303688049316,-0.09760209172964096,-0.37337401509284973,-0.2978097200393677,-0.013842042535543442,0.17198088765144348,-0.015810446813702583,0.12117493152618408,-0.421905517578125,-0.1649947613477707,-0.11354177445173264,0.16954725980758667,0.11707291752099991,0.06761835515499115,0.13188177347183228,-0.04296984523534775,0.5057699680328369,0.305521160364151,-0.5246047377586365,-0.14182879030704498,0.009510137140750885,0.10133291780948639,0.17716188728809357,-0.2350255399942398,-0.32720860838890076,0.29816555976867676,-0.3092263638973236,-0.27269619703292847,0.20942197740077972,0.3173191249370575,0.15009301900863647,0.5792670249938965,-0.4108622074127197,0.0007779113948345184,0.20261381566524506,-0.20629046857357025,-0.3537430763244629,0.1861741840839386,0.05090482905507088,0.3271632492542267,0.03533884137868881,-0.2634769380092621,0.01593426801264286,0.2471107542514801,0.15190830826759338,0.3678355813026428,0.48516619205474854,0.3385879397392273,-0.0009542840998619795,0.5273149609565735,Enabler,Peripheral,0.025304231353154964
110,1,0.002881844380403458,0.0,0.18334817919832327,0.0035300646926070827,0.0,1,1,1.0,2,0.0,0,-0.6563924617405256,1,0.25,0.005366192984199543,0.02526267847006519,-1.000088900581841e-12,12,6,1.5833333333333333,0,0,3,9,0.0,0.08333333333333333,0.0363122895359993,0.2371208816766739,-0.0675371065735817,0.08151835948228836,-0.20200279355049133,0.14818352460861206,0.26021865010261536,-0.30342555046081543,-0.3060445189476013,0.1805505007505417,0.06847139447927475,-0.48300647735595703,-0.9083929657936096,0.1434953659772873,0.8224714398384094,0.036007363349199295,0.09237480908632278,0.049995869398117065,0.11004773527383804,-0.17520609498023987,-0.06761996448040009,0.08685487508773804,-0.027892224490642548,-0.2979341149330139,-0.25255659222602844,-0.011622359044849873,0.1865898221731186,0.7441025376319885,-0.2697463631629944,0.07411716133356094,0.6618712544441223,-0.41104647517204285,-0.12854696810245514,-0.05909784883260727,0.24752971529960632,0.11355314403772354,-0.26359638571739197,-0.20962640643119812,-0.2666732966899872,0.12239783257246017,-0.12780317664146423,-0.43288886547088623,-0.04298320785164833,0.22160306572914124,0.8558121919631958,-0.14248260855674744,-0.4686275124549866,0.7149127125740051,0.30000826716423035,0.13309699296951294,-0.3041422963142395,0.16573932766914368,0.5342617630958557,0.24184639751911163,0.3282376825809479,-0.13968175649642944,0.5390411019325256,0.01961755007505417,-0.340120792388916,0.5214173197746277,-0.2891114056110382,0.290501207113266,-0.46140769124031067,0.6760096549987793,Peripheral,Peripheral,0.01983971576430246
111,0,0.0,0.0,0.0,0.0,0.0,0,0,0.0,1,0.0,0,-0.9845886926107883,0,0.0,0.0,0.0,0.0,5,4,1.4,0,0,1,4,0.0,0.0,0.0,0.0,0.0,0.0,0.0,0.0,0.0,0.0,0.0,0.0,0.0,0.0,0.0,0.0,0.0,0.0,0.0,0.0,0.0,0.0,0.0,0.0,0.0,0.0,0.0,0.0,0.0,0.0,0.0,0.0,0.0,0.0,0.0,0.0,0.0,0.0,0.0,0.0,0.0,0.0,0.0,0.0,0.0,0.0,0.0,0.0,0.0,0.0,0.0,0.0,0.0,0.0,0.0,0.0,0.0,0.0,0.0,0.0,0.0,0.0,0.0,0.0,0.0,0.0,Peripheral,Peripheral,0.005358698994567132
112,2,0.005763688760806916,0.0007536106345055055,0.14714226443445205,0.0005292802425470698,0.0,2,0,0.6666666666666666,3,0.75,1,-0.6563924617405256,2,0.5,0.003994647242187736,0.012260665322916501,0.6931471805579453,12,6,2.3333333333333335,0,1,10,1,0.16666666666666666,0.08333333333333333,0.3860144019126892,0.14616481959819794,-0.42500874400138855,0.10078953206539154,0.7666513919830322,0.06390491873025894,-0.9439042210578918,-0.41330304741859436,-0.10130764544010162,-0.034526824951171875,-0.24139831960201263,-0.4925834536552429,-0.40524008870124817,0.3843284845352173,0.05973344296216965,0.42442816495895386,0.16638825833797455,-0.2897464632987976,0.16670730710029602,-0.0029908795841038227,0.3389551043510437,0.8577060103416443,0.02393944188952446,-0.5416057705879211,-0.1961885690689087,-0.4181269407272339,-0.2256176471710205,-0.03933305665850639,-0.3639289438724518,-0.7091492414474487,0.6095331311225891,-0.4228476881980896,-0.5104938745498657,-0.1717330515384674,-0.03723343461751938,0.14224833250045776,-0.16067026555538177,-0.2970321476459503,-0.2928802967071533,0.3272007703781128,-0.3464020788669586,0.015876684337854385,0.1510004699230194,0.4772985875606537,0.36068424582481384,0.3741733431816101,0.22574298083782196,-0.5592727661132812,0.22306804358959198,-0.7553704977035522,-0.6054618954658508,0.46467992663383484,0.7105656266212463,-0.2934578061103821,0.12282362580299377,-0.19700947403907776,0.2730136513710022,0.9294306635856628,0.004186245147138834,0.30141758918762207,0.04460437223315239,-0.018567649647593498,-0.4950321316719055,0.5389221906661987,Enabler,Peripheral,0.03384263795656252
113,2,0.005763688760806916,1.9323349602705266e-05,0.18978952050014644,0.01089934629991132,0.0,2,0,0.6666666666666666,3,0.0,0,-0.3281962308702628,1,0.25,0.005421400730950608,0.005572229362368564,-1.000088900581841e-12,5,4,1.6,0,0,0,5,0.2,0.0,0.16850237548351288,-0.34971970319747925,0.12201397120952606,0.17335326969623566,-0.13575638830661774,-0.14906685054302216,0.21610482037067413,-0.581637978553772,-0.17931176722049713,0.5860597491264343,0.32487279176712036,-0.335115909576416,-0.13108350336551666,-0.25876396894454956,0.7652051448822021,0.0436529703438282,-0.10445496439933777,0.13585640490055084,-0.0015168963000178337,-0.23023274540901184,0.6821591258049011,0.1789652407169342,-0.24722649157047272,0.13748560845851898,-0.22407984733581543,-0.3355117738246918,0.4419891834259033,0.5187606811523438,0.019928934052586555,-0.5547847151756287,0.26167601346969604,0.31516188383102417,-0.5451918244361877,0.25219231843948364,-0.3193708658218384,-0.30798813700675964,-0.24770432710647583,-0.15369495749473572,-0.06108894199132919,0.29935094714164734,-0.1903044581413269,-0.018972693011164665,-0.2928846776485443,0.17133550345897675,0.1359076052904129,0.09491098672151566,-0.7986148595809937,0.045477934181690216,0.27646929025650024,-0.013207569718360901,-0.23621772229671478,0.03150279074907303,0.17861522734165192,0.19782540202140808,0.1477472186088562,-0.09006906300783157,0.5390823483467102,0.2812390625476837,0.044173095375299454,0.509611189365387,0.011770635843276978,-0.03940485790371895,-0.41003137826919556,0.6858651638031006,Peripheral,Peripheral,0.018576555573574648
114,0,0.0,0.0,0.0,0.0,0.0,0,0,0.0,1,0.0,0,-0.9845886926107883,0,0.0,0.0,0.0,0.0,5,3,2.0,0,0,0,5,0.4,0.0,0.0,0.0,0.0,0.0,0.0,0.0,0.0,0.0,0.0,0.0,0.0,0.0,0.0,0.0,0.0,0.0,0.0,0.0,0.0,0.0,0.0,0.0,0.0,0.0,0.0,0.0,0.0,0.0,0.0,0.0,0.0,0.0,0.0,0.0,0.0,0.0,0.0,0.0,0.0,0.0,0.0,0.0,0.0,0.0,0.0,0.0,0.0,0.0,0.0,0.0,0.0,0.0,0.0,0.0,0.0,0.0,0.0,0.0,0.0,0.0,0.0,0.0,0.0,0.0,Peripheral,Peripheral,0.007144931992756178
115,0,0.0,0.0,0.0,0.0,0.0,0,0,0.0,1,0.0,0,-0.9845886926107883,0,0.0,0.0,0.0,0.0,5,3,1.2,0,0,0,5,0.0,0.0,0.0,0.0,0.0,0.0,0.0,0.0,0.0,0.0,0.0,0.0,0.0,0.0,0.0,0.0,0.0,0.0,0.0,0.0,0.0,0.0,0.0,0.0,0.0,0.0,0.0,0.0,0.0,0.0,0.0,0.0,0.0,0.0,0.0,0.0,0.0,0.0,0.0,0.0,0.0,0.0,0.0,0.0,0.0,0.0,0.0,0.0,0.0,0.0,0.0,0.0,0.0,0.0,0.0,0.0,0.0,0.0,0.0,0.0,0.0,0.0,0.0,0.0,0.0,0.0,Peripheral,Peripheral,0.004763287995170785
116,2,0.005763688760806916,0.002608652196365211,0.1588889157968663,0.00145349642405681,0.0,1,1,0.6666666666666666,3,0.75,1,-0.6563924617405256,2,0.5,0.016065454304548015,0.003918775299428628,0.6931471805579453,5,3,2.4,0,0,0,5,0.2,0.2,-0.04431403428316116,-0.002085077343508601,-0.31255051493644714,0.28829899430274963,0.6212778091430664,-0.7984614372253418,-0.20820297300815582,-0.30206191539764404,-0.2803891599178314,-0.09485016018152237,-0.012809807434678078,-0.3479551374912262,0.21137896180152893,0.22604282200336456,0.17388685047626495,-0.14136981964111328,0.14087383449077606,0.08690695464611053,0.25943487882614136,0.012197920121252537,0.11797317117452621,0.8660211563110352,0.06637659668922424,-0.06580857932567596,-0.39347216486930847,-0.0064870198257267475,0.059427659958601,-0.06877146661281586,-0.11111929267644882,-0.6763156652450562,0.7526372671127319,-0.24080979824066162,-0.32933512330055237,-0.09945475310087204,-0.20423734188079834,-0.42757490277290344,0.4585544764995575,0.18858665227890015,-0.17759490013122559,0.41038817167282104,-0.0449177511036396,-0.3933027386665344,-0.04715617373585701,0.17087461054325104,0.5841676592826843,0.3107694685459137,-0.2141001969575882,0.651375949382782,0.3036542534828186,-0.14345189929008484,-0.08322722464799881,0.34947001934051514,0.7755894064903259,0.2847733199596405,0.2999004125595093,0.45142531394958496,0.5717253684997559,0.8360560536384583,0.7803118824958801,0.19686931371688843,-0.09119801223278046,0.3865512013435364,0.0236282367259264,0.9375138282775879,Peripheral,Peripheral,0.032981747505631605
117,5,0.01440922190201729,0.020861894150683673,0.23783372301669292,0.05241232048970015,0.0,2,0,0.3333333333333333,6,0.0,0,0.6563924617405256,1,0.25,0.032944866725796856,0.0731081809257902,-1.000088900581841e-12,13,7,2.769230769230769,1,9,3,0,0.23076923076923078,0.3076923076923077,-0.06813026964664459,0.1889011114835739,0.014278308488428593,0.26700347661972046,0.610827624797821,-0.3411707878112793,-0.09122949093580246,-0.3332749307155609,-0.1697683483362198,0.2492581009864807,-0.1668461412191391,-0.22119633853435516,-0.22794796526432037,0.13226234912872314,0.3052387535572052,0.01896347664296627,-0.03742247074842453,0.0004536905325949192,0.15149399638175964,0.007680073380470276,0.08343958854675293,0.5209242701530457,-0.17945683002471924,-0.4786568582057953,-0.2535887360572815,0.015571126714348793,-0.19790779054164886,-0.030389709398150444,-0.3103518486022949,-0.537323534488678,0.4622851610183716,-0.0009693382307887077,-0.368251770734787,-0.05046423152089119,-0.19504106044769287,0.20675913989543915,0.27333807945251465,-0.19868744909763336,-0.2471892535686493,0.4635627567768097,-0.1974802315235138,-0.09306132048368454,-0.010574047453701496,0.15088863670825958,0.3238736689090729,0.2558879256248474,-0.15806148946285248,0.3523100018501282,0.28781989216804504,-0.293390154838562,-0.2946447432041168,0.4712224006652832,0.2767309546470642,-0.0839589387178421,-0.0261710062623024,0.3353930115699768,0.30521127581596375,0.3284466564655304,0.2837388217449188,0.2820092439651489,-0.16542081534862518,0.25842398405075073,-0.30833151936531067,0.6324169635772705,Broker,Peripheral,0.02841257156479664
118,2,0.005763688760806916,0.005528516976185686,0.16151868429110167,0.0014654268675747307,0.0,2,0,0.6666666666666666,3,0.0,0,-0.3281962308702628,1,0.25,0.007764602815780375,0.004373056076371866,-1.000088900581841e-12,2,2,1.0,0,0,1,1,0.0,0.0,0.2946861684322357,0.21329931914806366,-0.25053858757019043,0.25087374448776245,0.492007851600647,-0.0651722252368927,-0.746924638748169,-0.473461776971817,-0.23432621359825134,0.14502261579036713,-0.18913578987121582,-0.4647256135940552,-0.4424624741077423,0.41598838567733765,0.1200747862458229,0.42781129479408264,0.2756110727787018,-0.11683166772127151,0.4756491482257843,-0.006236143410205841,0.3346753716468811,0.6981203556060791,-0.09840208292007446,-0.5188909769058228,-0.20944970846176147,-0.3593579828739166,-0.28195253014564514,-0.03455325961112976,-0.27275440096855164,-0.8274127244949341,0.6372541785240173,-0.34754905104637146,-0.48729780316352844,-0.14427641034126282,0.016739286482334137,0.22688044607639313,-0.009727871976792812,-0.22945865988731384,-0.2105695605278015,0.3903850018978119,-0.20543599128723145,-0.08772427588701248,0.2475416213274002,0.3011927902698517,0.46386581659317017,0.42142951488494873,0.08592890948057175,-0.3787240982055664,0.1657591611146927,-0.7184322476387024,-0.654124915599823,0.5392467379570007,0.45178672671318054,-0.397858589887619,0.05376652255654335,-0.1422939896583557,0.0657736212015152,0.9232469797134399,0.16619127988815308,0.24990807473659515,0.21010708808898926,0.0656701996922493,-0.5223676562309265,0.566840648651123,Peripheral,Peripheral,0.016103802859990992
119,1,0.002881844380403458,0.0,0.18895970997953368,0.005252364844649346,0.0,1,1,1.0,2,0.0,0,-0.6563924617405256,1,0.25,0.005366192984199543,0.017336454596497686,-1.000088900581841e-12,8,6,1.75,0,0,2,6,0.125,0.0,0.20864084362983704,0.19087563455104828,-0.15293645858764648,0.4460110664367676,-0.16187115013599396,-0.526107668876648,0.48383283615112305,0.13398957252502441,-0.25000330805778503,0.2456442415714264,-0.0038421202916651964,-0.8055866956710815,-0.2454528510570526,0.28606924414634705,0.3560561239719391,-0.13886632025241852,0.025029443204402924,0.17579227685928345,0.012512668035924435,-0.26756730675697327,0.5878289937973022,0.4348721206188202,-0.27032795548439026,-0.1560257226228714,-0.004516929388046265,-0.29534056782722473,-0.2098926603794098,0.30579087138175964,-0.119234099984169,-0.48408666253089905,0.41142773628234863,-0.3197862207889557,-0.5934877991676331,-0.33202365040779114,-0.021611733362078667,-0.03881816938519478,0.7061748504638672,0.2596851885318756,-0.15130515396595,0.23076339066028595,-0.05810818821191788,0.15318751335144043,0.6545059084892273,0.28509411215782166,0.3579176068305969,0.017534242942929268,-0.15163682401180267,0.3118065893650055,-0.13377146422863007,0.355021595954895,0.01827816106379032,0.13753774762153625,0.220319926738739,0.16296401619911194,-0.2818758189678192,0.18075723946094513,-0.08426013588905334,0.39683571457862854,0.017780272290110588,0.3701651096343994,-0.06633837521076202,0.1111302599310875,0.6012498140335083,0.932758092880249,Peripheral,Peripheral,0.01946527211448163
120,1,0.002881844380403458,0.0,0.15756484149855907,0.0007684054022935917,0.0,1,1,1.0,2,0.0,0,-0.6563924617405256,1,0.25,0.005366192984199543,0.0032809017861779814,-1.000088900581841e-12,6,4,1.1666666666666667,0,0,0,6,0.0,0.0,0.8636853098869324,0.0969104915857315,0.25857263803482056,0.38492080569267273,-0.26920172572135925,0.043265171349048615,0.3630039095878601,0.3496910631656647,-0.9794695973396301,0.40458592772483826,0.24517841637134552,-0.6892114281654358,-0.4917478859424591,-0.04105154797434807,0.18773937225341797,0.2669374346733093,0.3858676254749298,0.3517288863658905,-0.15825293958187103,-0.26706254482269287,0.2347424328327179,0.5831759572029114,-0.6344901919364929,0.06593410670757294,-0.3230431377887726,-0.6051577925682068,-0.6246603727340698,-0.11421312391757965,0.09106842428445816,-0.5856313109397888,1.037454605102539,0.18211878836154938,-0.4600502848625183,-0.00386973493732512,0.09646667540073395,-0.32715943455696106,0.5371369123458862,-0.5047263503074646,-0.03629826381802559,0.19828863441944122,-0.5263233780860901,-0.24774561822414398,0.1065194383263588,-0.2538014352321625,0.13139113783836365,-0.11647278070449829,0.12708711624145508,-0.11526577174663544,-0.22257570922374725,0.3883160948753357,-0.15032532811164856,0.46841463446617126,0.6757413148880005,0.06114240363240242,-0.41232702136039734,0.1437906175851822,0.4101565480232239,0.08823453634977341,0.09420785307884216,0.6673850417137146,-0.14901195466518402,-0.14614981412887573,0.053775276988744736,0.9678285121917725,Peripheral,Peripheral,0.017038743998232478
121,5,0.01440922190201729,0.021595402181419986,0.23802084632355108,0.05324055224668687,0.0,3,1,0.3333333333333333,6,0.0,0,0.6563924617405256,1,0.25,0.015948664767000877,0.07334001328294819,-1.000088900581841e-12,8,5,2.0,0,7,1,0,0.25,0.125,0.1390586793422699,-0.08686830848455429,0.35680854320526123,0.2241307646036148,0.18989042937755585,-0.35451024770736694,-0.12539461255073547,-0.17911386489868164,0.03566126152873039,-0.12785154581069946,0.1292334944009781,-0.4123883843421936,-0.2750614285469055,-0.0694551169872284,0.7668829560279846,-0.06798375397920609,-0.12870953977108002,-0.21478331089019775,0.209663987159729,-0.5519762635231018,0.09942878037691116,0.23285521566867828,-0.16979877650737762,-0.06982798129320145,-0.007845542393624783,-0.20330193638801575,0.3027571737766266,0.3147372901439667,-0.004370229784399271,-0.33901602029800415,0.706544816493988,0.06262325495481491,-0.09933499991893768,-0.1308750957250595,-0.09956982731819153,0.2079223096370697,0.05877385661005974,-0.2032855600118637,-0.3751363754272461,0.17039839923381805,-0.09909236431121826,0.11920220404863358,0.1397397816181183,-0.0014133680379018188,0.3349747657775879,0.05424144119024277,-0.1792507916688919,0.11069970577955246,-0.20421728491783142,0.0763939917087555,-0.38461175560951233,0.5745741128921509,0.040657978504896164,0.20625460147857666,-0.26293081045150757,-0.07345645874738693,0.3267730176448822,-0.133853942155838,0.15621091425418854,0.46970483660697937,-0.00242243567481637,0.36862361431121826,-0.09769799560308456,0.4544503688812256,Broker,Peripheral,0.0244163834387899
122,5,0.01440922190201729,0.015681967302324244,0.2361627600915171,0.056167565223700526,0.1,3,0,0.4,6,0.0,0,0.6563924617405256,1,0.25,0.02620244515868137,0.07168287486962052,-1.000088900581841e-12,9,4,3.3333333333333335,0,9,0,0,0.3333333333333333,0.5555555555555556,0.2265821099281311,-0.08271602541208267,-0.06502258032560349,0.238783061504364,0.18403911590576172,-0.19023385643959045,0.20063342154026031,-0.28105276823043823,-0.2846304476261139,0.3173882067203522,0.04422169178724289,-0.3665660321712494,-0.47865721583366394,-0.1006484106183052,0.4023789167404175,0.13676802814006805,-0.11788450181484222,0.17455947399139404,0.18969017267227173,-0.21268051862716675,0.11968078464269638,0.29675784707069397,-0.2307005524635315,-0.1963898241519928,-0.02065265364944935,0.12859106063842773,-0.0830242931842804,0.001478783437050879,0.17826007306575775,-0.23822981119155884,0.5423482060432434,0.08898455649614334,-0.5110777020454407,0.5137006640434265,-0.22175078094005585,0.2670537829399109,-0.28187400102615356,-0.24179475009441376,-0.15445281565189362,0.28408288955688477,0.04186112433671951,0.05518683046102524,0.1098254919052124,-0.14852067828178406,-0.05698970705270767,-0.06707191467285156,-0.3816862106323242,0.2871352732181549,0.13145455718040466,0.03701626881957054,-0.4424988329410553,0.3366086184978485,0.23138083517551422,-0.005094505846500397,-0.28891509771347046,0.16296443343162537,0.5632839798927307,0.10585577040910721,0.09815630316734314,0.44438251852989197,-0.009106351062655449,-0.007436525542289019,-0.06187548115849495,0.6639602780342102,Broker,Peripheral,0.0287071784762307
123,0,0.0,0.0,0.0,0.0,0.0,0,0,0.0,1,0.0,0,-0.9845886926107883,0,0.0,0.0,0.0,0.0,6,2,1.6666666666666667,0,0,0,6,0.16666666666666666,0.0,0.0,0.0,0.0,0.0,0.0,0.0,0.0,0.0,0.0,0.0,0.0,0.0,0.0,0.0,0.0,0.0,0.0,0.0,0.0,0.0,0.0,0.0,0.0,0.0,0.0,0.0,0.0,0.0,0.0,0.0,0.0,0.0,0.0,0.0,0.0,0.0,0.0,0.0,0.0,0.0,0.0,0.0,0.0,0.0,0.0,0.0,0.0,0.0,0.0,0.0,0.0,0.0,0.0,0.0,0.0,0.0,0.0,0.0,0.0,0.0,0.0,0.0,0.0,0.0,Peripheral,Peripheral,0.006390744726854135
124,0,0.0,0.0,0.0,0.0,0.0,0,0,0.0,1,0.0,0,-0.9845886926107883,0,0.0,0.0,0.0,0.0,5,4,2.6,0,0,1,4,0.4,0.2,0.0,0.0,0.0,0.0,0.0,0.0,0.0,0.0,0.0,0.0,0.0,0.0,0.0,0.0,0.0,0.0,0.0,0.0,0.0,0.0,0.0,0.0,0.0,0.0,0.0,0.0,0.0,0.0,0.0,0.0,0.0,0.0,0.0,0.0,0.0,0.0,0.0,0.0,0.0,0.0,0.0,0.0,0.0,0.0,0.0,0.0,0.0,0.0,0.0,0.0,0.0,0.0,0.0,0.0,0.0,0.0,0.0,0.0,0.0,0.0,0.0,0.0,0.0,0.0,Peripheral,Peripheral,0.008931164990945222
125,4,0.011527377521613832,0.00551872000602701,0.23914979895433472,0.07843118204240768,0.16666666666666666,3,0,0.5,5,0.0,0,0.17130925369576439,1,0.25,0.010973060193705421,0.1004693683376876,-1.000088900581841e-12,16,7,2.9375,0,13,3,0,0.25,0.4375,-0.11653286963701248,-0.11918622255325317,0.24099116027355194,0.0032299456652253866,0.07768571376800537,-0.36077001690864563,0.265648752450943,-0.1641450971364975,-0.2725241184234619,-0.024148905649781227,0.5295374393463135,0.36529844999313354,-0.20930473506450653,0.38989120721817017,0.3882638216018677,0.47390463948249817,0.22337393462657928,0.039705000817775726,0.3394634425640106,-0.22848744690418243,-0.117055743932724,0.14977753162384033,0.18625161051750183,-0.5062537789344788,0.2102290391921997,0.02889344096183777,-0.08472825586795807,0.37711822986602783,0.5972445011138916,-0.30002957582473755,0.38099825382232666,0.13922443985939026,0.28972339630126953,0.09381145983934402,0.007794039323925972,-0.3776167035102844,0.32289648056030273,0.04516254737973213,0.010830315761268139,0.09231758862733841,0.0025006113573908806,0.11767534166574478,0.0037723167333751917,0.45821869373321533,0.13163958489894867,0.2275191992521286,-0.19274112582206726,0.000842151464894414,0.17918404936790466,0.18857091665267944,-0.30034491419792175,-0.2212170958518982,0.3116445541381836,-0.11988537758588791,-0.038809992372989655,-0.2997787296772003,0.21907305717468262,0.1432647407054901,0.039956871420145035,0.15722717344760895,-0.0802958756685257,-0.3881843686103821,0.03741844370961189,0.07684207707643509,Broker,Peripheral,0.02898617015187749
126,4,0.011527377521613832,0.003862426390283205,0.24067183426987546,0.08449785730006765,0.0,3,0,0.4,5,0.0,0,0.17130925369576439,1,0.25,0.006522146708515829,0.10503498762296103,-1.000088900581841e-12,13,10,2.923076923076923,3,7,3,0,0.46153846153846156,0.23076923076923078,0.016842428594827652,-0.20271271467208862,0.24650418758392334,-0.05146070197224617,-0.049809373915195465,-0.21924875676631927,0.15776166319847107,0.18086302280426025,-0.11280377954244614,-0.047658588737249374,0.2548929750919342,0.12528033554553986,0.08109787851572037,-0.022680683061480522,0.4908578097820282,0.5302209854125977,0.09196850657463074,-0.2535982131958008,0.3796370029449463,-0.2650897800922394,0.16450665891170502,0.5169993042945862,-0.3535692095756531,-0.3937472403049469,-0.1357620507478714,0.021289881318807602,-0.18283315002918243,0.23745569586753845,0.5133325457572937,-0.25098103284835815,0.20903423428535461,0.22106438875198364,0.2886344790458679,-0.014511891640722752,-0.28887322545051575,-0.05017518252134323,0.07104600220918655,-0.23330137133598328,0.2082296907901764,-0.026460615918040276,0.056953154504299164,-0.5603176951408386,0.36654672026634216,0.49964639544487,0.24620772898197174,0.14333897829055786,-0.14353924989700317,-0.01720728538930416,0.30750563740730286,0.20915168523788452,-0.1336248219013214,-0.04155239462852478,0.11401484161615372,-0.12371669709682465,-0.06160984933376312,-0.028525838628411293,0.19323664903640747,0.26520082354545593,-0.01808510534465313,-0.3005106449127197,-0.2426738440990448,-0.15046116709709167,-0.01639176346361637,-0.029331086203455925,Broker,Peripheral,0.02824036345039842
127,2,0.005763688760806916,0.00027020129953614315,0.16186436365823081,0.0030648689156307723,0.0,2,0,0.6666666666666666,3,0.0,0,-0.3533253357475142,1,0.25,0.0056615942004660195,0.008637621928692359,-1.000088900581841e-12,12,6,2.25,0,0,3,9,0.25,0.16666666666666666,-0.1608857810497284,-0.06825538724660873,-0.24181261658668518,0.3379976749420166,0.2069905549287796,-0.22367417812347412,0.23191741108894348,0.009269271045923233,-0.6541872024536133,0.24068748950958252,0.24727362394332886,-0.07522178441286087,0.04405977949500084,-0.4243515729904175,0.39889776706695557,0.7385069131851196,0.6396178603172302,0.022496923804283142,0.820559561252594,-0.35915127396583557,-0.13133765757083893,1.0747114419937134,0.42726096510887146,-0.9290041327476501,-0.3477645814418793,0.18195366859436035,0.24037423729896545,0.5885933637619019,0.3728862702846527,-0.09843198210000992,0.28150051832199097,0.08683446049690247,0.2172403186559677,0.5838884115219116,-0.5098018646240234,0.014161554165184498,0.6882628202438354,0.06346800178289413,-0.00576659943908453,0.19055204093456268,0.17052334547042847,-0.19846105575561523,0.20599685609340668,0.20089365541934967,0.3319442570209503,-0.03909652307629585,0.17673741281032562,-0.11075224727392197,-0.06501290947198868,0.3615926504135132,-0.120817631483078,0.2095860093832016,0.4772976338863373,0.5164358019828796,0.42347246408462524,-0.3877383768558502,-0.2742106318473816,-0.37541377544403076,-0.07422348856925964,-0.04410972073674202,0.5480086207389832,-0.04551854729652405,-0.5752130150794983,-0.05162897706031799,Peripheral,Peripheral,0.02183211928812427
128,4,0.011527377521613832,0.006396994885975578,0.2057989766511792,0.025678059991515335,0.0,3,1,0.4,5,0.4375,1,-0.0910080410258749,2,0.5,0.029882573122660575,0.00950133801651231,0.5623351446168083,7,6,1.7142857142857142,0,2,2,3,0.14285714285714285,0.14285714285714285,0.18680070340633392,0.14976684749126434,0.6285579204559326,0.28411075472831726,-0.06195022910833359,-0.5696753859519958,0.001897218986414373,0.13831844925880432,-0.15308482944965363,-0.28799620270729065,0.17354752123355865,0.3232930898666382,-0.2940537929534912,-0.35701432824134827,0.2833095192909241,0.4361863136291504,-0.041321370750665665,0.05183551087975502,0.09880435466766357,-0.14998847246170044,0.20775187015533447,0.5749088525772095,0.021438725292682648,-0.25542983412742615,0.343533992767334,0.33188700675964355,0.28195416927337646,0.26372089982032776,0.5654515624046326,-0.004727573599666357,0.2894963324069977,-0.19673551619052887,0.1666606217622757,0.31473812460899353,-0.40446972846984863,-0.07751606404781342,0.412625253200531,-0.029327798634767532,-0.2798416018486023,0.13073475658893585,-0.35033178329467773,-0.5642213225364685,0.41017839312553406,0.28722044825553894,-0.04579281061887741,0.002085754880681634,0.5922574400901794,-0.0297541506588459,0.5798102021217346,0.43862196803092957,-0.4197218120098114,-0.6143434047698975,-0.0957411602139473,-0.4261206090450287,0.05296185612678528,-0.10642514377832413,0.5128201842308044,0.19700689613819122,-0.46534261107444763,-0.005473450757563114,0.11724690347909927,-0.09289004653692245,-0.18056590855121613,0.30644696950912476,Enabler,Broker,0.33334839272933914
129,5,0.01440922190201729,0.012307629945105376,0.2404805212060679,0.08176243419816506,0.1,3,0,0.4,6,0.0,0,0.43362654841740367,1,0.25,0.016141755463494094,0.08342071438799227,-1.000088900581841e-12,15,6,3.2,0,13,2,0,0.4666666666666667,0.4,-0.41332119703292847,-0.3633604049682617,0.23866748809814453,0.1217474713921547,-0.08841080218553543,-0.05690283328294754,0.20757824182510376,0.33307120203971863,-0.03325390815734863,-0.11433503776788712,0.516391396522522,0.16560909152030945,-0.24482370913028717,-0.096646748483181,0.4604760408401489,0.3690672516822815,0.06948890537023544,-0.1488492637872696,-0.1686304211616516,-0.16129246354103088,0.025408536195755005,0.34225884079933167,0.12844575941562653,-0.4549356997013092,0.23465390503406525,-0.04203854501247406,-0.20969966053962708,0.11234182119369507,0.45732831954956055,-0.42816898226737976,0.19429828226566315,0.017927926033735275,0.21887749433517456,0.2815181016921997,0.07478610426187515,0.0726909190416336,0.44018661975860596,-0.5528004169464111,-0.03273754194378853,0.21530506014823914,0.1964762806892395,-0.44661426544189453,-0.27001720666885376,0.548410952091217,-0.21368563175201416,0.23241078853607178,0.10635390877723694,0.1470901221036911,-0.010897386819124222,0.13403581082820892,0.09308549761772156,0.020349916070699692,0.38423633575439453,0.06905099749565125,0.19761309027671814,-0.3445992171764374,0.0926961749792099,0.10911249369382858,0.050405602902173996,-0.11781631410121918,-0.013031546957790852,-0.03310174494981766,-0.03903500735759735,0.4908166825771332,Broker,Peripheral,0.03035787270201692
130,0,0.0,0.0,0.0,0.0,0.0,0,0,0.0,1,0.0,0,-0.8779599251907928,0,0.0,0.0,0.0,0.0,8,4,2.0,0,0,2,6,0.375,0.0,0.0,0.0,0.0,0.0,0.0,0.0,0.0,0.0,0.0,0.0,0.0,0.0,0.0,0.0,0.0,0.0,0.0,0.0,0.0,0.0,0.0,0.0,0.0,0.0,0.0,0.0,0.0,0.0,0.0,0.0,0.0,0.0,0.0,0.0,0.0,0.0,0.0,0.0,0.0,0.0,0.0,0.0,0.0,0.0,0.0,0.0,0.0,0.0,0.0,0.0,0.0,0.0,0.0,0.0,0.0,0.0,0.0,0.0,0.0,0.0,0.0,0.0,0.0,0.0,Peripheral,Peripheral,0.007859425192031795
131,4,0.011527377521613832,0.003312574217606618,0.19517709398531188,0.020877538600409258,0.0,2,1,0.4,5,0.0,0,0.17130925369576439,1,0.25,0.016838140310265922,0.005784350539677452,-1.000088900581841e-12,14,10,2.357142857142857,0,5,5,4,0.35714285714285715,0.14285714285714285,0.039551183581352234,-0.4631694257259369,0.07088050991296768,0.3419569432735443,-0.38543224334716797,-0.00887854490429163,-0.1750844120979309,0.6349353194236755,-0.2672065198421478,-0.47556713223457336,0.1803547590970993,0.28656071424484253,-0.1392010599374771,-0.30287107825279236,0.7973280549049377,0.25538501143455505,-0.05518718063831329,0.13042499125003815,-0.19653283059597015,-0.18658395111560822,0.19845320284366608,-0.05575292557477951,0.0763336792588234,-0.6931443810462952,0.2761131823062897,0.28998273611068726,-0.5208806991577148,0.29261764883995056,0.7340612411499023,-0.7668302059173584,-0.11023510247468948,0.016471516340970993,0.2956641614437103,0.03945719450712204,0.11073364317417145,-0.2919500768184662,0.34654054045677185,-0.08900977671146393,-0.17900586128234863,0.06619314104318619,0.38970836997032166,-0.2828482389450073,0.00963529385626316,0.5096902251243591,-0.06871572136878967,0.1138768419623375,0.13944002985954285,0.22717605531215668,0.050413746386766434,-0.14496655762195587,0.16485486924648285,0.22578221559524536,0.25945284962654114,0.09133004397153854,-0.0008186122868210077,-0.24682310223579407,0.18851344287395477,0.39372751116752625,-0.20748275518417358,-0.24525325000286102,0.2764967679977417,-0.1983090192079544,-0.45320364832878113,0.6542918682098389,Enabler,Peripheral,0.02409254080790816
132,5,0.01440922190201729,0.01710116439839416,0.19305966539708577,0.019618626533612425,0.0,2,1,0.3333333333333333,6,0.0,0,0.43362654841740367,1,0.25,0.03740234397610471,0.0047283668460123204,-1.000088900581841e-12,16,9,2.3125,3,3,4,6,0.0625,0.25,-0.3842567205429077,-0.4254797101020813,0.20825809240341187,-0.27687057852745056,-0.04434101656079292,0.10457782447338104,0.3185938596725464,0.6455783843994141,-0.07220562547445297,-0.26138949394226074,0.6693052053451538,0.35994070768356323,-0.5549408793449402,-0.14511123299598694,0.5909639596939087,0.8351383209228516,-0.06584689766168594,-0.0027659463230520487,0.1619826853275299,-0.18236219882965088,0.20259374380111694,0.43483608961105347,-0.17772315442562103,-0.5900091528892517,0.5813563466072083,-0.3642154633998871,-0.3706338405609131,0.2947111427783966,0.38123127818107605,-0.5736991763114929,-0.015520259737968445,-0.226289764046669,0.030659643933176994,0.3445740342140198,0.04540621489286423,-0.2477768063545227,0.45245686173439026,-0.3508724570274353,0.3292308747768402,0.17579638957977295,0.05045275017619133,-0.6953696608543396,0.1313226819038391,0.5672070384025574,-0.36216971278190613,0.4026784598827362,0.07408671826124191,0.19969876110553741,-0.28931087255477905,-0.32239481806755066,-0.06665784120559692,-0.03319646045565605,0.3446750044822693,0.3223824203014374,0.2584419250488281,-0.018558349460363388,0.3014618754386902,0.1560317426919937,0.3435285687446594,-0.0706278532743454,0.12054146081209183,0.30342045426368713,-0.058625876903533936,0.5548024773597717,Enabler,Peripheral,0.026095834333706217
133,1,0.002881844380403458,0.0,0.1890778097982709,0.006221081275976141,0.0,1,1,1.0,2,0.0,0,-0.6156426304691535,1,0.25,0.0,0.002608652196365211,-1.000088900581841e-12,8,6,2.25,0,0,4,4,0.625,0.0,-0.13318322598934174,-0.273222416639328,0.3911973834037781,-0.0011117409449070692,-0.23710781335830688,-0.14675234258174896,-0.10983678698539734,0.48216232657432556,0.39173758029937744,0.27268755435943604,0.4341341257095337,0.14901654422283173,-0.09761194884777069,-0.4287727475166321,0.1293373852968216,0.31808143854141235,0.35540565848350525,-0.32582125067710876,-0.06329568475484848,-0.10703061521053314,0.08315394818782806,0.34410712122917175,0.0813378393650055,-0.7322183847427368,0.45550575852394104,-0.533667266368866,-0.38086774945259094,0.688106894493103,0.5440124273300171,-0.4596482515335083,0.08077418804168701,0.10188009589910507,0.45373085141181946,0.0940743014216423,0.07995187491178513,0.00025266368174925447,0.30597153306007385,-0.38938242197036743,-0.02258932963013649,0.4670754671096802,0.06707766652107239,-0.46667060256004333,0.13195250928401947,0.6282153725624084,-0.28469160199165344,0.23270906507968903,-0.14189715683460236,0.11570697277784348,0.07533649355173111,0.2593289315700531,-0.5087066888809204,0.3998676836490631,0.44606542587280273,-0.056868407875299454,0.36914804577827454,-0.5189551711082458,0.3608987331390381,-0.26863083243370056,-0.03384861722588539,-0.229894757270813,-0.01960899867117405,0.16894298791885376,0.4050014615058899,0.6753086447715759,Peripheral,Peripheral,0.02080823694679258
134,1,0.002881844380403458,0.0,0.18720575227551572,0.00418261944628367,0.0,1,1,1.0,2,0.0,0,-0.6156426304691535,1,0.25,0.005366192984199543,0.005217304392730422,-1.000088900581841e-12,8,6,2.5,0,0,2,6,0.5,0.0,0.1803164929151535,-0.13286690413951874,0.22597628831863403,0.31498250365257263,0.46176719665527344,-0.5182570815086365,0.638145923614502,0.24458609521389008,0.24295668303966522,-0.41646555066108704,0.0967940241098404,0.565402090549469,0.014080524444580078,0.08506528288125992,0.5947800874710083,0.3536437153816223,-0.34456995129585266,-0.30596598982810974,0.26554855704307556,0.07644917815923691,0.45670291781425476,0.5040968656539917,0.32434648275375366,-0.8104974627494812,-0.4268834888935089,0.6170679330825806,-0.34205782413482666,-0.04419422894716263,0.4095809757709503,-0.6035182476043701,0.5278045535087585,-0.3257775604724884,-0.34544968605041504,-0.06601582467556,-0.08830525726079941,-0.14179256558418274,0.3485105335712433,-0.2946024537086487,0.18931783735752106,0.22554323077201843,-0.15419720113277435,-0.07856366038322449,0.07508645951747894,0.703477680683136,-0.3080540895462036,0.040654681622982025,-0.42454794049263,-0.2813541889190674,-0.12606193125247955,0.4216667413711548,-0.14836254715919495,-0.5197782516479492,0.6331073045730591,-0.165731742978096,-0.46558722853660583,-0.6202055811882019,0.01546677015721798,-0.41991662979125977,0.01906624063849449,0.6142030358314514,-0.23576897382736206,0.41158294677734375,-0.22982396185398102,-0.04031316190958023,Peripheral,Peripheral,0.02164710830807869
135,0,0.0,0.0,0.0,0.0,0.0,0,0,0.0,1,0.0,0,-0.8779599251907928,0,0.0,0.0,0.0,0.0,9,5,2.0,0,0,2,7,0.3333333333333333,0.0,0.0,0.0,0.0,0.0,0.0,0.0,0.0,0.0,0.0,0.0,0.0,0.0,0.0,0.0,0.0,0.0,0.0,0.0,0.0,0.0,0.0,0.0,0.0,0.0,0.0,0.0,0.0,0.0,0.0,0.0,0.0,0.0,0.0,0.0,0.0,0.0,0.0,0.0,0.0,0.0,0.0,0.0,0.0,0.0,0.0,0.0,0.0,0.0,0.0,0.0,0.0,0.0,0.0,0.0,0.0,0.0,0.0,0.0,0.0,0.0,0.0,0.0,0.0,0.0,Peripheral,Peripheral,0.008097589591790334
136,3,0.008645533141210374,0.0022885960313482343,0.23952850014032734,0.07989134736314588,0.0,3,0,0.5,4,0.0,0,-0.0910080410258749,1,0.25,0.0,0.1384179558387133,-1.000088900581841e-12,16,6,2.3125,0,14,2,0,0.375,0.0625,-0.04035806655883789,0.016633719205856323,0.38341403007507324,-0.007655404042452574,0.06222918629646301,-0.20043782889842987,-0.012628963217139244,0.10880490392446518,-0.0755685418844223,0.009800102561712265,0.4454363286495209,0.18792980909347534,0.037924643605947495,0.07620902359485626,0.45282208919525146,0.45452064275741577,0.12695789337158203,-0.18362875282764435,0.30478593707084656,-0.12770682573318481,0.10256868600845337,0.40285855531692505,-0.3639947175979614,-0.40755584836006165,0.0602206289768219,0.33071497082710266,-0.205728217959404,0.20907709002494812,0.4650597870349884,-0.13754844665527344,0.26768818497657776,0.09801747649908066,0.24243272840976715,0.16456301510334015,-0.07408372312784195,-0.07792548835277557,0.10380956530570984,-0.004423810169100761,-0.09412887692451477,0.07872303575277328,0.07035544514656067,-0.37304309010505676,0.11530686169862747,0.48154234886169434,0.14191266894340515,0.06040506809949875,-0.022583357989788055,-0.09788262099027634,0.07230030745267868,0.25072789192199707,-0.08877388387918472,-0.09433846175670624,0.2697370946407318,-0.2449796050786972,0.01019208412617445,-0.14907406270503998,0.08414711058139801,-0.022056039422750473,-0.13416898250579834,-0.047999121248722076,-0.1745726466178894,-0.053143713623285294,-0.17504973709583282,0.32033032178878784,Broker,Peripheral,0.026572263652741533
137,1,0.002881844380403458,0.0,0.18790341346412015,0.004102386571666609,0.0,1,1,1.0,2,0.0,0,-0.6156426304691535,1,0.25,0.005366192984199543,0.03442044110542886,-1.000088900581841e-12,5,3,2.2,0,0,2,3,0.2,0.2,-0.5378440022468567,-0.30222463607788086,-0.061969757080078125,-0.2534731328487396,0.29999199509620667,-0.10651388764381409,-0.17117875814437866,0.1394209861755371,-0.49350112676620483,-0.03137151151895523,0.08530627191066742,0.6014919877052307,-0.2717573046684265,-0.04762282595038414,0.09121806174516678,0.42201974987983704,0.24500349164009094,0.0633578971028328,-0.2330721914768219,-0.014838202856481075,-0.35954800248146057,0.43540745973587036,-0.4331956207752228,-0.10900246351957321,-0.17555628716945648,-0.3300097584724426,-0.39737069606781006,0.3718262314796448,-0.20603589713573456,-0.502020001411438,0.7608219981193542,0.6353924870491028,0.5838130712509155,0.003559743519872427,-0.37800440192222595,-0.30172547698020935,0.6811618208885193,-0.1072501465678215,-0.29805371165275574,-0.27724751830101013,0.03326677903532982,-0.425909161567688,0.3469785153865814,0.6642751693725586,-0.020679665729403496,0.01014640647917986,-0.33001574873924255,-0.004292260855436325,0.3083358705043793,0.6873295307159424,-0.8252657651901245,-0.3802560567855835,0.4741784632205963,0.20240554213523865,-0.26026955246925354,-0.3069279193878174,0.1388835906982422,0.14684736728668213,-0.4459242522716522,-0.33420178294181824,0.3005853593349457,0.10113604366779327,0.07100439816713333,0.6975454688072205,Peripheral,Peripheral,0.020035676886823738
138,3,0.008645533141210374,0.01273447020433951,0.1923232648933461,0.008892279302336117,0.0,2,1,0.5,4,0.0,0,-0.0910080410258749,1,0.25,0.019630481105758373,0.008997887371407432,-1.000088900581841e-12,11,10,2.5454545454545454,1,3,3,4,0.2727272727272727,0.18181818181818182,-0.30916157364845276,-0.0031068259850144386,0.059196073561906815,0.2726324796676636,0.22659000754356384,-0.46891751885414124,0.30919256806373596,0.3734256625175476,-0.730409562587738,0.06052359938621521,0.04329957067966461,-0.3730919659137726,0.11127260327339172,-0.5348976254463196,0.3708060383796692,0.8460021615028381,0.6417403817176819,-0.10229859501123428,0.7990291714668274,-0.2942242920398712,-0.17813898622989655,0.8810110092163086,0.3912002742290497,-0.7933410406112671,-0.2970264256000519,0.1016552597284317,0.19511468708515167,0.4277244210243225,0.5136274695396423,-0.1784573197364807,0.18806831538677216,0.24810345470905304,0.38109034299850464,0.30195921659469604,-0.11606591939926147,0.04227704182267189,0.5203818082809448,0.0869976282119751,0.15956993401050568,0.04631105065345764,0.04943685606122017,0.1140962615609169,0.18357302248477936,0.29949283599853516,0.028394268825650215,0.14866456389427185,-0.20159314572811127,-0.17743948101997375,-0.15979066491127014,0.230926513671875,-0.07625165581703186,-0.017385313287377357,0.4858112931251526,0.2771567404270172,0.4934730529785156,-0.27935856580734253,-0.06596123427152634,-0.1986808329820633,-0.2926492393016815,-0.007133820094168186,0.48306897282600403,0.17578381299972534,-0.7899895310401917,0.19394738972187042,Enabler,Peripheral,0.02414071293007796
139,5,0.01440922190201729,0.02062381212875251,0.196062537703975,0.028547735889552703,0.0,3,0,0.3333333333333333,6,0.0,0,0.43362654841740367,1,0.25,0.03020549626466288,0.012420638344462841,-1.000088900581841e-12,13,10,2.0,3,4,5,1,0.07692307692307693,0.15384615384615385,0.10154204070568085,-0.02872699499130249,-0.23929864168167114,-0.15340055525302887,0.01923762820661068,-0.25035905838012695,-0.09894010424613953,0.02387627400457859,-0.0685574859380722,0.15538667142391205,0.6312388181686401,0.20715583860874176,-0.19495238363742828,0.4366165101528168,0.12998707592487335,0.35266193747520447,0.5035332441329956,-0.42332708835601807,-0.06718786805868149,-0.34427350759506226,0.014107978902757168,0.5498005151748657,-0.13435305655002594,-0.5288709998130798,0.051287341862916946,0.6793971061706543,0.2862967848777771,0.21002468466758728,0.6679930090904236,-0.14390864968299866,0.5586137771606445,0.08965691924095154,0.32526785135269165,0.4872886538505554,-0.4579004943370819,-0.19530531764030457,0.8902907967567444,-0.02410093881189823,0.19323281943798065,-0.257774293422699,0.1640358865261078,-0.346017062664032,0.045323628932237625,0.46949225664138794,-0.15536874532699585,-0.2622407078742981,-0.3132297396659851,-0.0709482952952385,0.33760038018226624,-0.12197459489107132,-0.041003867983818054,0.27303558588027954,0.2770152986049652,0.23517896234989166,-0.4270024001598358,-0.28956228494644165,0.3408399820327759,-0.051888588815927505,0.15230098366737366,0.15803925693035126,0.07264507561922073,-0.2074451744556427,-0.0687144324183464,0.09917086362838745,Enabler,Peripheral,0.024870916489277077
140,27,0.07780979827089336,0.17837344406540154,0.3106000982312458,0.3148163420050306,0.017094017094017096,3,1,0.0873015873015873,28,0.27434842249657065,4,5.155337853406912,4,1.0,0.3270438585820604,0.03479863393268362,0.5735160760932797,13,7,3.3076923076923075,10,3,0,0,0.38461538461538464,0.46153846153846156,-0.06584103405475616,-0.1502884328365326,0.05961359292268753,0.12768931686878204,0.04877818003296852,-0.2695777118206024,0.25657016038894653,0.1231132447719574,-0.21352167427539825,-0.019940847530961037,0.21958263218402863,0.26714974641799927,-0.25421133637428284,-0.0162500012665987,0.3026570975780487,0.18089719116687775,0.04964802414178848,-0.2973049283027649,0.2912246286869049,-0.13409803807735443,0.0531298853456974,0.33747240900993347,-1.4234938134904951e-05,-0.5607538223266602,0.1772560328245163,0.2616126239299774,-0.1282687485218048,0.28266000747680664,0.36986324191093445,-0.2860066890716553,0.38411352038383484,0.10038281232118607,0.016811052337288857,0.050123196095228195,-0.15964770317077637,-0.08888883143663406,0.248325914144516,-0.14495205879211426,-0.06456959992647171,0.0003235200420022011,0.03796681389212608,-0.031101606786251068,0.059206314384937286,0.3739847242832184,-0.1111108735203743,0.03916609287261963,0.056350693106651306,0.17141111195087433,-0.17687568068504333,0.0939951166510582,-0.1683916598558426,-0.007859455421566963,0.08288319408893585,-0.1148623377084732,0.028499914333224297,-0.01427061203867197,0.16996558010578156,0.04410809278488159,-0.1316917985677719,0.08556593209505081,-0.15378080308437347,-0.07869283109903336,-0.26593706011772156,0.005815085023641586,Coordinator,Broker,0.9999999999992061
141,5,0.01440922190201729,0.023955008069365194,0.24318689363121657,0.08319675959132053,0.0,3,0,0.3333333333333333,6,0.0,0,0.43362654841740367,1,0.25,0.04814798617204417,0.08894323314542099,-1.000088900581841e-12,4,2,2.5,0,4,0,0,0.25,0.25,-0.1305544227361679,-0.09812791645526886,0.2829066514968872,0.1644791215658188,-0.048034220933914185,0.14542602002620697,0.14854174852371216,0.0974193885922432,-0.165333554148674,-0.12130089104175568,0.5995323657989502,0.3949490785598755,-0.22610066831111908,0.2608890235424042,0.23091167211532593,0.4443158805370331,-0.008122785948216915,-0.2199069708585739,0.45063316822052,-0.1171998456120491,0.2935170531272888,0.6601002812385559,-0.37785863876342773,-0.1955103874206543,-0.18242812156677246,0.21653185784816742,-0.021436821669340134,0.4699813723564148,0.4326343834400177,-0.2907619774341583,0.4049639105796814,0.4325440526008606,0.22090975940227509,0.14121626317501068,-0.27255743741989136,-0.09525348246097565,0.17851586639881134,-0.029176754876971245,-0.350858598947525,0.2522156238555908,-0.04844381660223007,-0.06743867695331573,0.138205423951149,0.5415335893630981,0.02943113073706627,0.13409003615379333,0.018636714667081833,-0.06773927807807922,0.1698988974094391,-0.04715858772397041,0.14012683928012848,0.05160507932305336,0.3869178593158722,-0.4810810089111328,0.089480921626091,-0.0043153115548193455,-0.03642475605010986,0.05453745275735855,-0.4258520007133484,-0.05188561975955963,-0.031241409480571747,0.21514511108398438,-0.042967431247234344,0.157161682844162,Broker,Peripheral,0.02769805581075244
142,5,0.01440922190201729,0.003979346599130854,0.20021475557725574,0.038640569818271374,0.0,3,0,0.3333333333333333,6,0.0,0,0.43362654841740367,1,0.25,0.0071040355593773,0.014307256135054961,-1.000088900581841e-12,12,8,2.5,2,6,4,0,0.08333333333333333,0.3333333333333333,0.0839582085609436,-0.4695664942264557,0.17046749591827393,0.4188980758190155,-0.11440503597259521,-0.10947724431753159,0.17961862683296204,0.3012163043022156,-0.2124032825231552,0.06835411489009857,0.06780164688825607,0.31488674879074097,-0.08072687685489655,-0.15538114309310913,0.7038178443908691,0.2612169086933136,0.5758408308029175,-0.7481414675712585,0.24166448414325714,0.2091945856809616,-0.33151543140411377,0.5496296882629395,-0.47666794061660767,-0.44937804341316223,0.050075430423021317,0.2411164790391922,-0.1223919689655304,0.16901759803295135,0.20170003175735474,-0.1720753014087677,0.6331523060798645,-0.21167804300785065,0.5747762322425842,-0.031841833144426346,-0.030819004401564598,0.11574381589889526,0.502131462097168,0.22188642621040344,0.2504707872867584,0.3346540629863739,-0.010496743954718113,-0.4584232568740845,-0.08815721422433853,0.2748814523220062,-0.20210199058055878,0.07488715648651123,-0.3661563992500305,-0.2619366943836212,0.31299203634262085,-0.05539960786700249,0.03795624524354935,-0.18217702209949493,0.3088769018650055,0.2761383056640625,-0.1329195201396942,0.24905376136302948,0.2572099566459656,-0.011881154030561447,-0.3478798568248749,0.2451712191104889,-0.21768607199192047,-0.3625611364841461,-0.07551839202642441,0.07023140788078308,Enabler,Peripheral,0.0245875027638964
143,1,0.002881844380403458,0.0,0.16423696833726026,0.0046065099369217676,0.0,1,1,1.0,2,0.0,0,-0.6156426304691535,1,0.25,0.0,0.004886082975704191,-1.000088900581841e-12,7,4,1.7142857142857142,0,0,1,6,0.2857142857142857,0.0,-0.004008900839835405,-0.4367683231830597,0.05518371984362602,0.3822471499443054,-0.2998250424861908,-0.23434998095035553,0.4195120632648468,0.21245130896568298,-0.3722119927406311,-0.04472517594695091,0.22845244407653809,0.08177697658538818,-0.15201088786125183,0.03415393456816673,0.6687929630279541,0.6524107456207275,0.030480872839689255,-0.4431208372116089,0.5702278017997742,-0.3739234507083893,0.04281242564320564,0.795196533203125,-0.37832632660865784,-0.2660859227180481,-0.10331910103559494,-0.23476749658584595,-0.2803952395915985,0.15775762498378754,0.44999411702156067,-0.4078627824783325,0.07504244148731232,-0.12055102735757828,0.2183520346879959,-0.1215519830584526,-0.14597339928150177,0.1440592110157013,-0.10203278064727783,-0.4691407084465027,0.3911907970905304,0.015276296995580196,0.18364809453487396,-0.9201838970184326,0.6950721144676208,0.5051113367080688,0.12240666896104813,-0.08069876581430435,-0.3122011423110962,0.1487918198108673,0.25263911485671997,-0.08902397751808167,-0.32498008012771606,-0.011918404139578342,0.0760558471083641,-0.059596896171569824,-0.2282804250717163,0.1139102578163147,0.1273559033870697,0.3795686364173889,0.09734451025724411,-0.3862411379814148,-0.2451746016740799,-0.31218376755714417,0.39416471123695374,-0.3300930857658386,Peripheral,Peripheral,0.018898314973027176
144,3,0.008645533141210374,0.00271216463063382,0.16957651102983937,0.00662460598036321,0.0,2,1,0.5,4,0.5555555555555556,1,-0.3533253357475142,2,0.5,0.011043981821958225,0.002813889441603032,0.6365141682928128,11,7,1.9090909090909092,0,0,4,7,0.2727272727272727,0.0,-0.08682343363761902,-0.7029836773872375,0.13601110875606537,0.7145484089851379,0.1145305186510086,-0.48056280612945557,-0.059337276965379715,0.38378646969795227,-0.3672831356525421,-0.09653246402740479,0.32399383187294006,-0.151412695646286,-0.35234054923057556,-0.0903257429599762,0.5577178001403809,0.19364787638187408,0.7826604247093201,-0.5145614147186279,0.42560648918151855,0.11755383759737015,-0.4262813925743103,0.5545871257781982,-0.5430963039398193,-0.4008987843990326,-0.16944919526576996,0.3055191934108734,-0.2235114723443985,0.40664246678352356,0.35621148347854614,0.09194737672805786,0.623158872127533,0.010330055840313435,0.626603364944458,-0.09999000281095505,0.27053579688072205,-0.0329565592110157,0.4339900612831116,-0.08608625829219818,0.5304145216941833,0.14561103284358978,0.03537461534142494,-0.4469769299030304,0.034425243735313416,0.36901742219924927,-0.41234323382377625,0.5961984395980835,-0.329632967710495,-0.3919476866722107,0.25639665126800537,-0.07973898947238922,-0.05851876363158226,-0.15329721570014954,0.2651398777961731,0.21629251539707184,-0.1251058429479599,0.2989093065261841,0.093437559902668,0.06878169625997543,-0.46752631664276123,0.33435872197151184,0.19048157334327698,-0.02096620202064514,-0.13402405381202698,-0.061876703053712845,Peripheral,Peripheral,0.03302359087881537
145,1,0.002881844380403458,0.0,0.1634384093339997,0.0021984993874768054,0.0,1,1,1.0,2,0.0,0,-0.6156426304691535,1,0.25,0.0,0.01981938887437515,-1.000088900581841e-12,9,6,2.0,0,0,2,7,0.1111111111111111,0.1111111111111111,-0.09850753843784332,-0.2967163622379303,-0.08539429306983948,0.38394224643707275,-0.22312794625759125,0.19984416663646698,0.3122420012950897,-0.10714595764875412,0.04025648906826973,-0.34014397859573364,0.6469368934631348,-0.3435922861099243,-0.4211670756340027,0.05814365670084953,-0.05443559214472771,0.0017534334911033511,0.11997409909963608,-0.11038413643836975,0.6324861645698547,-0.2008921205997467,0.2980981767177582,0.5101518630981445,-0.7036635875701904,-0.42388322949409485,-0.35837799310684204,0.5390176773071289,-0.32620012760162354,0.648673415184021,0.8914482593536377,-0.7261000275611877,0.7113922238349915,0.7717360258102417,0.7402050495147705,0.4519776999950409,-0.1834654062986374,-0.09661933034658432,0.16556161642074585,-0.06787202507257462,-0.17088887095451355,0.04723920300602913,-0.1908300817012787,0.16288460791110992,0.22216613590717316,0.4916490614414215,-0.20191577076911926,0.19203804433345795,0.1889433115720749,-0.22050903737545013,0.29384684562683105,0.1969655603170395,0.2719336748123169,-0.07773119956254959,0.3999013602733612,-0.6260077953338623,0.6190969944000244,0.010693969205021858,-0.013783684931695461,0.30172520875930786,-0.4570368528366089,0.24688765406608582,-0.4008003771305084,0.4654776155948639,0.32042473554611206,0.1061953753232956,Peripheral,Peripheral,0.02011053043711488
146,2,0.005763688760806916,0.0078059153723754136,0.16169133921818998,0.002319186599016575,0.0,2,0,0.6666666666666666,3,0.0,0,-0.3533253357475142,1,0.25,0.012437568399118403,0.005149313735562207,-1.000088900581841e-12,6,4,2.1666666666666665,0,0,1,5,0.3333333333333333,0.0,0.20296648144721985,-0.18761445581912994,0.33062970638275146,0.5051591396331787,-0.08187738060951233,0.48836690187454224,0.41205722093582153,0.00021431728964671493,-0.31780990958213806,-0.10493447631597519,-0.15775905549526215,0.45649445056915283,0.2225325107574463,0.3880390524864197,0.6171771883964539,0.4582911431789398,-0.27578091621398926,-0.7223784923553467,0.548789381980896,-0.21564199030399323,0.2135593444108963,0.5611594319343567,-0.27223384380340576,-0.48901599645614624,-0.026071161031723022,-0.39010176062583923,0.2647475004196167,0.2771984040737152,0.4370933473110199,-0.11296790838241577,0.49224036931991577,0.6943380832672119,0.46522724628448486,0.5406026840209961,-0.028309548273682594,-0.4493447542190552,0.4873376488685608,-0.08948709815740585,-0.5825822353363037,0.31640374660491943,0.3402889370918274,-0.6537999510765076,0.13766172528266907,0.9473792314529419,-0.23316878080368042,-0.02757093869149685,-0.118045374751091,0.1758744716644287,-0.05459260568022728,0.24091699719429016,-0.6462716460227966,0.14989253878593445,0.9784205555915833,-0.2586885690689087,-0.20748138427734375,0.45815804600715637,-0.22059567272663116,0.6334331631660461,-0.8092147707939148,0.20695583522319794,0.33857253193855286,0.06608829647302628,-0.0105555709451437,-0.16857697069644928,Peripheral,Peripheral,0.020900016996731628
147,1,0.002881844380403458,0.0,0.12139827274367312,5.7991886388180513e-05,0.0,1,1,1.0,2,0.0,0,-0.6156426304691535,1,0.25,0.005366192984199543,0.011912845030067797,-1.000088900581841e-12,3,2,1.0,0,0,1,2,0.0,0.0,0.2771513760089874,0.37633466720581055,-0.5330278873443604,-0.26989609003067017,-0.009738020598888397,0.27952975034713745,-0.6038580536842346,0.2054833471775055,-0.5020741820335388,0.03960581496357918,0.6576675772666931,0.18567585945129395,-0.33404600620269775,0.2970925271511078,0.5308690071105957,0.04734018072485924,0.7872597575187683,-0.591315746307373,0.22606629133224487,-0.3069104552268982,-0.12205009907484055,1.3617335557937622,0.1007816419005394,-1.3724780082702637,-0.09877974539995193,0.4623386859893799,0.4560050666332245,-0.11278071999549866,1.1783535480499268,-0.7077001333236694,0.8552108407020569,-0.17214781045913696,0.20532667636871338,0.4623449742794037,-0.156736820936203,-0.5433301329612732,0.7290987968444824,-0.10525237023830414,-0.022453784942626953,0.42982906103134155,-0.18992489576339722,-0.6588284969329834,-0.05855269730091095,0.7605879902839661,-0.45395898818969727,-0.446674644947052,-0.568849503993988,0.0851401761174202,0.8150286078453064,0.16922025382518768,0.19804343581199646,0.2758842706680298,-0.4365372955799103,0.7395977973937988,-0.7864649295806885,0.04028482735157013,0.7567613124847412,-0.045026231557130814,-0.22216910123825073,0.5061972737312317,0.008131448179483414,0.052329517900943756,0.42457956075668335,0.06943861395120621,Peripheral,Peripheral,0.015794235924407377
148,1,0.002881844380403458,0.0,0.1360883921175139,0.00016526647770074917,0.0,1,1,1.0,2,1.0,1,-0.8779599251907928,1,0.25,0.005366192984199543,0.0119978677683197,-1.000088900581841e-12,5,4,2.4,0,0,3,2,0.6,0.0,-0.2442871630191803,0.004462721291929483,-0.5444021224975586,0.8617156744003296,0.27953040599823,-0.32194608449935913,0.05614128336310387,0.25485509634017944,-0.5142971873283386,0.8719683289527893,0.49356234073638916,-0.25527581572532654,-0.42086178064346313,0.38128435611724854,0.15030290186405182,0.5440693497657776,-0.2258082777261734,0.28830403089523315,0.029607975855469704,-0.1564091593027115,0.3941285312175751,0.19478000700473785,-0.3346685767173767,-0.8071408867835999,0.5700810551643372,-0.10460129380226135,0.6099569201469421,0.8367980718612671,0.4555710256099701,-0.11898014694452286,0.5990432500839233,0.18815217912197113,-0.30009111762046814,-0.16559918224811554,0.11453735083341599,0.1637399047613144,0.10239756852388382,-0.2768448293209076,0.3114759922027588,0.24620985984802246,-0.5099976658821106,0.6350060105323792,0.3981216847896576,-0.16069665551185608,0.31264328956604004,-0.3845885396003723,0.28940287232398987,-0.02088312990963459,0.6735226511955261,0.3054898679256439,-0.2798409163951874,0.5233569741249084,0.7981421947479248,0.6360543966293335,-0.6504629850387573,0.14083509147167206,0.022740598767995834,0.7224605679512024,0.6205647587776184,0.6397924423217773,-0.05773802474141121,0.7393110990524292,-0.11870646476745605,0.6825399994850159,Peripheral,Peripheral,0.02044355151742875
149,0,0.0,0.0,0.0,0.0,0.0,0,0,0.0,1,0.0,0,-0.8779599251907928,0,0.0,0.0,0.0,0.0,7,4,2.0,0,0,0,7,0.2857142857142857,0.0,0.0,0.0,0.0,0.0,0.0,0.0,0.0,0.0,0.0,0.0,0.0,0.0,0.0,0.0,0.0,0.0,0.0,0.0,0.0,0.0,0.0,0.0,0.0,0.0,0.0,0.0,0.0,0.0,0.0,0.0,0.0,0.0,0.0,0.0,0.0,0.0,0.0,0.0,0.0,0.0,0.0,0.0,0.0,0.0,0.0,0.0,0.0,0.0,0.0,0.0,0.0,0.0,0.0,0.0,0.0,0.0,0.0,0.0,0.0,0.0,0.0,0.0,0.0,0.0,Peripheral,Peripheral,0.007621260792273254
150,1,0.002881844380403458,0.0,0.18872395238754425,0.006356199673717654,0.0,1,1,1.0,2,0.0,0,-0.6156426304691535,1,0.25,0.0,0.004951125251953157,-1.000088900581841e-12,10,5,2.0,0,0,1,9,0.4,0.0,-0.1216370239853859,0.20659735798835754,0.48570287227630615,0.43930482864379883,0.14142070710659027,-0.14892074465751648,0.3713112473487854,-0.18877041339874268,-0.6746612191200256,-0.020421748980879784,0.3387717008590698,0.6889832615852356,-0.4557163119316101,0.2472456991672516,0.44329753518104553,0.11379241943359375,0.5255029201507568,0.24366633594036102,0.7990837097167969,0.07359784096479416,0.013839145191013813,0.5826761722564697,0.06438322365283966,-0.7386889457702637,0.6535212397575378,-0.05010325089097023,-0.14701691269874573,0.2282211035490036,0.36761727929115295,-0.390196293592453,0.3229058086872101,0.12370657175779343,0.2967032492160797,-0.2866411805152893,-0.11352009326219559,-0.41332516074180603,0.05981673300266266,-0.03959403559565544,0.013390758074820042,-0.18684037029743195,0.187382310628891,0.08086024969816208,-0.28980740904808044,0.5376774668693542,0.3774581551551819,0.36847642064094543,-0.5188090205192566,0.04217251390218735,-0.13261988759040833,0.26556527614593506,0.06761812418699265,-0.2659566104412079,0.5145190954208374,-0.28488874435424805,-0.12909361720085144,-0.3739832937717438,0.2091405987739563,0.21267369389533997,-0.11437039822340012,0.17194582521915436,-0.1239432767033577,-0.4384802579879761,0.16695328056812286,0.12765730917453766,Peripheral,Peripheral,0.02054673807548311
151,0,0.0,0.0,0.0,0.0,0.0,0,0,0.0,1,0.0,0,-0.8779599251907928,0,0.0,0.0,0.0,0.0,4,4,2.75,0,0,1,3,0.25,0.25,0.0,0.0,0.0,0.0,0.0,0.0,0.0,0.0,0.0,0.0,0.0,0.0,0.0,0.0,0.0,0.0,0.0,0.0,0.0,0.0,0.0,0.0,0.0,0.0,0.0,0.0,0.0,0.0,0.0,0.0,0.0,0.0,0.0,0.0,0.0,0.0,0.0,0.0,0.0,0.0,0.0,0.0,0.0,0.0,0.0,0.0,0.0,0.0,0.0,0.0,0.0,0.0,0.0,0.0,0.0,0.0,0.0,0.0,0.0,0.0,0.0,0.0,0.0,0.0,Peripheral,Peripheral,0.009139558840733943
152,4,0.011527377521613832,0.004904265654674429,0.24201959654178673,0.08281257780926352,0.0,3,0,0.4,5,0.0,0,0.17130925369576439,1,0.25,0.011343520538572925,0.10541271560052888,-1.000088900581841e-12,12,8,3.0,3,8,1,0,0.3333333333333333,0.3333333333333333,0.04857294633984566,-0.017816850915551186,0.510047972202301,0.054896242916584015,0.10722626745700836,-0.4475018382072449,-0.07519175112247467,0.2704382836818695,-0.20515049993991852,0.036182302981615067,0.2919932007789612,0.312701016664505,-0.25037330389022827,-0.23817825317382812,0.36098018288612366,0.40110746026039124,0.15308932960033417,-0.1793633997440338,0.22660833597183228,-0.14630289375782013,0.09381430596113205,0.3965113162994385,-0.181561678647995,-0.30430033802986145,0.07012719660997391,0.26225751638412476,0.1257854402065277,0.3327196538448334,0.4588269591331482,-0.21647387742996216,0.2246837466955185,0.09332156181335449,0.09778718650341034,0.446023166179657,-0.278653085231781,0.09483189135789871,0.2832815945148468,-0.07715433090925217,-0.21283549070358276,0.0585002638399601,-0.2423589676618576,-0.45213136076927185,0.1557272970676422,0.3464815020561218,0.0921507179737091,0.11468017101287842,0.20702065527439117,-0.03929392248392105,0.3726275861263275,0.37063947319984436,-0.1433241069316864,-0.4346785247325897,0.11832105368375778,-0.3830444812774658,0.0035826731473207474,-0.024055009707808495,0.14198939502239227,0.1971338838338852,-0.2394772320985794,-0.060143280774354935,-0.27733275294303894,-0.09900791943073273,0.000789084704592824,0.358074426651001,Broker,Peripheral,0.028397609213058034
153,0,0.0,0.0,0.0,0.0,0.0,0,0,0.0,1,0.0,0,-0.8779599251907928,0,0.0,0.0,0.0,0.0,6,5,2.3333333333333335,0,0,3,3,0.16666666666666666,0.16666666666666666,0.0,0.0,0.0,0.0,0.0,0.0,0.0,0.0,0.0,0.0,0.0,0.0,0.0,0.0,0.0,0.0,0.0,0.0,0.0,0.0,0.0,0.0,0.0,0.0,0.0,0.0,0.0,0.0,0.0,0.0,0.0,0.0,0.0,0.0,0.0,0.0,0.0,0.0,0.0,0.0,0.0,0.0,0.0,0.0,0.0,0.0,0.0,0.0,0.0,0.0,0.0,0.0,0.0,0.0,0.0,0.0,0.0,0.0,0.0,0.0,0.0,0.0,0.0,0.0,Peripheral,Peripheral,0.008375448058175297
154,1,0.002881844380403458,0.0,0.002881844380403458,5.2634322472132326e-21,0.0,1,1,1.0,2,1.0,1,-0.8779599251907928,1,0.25,1.656232402530723e-05,0.0,-1.000088900581841e-12,6,2,1.3333333333333333,0,0,0,6,0.16666666666666666,0.0,0.8185130953788757,0.11996093392372131,-0.4866117835044861,0.6013355851173401,1.2230876684188843,0.4011559784412384,-0.43491506576538086,-0.40309473872184753,-1.774884819984436,-0.8145602941513062,-0.5112380385398865,0.3084008991718292,-0.38899606466293335,0.4339611828327179,0.49453258514404297,1.3566137552261353,-0.5188678503036499,1.1739137172698975,0.9744546413421631,-0.728996992111206,0.8134728074073792,1.1948705911636353,-0.2362193465232849,-0.34566929936408997,-0.6334025263786316,0.6170152425765991,1.4161664247512817,-1.0294249057769775,1.5519996881484985,-0.4863007366657257,1.1764637231826782,-0.10033227503299713,0.770028829574585,0.2181699573993683,0.9341475367546082,-1.4815897941589355,0.7853325605392456,-0.3018267750740051,-1.2002527713775635,0.607445478439331,0.5303324460983276,-0.6673567891120911,0.8654318451881409,0.17164960503578186,0.7102944850921631,-0.7746403813362122,-1.0141236782073975,0.3939298987388611,0.660506010055542,0.5053313970565796,-0.5669750571250916,-0.3072381913661957,0.7534568905830383,0.503347635269165,-0.3977815806865692,-0.1092221811413765,0.4441392123699188,0.006452636327594519,-1.3504273891448975,0.9007408618927002,-0.5281365513801575,0.5895300507545471,-0.12459217756986618,1.3013694286346436,Peripheral,Peripheral,0.01730720473251453
155,5,0.01440922190201729,0.02116357705642969,0.24144014020529406,0.07855086448123504,0.0,3,0,0.3333333333333333,6,0.0,0,0.43362654841740367,1,0.25,0.024648339358716423,0.08124647712277902,-1.000088900581841e-12,11,6,2.272727272727273,1,9,1,0,0.45454545454545453,0.0,-0.2238430231809616,-0.178780660033226,-0.26505246758461,0.5530903339385986,-0.09213975816965103,-0.17627575993537903,-0.07066681981086731,0.2524316906929016,-0.17116865515708923,0.30021628737449646,0.29349008202552795,0.3125569820404053,-0.10638473927974701,0.005270784720778465,0.51350337266922,0.27076512575149536,0.4667224586009979,-0.4175058603286743,0.20129278302192688,-0.19458582997322083,-0.18607911467552185,0.7094162702560425,-0.2401556372642517,-0.27656808495521545,0.026766585186123848,0.18549621105194092,-0.07956961542367935,0.23464268445968628,0.3543403148651123,-0.49598875641822815,0.5105115175247192,-0.3864193856716156,0.3139841854572296,0.18206198513507843,0.04594854265451431,-0.20490606129169464,0.10426770895719528,0.0839858204126358,0.2713584303855896,-0.04180201143026352,0.0033128601498901844,-0.4455578327178955,-0.10097566246986389,0.5612823963165283,-0.32350680232048035,0.1323084980249405,-0.17151165008544922,-0.011746142990887165,0.30270707607269287,0.3982204496860504,0.01750737987458706,-0.0012680578511208296,0.03207605332136154,0.02249191887676716,-0.21579782664775848,0.00718817999586463,0.014746556989848614,-0.037901487201452255,-0.2274606078863144,0.15862898528575897,0.14995652437210083,-0.2716471254825592,-0.06980225443840027,0.10228599607944489,Broker,Peripheral,0.027428343097436313
156,0,0.0,0.0,0.0,0.0,0.0,0,0,0.0,1,0.0,0,-0.8779599251907928,0,0.0,0.0,0.0,0.0,7,5,2.142857142857143,0,0,2,5,0.0,0.14285714285714285,0.0,0.0,0.0,0.0,0.0,0.0,0.0,0.0,0.0,0.0,0.0,0.0,0.0,0.0,0.0,0.0,0.0,0.0,0.0,0.0,0.0,0.0,0.0,0.0,0.0,0.0,0.0,0.0,0.0,0.0,0.0,0.0,0.0,0.0,0.0,0.0,0.0,0.0,0.0,0.0,0.0,0.0,0.0,0.0,0.0,0.0,0.0,0.0,0.0,0.0,0.0,0.0,0.0,0.0,0.0,0.0,0.0,0.0,0.0,0.0,0.0,0.0,0.0,0.0,Peripheral,Peripheral,0.008046554363270647
157,3,0.008645533141210374,0.03442044110542886,0.23506176820297858,0.036061036467349476,0.0,2,1,0.5,4,0.0,0,-0.0910080410258749,1,0.25,0.015638008325328214,0.07562739619852277,-1.000088900581841e-12,12,8,2.0833333333333335,0,6,3,3,0.16666666666666666,0.08333333333333333,-0.6304742097854614,-0.24843120574951172,-0.06836610287427902,-0.05094802752137184,0.2229927033185959,0.007023598533123732,-0.059854671359062195,0.25555577874183655,-0.34880298376083374,-0.11376025527715683,0.07203880697488785,0.5214958190917969,-0.18083247542381287,0.012043393217027187,0.1442226767539978,0.3722970485687256,0.2615949511528015,0.012108859606087208,-0.09711021184921265,-0.18667291104793549,-0.23796892166137695,0.2790687382221222,-0.3072254955768585,-0.11747712641954422,-0.12698686122894287,-0.20297032594680786,-0.2579747140407562,0.36820778250694275,-0.08119671046733856,-0.449514240026474,0.677829921245575,0.7275099158287048,0.48845893144607544,0.10672120004892349,-0.4044303596019745,-0.30763277411460876,0.6096131205558777,-0.15695437788963318,-0.34356069564819336,-0.12222906947135925,-0.041664887219667435,-0.3498424291610718,0.35769063234329224,0.6518826484680176,0.026965800672769547,-0.15654951333999634,-0.38566213846206665,-0.025680948048830032,0.2769237756729126,0.48468872904777527,-0.6331708431243896,-0.26438745856285095,0.36965247988700867,0.15606677532196045,-0.19352909922599792,-0.17514824867248535,0.13901150226593018,0.08396235853433609,-0.39996176958084106,-0.33432111144065857,0.22254130244255066,-0.016938097774982452,0.04221155866980553,0.4771290719509125,Enabler,Peripheral,0.025704061354914185
158,1,0.002881844380403458,0.0,0.12337866871012783,0.00011901259446663648,0.0,1,1,1.0,2,0.0,0,-0.6156426304691535,1,0.25,0.005366192984199542,0.011941830054471851,-1.000088900581841e-12,8,5,2.0,0,0,1,7,0.0,0.25,0.3142366409301758,0.31064197421073914,0.01632637344300747,0.22309938073158264,0.2669907808303833,-0.15875670313835144,-0.6779553890228271,0.1796722710132599,-0.19132554531097412,0.03798726201057434,0.8611003756523132,0.12467904388904572,-0.2838737368583679,0.44011732935905457,0.776823878288269,0.9267868995666504,-0.16483798623085022,-0.24926574528217316,1.2581580877304077,-0.24708400666713715,0.3640391528606415,0.09137047827243805,-1.4362841844558716,-1.2323479652404785,0.1544191688299179,-0.0018684585811570287,0.47098442912101746,-0.0019228721503168344,0.47814759612083435,0.07788758724927902,0.5822659134864807,0.1038285419344902,0.5436581373214722,-0.20090878009796143,-0.328582227230072,-0.4983281195163727,0.6707155704498291,-0.7573263645172119,-0.3187316656112671,0.4235871136188507,-0.28431060910224915,-1.0338976383209229,0.505117654800415,0.46826842427253723,0.10313593596220016,0.004427788779139519,0.6673638820648193,-0.2559499740600586,0.520793080329895,0.5881561636924744,0.19273225963115692,-0.25049516558647156,1.068448543548584,-0.45030081272125244,-0.29928889870643616,-0.42010653018951416,0.12144555151462555,0.2828002870082855,-0.6197107434272766,-0.3775351345539093,-0.5382185578346252,-0.06314101815223694,-0.7354273200035095,0.16982020437717438,Peripheral,Peripheral,0.01996501951224428
159,5,0.01440922190201729,0.019263483143800372,0.2451576140009995,0.08224679194807907,0.0,3,0,0.3333333333333333,6,0.3599999999999999,1,0.17130925369576439,2,0.5,0.042864701496545754,0.08887558547124325,0.5004024235361879,10,5,3.5,2,8,0,0,0.1,0.7,-0.3734278976917267,-0.27569901943206787,0.13334356248378754,0.22997811436653137,0.01842968910932541,-0.15380758047103882,0.28333717584609985,0.15396374464035034,-0.06924039125442505,-0.270457923412323,0.4083230793476105,-0.29175135493278503,-0.3171521723270416,-0.23474930226802826,-0.19964636862277985,0.15279999375343323,0.2520061731338501,-0.26696404814720154,0.37070703506469727,0.06770345568656921,0.09702073037624359,0.2943572402000427,-0.30484405159950256,-0.35598376393318176,-0.3632180690765381,0.35607221722602844,-0.2873288691043854,0.4798165559768677,0.4712781012058258,-0.19667159020900726,0.5108683705329895,0.2641814649105072,0.4352012574672699,0.2267238199710846,0.2607390582561493,-0.09679065644741058,0.08098042011260986,0.23819272220134735,0.05719507113099098,0.21251042187213898,-0.12528027594089508,-0.25923627614974976,0.19054289162158966,0.40462154150009155,-0.00011445803829701617,0.2717892527580261,0.0768919438123703,-0.02029700204730034,0.1834864467382431,0.03478577360510826,0.030123047530651093,-0.018459832295775414,0.33351731300354004,-0.10955704003572464,0.2286229133605957,-0.3396255671977997,0.04857534170150757,0.14787361025810242,-0.32605496048927307,0.1888616532087326,0.0887017697095871,0.0034569406416267157,0.1191062182188034,0.05176810175180435,Broker,Broker,0.4344311768562501
160,3,0.008645533141210374,0.0008516608289858048,0.1941749009481601,0.018492386550769263,0.0,2,0,0.5,4,0.0,0,-0.0910080410258749,1,0.25,0.005353008781003616,0.009709808103871275,-1.000088900581841e-12,13,10,2.6153846153846154,0,6,4,3,0.5384615384615384,0.15384615384615385,-0.20156016945838928,-0.29520383477211,-0.2398981899023056,0.5906740427017212,0.10480677336454391,0.07549813389778137,0.05170244351029396,0.09440185874700546,-0.07753373682498932,0.4566888213157654,0.09914422035217285,0.38753005862236023,0.15704995393753052,-0.27363696694374084,0.8028519153594971,0.5496141910552979,0.28170084953308105,-0.3971353769302368,0.39816567301750183,-0.4987987279891968,-0.11059677600860596,0.6587258577346802,-0.1871170699596405,-0.6561349630355835,-0.25708669424057007,-0.21163015067577362,-0.2065688967704773,0.5618159174919128,0.35312536358833313,-0.6194330453872681,0.657919704914093,-0.20995521545410156,0.32782867550849915,0.12270388007164001,-0.15066233277320862,-0.07237155735492706,0.257072389125824,-0.06831812858581543,0.3996456563472748,0.2846316397190094,0.032553113996982574,-0.11545751243829727,0.2738650441169739,0.599963366985321,0.24804383516311646,0.26300331950187683,0.06728966534137726,0.0792190432548523,0.3234339952468872,0.21475094556808472,0.02941030263900757,0.03170457109808922,-0.6364753246307373,0.18890489637851715,-0.24088965356349945,0.02507927082479,0.06291613727807999,-0.10426049679517746,-0.1614186018705368,-0.04673713818192482,-0.016423897817730904,-0.3217899203300476,-0.026012934744358063,-0.2703070342540741,Enabler,Peripheral,0.023923431657165744
161,5,0.01440922190201729,0.014748356882068693,0.2418261356332801,0.08677120260134834,0.0,3,0,0.3333333333333333,6,0.0,0,0.43362654841740367,1,0.25,0.015610109766870151,0.08605571913708274,-1.000088900581841e-12,9,4,2.5555555555555554,1,7,1,0,0.2222222222222222,0.2222222222222222,0.30786043405532837,-0.14177736639976501,0.14402060210704803,0.11783873289823532,-0.009554805234074593,-0.044609878212213516,0.2962305247783661,-0.011246880516409874,-0.2113022357225418,-0.10731538385152817,0.1103491559624672,0.054634708911180496,0.16995006799697876,-0.09474758803844452,0.48669710755348206,0.32364094257354736,-0.013733322732150555,-0.42295604944229126,0.24826908111572266,-0.0865735337138176,0.016192900016903877,0.43403878808021545,-0.2511422634124756,-0.5855605006217957,-0.007488096598535776,-0.1788378655910492,-0.05846542492508888,0.30879485607147217,0.5469287037849426,-0.21792954206466675,0.11332040280103683,0.22335200011730194,0.32630887627601624,0.28775811195373535,-0.11592504382133484,-0.027960553765296936,0.14243298768997192,-0.31377914547920227,0.13401633501052856,0.03142421692609787,0.21047517657279968,-0.4616169035434723,0.1983657330274582,0.5120983719825745,-0.014828977175056934,0.13209715485572815,-0.08397634327411652,0.2681748867034912,0.07890096306800842,0.36561909317970276,-0.46509718894958496,-0.2235538363456726,0.33696165680885315,-0.180500790476799,-0.13386425375938416,0.13654431700706482,0.010447422973811626,0.31998810172080994,-0.18044564127922058,-0.01361249852925539,0.009149416349828243,-0.1836661994457245,0.10474275797605515,-0.14873696863651276,Broker,Peripheral,0.027404317231951785
162,1,0.002881844380403458,0.0,0.16006587072869494,0.0022319351281960046,0.0,1,1,1.0,2,0.0,0,-0.6156426304691535,1,0.25,0.005366192984199542,0.01710116439839416,-1.000088900581841e-12,4,3,1.25,0,0,0,4,0.0,0.0,-0.4985179305076599,-0.4083477556705475,0.01752426102757454,-0.3357444405555725,-0.17823520302772522,0.04276936128735542,0.3681473731994629,0.6272105574607849,-0.11945848166942596,-0.16499300301074982,0.7722615599632263,0.38466352224349976,-0.5512584447860718,-0.07589245587587357,0.7749857306480408,0.9383963346481323,-0.1687028855085373,-2.0563524230965413e-05,0.14687775075435638,-0.07973235845565796,0.2270212173461914,0.430391401052475,-0.12262138724327087,-0.5207855105400085,0.5190128087997437,-0.26174578070640564,-0.2812905013561249,0.13500429689884186,0.20911023020744324,-0.7845419049263,0.11928914487361908,-0.28879180550575256,0.024973832070827484,0.3233121633529663,0.20841024816036224,-0.2710320055484772,0.6323938369750977,-0.4927351176738739,0.2860085964202881,0.13651147484779358,0.06689450144767761,-0.9072884321212769,0.15736304223537445,0.5193037390708923,-0.3791060745716095,0.5200980305671692,0.24620571732521057,0.17174306511878967,-0.312276691198349,-0.3454454839229584,-0.028920328244566917,-0.11780697852373123,0.5100029110908508,0.3293835520744324,0.2621540129184723,-0.06332859396934509,0.35116684436798096,0.09715942293405533,0.24434645473957062,-0.11087679117918015,0.13847310841083527,0.3056776225566864,0.09848073124885559,0.5920502543449402,Peripheral,Peripheral,0.016880215250870207
163,0,0.0,0.0,0.0,0.0,0.0,0,0,0.0,1,0.0,0,-0.8779599251907928,0,0.0,0.0,0.0,0.0,12,6,2.4166666666666665,0,0,5,7,0.3333333333333333,0.16666666666666666,0.0,0.0,0.0,0.0,0.0,0.0,0.0,0.0,0.0,0.0,0.0,0.0,0.0,0.0,0.0,0.0,0.0,0.0,0.0,0.0,0.0,0.0,0.0,0.0,0.0,0.0,0.0,0.0,0.0,0.0,0.0,0.0,0.0,0.0,0.0,0.0,0.0,0.0,0.0,0.0,0.0,0.0,0.0,0.0,0.0,0.0,0.0,0.0,0.0,0.0,0.0,0.0,0.0,0.0,0.0,0.0,0.0,0.0,0.0,0.0,0.0,0.0,0.0,0.0,Peripheral,Peripheral,0.010052522373141677
164,1,0.002881844380403458,0.0,0.18955168902082292,0.006529907174637883,0.0,1,1,1.0,2,0.0,0,-0.6156426304691535,1,0.25,0.0,0.013448460297954726,-1.000088900581841e-12,8,5,1.75,0,0,1,7,0.125,0.0,-0.08683419972658157,-0.11310911923646927,0.26409104466438293,0.5532453656196594,-0.3254091739654541,-0.24454258382320404,0.0532999113202095,0.3813612759113312,-0.76605623960495,-0.1369870901107788,0.19019301235675812,0.45264825224876404,-0.16242283582687378,0.11698771268129349,0.45122677087783813,-0.019424431025981903,-0.1963576376438141,-0.060419660061597824,0.36676472425460815,-0.42714816331863403,0.5676120519638062,0.10288268327713013,0.12903457880020142,-1.0154328346252441,0.03354770317673683,0.6324938535690308,-0.6664307117462158,0.2601953446865082,0.49800628423690796,-0.8962222933769226,0.07541484385728836,0.12277916818857193,0.18931788206100464,0.19282983243465424,-0.09723411500453949,0.2581520676612854,0.14642629027366638,0.23911994695663452,-0.3165905773639679,-0.01350870355963707,0.311081200838089,-0.07639257609844208,-0.07063757628202438,0.36330246925354004,0.2921898066997528,0.4340246319770813,-0.156902477145195,0.12926597893238068,0.23471826314926147,-0.048803962767124176,-0.08415371179580688,-0.028875218704342842,0.08208168298006058,-0.12983813881874084,-0.18320108950138092,-0.3194219470024109,0.26323747634887695,0.17068299651145935,-0.3173356056213379,-0.22435331344604492,0.3776225745677948,-0.3650507926940918,-0.14115500450134277,0.16375990211963654,Peripheral,Peripheral,0.019334419715258643
165,1,0.002881844380403458,0.0,0.16006587072869494,0.0022319351281960046,0.0,1,1,1.0,2,0.0,0,-0.6156426304691535,1,0.25,0.005366192984199542,0.01710116439839416,-1.000088900581841e-12,10,7,2.1,0,0,6,4,0.2,0.1,-0.38409993052482605,-0.45225274562835693,-0.007188418414443731,-0.25248536467552185,-0.3123001754283905,0.13343137502670288,0.4143363833427429,0.6376721858978271,0.062367454171180725,-0.21500670909881592,0.7089482545852661,0.2970817983150482,-0.7044547200202942,-0.02460332401096821,0.6971489191055298,0.9259257912635803,-0.06389904767274857,-0.033046554774045944,0.17599880695343018,-0.08203429728746414,0.13364921510219574,0.5146452784538269,-0.24607917666435242,-0.6053767204284668,0.6691728830337524,-0.280267596244812,-0.20364460349082947,0.21432840824127197,0.23674198985099792,-0.7517454624176025,0.033882271498441696,-0.11094460636377335,-0.057112328708171844,0.4267139732837677,0.10115102678537369,-0.2856421172618866,0.4907698631286621,-0.5080772638320923,0.261353462934494,0.010476804338395596,0.2705770432949066,-0.963065505027771,0.29304999113082886,0.5200499296188354,-0.2417382448911667,0.46107855439186096,0.06382296234369278,0.1888595074415207,-0.19732311367988586,-0.32100650668144226,0.024725452065467834,-0.24769966304302216,0.41836971044540405,0.37937742471694946,0.37995558977127075,-0.015287631191313267,0.2547467350959778,0.24493935704231262,0.3418427109718323,-0.04588066413998604,0.10918089002370834,0.23138514161109924,0.04437055438756943,0.5701086521148682,Peripheral,Peripheral,0.02083969839685592
166,0,0.0,0.0,0.0,0.0,0.0,0,0,0.0,1,0.0,0,-0.8779599251907928,0,0.0,0.0,0.0,0.0,9,4,1.8888888888888888,0,0,3,6,0.3333333333333333,0.0,0.0,0.0,0.0,0.0,0.0,0.0,0.0,0.0,0.0,0.0,0.0,0.0,0.0,0.0,0.0,0.0,0.0,0.0,0.0,0.0,0.0,0.0,0.0,0.0,0.0,0.0,0.0,0.0,0.0,0.0,0.0,0.0,0.0,0.0,0.0,0.0,0.0,0.0,0.0,0.0,0.0,0.0,0.0,0.0,0.0,0.0,0.0,0.0,0.0,0.0,0.0,0.0,0.0,0.0,0.0,0.0,0.0,0.0,0.0,0.0,0.0,0.0,0.0,0.0,Peripheral,Peripheral,0.007766805703236806
167,2,0.005763688760806916,0.011174451533374421,0.18895970997953368,0.004172209328869929,0.0,2,0,0.6666666666666666,3,0.0,0,-0.3533253357475142,1,0.25,0.01537618558636148,0.01738413069913878,-1.000088900581841e-12,7,5,2.0,0,0,1,6,0.14285714285714285,0.14285714285714285,-0.6057077646255493,-0.36129137873649597,-0.2389228641986847,-0.21322079002857208,0.1421053558588028,0.08117783814668655,-0.10615760833024979,0.17388395965099335,-0.6802101731300354,-0.1629822701215744,0.10798664391040802,0.6154595017433167,-0.23813742399215698,0.21370266377925873,0.25135648250579834,0.38615649938583374,0.16908016800880432,0.00626539858058095,-0.1606958508491516,-0.12368548661470413,0.019877251237630844,0.7525730133056641,-0.4093530774116516,-0.03735441341996193,-0.0889306515455246,-0.29374322295188904,-0.19702231884002686,0.18662627041339874,-0.15943916141986847,-0.5882182717323303,0.559231162071228,1.0247211456298828,0.6283243894577026,0.19006158411502838,-0.46841496229171753,-0.4036228656768799,0.5767757296562195,-0.08622273802757263,-0.5380496382713318,0.04728267341852188,0.07082510739564896,-0.372629851102829,0.41763293743133545,0.587123453617096,-0.11029168218374252,-0.1178116500377655,-0.4914328157901764,0.057437337934970856,0.3719716966152191,0.4957198202610016,-0.8131577372550964,-0.31106817722320557,0.607546865940094,-0.0678023099899292,-0.2797450125217438,-0.06468198448419571,0.02089562639594078,0.12707002460956573,-0.5463327169418335,-0.2145300805568695,0.4550837576389313,0.35502734780311584,0.14751510322093964,0.2877058982849121,Peripheral,Peripheral,0.02107593109053153
168,2,0.005763688760806916,0.00015998227755486505,0.13941220998950848,0.00040292944842902834,0.0,2,0,0.6666666666666666,3,0.0,0,-0.3533253357475142,1,0.25,0.005659840838217103,0.006467721168738147,-1.000088900581841e-12,12,9,2.5833333333333335,1,5,4,2,0.25,0.3333333333333333,-0.06114441528916359,-0.2501634359359741,0.12485770136117935,0.1879255324602127,-0.09272275120019913,0.7192531824111938,0.17164532840251923,-0.008880206383764744,-0.5592954754829407,-0.2534427344799042,-0.07312463968992233,0.47256097197532654,0.028580034151673317,0.21454839408397675,0.7136477828025818,0.4137771725654602,-0.3939705193042755,-0.5273286700248718,0.41549190878868103,-0.19403186440467834,0.2977108657360077,0.8295736312866211,-0.5557818412780762,-0.4732067883014679,-0.009427088312804699,-0.4617578685283661,0.21806177496910095,0.415026992559433,0.41636011004447937,-0.1735852211713791,0.7301123142242432,0.8893877863883972,0.4046049118041992,0.7251348495483398,-0.082768514752388,-0.21452605724334717,0.7660458087921143,-0.030032992362976074,-0.7382145524024963,0.4047423005104065,0.33984804153442383,-0.6557709574699402,0.13292522728443146,1.0610721111297607,-0.09268506616353989,-0.09320291131734848,-0.33572182059288025,-0.03516208007931709,0.23421254754066467,0.2103346884250641,-0.5065540075302124,-0.17837212979793549,1.0561573505401611,-0.31268396973609924,-0.19491514563560486,0.42743220925331116,-0.36732593178749084,0.4482937455177307,-0.9632530212402344,0.10685163736343384,0.2671109437942505,0.44391152262687683,0.1259479969739914,-0.16629208624362946,Enabler,Peripheral,0.02268973739827114
169,0,0.0,0.0,0.0,0.0,0.0,0,0,0.0,1,0.0,0,-0.8779599251907928,0,0.0,0.0,0.0,0.0,1,1,1.0,0,0,0,1,0.0,0.0,0.0,0.0,0.0,0.0,0.0,0.0,0.0,0.0,0.0,0.0,0.0,0.0,0.0,0.0,0.0,0.0,0.0,0.0,0.0,0.0,0.0,0.0,0.0,0.0,0.0,0.0,0.0,0.0,0.0,0.0,0.0,0.0,0.0,0.0,0.0,0.0,0.0,0.0,0.0,0.0,0.0,0.0,0.0,0.0,0.0,0.0,0.0,0.0,0.0,0.0,0.0,0.0,0.0,0.0,0.0,0.0,0.0,0.0,0.0,0.0,0.0,0.0,0.0,0.0,Peripheral,Peripheral,0.00321521939674028
170,1,0.002881844380403458,0.0,0.16177780517499113,0.001344886999680203,0.0,1,1,1.0,2,0.0,0,-0.6156426304691535,1,0.25,0.005366192984199543,0.012322983125385212,-1.000088900581841e-12,6,5,2.0,0,0,2,4,0.3333333333333333,0.0,0.4389943480491638,-0.21537399291992188,0.5125691294670105,0.31968802213668823,0.16636210680007935,-0.14142470061779022,0.5971150994300842,-0.43294060230255127,-0.458080917596817,0.08364680409431458,-0.17918480932712555,0.5975775718688965,-0.713494598865509,-0.18288223445415497,0.6303756237030029,0.47411873936653137,0.5869938731193542,0.0837549939751625,0.9134295582771301,-0.0072843702509999275,-0.03942669555544853,0.6686192750930786,-0.16995790600776672,-0.21117334067821503,0.3835964798927307,-0.02062835358083248,-0.2592547535896301,0.18691106140613556,0.5274672508239746,-0.40033504366874695,0.0944710224866867,-0.13077224791049957,0.7567954659461975,-0.4255679249763489,0.034711919724941254,-0.021843601018190384,-0.005327789578586817,-0.5713071227073669,0.039258942008018494,0.11291046440601349,0.18786099553108215,-0.3246588408946991,0.08573779463768005,1.035054087638855,-0.03259308263659477,-0.36685997247695923,-0.4939095377922058,-0.2849467396736145,0.8823380470275879,-0.7446603775024414,-0.11968457698822021,-0.038035474717617035,0.7490049600601196,0.2784871459007263,-0.18591858446598053,-0.32375574111938477,0.04510917514562607,-0.11896798014640808,-0.13134892284870148,0.10508178174495697,-0.2634125351905823,-0.3713497817516327,0.156636580824852,0.28556549549102783,Peripheral,Peripheral,0.019547082641106613
171,3,0.008645533141210374,0.009642909336589877,0.1944244830830549,0.009729700089101588,0.0,2,1,0.5,4,0.0,0,-0.0910080410258749,1,0.25,0.03061425346369419,0.00969484501148869,-1.000088900581841e-12,8,6,3.375,2,0,5,1,0.125,0.625,-0.04550736024975777,-0.1916666179895401,-0.061419300734996796,0.09193239361047745,-0.3334861099720001,0.27238526940345764,-0.030535869300365448,0.042285479605197906,-0.31306979060173035,-0.14001864194869995,0.4163215458393097,0.47632473707199097,-0.0878707766532898,0.14786215126514435,0.4156716763973236,0.39097684621810913,-0.2648444175720215,-0.25181844830513,0.5230507254600525,-0.30514806509017944,0.42871972918510437,0.726235032081604,-0.43266570568084717,-0.2757732570171356,0.11717038601636887,-0.09073634445667267,-0.0510186031460762,0.48747193813323975,0.466823548078537,-0.2965216338634491,0.7805577516555786,0.8764218688011169,0.276283860206604,0.16952212154865265,-0.27423813939094543,-0.18171115219593048,0.5728207230567932,0.07123879343271255,-0.6094774007797241,0.3382440209388733,0.20944464206695557,-0.11044813692569733,-0.09597235172986984,0.7728999853134155,0.05232715979218483,-0.01980477012693882,-0.15947361290454865,-0.32397711277008057,0.4356844127178192,-0.20608296990394592,-0.20787325501441956,-0.45863568782806396,0.6110981702804565,-0.45902010798454285,0.2160423845052719,0.3436155915260315,-0.23216256499290466,0.04141795262694359,-0.5976772308349609,-0.041253913193941116,0.08182907104492188,0.7958570718765259,0.10157585144042969,0.06969243288040161,Enabler,Peripheral,0.026107212546376903
172,0,0.0,0.0,0.0,0.0,0.0,0,0,0.0,1,0.0,0,-0.8779599251907928,0,0.0,0.0,0.0,0.0,10,6,2.1,0,0,4,6,0.2,0.1,0.0,0.0,0.0,0.0,0.0,0.0,0.0,0.0,0.0,0.0,0.0,0.0,0.0,0.0,0.0,0.0,0.0,0.0,0.0,0.0,0.0,0.0,0.0,0.0,0.0,0.0,0.0,0.0,0.0,0.0,0.0,0.0,0.0,0.0,0.0,0.0,0.0,0.0,0.0,0.0,0.0,0.0,0.0,0.0,0.0,0.0,0.0,0.0,0.0,0.0,0.0,0.0,0.0,0.0,0.0,0.0,0.0,0.0,0.0,0.0,0.0,0.0,0.0,0.0,Peripheral,Peripheral,0.008633459491247048
173,6,0.017291066282420747,0.010781463839597666,0.24338253875883623,0.0891896012462073,0.06666666666666667,3,0,0.3333333333333333,7,0.30555555555555547,1,0.43362654841740367,2,0.5,0.02695140463337238,0.07475592129005094,0.4505612088643047,15,6,2.6666666666666665,2,13,0,0,0.2,0.26666666666666666,-0.25009429454803467,-0.29380059242248535,0.23271001875400543,0.2674046754837036,-0.3075992166996002,-0.27297282218933105,-0.08365687727928162,0.2310234010219574,-0.4139774739742279,-0.3089439570903778,0.24402937293052673,0.3049655258655548,-0.06530479341745377,-0.050818003714084625,0.5819134712219238,-0.002933595096692443,-0.024592330679297447,-0.03876756131649017,0.028432108461856842,-0.2304171323776245,0.3456520736217499,0.2047429233789444,0.004534644540399313,-0.6432755589485168,-0.07379588484764099,0.3202447295188904,-0.47477224469184875,0.2860526144504547,0.4790814220905304,-0.42941808700561523,0.002963082864880562,-0.05570990592241287,0.19515109062194824,0.09863154590129852,-0.0008075201767496765,-0.04046083986759186,0.20484021306037903,-0.10405326634645462,-0.3650346100330353,0.06008382514119148,0.19247466325759888,-0.1901591718196869,-0.09151837229728699,0.19633878767490387,-0.05544658005237579,0.027008553966879845,-0.08628802746534348,0.08749167621135712,0.2660263776779175,-0.04310275614261627,-0.015444939956068993,-0.05927395075559616,0.2793063521385193,0.1410275250673294,-0.04029840975999832,-0.22671295702457428,-0.05279738828539848,0.30114370584487915,-0.2715025246143341,-0.3218994438648224,0.13442720472812653,-0.43713364005088806,-0.19397951662540436,0.3282528817653656,Broker,Broker,0.41309234891854285
174,4,0.011527377521613832,0.012969295140933347,0.24124760420832012,0.08313911530275962,0.0,3,0,0.4,5,0.0,0,0.17130925369576439,1,0.25,0.01257148064480441,0.10896941991122311,-1.000088900581841e-12,12,8,2.9166666666666665,4,6,2,0,0.08333333333333333,0.5,-0.10099223256111145,0.15811693668365479,0.1792522519826889,-0.1238757073879242,-0.08949865400791168,-0.17778943479061127,-0.1080087348818779,0.1794062703847885,-0.0014256174908950925,-0.011005359701812267,0.5549250245094299,0.24757179617881775,-0.11739697307348251,0.22932350635528564,0.3308495879173279,0.27950718998908997,0.2567402720451355,-0.2161310762166977,0.33051878213882446,0.14245282113552094,-0.0006016013212502003,0.39122438430786133,-0.27317818999290466,-0.5815836787223816,-0.058229248970746994,0.46129661798477173,0.14016938209533691,0.14668525755405426,0.6836347579956055,-0.2350316196680069,0.29688599705696106,0.17728635668754578,0.07452301681041718,0.19522713124752045,-0.30260393023490906,-0.14816199243068695,0.3647623658180237,-0.09595702588558197,0.03267433121800423,0.09912479668855667,0.005750957876443863,-0.3171936273574829,0.21587181091308594,0.5159105658531189,-0.021621037274599075,-0.11501386016607285,-0.19184863567352295,-0.08328459411859512,0.06350204348564148,0.12937310338020325,-0.22077393531799316,0.0017702149925753474,0.2093013972043991,0.11288432776927948,-0.14072278141975403,-0.05204586312174797,0.0406639389693737,0.03087984398007393,-0.04861796274781227,-0.05837440863251686,-0.12914085388183594,-0.14276619255542755,-0.0215588565915823,0.3701823651790619,Broker,Peripheral,0.02878518454710346
175,0,0.0,0.0,0.0,0.0,0.0,0,0,0.0,1,0.0,0,-0.8779599251907928,0,0.0,0.0,0.0,0.0,6,3,1.6666666666666667,0,0,0,6,0.16666666666666666,0.0,0.0,0.0,0.0,0.0,0.0,0.0,0.0,0.0,0.0,0.0,0.0,0.0,0.0,0.0,0.0,0.0,0.0,0.0,0.0,0.0,0.0,0.0,0.0,0.0,0.0,0.0,0.0,0.0,0.0,0.0,0.0,0.0,0.0,0.0,0.0,0.0,0.0,0.0,0.0,0.0,0.0,0.0,0.0,0.0,0.0,0.0,0.0,0.0,0.0,0.0,0.0,0.0,0.0,0.0,0.0,0.0,0.0,0.0,0.0,0.0,0.0,0.0,0.0,0.0,Peripheral,Peripheral,0.006390744726854135
176,3,0.008645533141210374,0.00512952696510088,0.1620377587987324,0.001222576895637052,0.0,2,0,0.5,4,0.0,0,-0.0910080410258749,1,0.25,0.009459639723618928,0.0033835706356644796,-1.000088900581841e-12,7,3,1.7142857142857142,0,0,1,6,0.14285714285714285,0.0,-0.1976008266210556,-0.4002061188220978,-0.03592263162136078,0.05830502137541771,-0.05067671835422516,0.4265857934951782,-0.00021731438755523413,0.13349822163581848,-0.48675841093063354,-0.121015764772892,0.20641393959522247,0.5539821982383728,0.05394389480352402,0.30961331725120544,0.6499276757240295,0.2905319929122925,-0.4898507297039032,-0.1559627205133438,0.5317776203155518,-0.23251980543136597,0.26274508237838745,0.7476324439048767,-0.5052187442779541,-0.4362138509750366,-0.0006346015143208206,-0.3019344210624695,0.0713023841381073,0.2809530198574066,0.19436314702033997,-0.47525402903556824,1.0329025983810425,0.9562545418739319,0.4487547278404236,0.5336625576019287,-0.20323553681373596,-0.27092641592025757,0.7021847367286682,0.07423318922519684,-0.7868760228157043,0.46645236015319824,0.3647564947605133,-0.3607890009880066,0.42798638343811035,0.9303425550460815,0.000665821717120707,-0.2257988303899765,-0.23549601435661316,-0.08313091099262238,0.36424219608306885,0.04528963565826416,-0.4935969412326813,-0.43700554966926575,0.9445806741714478,-0.4750756323337555,-0.02396370656788349,0.3607192039489746,-0.3253364562988281,0.1838819980621338,-0.8240202069282532,0.006601132918149233,0.5232619643211365,0.5834468603134155,0.283334344625473,-0.04057132080197334,Peripheral,Peripheral,0.01944157212241975
177,5,0.01440922190201729,0.011334204284956228,0.24067183426987546,0.08399379608405187,0.1,3,0,0.4,6,0.0,0,0.43362654841740367,1,0.25,0.020013836052353746,0.08373541613961179,-1.000088900581841e-12,13,7,2.923076923076923,2,8,3,0,0.23076923076923078,0.38461538461538464,-0.2886275351047516,-0.1436750292778015,0.3999132215976715,-0.07764523476362228,-0.12794336676597595,-0.11032633483409882,0.26200932264328003,0.20948940515518188,0.16898822784423828,-0.011187177151441574,0.22466318309307098,0.0785946175456047,-0.1343860924243927,-0.15403376519680023,0.42040184140205383,0.49073299765586853,0.03337737172842026,-0.3220241665840149,0.1075330376625061,-0.2911430895328522,0.025106579065322876,0.5064693689346313,-0.15279856324195862,-0.4623703956604004,0.2074825018644333,-0.19358548521995544,-0.1780855804681778,0.23205870389938354,0.41602641344070435,-0.4096728265285492,0.1784713864326477,0.010276757180690765,0.2789311707019806,0.22994211316108704,0.02383297309279442,0.07495517283678055,0.3468528091907501,-0.5398627519607544,0.32049620151519775,0.16994832456111908,0.12607568502426147,-0.4645230174064636,0.170054093003273,0.5844641923904419,-0.07785871624946594,0.334206223487854,-0.0834156721830368,0.10177966207265854,-0.02131744660437107,0.09534966945648193,-0.19667769968509674,-1.0989723705279175e-05,0.3064686954021454,0.01943069137632847,0.18900041282176971,-0.3228030204772949,0.31197431683540344,-0.006462935823947191,0.039300259202718735,-0.19174480438232422,0.038833171129226685,0.02076222561299801,0.1785004884004593,0.19747187197208405,Broker,Peripheral,0.029232193026377376
178,6,0.017291066282420747,0.02193040231243182,0.2451576140009995,0.08934571814486793,0.0,3,0,0.2857142857142857,7,0.30555555555555547,1,0.43362654841740367,2,0.5,0.03015843050420046,0.07544449769454446,0.4505612088643047,8,5,2.125,2,6,0,0,0.125,0.125,-0.01575625315308571,-0.305801123380661,0.21102206408977509,0.2399543821811676,-0.08407629281282425,-0.3822697699069977,0.21293501555919647,0.138816699385643,-0.12231985479593277,0.012652967125177383,-0.1669112890958786,0.3129270374774933,-0.2217445820569992,-0.1679050326347351,0.5235969424247742,0.17262126505374908,0.3234705924987793,-0.15496009588241577,0.39341145753860474,-0.1569518893957138,0.018385127186775208,0.3907244801521301,-0.3675399124622345,-0.17846019566059113,0.08282586932182312,-0.031672362238168716,-0.2907586991786957,0.3564954400062561,0.6582798957824707,-0.22822436690330505,0.3173002004623413,-0.18268288671970367,0.3280182480812073,-0.10168266296386719,-0.03610193356871605,-0.1072438508272171,0.08601026982069016,-0.3954746425151825,0.1684490144252777,0.005806061439216137,0.08509740978479385,-0.4489763081073761,0.2423349916934967,0.5688419342041016,0.015578734688460827,-0.08985275030136108,-0.22008682787418365,-0.05951270833611488,0.5303426384925842,-0.18562902510166168,-0.07870931178331375,-0.049443408846855164,0.4587242007255554,0.23598448932170868,-0.08861549943685532,0.0897047221660614,0.07603438198566437,-0.11011294275522232,-0.2279634326696396,-0.10346069931983948,0.19856321811676025,-0.3853622376918793,0.19120880961418152,-0.221873477101326,Broker,Broker,0.3894810291486701
179,1,0.002881844380403458,0.0,0.16151868429110167,0.002375148051034963,0.0,1,1,1.0,2,0.0,0,-0.6156426304691535,1,0.25,0.005366192984199543,0.003312574217606618,-1.000088900581841e-12,8,4,2.5,0,0,0,8,0.625,0.0,-0.07583052664995193,-0.6206454634666443,0.14881223440170288,0.3403055667877197,-0.23588305711746216,-0.07737155258655548,-0.19706325232982635,0.5882090330123901,-0.3413003981113434,-0.5877101421356201,0.3601512610912323,0.15697932243347168,0.031673695892095566,-0.2821848392486572,0.8960905075073242,0.23155920207500458,-0.0202161967754364,0.1494479775428772,-0.3884618282318115,-0.2808416187763214,0.22303913533687592,-0.0323689803481102,0.22920195758342743,-0.8788601160049438,0.15821343660354614,0.2228371798992157,-0.4614003002643585,0.5538217425346375,0.7914566993713379,-0.7717064619064331,-0.04808851704001427,0.0932660847902298,0.21168597042560577,0.1385059356689453,0.20556114614009857,-0.3994736671447754,0.36786872148513794,-0.3218131959438324,-0.4612084925174713,0.1526665985584259,0.4537758529186249,-0.42296698689460754,-0.30159327387809753,0.44481194019317627,-0.2886246144771576,0.17879030108451843,0.1040206179022789,0.20632575452327728,0.2318664789199829,0.07550274580717087,0.40483465790748596,0.27228206396102905,0.263934850692749,0.12152502685785294,-0.17580443620681763,-0.3739059865474701,0.04828463867306709,0.5664259791374207,-0.110756054520607,-0.19792917370796204,0.2333582639694214,-0.24080884456634521,-0.47200560569763184,0.8947582840919495,Peripheral,Peripheral,0.02156101324009266
180,1,0.002881844380403458,0.0,0.13210676667128096,4.690293198929448e-05,0.0,1,1,1.0,2,0.0,0,-0.6156426304691535,1,0.25,0.005366192984199543,0.002608652196365211,-1.000088900581841e-12,7,4,2.142857142857143,0,0,0,7,0.2857142857142857,0.14285714285714285,0.14117003977298737,0.30265945196151733,-0.2996993958950043,0.3769993185997009,-0.46278658509254456,0.14369474351406097,-0.0649615228176117,-0.17466431856155396,-1.1492950916290283,-0.6525999903678894,-0.46068811416625977,-0.44330549240112305,-0.6805245876312256,-0.2040010243654251,0.7148720026016235,0.5484028458595276,0.26450401544570923,-0.05177488178014755,0.7397683262825012,-0.7478220462799072,0.5358943343162537,-0.006580370012670755,-0.08545131981372833,-0.8863582015037537,-0.34088143706321716,-0.49906662106513977,0.0769263505935669,0.6626105308532715,-0.33639755845069885,0.007167060859501362,1.178987741470337,-0.5219890475273132,-0.2906409204006195,0.2522658109664917,0.5652490854263306,-0.27830055356025696,0.07461582124233246,-0.11748486012220383,-0.8158397078514099,0.1508912742137909,-0.07612085342407227,-0.6589593887329102,0.4668424129486084,0.4607909023761749,0.38653868436813354,0.1627560257911682,-0.8551601767539978,0.7218255996704102,0.8492285013198853,0.15334385633468628,-0.0053939432837069035,0.05887679383158684,0.6826221346855164,0.8592126369476318,-0.13427191972732544,-1.1683475971221924,1.0554933547973633,-0.03772580996155739,-0.10485855489969254,1.3460911512374878,-1.3550363779067993,1.0553395748138428,-0.6613404750823975,0.8400047421455383,Peripheral,Peripheral,0.02014871389258699
181,0,0.0,0.0,0.0,0.0,0.0,0,0,0.0,1,0.0,0,-0.8779599251907928,0,0.0,0.0,0.0,0.0,4,3,2.25,0,0,1,3,0.5,0.0,0.0,0.0,0.0,0.0,0.0,0.0,0.0,0.0,0.0,0.0,0.0,0.0,0.0,0.0,0.0,0.0,0.0,0.0,0.0,0.0,0.0,0.0,0.0,0.0,0.0,0.0,0.0,0.0,0.0,0.0,0.0,0.0,0.0,0.0,0.0,0.0,0.0,0.0,0.0,0.0,0.0,0.0,0.0,0.0,0.0,0.0,0.0,0.0,0.0,0.0,0.0,0.0,0.0,0.0,0.0,0.0,0.0,0.0,0.0,0.0,0.0,0.0,0.0,0.0,Peripheral,Peripheral,0.007651031342243072
182,2,0.005763688760806916,0.0003478202928486948,0.15939119898695123,0.0006137417788245181,0.0,2,0,0.6666666666666666,3,0.0,0,-0.3533253357475142,1,0.25,0.00510437024523281,0.00815198924923765,-1.000088900581841e-12,11,8,2.909090909090909,0,5,4,2,0.2727272727272727,0.45454545454545453,-0.307809978723526,-0.4628206789493561,-0.3572862446308136,-0.09209497272968292,0.1297229677438736,0.544668972492218,-0.03502718359231949,-0.014260536059737206,-0.7704914808273315,-0.41015273332595825,0.20154444873332977,0.5011186003684998,-0.013660211116075516,0.20794549584388733,0.5600754022598267,0.5202940106391907,-0.3655390739440918,-0.10802730172872543,0.09845000505447388,-0.12643568217754364,-0.040340326726436615,0.8534673452377319,-0.5907813906669617,-0.20689861476421356,0.012520600110292435,-0.38452985882759094,-0.1674572378396988,0.2644787132740021,0.0666670948266983,-0.5065708160400391,0.7816922068595886,1.0654772520065308,0.4529736638069153,0.4562784433364868,-0.3140067160129547,-0.3195733428001404,0.5946725606918335,-0.032591696828603745,-0.7282705903053284,0.30839577317237854,0.2894402742385864,-0.33677247166633606,0.41076672077178955,0.7701894640922546,0.038238853216171265,-0.19159279763698578,-0.3381428122520447,-0.046027980744838715,0.4693176746368408,0.2204849272966385,-0.6470727920532227,-0.47455185651779175,0.9973462820053101,-0.30139338970184326,-0.2469896674156189,0.164465069770813,-0.1370925009250641,0.12816716730594635,-0.7595940828323364,-0.09679354727268219,0.5622236132621765,0.6335122585296631,0.3277643322944641,0.21207261085510254,Enabler,Peripheral,0.023424989716047465
183,2,0.005763688760806916,0.0007205032955195371,0.17024451079191524,0.0026121866835325048,0.0,2,0,0.6666666666666666,3,0.75,1,-0.6156426304691535,2,0.5,0.0020738077440125226,0.0026580857037986753,0.6931471805579453,3,2,1.0,0,0,2,1,0.0,0.0,-0.25964057445526123,-0.376704603433609,-0.15145976841449738,0.8185501098632812,0.37373432517051697,-0.4723857045173645,0.38059163093566895,0.1509898155927658,-0.42712175846099854,-0.21482455730438232,0.42775091528892517,-0.7445308566093445,-0.5245538949966431,-0.4600866138935089,0.3271666169166565,0.10722891986370087,0.4427635371685028,-0.46369025111198425,0.46693509817123413,-0.029767127707600594,-0.23989947140216827,0.18579399585723877,-0.38888415694236755,-0.2939417064189911,-0.24335336685180664,0.6188695430755615,-0.05927920341491699,0.3378586769104004,0.5017566680908203,0.03767191991209984,0.5923717021942139,0.5748199224472046,0.3008069097995758,0.08789753168821335,0.42154619097709656,0.0004417134914547205,0.38080212473869324,-0.13862855732440948,0.31022271513938904,0.1567138135433197,-0.25861284136772156,-0.08740024268627167,0.2998087406158447,0.4330730736255646,-0.38916683197021484,0.8508964776992798,-0.2206515222787857,-0.3639770746231079,0.09351292997598648,-0.19380654394626617,-0.28589949011802673,-0.1481875330209732,0.19463258981704712,0.1837037205696106,0.4719174802303314,-0.1614731252193451,0.03761458024382591,-0.06162930279970169,-0.5720127820968628,0.20416776835918427,0.31571775674819946,0.1573067009449005,-0.18089792132377625,0.27956196665763855,Peripheral,Peripheral,0.027757979693774974
184,3,0.008645533141210374,0.024044858130734374,0.16370373142707437,0.004422559532425457,0.0,2,1,0.5,4,0.0,0,-0.0910080410258749,1,0.25,0.026938714115552653,0.013285618072334445,-1.000088900581841e-12,4,2,1.25,0,0,0,4,0.0,0.0,0.03131384775042534,0.21985861659049988,-0.6047145128250122,0.04719071835279465,-0.16222843527793884,0.05095648393034935,-0.49992334842681885,0.22524107992649078,-0.07402296364307404,0.4084225594997406,0.870344877243042,0.08016075193881989,-0.22310979664325714,0.4361115097999573,0.6035091876983643,-0.0906486064195633,0.8161830306053162,-0.4177178144454956,0.20158790051937103,-0.3032439053058624,-0.24439869821071625,1.0400958061218262,0.08797451853752136,-0.9663917422294617,-0.07702363282442093,0.5697429180145264,0.26054444909095764,0.0009262051316909492,0.7108525037765503,-0.5783007740974426,0.5413494110107422,0.03390484303236008,0.2877359986305237,0.42491471767425537,-0.24040506780147552,-0.40499261021614075,0.5591509938240051,-0.17202527821063995,0.1532941311597824,0.15592432022094727,-0.2261303961277008,-0.3811001777648926,0.18438008427619934,0.6080805063247681,-0.45333847403526306,-0.4246342182159424,-0.270671010017395,0.19809633493423462,0.310370534658432,-0.09311144053936005,0.04405279457569122,-0.11298669874668121,-0.061990879476070404,0.40224167704582214,-0.5513293147087097,0.05595163628458977,0.583521842956543,-0.20785018801689148,-0.19385488331317902,0.2165614515542984,0.05914553254842758,-0.2525460720062256,0.09654585272073746,0.12020332366228104,Peripheral,Peripheral,0.019473220743310895
185,1,0.002881844380403458,0.0,0.16317394588847542,0.0021999254012428767,0.0,1,1,1.0,2,0.0,0,-0.6156426304691535,1,0.25,0.005366192984199543,0.004487431718263415,-1.000088900581841e-12,8,3,1.875,0,0,0,8,0.375,0.0,-0.04652198776602745,-0.018262362107634544,-0.3477243185043335,0.5143266320228577,-0.058077696710824966,-0.0969797745347023,-0.059236422181129456,0.06302298605442047,0.3328230381011963,0.04551767185330391,0.5748353004455566,0.35827088356018066,-0.3216400742530823,-0.18824513256549835,0.6159731149673462,0.1281057596206665,0.23712758719921112,-0.044236473739147186,0.3007601499557495,-0.7918115854263306,-0.2382054626941681,1.461962103843689,0.02086056023836136,-0.6171162724494934,0.08122674375772476,-0.04193545877933502,-0.016978954896330833,0.31371188163757324,0.46012234687805176,0.006048246286809444,-0.008235589601099491,0.16163279116153717,0.0030162110924720764,-0.028683338314294815,-0.2388247847557068,-0.35050883889198303,0.3128187954425812,0.2168249785900116,-0.1815759390592575,0.40528571605682373,-0.2963312566280365,-0.4888800084590912,0.43069157004356384,0.4816627502441406,0.12198656052350998,-0.12102969735860825,0.6435173153877258,0.4292002022266388,0.4573015570640564,0.7203887701034546,0.010603810660541058,-0.33687612414360046,-0.08484688401222229,0.39657771587371826,0.07316844165325165,-0.39584219455718994,0.380729615688324,-0.017641382291913033,-0.5154961943626404,0.05032925680279732,0.22851093113422394,-0.4261891841888428,-0.04479560628533363,0.14336059987545013,Peripheral,Peripheral,0.019692007507536708
186,6,0.017291066282420747,0.004886082975704191,0.1991602999850121,0.040491022283273115,0.0,3,1,0.2857142857142857,7,0.0,0,0.695943843139043,1,0.25,0.0070850340235351535,0.008651590563071935,-1.000088900581841e-12,7,6,2.4285714285714284,2,1,4,0,0.2857142857142857,0.14285714285714285,-0.06594851613044739,-0.5030741691589355,0.12183328717947006,0.22724957764148712,0.005217510275542736,-0.31995469331741333,0.3367483615875244,0.03276629373431206,-0.36502617597579956,0.2745712101459503,0.3767789602279663,0.23143354058265686,-0.20835930109024048,-0.12024874985218048,0.5335620641708374,0.5785439610481262,0.017606083303689957,-0.5237439274787903,0.4813804030418396,-0.2623962461948395,0.06257021427154541,0.5722028613090515,-0.2794279456138611,-0.2693718671798706,0.04731990396976471,-0.2551719546318054,-0.2405882477760315,0.28162646293640137,0.5629294514656067,-0.4414135217666626,0.09780053049325943,-0.13994410634040833,0.264451265335083,0.04065113887190819,-0.012216477654874325,0.21813958883285522,-0.0023211881052702665,-0.3532651662826538,0.14116039872169495,0.08866904675960541,0.15330971777439117,-0.9065538644790649,0.3230615258216858,0.538628101348877,0.019640622660517693,-0.2462788075208664,-0.2760078012943268,0.09042558073997498,0.08379869163036346,0.020333465188741684,-0.2968100905418396,-0.07587894052267075,0.10906711965799332,0.013522488996386528,-0.25106656551361084,0.08581473678350449,-0.04726283997297287,0.3882274031639099,-0.08830831944942474,-0.28311967849731445,-0.3243881165981293,-0.2298046350479126,0.24283014237880707,-0.3082464635372162,Enabler,Peripheral,0.02333628323377978
187,5,0.01440922190201729,0.004951125251953157,0.23634726224783859,0.05587200645205927,0.2,3,1,0.4666666666666667,6,0.0,0,0.43362654841740367,1,0.25,0.020573534878414134,0.03703222175343946,-1.000088900581841e-12,16,10,2.6875,2,5,7,2,0.4375,0.1875,-0.08099023252725601,0.11990154534578323,0.3462740182876587,0.17154599726200104,0.19461341202259064,-0.21935099363327026,0.3396015465259552,0.11000526696443558,-0.6072027683258057,0.02605796605348587,0.26736122369766235,0.5605384707450867,-0.4314010441303253,-0.07418359816074371,0.4704537093639374,0.0013050822308287024,0.36029329895973206,-0.05117165297269821,0.6889275312423706,0.011352467350661755,0.02663552574813366,0.3295230567455292,0.022890103980898857,-0.5802484750747681,0.6073575019836426,-0.01809803955256939,-0.2014375925064087,0.14695972204208374,0.5142816305160522,-0.41790643334388733,0.23796750605106354,0.2018190324306488,0.09384647011756897,-0.07483895868062973,-0.01132042147219181,-0.36296144127845764,0.12582549452781677,-0.03914922475814819,0.01238295529037714,-0.11763996630907059,0.040028832852840424,0.027071049436926842,-0.19265598058700562,0.6396779417991638,0.42948368191719055,0.16644838452339172,-0.38529273867607117,0.02304699458181858,0.1073683425784111,0.0948052778840065,0.16329708695411682,-0.12509950995445251,0.4926449656486511,-0.36305445432662964,0.026892423629760742,-0.34165576100349426,0.18585243821144104,0.09169475734233856,0.04057756066322327,0.329296350479126,-0.07936913520097733,-0.41799476742744446,0.05948677286505699,-0.03489675372838974,Enabler,Peripheral,0.027469767334356562
188,2,0.005763688760806916,0.005159334343922306,0.16379236365849129,0.0022277104648518735,0.0,1,1,0.6666666666666666,3,0.0,0,-0.3533253357475142,1,0.25,0.010699261320348472,0.01121402053537018,-1.000088900581841e-12,7,6,2.142857142857143,0,0,3,4,0.14285714285714285,0.14285714285714285,-0.24470749497413635,-0.4834340214729309,0.06284283846616745,0.1464073210954666,-0.09732364118099213,0.30904620885849,0.2967938184738159,0.07955105602741241,-0.13167531788349152,-0.6897642612457275,0.6272862553596497,-0.3015139102935791,-0.8812255859375,-0.13498437404632568,0.1817087084054947,-0.025625886395573616,0.11793754249811172,0.05236859992146492,0.9046510457992554,-0.1844618171453476,0.45913565158843994,0.7673023343086243,-0.704235315322876,-0.7573990225791931,-0.6658391952514648,0.14170758426189423,0.08230844140052795,0.5876295566558838,0.799491822719574,-0.48850658535957336,0.7219768166542053,0.5096088647842407,0.9803905487060547,0.22294661402702332,-0.0782865360379219,-0.0173609908670187,0.3654051125049591,0.24436093866825104,-0.39135539531707764,0.10560450702905655,0.05648943781852722,0.30400794744491577,0.5337892770767212,0.38112694025039673,-0.3595913350582123,0.16763323545455933,0.11450725048780441,-0.14227846264839172,0.3339351415634155,0.03533452749252319,0.4386368691921234,-0.14689582586288452,0.5205211043357849,-0.5896657705307007,0.32986709475517273,0.07824928313493729,0.2711898386478424,0.2897739112377167,-0.2355242371559143,0.16786310076713562,-0.3398702144622803,0.5903573632240295,0.336365669965744,0.08356520533561707,Peripheral,Peripheral,0.020811745019022304
189,0,0.0,0.0,0.0,0.0,0.0,0,0,0.0,1,0.0,0,-0.8779599251907928,0,0.0,0.0,0.0,0.0,6,3,1.8333333333333333,0,0,3,3,0.16666666666666666,0.16666666666666666,0.0,0.0,0.0,0.0,0.0,0.0,0.0,0.0,0.0,0.0,0.0,0.0,0.0,0.0,0.0,0.0,0.0,0.0,0.0,0.0,0.0,0.0,0.0,0.0,0.0,0.0,0.0,0.0,0.0,0.0,0.0,0.0,0.0,0.0,0.0,0.0,0.0,0.0,0.0,0.0,0.0,0.0,0.0,0.0,0.0,0.0,0.0,0.0,0.0,0.0,0.0,0.0,0.0,0.0,0.0,0.0,0.0,0.0,0.0,0.0,0.0,0.0,0.0,0.0,Peripheral,Peripheral,0.006886920559684426
190,4,0.011527377521613832,0.01981938887437515,0.19798723539085958,0.019324780747218367,0.0,2,1,0.4,5,0.0,0,0.17130925369576439,1,0.25,0.026864277509362183,0.012094456389271969,-1.000088900581841e-12,9,8,2.111111111111111,0,4,3,2,0.1111111111111111,0.1111111111111111,-0.291436105966568,-0.3462327718734741,-0.0195256806910038,0.18831360340118408,-0.06778562813997269,0.2138650119304657,0.2937209904193878,-0.05002247542142868,-0.050289858132600784,-0.4705686569213867,0.6402424573898315,-0.26462090015411377,-0.4602905511856079,0.04285085201263428,0.2085188627243042,0.12358065694570541,0.07295577228069305,-0.10369183123111725,0.7057591676712036,0.0011446968419477344,0.304700642824173,0.5674216151237488,-0.4481363594532013,-0.45911455154418945,-0.2243867963552475,0.39824965596199036,-0.356717586517334,0.4180954694747925,0.7184978127479553,-0.28475767374038696,0.6007444858551025,0.5399592518806458,0.5410162806510925,0.30532440543174744,-0.05058636888861656,0.03408171609044075,0.21816547214984894,0.06381265074014664,-0.2593916654586792,0.10987193882465363,0.02318611554801464,0.12433166801929474,0.37354424595832825,0.3549911081790924,-0.2841818034648895,0.17066287994384766,0.08649425208568573,-0.17263753712177277,0.4733545780181885,0.12875819206237793,0.16118374466896057,-0.06176020950078964,0.27695250511169434,-0.4783933758735657,0.5641955733299255,0.00988011248409748,0.01356846559792757,0.18053564429283142,-0.5129836797714233,0.21949821710586548,-0.3453146815299988,0.46798890829086304,0.3226490914821625,0.11334728449583054,Enabler,Peripheral,0.023632887465344747
191,3,0.008645533141210374,0.007320197058183029,0.19380172689124497,0.009816604053921704,0.0,2,0,0.5,4,0.0,0,-0.0910080410258749,1,0.25,0.0168510148136296,0.015175372501518144,-1.000088900581841e-12,15,7,2.4,1,8,6,0,0.13333333333333333,0.2,-0.11468580365180969,0.047202497720718384,-0.5900592803955078,0.43788912892341614,-0.24599406123161316,0.02491426095366478,-0.4516979157924652,0.314455509185791,0.09189454466104507,0.3316448926925659,0.7230931520462036,0.3923358917236328,-0.10082162916660309,0.017727110534906387,0.4702748656272888,0.05078110471367836,0.7608568072319031,-0.3926829397678375,0.19062195718288422,-0.3496306240558624,-0.04433732107281685,0.9682968258857727,-0.0043827202171087265,-1.048702597618103,-0.04520558565855026,0.02313275821506977,0.14575348794460297,0.2747787535190582,0.45765742659568787,-0.6009297370910645,0.534932553768158,-0.057519469410181046,0.08376841247081757,-0.08449266105890274,0.06487668305635452,-0.31748655438423157,0.4611679017543793,0.07293767482042313,0.3344299793243408,0.2372191697359085,-0.20473578572273254,-0.4322185218334198,0.07998616248369217,0.6525325179100037,-0.23940134048461914,-0.38051700592041016,-0.23273560404777527,0.09510254859924316,0.6742404103279114,0.15511532127857208,0.028112096711993217,-0.4001754820346832,-0.24727001786231995,0.3981296122074127,-0.2543894350528717,0.15379805862903595,0.5583325028419495,0.08828475326299667,-0.40896856784820557,0.32756003737449646,0.16275304555892944,-0.3336358368396759,-0.1259935051202774,-0.03913913667201996,Enabler,Peripheral,0.02421823097529959
192,2,0.005763688760806916,3.4153508691663984e-05,0.16658837867689064,0.00671031836209594,0.0,2,0,0.6666666666666666,3,0.0,0,-0.3533253357475142,1,0.25,0.0055702280056902104,0.002868871902344998,-1.000088900581841e-12,13,7,2.230769230769231,0,0,3,10,0.3076923076923077,0.07692307692307693,-0.06788552552461624,-0.3163411319255829,-0.3238098919391632,0.4382052421569824,-0.1670035570859909,-0.09750986844301224,0.3793445825576782,0.17081859707832336,-0.24659223854541779,0.2598651349544525,0.21690252423286438,0.2687380611896515,0.11483035981655121,-0.2463427633047104,0.7425135970115662,0.6457833647727966,0.036237720400094986,-0.42782703042030334,0.6630002856254578,-0.5225948095321655,-0.011444158852100372,0.8856611847877502,-0.20694921910762787,-0.29907435178756714,-0.0883120447397232,-0.22517600655555725,-0.3511560261249542,0.26655423641204834,0.5242848992347717,-0.7079606652259827,0.680972158908844,-0.34818413853645325,0.37563464045524597,-0.001548396423459053,-0.08782763034105301,0.02566950023174286,-0.10752560198307037,-0.3297180235385895,0.26707032322883606,0.21002927422523499,0.45725488662719727,-0.7971359491348267,0.4367518723011017,0.3360363245010376,0.04980434104800224,0.0516105517745018,-0.24862556159496307,0.1975451409816742,0.28320184350013733,0.02530120685696602,-0.346389502286911,-0.044894732534885406,-0.3602375388145447,0.12370353192090988,-0.1410941630601883,0.09493076056241989,0.010396943427622318,0.16286170482635498,-0.10887613892555237,-0.3559374213218689,-0.32009464502334595,-0.4030590057373047,0.20305024087429047,-0.31836968660354614,Peripheral,Peripheral,0.022166546405735253
193,0,0.0,0.0,0.0,0.0,0.0,0,0,0.0,1,0.0,0,-0.8779599251907928,0,0.0,0.0,0.0,0.0,7,5,1.8571428571428572,0,0,2,5,0.2857142857142857,0.0,0.0,0.0,0.0,0.0,0.0,0.0,0.0,0.0,0.0,0.0,0.0,0.0,0.0,0.0,0.0,0.0,0.0,0.0,0.0,0.0,0.0,0.0,0.0,0.0,0.0,0.0,0.0,0.0,0.0,0.0,0.0,0.0,0.0,0.0,0.0,0.0,0.0,0.0,0.0,0.0,0.0,0.0,0.0,0.0,0.0,0.0,0.0,0.0,0.0,0.0,0.0,0.0,0.0,0.0,0.0,0.0,0.0,0.0,0.0,0.0,0.0,0.0,0.0,0.0,Peripheral,Peripheral,0.007195967221275863
194,1,0.002881844380403458,0.0,0.15947522175921636,0.001140712625732071,0.0,1,1,1.0,2,0.0,0,-0.6156426304691535,1,0.25,0.0,0.0028451669712018534,-1.000088900581841e-12,6,5,2.5,0,0,2,4,0.3333333333333333,0.16666666666666666,-0.26442766189575195,-0.2948800027370453,-0.008725011721253395,-0.36250704526901245,-0.11719626188278198,-0.30413350462913513,0.3146008551120758,0.03649124130606651,-0.38101500272750854,-0.24024488031864166,0.727042555809021,0.2910365164279938,-0.5017175674438477,0.5325011014938354,0.39587754011154175,0.6173616051673889,0.12027386575937271,-0.04606502130627632,0.48107394576072693,-0.18230019509792328,-0.2810571789741516,0.018303891643881798,0.2907908260822296,-0.5421483516693115,0.24865996837615967,-0.01759805716574192,0.3099326491355896,0.1556081920862198,1.0196017026901245,-0.47617992758750916,0.44041571021080017,0.20948375761508942,0.26623520255088806,0.4385668635368347,-0.01787215657532215,-0.7641381025314331,0.6373039484024048,0.038572411984205246,0.07130969315767288,0.3599773049354553,-0.23431211709976196,0.3772396445274353,0.06592411547899246,0.5979046821594238,0.26907455921173096,-0.06759680062532425,-0.3175514042377472,-0.15255701541900635,0.4357789158821106,-0.06497476994991302,-0.6778795123100281,-0.09484618157148361,0.44296377897262573,-0.3835286498069763,-0.3790009915828705,-0.45663145184516907,0.34490036964416504,0.18392731249332428,0.1278602033853531,0.4996022582054138,-0.15333309769630432,-0.8136212825775146,0.2975200414657593,0.24985964596271515,Peripheral,Peripheral,0.02083417930649344
195,2,0.005763688760806916,0.0002611945949138399,0.19195716730788923,0.005522524682861124,0.0,2,0,0.6666666666666666,3,0.0,0,-0.3533253357475142,1,0.25,0.004981252787572972,0.012640109704280714,-1.000088900581841e-12,11,6,2.090909090909091,0,0,3,8,0.2727272727272727,0.09090909090909091,0.3745298683643341,-0.09380223602056503,0.4711477756500244,-0.2632095217704773,-0.007708053104579449,-0.15106572210788727,0.46772605180740356,-0.4951312839984894,-0.40348953008651733,0.15468092262744904,0.22134414315223694,0.17427769303321838,-0.5588684678077698,-0.040165286511182785,0.10404948890209198,0.18221977353096008,0.3494711220264435,0.06365494430065155,0.2085343599319458,-0.18055489659309387,-0.2609401345252991,0.32359206676483154,0.026650264859199524,-0.5178035497665405,0.2519705891609192,-0.02283666469156742,0.010884758085012436,0.24734841287136078,0.5617048144340515,-0.7421834468841553,0.12419214844703674,0.23659341037273407,0.6628618240356445,0.13650967180728912,-0.11306241899728775,-0.20698735117912292,0.4022692143917084,-0.15219072997570038,0.14204025268554688,-0.07709524035453796,0.1383860558271408,-0.27192041277885437,0.47862741351127625,1.148136019706726,-0.08362024277448654,-0.29622358083724976,-0.042496293783187866,-0.2620217800140381,1.1029160022735596,-0.6123594641685486,-0.5637175440788269,0.02074601501226425,0.3737550377845764,0.21856911480426788,-0.2601780891418457,-0.29643234610557556,-0.1763354241847992,-0.2635539472103119,-0.06330622732639313,0.16244754195213318,-0.3282245099544525,-0.6168490052223206,-0.08542447537183762,0.5579530596733093,Peripheral,Peripheral,0.021212449236050444
196,3,0.008645533141210374,4.830837400676317e-05,0.19110833586685622,0.010191266644620707,0.0,2,0,0.5,4,0.0,0,-0.0910080410258749,1,0.25,0.005548378548477927,0.0056856514244197276,-1.000088900581841e-12,12,5,2.1666666666666665,0,0,4,8,0.16666666666666666,0.16666666666666666,-0.13328158855438232,-0.2942364811897278,0.19945725798606873,0.4095199704170227,-0.31190359592437744,-0.058583814650774,-0.2993757128715515,0.4636442959308624,-0.6872257590293884,-0.5103899836540222,0.5423343181610107,0.32175692915916443,-0.0788692981004715,-0.06548677384853363,0.8801299333572388,-0.11877401918172836,-0.11249463260173798,0.03202400356531143,0.04203339293599129,-0.3494582772254944,0.43641024827957153,0.018828952684998512,0.16779546439647675,-1.0223544836044312,0.10015898197889328,0.2777274549007416,-0.7710744738578796,0.20074069499969482,0.5459129810333252,-0.5614699721336365,-0.09835102409124374,0.019780956208705902,0.29505252838134766,0.28641748428344727,0.011787512339651585,-0.04183162748813629,0.30298084020614624,-0.0907324030995369,-0.3784181475639343,-0.029499981552362442,0.23465648293495178,-0.2935519814491272,-0.06364952772855759,0.35089588165283203,0.10488095134496689,0.17797055840492249,-0.18861764669418335,0.1948549747467041,0.2650541365146637,-0.09451023489236832,0.2865027189254761,0.18011292815208435,0.30703529715538025,0.05239512026309967,-0.125067800283432,-0.23780889809131622,0.19916711747646332,0.4258961081504822,-0.17353127896785736,-0.35698142647743225,0.16908495128154755,-0.3656582236289978,-0.38070234656333923,0.4135598838329315,Peripheral,Peripheral,0.021903583529926562
197,4,0.011527377521613832,0.002608652196365211,0.23690250248804498,0.05468429243181335,0.3333333333333333,3,1,0.6,5,0.0,0,0.17130925369576439,1,0.25,0.00037668360493335075,0.05983739282306387,-1.000088900581841e-12,4,4,2.25,0,1,2,1,0.25,0.0,-0.19184856116771698,-0.31733542680740356,0.25044724345207214,-0.03698963299393654,-0.17416398227214813,-0.11427944153547287,0.030858755111694336,0.48953741788864136,0.2032991647720337,0.11537771672010422,0.4387072026729584,0.30018845200538635,-0.1965532898902893,-0.35436806082725525,0.14741626381874084,0.45057010650634766,0.17154894769191742,-0.2568821609020233,0.15401701629161835,-0.14044348895549774,-0.06837256252765656,0.24260558187961578,0.001387326861731708,-0.655000627040863,0.2931497395038605,-0.27656903862953186,-0.24317596852779388,0.5991969108581543,0.41590172052383423,-0.5799524784088135,-0.008659674786031246,-0.01302160881459713,0.32898780703544617,0.14331844449043274,0.007727525662630796,-0.12495395541191101,0.2718724310398102,-0.20482663810253143,-0.0312751941382885,0.09148669242858887,0.00883793830871582,-0.4736732244491577,0.339464008808136,0.39447471499443054,-0.29939180612564087,0.1564166098833084,-0.2077367752790451,0.20473451912403107,0.03887162730097771,0.0734243392944336,-0.4534422755241394,0.21657446026802063,0.41727811098098755,-0.02277873270213604,0.2967510521411896,-0.28074076771736145,0.24915505945682526,-0.07768523693084717,0.021811990067362785,-0.2751538157463074,0.025720546022057533,0.07946296036243439,0.17862214148044586,0.5404647588729858,Enabler,Peripheral,0.022363864985876697
198,2,0.005763688760806916,0.002608652196365211,0.16891373292977857,0.002959533674613136,0.0,1,1,0.6666666666666666,3,0.0,0,-0.3533253357475142,1,0.25,0.016065454304548015,0.003198497442987789,-1.000088900581841e-12,5,3,2.8,0,0,1,4,0.4,0.2,0.3948449492454529,0.1851576864719391,0.7405582070350647,0.16354557871818542,0.07360226660966873,-0.629802405834198,-0.08849499374628067,0.2388140708208084,-0.14417386054992676,-0.23501765727996826,0.14836804568767548,0.36223968863487244,-0.6103581786155701,-0.5291560292243958,0.34995248913764954,0.5798826217651367,-0.15663012862205505,-0.06738520413637161,0.3504246771335602,0.04419511556625366,0.10109701007604599,0.4749564528465271,0.06128475442528725,-0.38310572504997253,0.14338718354701996,0.26236602663993835,0.30884554982185364,0.33027899265289307,0.5100882649421692,0.011837092228233814,0.3260301947593689,-0.13849303126335144,0.02787884511053562,0.5841619372367859,-0.5581934452056885,0.004577815067023039,0.49327367544174194,-0.12791292369365692,-0.4981231093406677,0.07854680716991425,-0.6512551307678223,-0.5451737642288208,0.26570504903793335,0.18466432392597198,0.015564288012683392,0.048538144677877426,0.7379003167152405,0.2886027693748474,0.8098980188369751,0.2958332300186157,-0.45031481981277466,-0.872958242893219,-0.2703908681869507,-0.2852758765220642,-0.06977955251932144,-0.03831597417593002,0.39864757657051086,0.31007933616638184,-0.5497475266456604,0.05293290689587593,0.17793290317058563,-0.1162416934967041,-0.018097855150699615,0.47300633788108826,Peripheral,Peripheral,0.022336086408055882
199,1,0.002881844380403458,0.0,0.15740088224621926,0.0006053683955223592,0.0,1,1,1.0,2,1.0,1,-0.8779599251907928,1,0.25,0.005366192984199543,0.011941830054471855,-1.000088900581841e-12,8,5,2.0,0,0,1,7,0.375,0.0,0.2306150645017624,-0.17036637663841248,0.25474029779434204,0.05369383841753006,0.11636749655008316,-0.627955973148346,0.6490086317062378,0.26487603783607483,-0.7778165340423584,0.31539902091026306,-0.13520099222660065,-0.8325267434120178,-0.3352670669555664,0.24440798163414001,0.4996859133243561,0.11371176689863205,-0.06913179159164429,0.4753280580043793,0.1709202229976654,-0.06044665351510048,0.5373820662498474,-0.009408630430698395,-0.05603539198637009,-0.16153159737586975,0.37436243891716003,-0.17457394301891327,0.02894117496907711,0.26732832193374634,-0.04489831253886223,-0.48900482058525085,0.8388938903808594,-0.1445167511701584,-0.3486127257347107,-0.0667341947555542,-0.2752987742424011,-0.19385361671447754,0.8719524145126343,0.3604176640510559,-0.30065813660621643,0.4149768054485321,-0.14511048793792725,0.07982474565505981,0.678117036819458,0.34092289209365845,0.3722607493400574,0.038705211132764816,-0.27706557512283325,-0.017532600089907646,-0.14683151245117188,0.14468121528625488,0.12465713918209076,0.3488200008869171,0.0473814532160759,-0.10799254477024078,-0.3280569911003113,0.3914353847503662,-0.4699099063873291,0.704396665096283,-0.10783304274082184,0.36765986680984497,-0.10018614679574966,0.5602393746376038,0.5250139236450195,1.1261334419250488,Peripheral,Peripheral,0.019988186039729787
200,4,0.011527377521613832,0.004540773653045207,0.19380172689124497,0.018047814305896286,0.0,2,1,0.4,5,0.0,0,0.17130925369576439,1,0.25,0.023322002171843353,0.005361351177245965,-1.000088900581841e-12,14,8,2.2857142857142856,1,3,6,4,0.21428571428571427,0.21428571428571427,-0.09399966150522232,0.05159653350710869,-0.494000107049942,0.4552091658115387,0.2977231740951538,0.14945511519908905,0.2656908333301544,0.08842240273952484,-0.14525380730628967,0.24166709184646606,0.4495043456554413,0.0999503880739212,-0.011670093983411789,-0.3754192292690277,0.49641117453575134,0.3740033805370331,0.4314647614955902,-0.11368116736412048,0.6968526840209961,-0.1627708226442337,0.12391608208417892,0.8448504209518433,0.2580801546573639,-0.558100700378418,-0.27398544549942017,0.20585671067237854,0.09322646260261536,0.6888054609298706,0.3824455142021179,-0.25060799717903137,0.18390165269374847,-0.05076141655445099,0.12107177823781967,0.6032165288925171,-0.5161656141281128,-0.1462322622537613,0.9106087684631348,-0.0254218727350235,-0.0498972162604332,-0.02243228070437908,0.5834285020828247,-0.21132171154022217,0.23135867714881897,0.25946876406669617,0.3623534142971039,-0.06679414212703705,0.3299710750579834,-0.12235455214977264,0.084925077855587,0.32535654306411743,-0.2967866063117981,0.15418857336044312,0.24354344606399536,0.35749784111976624,0.11723215878009796,-0.263578325510025,-0.14208468794822693,-0.44947564601898193,-0.1296265572309494,-0.08257566392421722,0.10625924915075302,-0.31366410851478577,-0.35420534014701843,0.001088204444386065,Enabler,Peripheral,0.024064493879446983
201,3,0.008645533141210374,0.0028451669712018534,0.19220107730446848,0.010026835926812219,0.0,2,1,0.5,4,0.0,0,-0.0910080410258749,1,0.25,0.010915924609654112,0.0020520730810562942,-1.000088900581841e-12,15,9,3.0,2,5,5,3,0.2,0.4666666666666667,-0.24528828263282776,-0.20264282822608948,-0.10500121116638184,-0.3646901547908783,-0.12553943693637848,-0.24912171065807343,0.32336360216140747,0.027782652527093887,-0.43576163053512573,-0.0823616087436676,0.7116447687149048,0.21928036212921143,-0.29962047934532166,0.33453109860420227,0.34330540895462036,0.4311562180519104,0.23542360961437225,-0.0024413098581135273,0.5127941370010376,-0.008141335099935532,-0.3603723347187042,0.18644078075885773,0.11710899323225021,-0.4721924066543579,0.25388094782829285,0.14729632437229156,0.334903746843338,0.024250226095318794,1.0310384035110474,-0.47960737347602844,0.3996735215187073,0.05769326165318489,0.31707191467285156,0.2737242877483368,0.049566980451345444,-0.6056635975837708,0.5611057281494141,-0.04369296506047249,-0.03153850510716438,0.3106421232223511,-0.10363921523094177,0.3832518458366394,0.008139405399560928,0.7999250292778015,0.24639146029949188,-0.03555811569094658,-0.21374090015888214,-0.01666712388396263,0.41886839270591736,-0.03812035545706749,-0.6568117141723633,-0.16990721225738525,0.20876851677894592,-0.19776587188243866,-0.20707818865776062,-0.541126549243927,0.18590407073497772,0.06642504781484604,0.31990382075309753,0.391870379447937,-0.20684479176998138,-0.7123475670814514,0.2355952262878418,0.23918776214122772,Enabler,Peripheral,0.02548271098729048
202,6,0.017291066282420747,0.018157268621127397,0.24555559714061154,0.08717115942847513,0.0,3,0,0.2857142857142857,7,0.30555555555555547,1,0.43362654841740367,2,0.5,0.03654140040060014,0.07358582868180231,0.4505612088643047,6,4,3.5,1,5,0,0,0.5,0.5,0.08520354330539703,-0.05520577356219292,0.0073369406163692474,0.1527957320213318,0.13023577630519867,-0.3917480409145355,-0.1435823142528534,0.3014318645000458,0.03444145247340202,0.16033422946929932,0.4933610260486603,0.28640154004096985,-0.3050600588321686,-0.18679511547088623,0.3851737976074219,0.22389407455921173,0.15101516246795654,-0.006311214063316584,0.19941987097263336,-0.5401738882064819,-0.15038640797138214,0.7271446585655212,-0.1710418164730072,-0.3372063636779785,-0.02156723663210869,0.2968488931655884,0.15889957547187805,0.21897178888320923,0.4142054617404938,-0.17449107766151428,-0.2094276249408722,0.08828777074813843,-0.024155134335160255,0.20446878671646118,-0.28423094749450684,-0.09623946994543076,0.4168221354484558,0.052143294364213943,-0.09589113295078278,0.19165104627609253,-0.08650027215480804,-0.338453084230423,0.2525128722190857,0.5080259442329407,0.011652625165879726,0.014822700060904026,0.1516776978969574,-0.07986509054899216,0.3253404200077057,0.29690736532211304,-0.19580724835395813,-0.4847716987133026,0.25078874826431274,-0.30132973194122314,0.07064405828714371,-0.05363310128450394,0.3043785095214844,0.2283303588628769,-0.41657739877700806,0.06628736853599548,-0.19985513389110565,-0.1885160207748413,-0.19434164464473724,0.20889244973659515,Broker,Broker,0.4242008583478242
203,1,0.002881844380403458,0.0,0.1669561234421818,0.008957077620187917,0.0,1,1,1.0,2,0.0,0,-0.6156426304691535,1,0.25,0.0,0.02117268638854452,-1.000088900581841e-12,10,4,2.3,0,0,2,8,0.5,0.1,0.10240177065134048,0.03886549174785614,0.4789823293685913,-0.16024145483970642,-0.039078641682863235,-0.4721822738647461,-0.2450801134109497,0.15185382962226868,-0.012758595868945122,0.026956629008054733,0.5588462948799133,0.29351040720939636,0.18736526370048523,0.16729718446731567,0.6182676553726196,0.40343743562698364,0.15159276127815247,-0.3590121567249298,0.4929540157318115,-0.3281655013561249,0.3398912250995636,0.8170864582061768,-0.6270805597305298,-0.32321155071258545,0.02874147705733776,0.37081608176231384,0.04425295442342758,0.15032847225666046,0.6501907706260681,0.054440584033727646,0.4682145118713379,0.3686586618423462,0.08847178518772125,0.1546156406402588,-0.3916053771972656,-0.1541943997144699,0.15823829174041748,-0.054978106170892715,-0.36234211921691895,0.21588660776615143,0.007939565926790237,-0.5508077144622803,0.30986738204956055,0.5436129570007324,0.18077452480793,-0.23038622736930847,0.267942875623703,-0.3247213363647461,0.11528708785772324,0.1805541217327118,-0.1319340020418167,-0.21165606379508972,0.22702540457248688,-0.3710533082485199,0.10504209995269775,0.03512803837656975,0.2814730107784271,0.09067201614379883,-0.16363126039505005,-0.19234076142311096,-0.47124069929122925,-0.020043164491653442,-0.4976288974285126,0.36267492175102234,Peripheral,Peripheral,0.021563741881570894
204,0,0.0,0.0,0.0,0.0,0.0,0,0,0.0,1,0.0,0,-0.8779599251907928,0,0.0,0.0,0.0,0.0,7,5,2.0,0,0,2,5,0.2857142857142857,0.0,0.0,0.0,0.0,0.0,0.0,0.0,0.0,0.0,0.0,0.0,0.0,0.0,0.0,0.0,0.0,0.0,0.0,0.0,0.0,0.0,0.0,0.0,0.0,0.0,0.0,0.0,0.0,0.0,0.0,0.0,0.0,0.0,0.0,0.0,0.0,0.0,0.0,0.0,0.0,0.0,0.0,0.0,0.0,0.0,0.0,0.0,0.0,0.0,0.0,0.0,0.0,0.0,0.0,0.0,0.0,0.0,0.0,0.0,0.0,0.0,0.0,0.0,0.0,0.0,Peripheral,Peripheral,0.007621260792273254
205,2,0.005763688760806916,0.014492512202028946,0.16732549539669989,0.009076090214654555,0.0,1,1,0.6666666666666666,3,0.0,0,-0.3533253357475142,1,0.25,0.0,0.016557258221508185,-1.000088900581841e-12,10,5,1.9,0,0,3,7,0.4,0.0,0.2756125330924988,0.20951619744300842,0.17383936047554016,0.0663280114531517,0.12608294188976288,-0.2762351632118225,-0.4890802800655365,0.13470563292503357,-0.1483278125524521,0.07019581645727158,0.8352404236793518,0.11619795113801956,-0.015657931566238403,0.4262259006500244,0.636256992816925,0.6991173624992371,-0.0722818449139595,-0.3192574679851532,0.7795055508613586,-0.1955169290304184,0.2440064400434494,0.24581949412822723,-1.0564378499984741,-0.8135865926742554,0.17604991793632507,0.16233931481838226,0.149779811501503,0.12125016748905182,0.46435537934303284,0.13857907056808472,0.47966375946998596,0.12405061721801758,0.3325546085834503,-0.086387038230896,-0.29170382022857666,-0.33918219804763794,0.3880436420440674,-0.47210946679115295,-0.2951892912387848,0.3635637164115906,-0.21447868645191193,-0.7795518636703491,0.29569146037101746,0.3083348274230957,0.08278968185186386,0.01464049145579338,0.5351678133010864,-0.18201620876789093,0.18445061147212982,0.35004758834838867,0.10173052549362183,-0.24008770287036896,0.6476006507873535,-0.4452091455459595,-0.161509707570076,-0.24763447046279907,0.08627543598413467,0.19925957918167114,-0.46104681491851807,-0.3874988257884979,-0.5245968103408813,-0.08253172785043716,-0.5603339672088623,0.2195041924715042,Peripheral,Peripheral,0.021414068936280027
206,4,0.011527377521613832,0.026723460814686153,0.2404805212060679,0.07408878672468973,0.0,2,0,0.4,5,0.0,0,0.17130925369576439,1,0.25,0.028930664710343723,0.10281949326440329,-1.000088900581841e-12,14,6,2.7142857142857144,0,11,3,0,0.2857142857142857,0.2857142857142857,-0.4864576458930969,-0.08729525655508041,0.16470986604690552,0.26503196358680725,0.05695516616106033,-0.4960559904575348,0.2326938509941101,0.2166086584329605,-0.30990520119667053,-0.053555864840745926,0.2484569400548935,-0.22564397752285004,-0.11157593131065369,-0.2804778218269348,0.39668992161750793,0.4271087050437927,0.44801071286201477,-0.31399503350257874,0.43521127104759216,-0.05687204375863075,-0.10165395587682724,0.49157431721687317,0.19364887475967407,-0.6952522993087769,-0.19882270693778992,0.021082617342472076,0.036386728286743164,0.3254624605178833,0.3873009979724884,-0.21129979193210602,0.1971079707145691,0.301161527633667,0.1973342001438141,0.2750350832939148,-0.05205391347408295,-0.036093585193157196,0.31919142603874207,0.009798994287848473,0.04844537749886513,0.015440382063388824,0.1381603330373764,-0.2749013900756836,0.049405284225940704,0.1816074699163437,-0.09840951859951019,0.2091732770204544,-0.18779142200946808,-0.39906731247901917,0.03095330484211445,0.1517786979675293,-0.10276588052511215,-0.2041948288679123,0.3660905659198761,-0.014533729292452335,0.33606773614883423,-0.23256346583366394,-0.07797222584486008,-0.07176266610622406,-0.2710520923137665,0.19692590832710266,0.327543705701828,-0.09377643465995789,-0.2756052613258362,0.148382768034935,Broker,Peripheral,0.029795072977945137
207,1,0.002881844380403458,0.0,0.002881844380403458,5.2634322472132326e-21,0.0,1,1,1.0,2,1.0,1,-0.8779599251907928,1,0.25,1.656232402530723e-05,0.0,-1.000088900581841e-12,6,5,1.6666666666666667,0,0,2,4,0.3333333333333333,0.0,-0.8672094345092773,0.48733964562416077,-0.9320783615112305,0.8201350569725037,-0.37315016984939575,-0.26813286542892456,-0.6970978379249573,0.5318429470062256,-1.5697033405303955,0.08415248245000839,-0.2833956778049469,-1.3983718156814575,-0.891473650932312,0.6422362327575684,0.2714694142341614,-0.4060923457145691,-0.6820418238639832,-0.4000805616378784,0.8310621380805969,-0.5540914535522461,1.5578422546386719,1.9396376609802246,0.15319861471652985,-0.994579553604126,0.8117055892944336,-0.10107899457216263,0.11949009448289871,-0.27786946296691895,-0.17205026745796204,-0.3623264729976654,0.6303712129592896,-0.48646754026412964,1.3748199939727783,0.21538399159908295,-0.9373455047607422,-0.6830989718437195,1.2872886657714844,-0.8301459550857544,-0.7940815687179565,1.6327285766601562,0.14235803484916687,-1.6582210063934326,0.2922340929508209,0.5057566165924072,-0.6598185896873474,0.713422954082489,-0.9242488145828247,-0.18564331531524658,0.08629537373781204,-1.0428661108016968,-0.16226205229759216,-0.014754483476281166,0.7651463747024536,0.8522590398788452,-0.12290152907371521,-1.334784984588623,0.2183564007282257,-0.48725152015686035,-0.15048325061798096,-0.10169929265975952,-0.44992533326148987,0.6018362045288086,-1.0941956043243408,1.5664477348327637,Peripheral,Peripheral,0.018299556398175112
208,1,0.002881844380403458,0.0,0.16006587072869494,0.0022319351281960046,0.0,1,1,1.0,2,0.0,0,-0.6156426304691535,1,0.25,0.005366192984199542,0.01710116439839416,-1.000088900581841e-12,11,6,2.1818181818181817,0,0,4,7,0.36363636363636365,0.0,-0.598091721534729,-0.634877622127533,-0.003899211762472987,-0.35204818844795227,-0.15808632969856262,0.05502771586179733,0.34804320335388184,0.59871906042099,0.12306369096040726,-0.35803157091140747,0.530580997467041,0.4116932153701782,-0.6829972267150879,-0.14125202596187592,1.0074738264083862,0.6483430862426758,-0.06976431608200073,-0.10483770072460175,0.29224494099617004,-0.11742700636386871,0.14996418356895447,0.6748982071876526,-0.22046448290348053,-0.43329137563705444,0.5467332005500793,-0.45860013365745544,-0.34988322854042053,0.11151643842458725,0.2791534960269928,-0.7631044387817383,0.13004203140735626,-0.14676690101623535,0.0550423264503479,0.2940833568572998,-0.0271137822419405,-0.32350751757621765,0.4949299097061157,-0.2727510929107666,0.35343262553215027,-0.17024777829647064,0.3195350766181946,-0.836726188659668,0.10333427786827087,0.4215252995491028,-0.0050849029794335365,0.6386574506759644,0.1816752552986145,0.4179604947566986,-0.3516233563423157,-0.22537949681282043,0.02985931560397148,-0.2867296636104584,0.60956871509552,0.45976364612579346,0.05901922285556793,-0.12114851176738739,0.31030669808387756,-0.006196525413542986,0.3588712215423584,-0.10404950380325317,0.3074887692928314,0.2672846019268036,0.1875310242176056,0.7413276433944702,Peripheral,Peripheral,0.02132144002364024
209,3,0.008645533141210374,0.012957236283176214,0.23597854577007285,0.036722471362706094,0.0,2,0,0.5,4,0.0,0,-0.0910080410258749,1,0.25,0.004981252787572972,0.07220214363141653,-1.000088900581841e-12,10,8,3.0,3,2,3,2,0.4,0.3,0.06512737274169922,-0.12379032373428345,0.3586794137954712,-0.2515809237957001,-0.04915163666009903,-0.20993033051490784,0.2787565290927887,-0.10269119590520859,-0.320577472448349,0.10810684412717819,0.3938380479812622,0.18779562413692474,-0.2752400040626526,0.19331738352775574,0.08263799548149109,0.16985581815242767,0.3243955969810486,-0.07483810186386108,0.020259611308574677,-0.24445337057113647,-0.22336433827877045,0.10643147677183151,0.04386404529213905,-0.4675251543521881,0.03834947198629379,0.006161071825772524,0.0840323343873024,0.24070219695568085,0.8061180710792542,-0.4583674967288971,0.34882113337516785,0.2626435458660126,0.5169333219528198,0.2353428602218628,-0.13176335394382477,-0.10760273784399033,0.4852944612503052,-0.20337055623531342,-0.10052181780338287,0.018099317327141762,-0.0079884584993124,-0.15143729746341705,0.3837760090827942,0.8433479070663452,-0.04210512340068817,-0.20282061398029327,-0.047737620770931244,-0.12110196799039841,0.7450540065765381,-0.41391879320144653,-0.5865844488143921,0.07607859373092651,0.17671330273151398,0.3491200804710388,0.04186603054404259,-0.30231645703315735,-0.014438815414905548,-0.09050766378641129,-0.023520013317465782,0.20382343232631683,-0.31087741255760193,-0.45936742424964905,-0.08927621692419052,0.35251548886299133,Enabler,Peripheral,0.026073965329010736
210,4,0.011527377521613832,0.004487431718263415,0.19759927869185723,0.019337255445529465,0.0,2,1,0.4,5,0.0,0,0.17130925369576439,1,0.25,0.017012638586907353,0.006601661171252557,-1.000088900581841e-12,18,13,1.9444444444444444,2,6,7,3,0.16666666666666666,0.1111111111111111,0.04724368080496788,-0.00556093268096447,-0.47298532724380493,0.6441450119018555,-0.21135638654232025,-0.07393797487020493,-0.11294855922460556,-0.04209567978978157,0.11987994611263275,0.08998318761587143,0.5123704671859741,0.3617798089981079,-0.2047368288040161,-0.19163799285888672,0.5564000010490417,0.1601538211107254,0.4487112760543823,-0.1097259446978569,0.2276979237794876,-0.5043922066688538,-0.10861440002918243,1.1827733516693115,0.008622420951724052,-0.5650333762168884,0.045165885239839554,-0.06814596801996231,0.025365883484482765,0.5208256840705872,0.3890818655490875,-0.03909038379788399,0.06383254379034042,0.03787093237042427,0.03501565009355545,0.20620693266391754,-0.3647317886352539,-0.19358046352863312,0.3204728364944458,0.1863936334848404,-0.19736529886722565,0.3548170030117035,-0.1764897257089615,-0.45781707763671875,0.2852153480052948,0.6700944900512695,0.036369502544403076,-0.031022071838378906,0.5109131336212158,0.12743008136749268,0.37942418456077576,0.4101942181587219,-0.037737466394901276,-0.4670041799545288,-0.13668611645698547,0.09638301283121109,-0.1949237734079361,-0.4986598789691925,0.2695067822933197,-0.05331995338201523,-0.17944245040416718,0.13459371030330658,-0.00978301651775837,-0.3277333676815033,-0.30198004841804504,0.08675409108400345,Enabler,Peripheral,0.02383338107359505
211,1,0.002881844380403458,0.0,0.12144700749788576,2.921107737506837e-05,0.0,1,1,1.0,2,0.0,0,-0.6156426304691535,1,0.25,0.0,0.002608652196365211,-1.000088900581841e-12,7,5,2.2857142857142856,0,0,2,5,0.42857142857142855,0.0,-0.3273080587387085,-0.7053712606430054,0.12348028272390366,0.36850765347480774,-0.04025829955935478,0.6025486588478088,0.3335747718811035,0.10365986824035645,-0.10348352789878845,-0.7880419492721558,0.4422294497489929,-0.4103300869464874,-1.0677999258041382,-0.15647217631340027,0.33896973729133606,0.12841670215129852,0.13725130259990692,0.17932826280593872,1.1323785781860352,-0.12088882923126221,0.4710693359375,1.1009899377822876,-0.962218165397644,-1.0661873817443848,-0.8331826329231262,-0.07196276634931564,0.16624966263771057,0.43364661931991577,0.8505155444145203,-0.381913959980011,0.9011017084121704,0.25100499391555786,1.1096341609954834,0.22809962928295135,-0.27850908041000366,-0.25344735383987427,0.4330751895904541,0.20100554823875427,-0.5568887591362,0.044034335762262344,0.13230842351913452,0.5367739200592041,0.6024878025054932,0.46005040407180786,-0.542780876159668,0.1350841224193573,0.06514942646026611,-0.1839805692434311,0.46194228529930115,0.11714174598455429,0.7951831817626953,-0.09247462451457977,0.56104975938797,-0.6292440295219421,0.1447000503540039,-0.17069534957408905,0.26791495084762573,0.4103655517101288,-0.22589857876300812,0.10696148872375488,-0.532264769077301,1.0033339262008667,0.3651423454284668,0.4146713614463806,Peripheral,Peripheral,0.020381459329936864
212,4,0.011527377521613832,0.0010902037119437113,0.23877229335219688,0.0838203765913135,0.3333333333333333,3,0,0.6,5,0.0,0,0.17130925369576439,1,0.25,0.00337945068803703,0.10312019166937582,-1.000088900581841e-12,10,4,2.5,0,7,3,0,0.4,0.1,0.014216088689863682,0.12072113156318665,0.3582261800765991,0.30018964409828186,-0.07720035314559937,-0.21819080412387848,0.2367767095565796,0.0053895809687674046,-0.4999828636646271,-0.02001960203051567,0.28077903389930725,0.4669674038887024,-0.26096418499946594,0.15914995968341827,0.43558254837989807,0.09173338115215302,0.18602953851222992,0.034455422312021255,0.4158640205860138,-0.18566375970840454,0.13162828981876373,0.24088965356349945,-0.01830003783106804,-0.6943448781967163,0.2393667995929718,0.2798895537853241,-0.3459083139896393,0.32916975021362305,0.3137666881084442,-0.47015616297721863,0.2658541798591614,0.1648891419172287,0.2399541586637497,0.1400984674692154,-0.03769369050860405,-0.01894310675561428,0.16793256998062134,0.08949971944093704,-0.09461715072393417,-0.16871051490306854,0.19045396149158478,-0.06350443512201309,-0.168023481965065,0.41250190138816833,0.11019491404294968,0.3513363003730774,-0.18377698957920074,-0.01837809383869171,-0.02492174319922924,0.15519380569458008,-0.05255775526165962,-0.13779373466968536,0.2941485345363617,-0.014968562871217728,-0.02541220560669899,-0.24140223860740662,0.17883612215518951,0.13753697276115417,-0.1748044639825821,-0.07099351286888123,-0.015833698213100433,-0.2311926633119583,-0.014364545233547688,0.11815934628248215,Broker,Peripheral,0.02592373145414305
213,2,0.005763688760806916,0.002608652196365211,0.1395408190393143,0.0002567574768557235,0.0,1,1,0.6666666666666666,3,0.0,0,-0.3533253357475142,1,0.25,0.010699261320348472,0.002579667171961153,-1.000088900581841e-12,11,7,2.4545454545454546,0,2,4,5,0.18181818181818182,0.2727272727272727,-0.19836533069610596,-0.7419064044952393,0.04365362226963043,0.32633069157600403,-0.0622430145740509,0.35011646151542664,0.2879953682422638,0.1747588962316513,-0.10572008043527603,-0.7264045476913452,0.4956000745296478,-0.3858594298362732,-1.012403130531311,-0.09118087589740753,0.346040815114975,0.1100594699382782,0.1240730807185173,0.23901702463626862,1.1350404024124146,0.13229496777057648,0.5706834197044373,1.0331166982650757,-0.7660184502601624,-0.8591927289962769,-0.7131367325782776,-0.06261993199586868,0.051277440041303635,0.5268714427947998,0.9536667466163635,-0.4745388329029083,0.8531166911125183,0.46393224596977234,1.2166011333465576,0.3574380874633789,-0.2626652121543884,-0.12157812714576721,0.29174119234085083,0.3017434775829315,-0.5074971914291382,0.15814334154129028,0.1522264927625656,0.302490770816803,0.47050565481185913,0.27420371770858765,-0.47308868169784546,0.09745429456233978,0.08927604556083679,-0.20931290090084076,0.3105813264846802,-0.04387872666120529,0.49752166867256165,-0.08285462856292725,0.5401750802993774,-0.6832790970802307,0.2128702700138092,-0.20905165374279022,0.33031854033470154,0.44036757946014404,-0.138794407248497,0.20000633597373962,-0.34796199202537537,0.8023183941841125,0.3040553331375122,0.23606722056865692,Enabler,Peripheral,0.022416189192006945
214,3,0.008645533141210374,0.0006374992371418727,0.1926907615778557,0.008566118248526728,0.0,2,0,0.5,4,0.0,0,-0.0910080410258749,1,0.25,0.001272300438582275,0.01214207179437686,-1.000088900581841e-12,7,5,1.4285714285714286,0,0,1,6,0.0,0.0,-0.25572672486305237,-0.14414049685001373,-0.024728581309318542,-0.38370925188064575,-0.1585400253534317,-0.26607218384742737,0.09804315865039825,-0.14403250813484192,-0.25106319785118103,0.10628806799650192,0.6556747555732727,0.1980993002653122,-0.5400352478027344,0.43820247054100037,0.26873505115509033,0.31098002195358276,0.3573625385761261,-0.22320252656936646,0.21095500886440277,0.04711538180708885,-0.16379043459892273,0.3517829179763794,0.2850340008735657,-0.6098015904426575,0.01271212287247181,0.25540193915367126,0.3923629820346832,0.24985727667808533,0.8960565328598022,-0.3150717616081238,0.3213099241256714,0.13155600428581238,0.3759147822856903,0.38313087821006775,-0.09659118950366974,-0.6504409909248352,0.6869219541549683,-0.10205519944429398,0.19054095447063446,-0.0983353704214096,-0.014473452232778072,0.012571355327963829,0.31587597727775574,0.7381114959716797,0.058471787720918655,-0.09873713552951813,-0.2599933445453644,-0.06399603188037872,0.8795852065086365,-0.3853035569190979,-0.506447970867157,0.19028393924236298,0.17611704766750336,0.03374240919947624,-0.41016167402267456,-0.2929474711418152,0.2171286791563034,-0.19063514471054077,0.15454185009002686,0.187740758061409,-0.09408208727836609,-0.5276039242744446,-0.08167091757059097,0.3551445007324219,Peripheral,Peripheral,0.018327336765883107
215,1,0.002881844380403458,0.0,0.15955933316309778,0.0010116393371493273,0.0,1,1,1.0,2,0.0,0,-0.6156426304691535,1,0.25,0.005366192984199542,0.01273447020433951,-1.000088900581841e-12,6,5,2.6666666666666665,0,0,2,4,0.3333333333333333,0.16666666666666666,-0.4066797196865082,0.11803745478391647,0.0702407956123352,0.44691115617752075,0.08658201992511749,-0.5339166522026062,0.4310828149318695,0.45819374918937683,-0.7732820510864258,-0.0850537121295929,-0.0019771635998040438,-0.36118340492248535,0.23236015439033508,-0.70170658826828,0.2885351777076721,1.0096813440322876,0.7204618453979492,-0.13384641706943512,0.658614993095398,-0.2128077894449234,-0.1343751698732376,0.9430581331253052,0.3852161765098572,-0.9859203100204468,-0.25368693470954895,-0.12099570035934448,0.35334575176239014,0.42561617493629456,0.7858680486679077,-0.27455613017082214,0.3396416902542114,0.26809027791023254,0.4366472661495209,0.3515652120113373,-0.2547619938850403,0.11171533912420273,0.45803728699684143,0.18143421411514282,0.07012317329645157,-0.019899744540452957,0.0706150159239769,0.1655394285917282,0.20884969830513,0.047460321336984634,0.058072105050086975,-0.027100656181573868,-0.230130136013031,-0.24296611547470093,-0.1319931447505951,0.31710174679756165,0.009596548043191433,-0.12768563628196716,0.5639914870262146,0.49562525749206543,0.5535609126091003,-0.41656482219696045,-0.1400076299905777,-0.33405014872550964,-0.23653094470500946,0.08799882233142853,0.394724577665329,0.2974244952201843,-0.7237025499343872,0.2978452444076538,Peripheral,Peripheral,0.02151591242652425
216,5,0.01440922190201729,0.00793169374649247,0.24067183426987546,0.07729123314785645,0.0,2,0,0.3333333333333333,6,0.0,0,0.43362654841740367,1,0.25,0.017759030585461105,0.08079220946557797,-1.000088900581841e-12,8,4,2.75,0,7,1,0,0.5,0.25,-0.012264343909919262,-0.14861345291137695,-0.15389348566532135,0.3503336012363434,0.12089572846889496,0.10445065051317215,0.11677978932857513,-0.051785971969366074,-0.04971133917570114,0.27673840522766113,0.5417795777320862,0.291876882314682,-0.020688220858573914,-0.14194083213806152,0.4770309627056122,0.20079317688941956,0.10760009288787842,-0.29489877820014954,0.4157966375350952,-0.5140691995620728,-0.0401277095079422,0.7788465023040771,0.12875527143478394,-0.31341567635536194,0.09513147920370102,0.09607437252998352,-0.1409321278333664,0.3574361503124237,0.41512155532836914,-0.44879674911499023,0.09641346335411072,-0.18894703686237335,0.2605953514575958,0.12302137911319733,-0.3566419184207916,-0.12914109230041504,0.36640676856040955,0.25111180543899536,0.07470237463712692,0.15613116323947906,0.09296226501464844,-0.21471469104290009,0.31691989302635193,0.2552083432674408,0.14073798060417175,0.02097320556640625,0.10980216413736343,-0.1416652947664261,0.25414666533470154,0.528924822807312,-0.17590180039405823,-0.06866470724344254,0.21544945240020752,0.25246351957321167,0.06998986005783081,-0.2647642493247986,0.1322130709886551,0.004579899366945028,-0.23753945529460907,0.012073027901351452,0.1208256334066391,-0.1919214278459549,-0.35425227880477905,-0.07287625223398209,Broker,Peripheral,0.026883189910558936
217,0,0.0,0.0,0.0,0.0,0.0,0,0,0.0,1,0.0,0,-0.8779599251907928,0,0.0,0.0,0.0,0.0,5,5,2.2,0,0,2,3,0.4,0.0,0.0,0.0,0.0,0.0,0.0,0.0,0.0,0.0,0.0,0.0,0.0,0.0,0.0,0.0,0.0,0.0,0.0,0.0,0.0,0.0,0.0,0.0,0.0,0.0,0.0,0.0,0.0,0.0,0.0,0.0,0.0,0.0,0.0,0.0,0.0,0.0,0.0,0.0,0.0,0.0,0.0,0.0,0.0,0.0,0.0,0.0,0.0,0.0,0.0,0.0,0.0,0.0,0.0,0.0,0.0,0.0,0.0,0.0,0.0,0.0,0.0,0.0,0.0,0.0,Peripheral,Peripheral,0.007740342992152525
218,0,0.0,0.0,0.0,0.0,0.0,0,0,0.0,1,0.0,0,-0.8779599251907928,0,0.0,0.0,0.0,0.0,11,6,1.3636363636363635,0,0,2,9,0.09090909090909091,0.0,0.0,0.0,0.0,0.0,0.0,0.0,0.0,0.0,0.0,0.0,0.0,0.0,0.0,0.0,0.0,0.0,0.0,0.0,0.0,0.0,0.0,0.0,0.0,0.0,0.0,0.0,0.0,0.0,0.0,0.0,0.0,0.0,0.0,0.0,0.0,0.0,0.0,0.0,0.0,0.0,0.0,0.0,0.0,0.0,0.0,0.0,0.0,0.0,0.0,0.0,0.0,0.0,0.0,0.0,0.0,0.0,0.0,0.0,0.0,0.0,0.0,0.0,0.0,0.0,Peripheral,Peripheral,0.006679428847773578
219,2,0.005763688760806916,0.0001787409838250237,0.19159246084688625,0.007701086673397857,0.0,2,0,0.6666666666666666,3,0.0,0,-0.3533253357475142,1,0.25,0.005053073047209987,0.008637054188669184,-1.000088900581841e-12,7,5,2.142857142857143,0,0,3,4,0.14285714285714285,0.14285714285714285,0.11660446226596832,0.034665029495954514,0.5173398852348328,0.21150285005569458,0.16141965985298157,-0.354545921087265,0.5762120485305786,-0.37277308106422424,-0.7693793177604675,-0.003080582246184349,0.1331477016210556,0.5328261256217957,-0.6209346652030945,-0.0689282938838005,0.5302824974060059,0.15391813218593597,0.7057608962059021,0.2827364206314087,0.9848941564559937,-0.06126314401626587,-0.01410712394863367,0.666153609752655,0.008393334224820137,-0.4240897297859192,0.7349196672439575,-0.07388035207986832,-0.3515142798423767,0.3713306188583374,0.3850089907646179,-0.3512948751449585,0.1785849630832672,-0.06149934232234955,0.476929634809494,-0.3856613039970398,0.16907340288162231,-0.17001956701278687,0.006053307559341192,-0.19867219030857086,-0.04620350897312164,-0.08608268946409225,0.08916784822940826,-0.1846376210451126,-0.23152388632297516,0.8394235372543335,0.18482935428619385,0.007439717650413513,-0.5552048683166504,-0.022876158356666565,0.4103145897388458,-0.25634878873825073,0.13193771243095398,-0.16186241805553436,0.6459712982177734,0.09692838788032532,-0.2266865223646164,-0.27658888697624207,0.0858999490737915,0.008394944481551647,-0.042928967624902725,0.18505579233169556,-0.30947864055633545,-0.4874906539916992,0.11796103417873383,0.002414670307189226,Peripheral,Peripheral,0.020514889526330467
220,4,0.011527377521613832,0.0044623217256782415,0.19682790870347,0.01883588721858625,0.0,2,0,0.4,5,0.0,0,0.17130925369576439,1,0.25,0.01682027234973596,0.01235490297115997,-1.000088900581841e-12,10,7,2.0,0,3,3,4,0.4,0.0,-0.2568626403808594,-0.5708922743797302,-0.03799410164356232,0.4818650484085083,0.15274785459041595,-0.485304057598114,0.1770901381969452,0.21379022300243378,-0.4953864812850952,-0.18920856714248657,0.3607700765132904,-0.5477915406227112,-0.3146437704563141,-0.3953903615474701,0.34873783588409424,0.15418967604637146,0.5637772679328918,-0.3243667781352997,0.7271691560745239,-0.01029637549072504,-0.39541491866111755,0.35754063725471497,-0.3556140661239624,-0.3855592608451843,-0.2338322103023529,0.5025245547294617,-0.23433499038219452,0.41364118456840515,0.4356839954853058,0.09821377694606781,0.4438604414463043,0.5302005410194397,0.5230829119682312,0.32932040095329285,0.255068302154541,-0.016107330098748207,0.22835741937160492,-0.1614323854446411,0.31922629475593567,0.07350070774555206,-0.3117075264453888,0.020207460969686508,0.12182288616895676,0.5230263471603394,-0.34819111227989197,0.5822233557701111,0.005402203183621168,-0.14588378369808197,0.007074076682329178,0.048213593661785126,-0.22073374688625336,-0.16235879063606262,0.29611557722091675,0.19954846799373627,0.38113394379615784,-0.11696477979421616,0.04171360284090042,-0.08880066126585007,-0.3367741107940674,0.18899674713611603,0.2988951504230499,0.30165740847587585,-0.16470900177955627,0.08889931440353394,Enabler,Peripheral,0.022060909896932858
221,10,0.02881844380403458,0.02117268638854452,0.20317293195247374,0.07873220801106051,0.0,3,1,0.18181818181818182,11,0.0,0,1.7452130220256001,1,0.25,0.00676044541472876,0.010989983611705953,-1.000088900581841e-12,14,8,2.4285714285714284,1,4,6,3,0.2857142857142857,0.14285714285714285,-0.03185516595840454,0.03503222018480301,0.3116697669029236,0.04904542863368988,-0.24567444622516632,-0.5487746596336365,-0.04757511243224144,0.13328734040260315,-0.0898314043879509,-0.08077908307313919,0.43423038721084595,0.19011667370796204,0.0010761134326457977,0.22759541869163513,0.4281259775161743,0.146905317902565,-0.11203277111053467,-0.37943941354751587,0.5267770886421204,-0.1543390154838562,0.13196474313735962,0.6477782130241394,-0.6383985280990601,-0.4644199311733246,-0.017339635640382767,0.08127167075872421,-0.04029211774468422,0.38453349471092224,0.6230089068412781,-0.09422219544649124,0.44310110807418823,0.18166665732860565,0.12936416268348694,0.013680897653102875,-0.45545992255210876,-0.1559343785047531,0.4298176169395447,-0.14070166647434235,-0.2555147707462311,0.09786254912614822,-0.15122705698013306,-0.6083216667175293,0.00011995605018455535,0.48739638924598694,0.02220495045185089,-0.21760913729667664,0.36216869950294495,-0.25865399837493896,0.23161402344703674,0.23444879055023193,-0.09170505404472351,-0.22643332183361053,0.26912903785705566,-0.3952789008617401,0.16067427396774292,0.02175077050924301,0.21421653032302856,0.17217902839183807,-0.24881717562675476,-0.16670498251914978,-0.3495800495147705,0.04627896100282669,-0.44273877143859863,0.06973286718130112,Enabler,Peripheral,0.02797704276117183
222,0,0.0,0.0,0.0,0.0,0.0,0,0,0.0,1,0.0,0,-0.8779599251907928,0,0.0,0.0,0.0,0.0,7,5,1.4285714285714286,0,0,1,6,0.14285714285714285,0.0,0.0,0.0,0.0,0.0,0.0,0.0,0.0,0.0,0.0,0.0,0.0,0.0,0.0,0.0,0.0,0.0,0.0,0.0,0.0,0.0,0.0,0.0,0.0,0.0,0.0,0.0,0.0,0.0,0.0,0.0,0.0,0.0,0.0,0.0,0.0,0.0,0.0,0.0,0.0,0.0,0.0,0.0,0.0,0.0,0.0,0.0,0.0,0.0,0.0,0.0,0.0,0.0,0.0,0.0,0.0,0.0,0.0,0.0,0.0,0.0,0.0,0.0,0.0,0.0,Peripheral,Peripheral,0.00592008650828369
223,0,0.0,0.0,0.0,0.0,0.0,0,0,0.0,1,0.0,0,-0.8779599251907928,0,0.0,0.0,0.0,0.0,4,3,2.0,0,0,0,4,0.25,0.0,0.0,0.0,0.0,0.0,0.0,0.0,0.0,0.0,0.0,0.0,0.0,0.0,0.0,0.0,0.0,0.0,0.0,0.0,0.0,0.0,0.0,0.0,0.0,0.0,0.0,0.0,0.0,0.0,0.0,0.0,0.0,0.0,0.0,0.0,0.0,0.0,0.0,0.0,0.0,0.0,0.0,0.0,0.0,0.0,0.0,0.0,0.0,0.0,0.0,0.0,0.0,0.0,0.0,0.0,0.0,0.0,0.0,0.0,0.0,0.0,0.0,0.0,0.0,0.0,Peripheral,Peripheral,0.0069067675929976365
224,4,0.011527377521613832,0.012322983125385212,0.19555558867306622,0.011821553551996891,0.0,2,1,0.4,5,0.0,0,0.17130925369576439,1,0.25,0.016597891197911076,0.005592584472792672,-1.000088900581841e-12,12,8,2.1666666666666665,2,3,4,3,0.25,0.16666666666666666,0.3385182321071625,-0.23440071940422058,0.5585002899169922,0.3608085811138153,0.1359461098909378,-0.19834426045417786,0.6041166186332703,-0.40892931818962097,-0.5921720862388611,0.06815920770168304,-0.10778304934501648,0.49062836170196533,-0.6314569115638733,-0.11279594898223877,0.6255175471305847,0.4118506908416748,0.5687741041183472,0.08598213642835617,0.8128136992454529,-0.05558806285262108,-0.009411249309778214,0.6484207510948181,-0.15541411936283112,-0.2656044363975525,0.45564699172973633,-0.049758896231651306,-0.19866152107715607,0.0734572634100914,0.5887354016304016,-0.29858487844467163,0.02325333096086979,-0.20847611129283905,0.6164125800132751,-0.48362046480178833,0.07778840512037277,0.02406170219182968,0.19242100417613983,-0.37867864966392517,0.11604685336351395,0.052681878209114075,0.2915530502796173,-0.3329634666442871,0.1429673135280609,0.9550710916519165,-0.1049400195479393,-0.36438673734664917,-0.4962950348854065,-0.26604288816452026,0.7600208520889282,-0.5493274331092834,-0.18184258043766022,-0.08494441956281662,0.5347424745559692,0.21154695749282837,-0.1588185578584671,-0.25526535511016846,0.06803040206432343,-0.06241772696375847,-0.16856063902378082,0.1307179182767868,-0.2817970812320709,-0.35717591643333435,0.1542835831642151,0.1851651668548584,Enabler,Peripheral,0.023252996035956954
225,0,0.0,0.0,0.0,0.0,0.0,0,0,0.0,1,0.0,0,-0.8779599251907928,0,0.0,0.0,0.0,0.0,3,3,2.0,0,0,1,2,0.3333333333333333,0.0,0.0,0.0,0.0,0.0,0.0,0.0,0.0,0.0,0.0,0.0,0.0,0.0,0.0,0.0,0.0,0.0,0.0,0.0,0.0,0.0,0.0,0.0,0.0,0.0,0.0,0.0,0.0,0.0,0.0,0.0,0.0,0.0,0.0,0.0,0.0,0.0,0.0,0.0,0.0,0.0,0.0,0.0,0.0,0.0,0.0,0.0,0.0,0.0,0.0,0.0,0.0,0.0,0.0,0.0,0.0,0.0,0.0,0.0,0.0,0.0,0.0,0.0,0.0,0.0,Peripheral,Peripheral,0.006668603193239098
226,0,0.0,0.0,0.0,0.0,0.0,0,0,0.0,1,0.0,0,-0.8779599251907928,0,0.0,0.0,0.0,0.0,3,2,1.0,0,0,0,3,0.0,0.0,0.0,0.0,0.0,0.0,0.0,0.0,0.0,0.0,0.0,0.0,0.0,0.0,0.0,0.0,0.0,0.0,0.0,0.0,0.0,0.0,0.0,0.0,0.0,0.0,0.0,0.0,0.0,0.0,0.0,0.0,0.0,0.0,0.0,0.0,0.0,0.0,0.0,0.0,0.0,0.0,0.0,0.0,0.0,0.0,0.0,0.0,0.0,0.0,0.0,0.0,0.0,0.0,0.0,0.0,0.0,0.0,0.0,0.0,0.0,0.0,0.0,0.0,0.0,0.0,Peripheral,Peripheral,0.003691548196257358
227,2,0.005763688760806916,0.011912845030067797,0.13947648486732753,0.0005097300592330862,0.0,1,1,0.6666666666666666,3,0.0,0,-0.3533253357475142,1,0.25,0.016065454304548015,0.012022429065367187,-1.000088900581841e-12,13,9,2.3846153846153846,2,2,5,4,0.15384615384615385,0.23076923076923078,0.20524707436561584,0.4305778443813324,-0.5409662127494812,0.031709033995866776,0.07415368407964706,0.2060287445783615,-0.5213931202888489,0.298645555973053,-0.1711113601922989,0.010416810400784016,0.7042840719223022,0.07216961681842804,-0.2637459635734558,0.33002769947052,0.4848303198814392,0.14162959158420563,0.7931993007659912,-0.4671463966369629,0.2870679199695587,-0.2934146225452423,-0.062041398137807846,1.2299493551254272,0.03480879217386246,-1.1452105045318604,-0.17639151215553284,0.4428730607032776,0.4510195255279541,0.03176316246390343,1.0395243167877197,-0.6462153196334839,0.7573520541191101,-0.08786122500896454,0.2533744275569916,0.30376994609832764,-0.09114230424165726,-0.5544322729110718,0.7243635654449463,-0.04429183155298233,0.23392337560653687,0.22168543934822083,-0.25968819856643677,-0.6084432601928711,-0.08638416230678558,0.8261520862579346,-0.4296199679374695,-0.6368735432624817,-0.32354238629341125,0.1850290298461914,0.7262635231018066,-0.014414990320801735,0.09263604134321213,0.2777407765388489,-0.2840273380279541,0.5578914284706116,-0.6720220446586609,-0.060842983424663544,0.8400399088859558,-0.13033945858478546,-0.2946878969669342,0.3777540922164917,0.1835375726222992,-0.04078224301338196,0.4051758348941803,0.06230388209223747,Enabler,Peripheral,0.02355286581015038
228,3,0.008645533141210374,0.005217304392730422,0.23397099433660742,0.03676627749072372,0.0,1,1,0.5,4,0.0,0,-0.0910080410258749,1,0.25,0.026731590976845875,0.05945781468846718,-1.000088900581841e-12,10,7,2.7,0,5,1,4,0.3,0.3,0.08235984295606613,-0.12220732867717743,0.06248968094587326,0.39471548795700073,0.37118256092071533,-0.49037468433380127,0.5293616652488708,0.2893226146697998,0.11862662434577942,-0.4038505256175995,0.0826316848397255,0.49469104409217834,-0.05462304875254631,0.12026892602443695,0.5422870516777039,0.34879809617996216,-0.23891575634479523,-0.23222698271274567,0.18710501492023468,-0.08811569213867188,0.35286206007003784,0.44016411900520325,0.17394675314426422,-0.7220144271850586,-0.26902803778648376,0.498708039522171,-0.3925282657146454,0.05950150266289711,0.3983960449695587,-0.44978195428848267,0.3543526232242584,-0.25412118434906006,-0.35721731185913086,0.0815398320555687,-0.09795455634593964,-0.0690595731139183,0.29726845026016235,-0.18564936518669128,0.18225152790546417,0.023761717602610588,0.010391251184046268,-0.01305482443422079,0.07880130410194397,0.6123387813568115,-0.30218976736068726,0.07653684169054031,-0.3465366065502167,-0.25702622532844543,-0.09609055519104004,0.3904058039188385,-0.20987924933433533,-0.5367956161499023,0.5261159539222717,-0.1668562889099121,-0.3082316517829895,-0.4482615292072296,0.04475681483745575,-0.22938750684261322,0.07322022318840027,0.5566398501396179,-0.24437521398067474,0.2822059094905853,-0.21628810465335846,-0.06482193619012833,Enabler,Peripheral,0.025406946008004232
229,0,0.0,0.0,0.0,0.0,0.0,0,0,0.0,1,0.0,0,-0.8779599251907928,0,0.0,0.0,0.0,0.0,3,3,2.6666666666666665,0,0,1,2,0.6666666666666666,0.0,0.0,0.0,0.0,0.0,0.0,0.0,0.0,0.0,0.0,0.0,0.0,0.0,0.0,0.0,0.0,0.0,0.0,0.0,0.0,0.0,0.0,0.0,0.0,0.0,0.0,0.0,0.0,0.0,0.0,0.0,0.0,0.0,0.0,0.0,0.0,0.0,0.0,0.0,0.0,0.0,0.0,0.0,0.0,0.0,0.0,0.0,0.0,0.0,0.0,0.0,0.0,0.0,0.0,0.0,0.0,0.0,0.0,0.0,0.0,0.0,0.0,0.0,0.0,0.0,Peripheral,Peripheral,0.008653306524560258
230,1,0.002881844380403458,0.0,0.14310524866472726,0.0003366844989580237,0.0,1,1,1.0,2,0.0,0,-0.6156426304691535,1,0.25,0.005366192984199543,0.002608652196365211,-1.000088900581841e-12,12,5,2.0833333333333335,0,0,1,11,0.3333333333333333,0.08333333333333333,0.4646712839603424,0.2326926589012146,0.8039026260375977,0.2400665283203125,-0.05943121761083603,-0.6443385481834412,0.2211797833442688,0.17769815027713776,-0.14184176921844482,-0.3291589319705963,0.07697159051895142,0.15381459891796112,-0.7455834746360779,-0.5835617780685425,0.2538791000843048,0.6313963532447815,-0.3066302537918091,-0.23218192160129547,0.47842639684677124,-0.061431627720594406,-0.17122022807598114,0.5223788022994995,0.17114228010177612,-0.5319527983665466,0.5000065565109253,0.14830932021141052,0.5310461521148682,0.22117950022220612,0.6628448963165283,-0.1888905018568039,0.2539345920085907,0.007677232380956411,0.14261989295482635,0.647205650806427,-0.5900177359580994,-0.000609695678576827,0.6854739785194397,-0.06493061780929565,-0.7047147750854492,-0.0698578879237175,-0.5896035432815552,-0.6307451725006104,0.4113423824310303,0.15629492700099945,0.12474421411752701,0.16807086765766144,1.126081943511963,0.22385360300540924,0.6809900999069214,0.35151633620262146,-0.30500850081443787,-0.9236571788787842,-0.09871403872966766,-0.22389207780361176,-0.2362157553434372,0.0006825526361353695,0.2903170883655548,0.13151302933692932,-0.4898800849914551,0.15642255544662476,0.2524365782737732,-0.02027958258986473,0.20940731465816498,0.6070212125778198,Peripheral,Peripheral,0.02117613336738908
231,0,0.0,0.0,0.0,0.0,0.0,0,0,0.0,1,0.0,0,-0.8779599251907928,0,0.0,0.0,0.0,0.0,8,6,1.875,0,0,2,6,0.125,0.125,0.0,0.0,0.0,0.0,0.0,0.0,0.0,0.0,0.0,0.0,0.0,0.0,0.0,0.0,0.0,0.0,0.0,0.0,0.0,0.0,0.0,0.0,0.0,0.0,0.0,0.0,0.0,0.0,0.0,0.0,0.0,0.0,0.0,0.0,0.0,0.0,0.0,0.0,0.0,0.0,0.0,0.0,0.0,0.0,0.0,0.0,0.0,0.0,0.0,0.0,0.0,0.0,0.0,0.0,0.0,0.0,0.0,0.0,0.0,0.0,0.0,0.0,0.0,0.0,Peripheral,Peripheral,0.007487293317409077
232,0,0.0,0.0,0.0,0.0,0.0,0,0,0.0,1,0.0,0,-0.8779599251907928,0,0.0,0.0,0.0,0.0,3,2,1.3333333333333333,0,0,0,3,0.0,0.0,0.0,0.0,0.0,0.0,0.0,0.0,0.0,0.0,0.0,0.0,0.0,0.0,0.0,0.0,0.0,0.0,0.0,0.0,0.0,0.0,0.0,0.0,0.0,0.0,0.0,0.0,0.0,0.0,0.0,0.0,0.0,0.0,0.0,0.0,0.0,0.0,0.0,0.0,0.0,0.0,0.0,0.0,0.0,0.0,0.0,0.0,0.0,0.0,0.0,0.0,0.0,0.0,0.0,0.0,0.0,0.0,0.0,0.0,0.0,0.0,0.0,0.0,0.0,0.0,Peripheral,Peripheral,0.004683899861917938
233,2,0.005763688760806916,0.002608652196365211,0.1537999469635147,0.00041226788802442246,0.0,1,1,0.6666666666666666,3,0.0,0,-0.3533253357475142,1,0.25,0.016065454304548015,0.002579667171961153,-1.000088900581841e-12,11,9,2.1818181818181817,1,3,4,3,0.2727272727272727,0.09090909090909091,0.13923220336437225,0.5056188702583313,-0.20949426293373108,0.3251432180404663,-0.5043827295303345,0.24657878279685974,-0.13961486518383026,-0.3561980426311493,-1.0416861772537231,-0.542758047580719,-0.21787014603614807,-0.5935608148574829,-0.7937601804733276,-0.03872542083263397,0.8102361559867859,0.43888452649116516,0.148848295211792,-0.003808059263974428,0.805503785610199,-0.7492866516113281,0.4245651066303253,-0.06908587366342545,-0.09258995950222015,-0.9647195339202881,-0.4990641176700592,-0.4923485517501831,0.16764937341213226,0.518892765045166,-0.3614579737186432,0.16385111212730408,0.7830236554145813,-0.3812083899974823,-0.2883545756340027,0.08119690418243408,0.6929723620414734,-0.1818971037864685,0.24507595598697662,-0.4128286838531494,-0.4498508870601654,0.04573942720890045,-0.3079613149166107,-0.38840654492378235,0.4674694240093231,0.5508632063865662,0.33914169669151306,0.056407395750284195,-0.7561931014060974,0.6054996848106384,0.8743994235992432,0.1652206927537918,-0.029680466279387474,0.11560462415218353,0.5995235443115234,0.8758561611175537,0.044260915368795395,-0.9198599457740784,1.223915457725525,0.09133730083703995,-0.06981213390827179,1.147349238395691,-1.1591112613677979,0.8462010622024536,-0.4564189016819,0.9018184542655945,Enabler,Peripheral,0.021803377930328008
234,4,0.011527377521613832,0.011208029550549371,0.2404805212060679,0.07857802428925105,0.0,3,0,0.4,5,0.0,0,0.17130925369576439,1,0.25,0.012110167841122834,0.10467108496386969,-1.000088900581841e-12,11,5,2.727272727272727,0,10,1,0,0.36363636363636365,0.2727272727272727,-0.07643091678619385,-0.1550951451063156,0.17629820108413696,0.1353415995836258,-0.06950172781944275,-0.22160200774669647,-0.07144534587860107,0.24983979761600494,-0.17727424204349518,0.088320292532444,0.3361462950706482,0.2568485736846924,-0.26054468750953674,0.1189674586057663,0.3664394021034241,0.14874283969402313,0.4182007908821106,-0.18969093263149261,0.2664901316165924,0.09656291455030441,-0.13132184743881226,0.26802778244018555,-0.2406410276889801,-0.517370879650116,-0.14864924550056458,0.2733437418937683,0.052419085055589676,0.2497103363275528,0.5599449276924133,-0.23064616322517395,0.36953845620155334,-0.18305499851703644,0.057903412729501724,0.16997341811656952,-0.1724444031715393,-0.13159672915935516,0.3994600474834442,-0.05860500410199165,0.2096891701221466,-0.09331794828176498,0.01877133920788765,-0.19296808540821075,-0.12181217223405838,0.6763060092926025,-0.09390881657600403,0.0014880320522934198,-0.18532805144786835,-0.051415566354990005,0.21067191660404205,0.14826403558254242,-0.3384539484977722,-0.007300109602510929,0.15333952009677887,0.23978982865810394,-0.17915654182434082,0.2088557779788971,0.09550555050373077,-0.08582482486963272,-0.17180968821048737,0.09256488084793091,0.05211977660655975,-0.15907689929008484,0.03303132578730583,0.21799011528491974,Broker,Peripheral,0.02762360460128566
235,1,0.002881844380403458,0.0,0.16100292478830944,0.001106912840697839,0.0,1,1,1.0,2,0.0,0,-0.6156426304691535,1,0.25,0.005366192984199543,0.009642909336589877,-1.000088900581841e-12,5,3,1.8,0,0,2,3,0.2,0.0,-0.21610401570796967,-0.23234215378761292,-0.08279456943273544,0.19488731026649475,-0.35003846883773804,0.21587394177913666,-0.13659100234508514,0.01924855262041092,-0.41061338782310486,-0.23094606399536133,0.534195601940155,0.39625680446624756,-0.17102381587028503,0.16650936007499695,0.598560094833374,0.5077194571495056,-0.5136469602584839,-0.2153460532426834,0.7690510749816895,-0.38838231563568115,0.4549259543418884,0.9900261759757996,-0.33968064188957214,-0.22408713400363922,0.20311860740184784,-0.03770489990711212,0.17988066375255585,0.3320010304450989,0.439018577337265,-0.20596398413181305,0.821609616279602,0.9788827300071716,0.24023126065731049,0.2516382932662964,-0.40527135133743286,0.177168071269989,0.4425395429134369,-0.022692058235406876,-0.6095790266990662,0.384623259305954,0.005738634616136551,-0.03887631371617317,0.12230445444583893,0.997430145740509,-0.11343517899513245,0.03336344286799431,-0.2531271278858185,-0.3214888870716095,0.5806439518928528,-0.2653658092021942,-0.14157786965370178,-0.3055058717727661,0.8507315516471863,-0.5468223690986633,0.2901472747325897,0.4823168218135834,-0.2735395133495331,-0.23949354887008667,-0.6839601993560791,-0.01640636846423149,0.36244848370552063,0.6760481595993042,0.03891836851835251,-0.0728607252240181,Peripheral,Peripheral,0.018702171847405313
236,2,0.005763688760806916,0.0002959197576978389,0.19342998444835896,0.011305816918066107,0.0,2,0,0.6666666666666666,3,0.0,0,-0.3533253357475142,1,0.25,0.005606106033413994,0.0054148861068022145,-1.000088900581841e-12,15,7,2.533333333333333,2,6,5,2,0.26666666666666666,0.2,-0.004696107003837824,-0.0967770665884018,0.053741034120321274,0.5861838459968567,-0.4141640365123749,-0.184770867228508,-0.392360121011734,0.3493559658527374,-0.4820811450481415,-0.6296581625938416,0.3221052885055542,0.05336809903383255,-0.1617610603570938,-0.06839779764413834,0.8881271481513977,0.041661690920591354,-0.0590856559574604,-0.06017225235700607,-0.05483598634600639,-0.37577688694000244,0.34781691431999207,-0.05581559240818024,0.13404883444309235,-0.8553209900856018,0.050326067954301834,0.4753127992153168,-0.7111737132072449,0.14014820754528046,0.5855322480201721,-0.45820432901382446,-0.1630151867866516,-0.09848432242870331,0.3865252137184143,0.2554015815258026,0.026560816913843155,-0.04974789917469025,0.418739378452301,-0.02681718021631241,-0.285043865442276,-0.010316618718206882,0.29195377230644226,-0.2895594835281372,-0.02546030841767788,0.5632448196411133,0.3170108199119568,-0.037666767835617065,-0.04589105769991875,0.18818911910057068,0.16064922511577606,-0.1801367700099945,0.15811780095100403,0.14594121277332306,0.37316516041755676,-0.19109438359737396,-0.03666793927550316,-0.2118072807788849,0.2625565230846405,0.3598000109195709,-0.2677402198314667,-0.4502407908439636,0.32598891854286194,-0.31589365005493164,-0.31818535923957825,0.4658411145210266,Enabler,Peripheral,0.023782506760544945
237,1,0.002881844380403458,0.0,0.16057563464821306,0.0020532295784814448,0.0,1,1,1.0,2,0.0,0,-0.6156426304691535,1,0.25,0.005366192984199543,0.004540773653045207,-1.000088900581841e-12,12,6,2.0833333333333335,0,0,4,8,0.25,0.08333333333333333,0.10809334367513657,0.10624600946903229,-0.4286097288131714,0.3956165313720703,0.24226616322994232,0.19603228569030762,0.22455446422100067,0.20275342464447021,-0.3135318160057068,0.15617716312408447,0.5520707964897156,0.15300001204013824,-0.07159719616174698,-0.5028489232063293,0.5609112977981567,0.401081919670105,0.47716373205184937,-0.10833772271871567,0.6716741919517517,0.06072308495640755,0.2381158471107483,0.9188012480735779,0.3219894468784332,-0.582836389541626,-0.3069802224636078,0.32899796962738037,0.013045566156506538,0.9645798206329346,0.3893944025039673,-0.3044925332069397,0.07433899492025375,-0.11945687234401703,0.17286604642868042,0.7216805815696716,-0.8360170722007751,-0.13861876726150513,0.8193799257278442,0.017389807850122452,0.09782331436872482,0.16836576163768768,0.41826653480529785,-0.2357228398323059,0.3331165909767151,0.29513081908226013,0.6969813108444214,0.008144794963300228,0.37472793459892273,-0.2757870554924011,0.15604223310947418,0.32416269183158875,-0.3793904781341553,0.1903039664030075,0.4206276834011078,0.679757833480835,0.16019241511821747,-0.3838913142681122,-0.23430418968200684,-0.3212156891822815,0.010473200120031834,0.15202583372592926,0.3506987988948822,-0.21674920618534088,-0.37112775444984436,-0.23342576622962952,Peripheral,Peripheral,0.02125789735309372
238,1,0.002881844380403458,0.0,0.18720575227551572,0.00418261944628367,0.0,1,1,1.0,2,0.0,0,-0.6156426304691535,1,0.25,0.005366192984199543,0.005217304392730422,-1.000088900581841e-12,7,4,1.5714285714285714,0,0,3,4,0.0,0.0,0.028557268902659416,-0.2638375759124756,0.03618835285305977,0.3330085575580597,0.5794752836227417,-0.5794327259063721,0.6961462497711182,0.3161483705043793,0.09989025443792343,-0.6350692510604858,0.006886863615363836,0.4879111647605896,-0.060494568198919296,0.20268724858760834,0.5598532557487488,0.35406455397605896,-0.2623155117034912,-0.3781663477420807,0.12220115214586258,-0.0945306196808815,0.4802868366241455,0.4221411347389221,0.11025835573673248,-0.9235535860061646,-0.37628287076950073,0.42151397466659546,-0.42392295598983765,0.15662261843681335,0.4767906367778778,-0.3777202069759369,0.5368014574050903,-0.29663321375846863,-0.33120405673980713,-0.021616527810692787,-0.23019009828567505,-0.026305269449949265,0.15679095685482025,-0.09953464567661285,0.11976972222328186,0.10075196623802185,-0.04969286173582077,0.04001642391085625,0.19036442041397095,0.700622022151947,-0.26148512959480286,0.06688176095485687,-0.373163640499115,-0.3806994557380676,-0.048565421253442764,0.5855389833450317,-0.2659161388874054,-0.5806110501289368,0.6456398963928223,-0.12337208539247513,-0.5172392725944519,-0.7149971723556519,-0.03225276619195938,-0.14973415434360504,0.09170836210250854,0.5924548506736755,-0.32964855432510376,0.44787052273750305,-0.23004665970802307,-0.016763636842370033,Peripheral,Peripheral,0.018644535696837106
239,5,0.01440922190201729,0.014522107125230086,0.2418261356332801,0.08656067927110592,0.0,3,0,0.3333333333333333,6,0.0,0,0.43362654841740367,1,0.25,0.01891311534870091,0.08587437186176808,-1.000088900581841e-12,14,7,2.642857142857143,3,10,1,0,0.2857142857142857,0.2857142857142857,0.2353188395500183,-0.23735162615776062,0.2433420866727829,0.18471355736255646,0.17426972091197968,-0.2372075468301773,0.00505715562030673,0.18922635912895203,-0.1547265201807022,0.026884103193879128,0.3076778054237366,0.22999371588230133,0.14693887531757355,-0.023150743916630745,0.5520932078361511,0.26687124371528625,0.2598709166049957,-0.3781583607196808,0.3324185013771057,0.03477742150425911,0.03164142370223999,0.4338717460632324,-0.4432946741580963,-0.4839589297771454,0.035644304007291794,0.056449126452207565,0.035262662917375565,0.24641960859298706,0.37357425689697266,-0.008749503642320633,0.3027285635471344,0.05742134526371956,0.23794732987880707,0.36826464533805847,0.06836347281932831,-0.08232134580612183,0.20237697660923004,-0.11034248024225235,-0.14687781035900116,0.09604291617870331,0.2463752031326294,-0.2969101071357727,-0.020096762105822563,0.6059147715568542,-0.14506396651268005,0.09678434580564499,0.1481640636920929,-0.04220075532793999,0.05918114632368088,0.3663713335990906,-0.2534785270690918,-0.16507405042648315,0.4622310996055603,-0.22901219129562378,-0.1444505900144577,0.3068275451660156,-0.11494666337966919,0.14715921878814697,-0.2669427692890167,0.12200164049863815,-0.0033058952540159225,-0.19031094014644623,-0.09490561485290527,0.15760886669158936,Broker,Peripheral,0.028946846384958123
240,27,0.07780979827089336,0.21570773706219387,0.31123919308357345,0.30870777663510873,0.008547008547008548,3,0,0.07936507936507936,28,0.27434842249657065,4,5.155337853406912,4,1.0,0.14954943983918823,0.034729688958629136,0.5735160760932797,18,6,3.2222222222222223,16,2,0,0,0.2777777777777778,0.5,-0.25289514660835266,-0.23677273094654083,0.07294341921806335,-0.0018004672601819038,0.1034640297293663,-0.24710971117019653,0.09733761101961136,0.0997721403837204,-0.29073232412338257,0.0874442532658577,0.27506038546562195,0.1795097291469574,-0.20093044638633728,-0.1348155289888382,0.3319830298423767,0.15035611391067505,0.30031251907348633,-0.2743271291255951,0.05168825015425682,-0.045616716146469116,0.005830745212733746,0.36129483580589294,-0.06639891117811203,-0.4043273627758026,0.2399829924106598,0.09083159267902374,-0.21994876861572266,0.3447754681110382,0.39931872487068176,-0.13936439156532288,0.33601680397987366,0.22811242938041687,0.25385570526123047,0.07624582946300507,-0.22212468087673187,-0.07633768022060394,0.3317958116531372,-0.11622137576341629,-0.10228092968463898,0.042261019349098206,0.06517937779426575,-0.27095097303390503,0.22368435561656952,0.47348055243492126,0.021855229511857033,-0.08036436885595322,0.004106036387383938,0.2149028331041336,0.09558025002479553,0.19382132589817047,-0.29395338892936707,0.09107070416212082,0.12823909521102905,-0.15333716571331024,0.09352158010005951,-0.07460080832242966,0.1459575593471527,-0.052641041576862335,-0.20042331516742706,-0.008239769376814365,-0.13954967260360718,-0.11685412377119064,-0.1722390353679657,0.1464681476354599,Coordinator,Broker,0.9697198638226858
241,5,0.01440922190201729,0.013448460297954726,0.23764689369774813,0.0573989327768357,0.2,3,1,0.4666666666666667,6,0.0,0,0.43362654841740367,1,0.25,0.020565104069029345,0.038058683998189936,-1.000088900581841e-12,14,8,2.0714285714285716,0,3,5,6,0.14285714285714285,0.14285714285714285,-0.27676600217819214,0.03492935374379158,0.13687026500701904,0.5863637328147888,-0.156732439994812,-0.2504410743713379,0.006337183993309736,0.37596020102500916,-0.4845384359359741,-0.24661773443222046,0.2205570787191391,0.33772966265678406,-0.3254890441894531,-0.037558361887931824,0.5690943002700806,0.15447953343391418,-0.051177408546209335,-0.15107542276382446,0.09017354995012283,-0.23198305070400238,0.28350594639778137,0.09681480377912521,-0.05581265687942505,-0.8053627610206604,0.14203286170959473,0.4075186848640442,-0.5385655760765076,0.09813760221004486,0.590416431427002,-0.567737340927124,-0.08207309246063232,-0.07499783486127853,0.23897740244865417,0.11459656804800034,-0.07057243585586548,0.0038078809157013893,0.2087291181087494,0.12284942716360092,-0.2874802350997925,-0.2246389240026474,0.32935887575149536,-0.06840085238218307,-0.24598586559295654,0.5021548271179199,0.2992512583732605,0.03006746619939804,-0.09274514019489288,0.1732349544763565,0.21613696217536926,0.06920281052589417,0.06615589559078217,0.03981199115514755,0.30866754055023193,-0.20316672325134277,-0.185701385140419,-0.37171322107315063,0.17332199215888977,0.34972646832466125,-0.2852438688278198,-0.18491339683532715,0.2384602576494217,-0.1641463190317154,-0.17449919879436493,0.1450408548116684,Enabler,Peripheral,0.025838919530671366
242,2,0.005763688760806916,0.005159334343922306,0.18379373977960717,0.003576967624596377,0.0,1,1,0.6666666666666666,3,0.75,1,-0.6156426304691535,2,0.5,0.02669846632879526,0.0139356653332152,0.6931471805579453,8,4,2.0,0,0,1,7,0.375,0.0,0.21962468326091766,0.3991951644420624,-0.26447829604148865,0.26171189546585083,-0.509834885597229,0.12303867936134338,-0.06545781344175339,-0.23274217545986176,-0.9875125288963318,-0.32121044397354126,-0.10961054265499115,-0.4813387393951416,-0.7482744455337524,-0.038286253809928894,0.6290136575698853,0.48250848054885864,0.29873791337013245,-0.10213185846805573,0.6445397138595581,-0.7045004367828369,0.35396531224250793,0.013534216210246086,-0.06794770061969757,-0.779697597026825,-0.2967429459095001,-0.4015509784221649,0.10430508106946945,0.5604037642478943,-0.24001121520996094,0.147226944565773,0.6942951083183289,-0.454481840133667,-0.28065118193626404,0.058426663279533386,0.5663079023361206,-0.22677895426750183,-0.05792514607310295,-0.2137443721294403,-0.4097197949886322,0.2057410031557083,-0.2395249903202057,-0.41849634051322937,0.242839053273201,0.42762553691864014,0.4283832907676697,0.19747167825698853,-0.6666890978813171,0.7526370286941528,0.8267108201980591,0.033941641449928284,-0.23263384401798248,0.005325891077518463,0.4971107542514801,0.7128922939300537,-0.004813208244740963,-0.8199840188026428,1.0320885181427002,-0.01635725423693657,-0.1281225085258484,1.173309326171875,-1.0867571830749512,0.9064028263092041,-0.3248709440231323,0.7623782157897949,Peripheral,Peripheral,0.03316867099864209
243,0,0.0,0.0,0.0,0.0,0.0,0,0,0.0,1,0.0,0,-0.8779599251907928,0,0.0,0.0,0.0,0.0,6,5,2.0,0,0,1,5,0.3333333333333333,0.0,0.0,0.0,0.0,0.0,0.0,0.0,0.0,0.0,0.0,0.0,0.0,0.0,0.0,0.0,0.0,0.0,0.0,0.0,0.0,0.0,0.0,0.0,0.0,0.0,0.0,0.0,0.0,0.0,0.0,0.0,0.0,0.0,0.0,0.0,0.0,0.0,0.0,0.0,0.0,0.0,0.0,0.0,0.0,0.0,0.0,0.0,0.0,0.0,0.0,0.0,0.0,0.0,0.0,0.0,0.0,0.0,0.0,0.0,0.0,0.0,0.0,0.0,0.0,0.0,Peripheral,Peripheral,0.007383096392514716
244,3,0.008645533141210374,0.010138645193569547,0.19405035001746854,0.019982557019759654,0.0,2,0,0.5,4,0.0,0,-0.0910080410258749,1,0.25,0.022832633347848276,0.012358793126558063,-1.000088900581841e-12,6,5,3.1666666666666665,0,1,3,2,0.5,0.3333333333333333,0.08311910927295685,-0.12061067670583725,0.4186227321624756,0.4236946403980255,-0.14409029483795166,0.22989042103290558,0.28281545639038086,0.1457088738679886,-0.25036677718162537,0.06856731325387955,-0.2584959864616394,0.27901625633239746,0.04944245517253876,0.26712557673454285,0.6278598308563232,0.2517823278903961,-0.042345158755779266,-0.7735022306442261,0.44158247113227844,-0.04706684127449989,0.014870316721498966,0.4230470359325409,-0.19271564483642578,-0.48265525698661804,-0.08763861656188965,-0.2487744241952896,0.2413453906774521,0.23956376314163208,0.4955018162727356,-0.24894581735134125,0.2530004382133484,0.3978319466114044,0.12359286099672318,0.3396444618701935,0.002722441451624036,-0.3666752874851227,0.45482635498046875,0.06816528737545013,-0.1421339064836502,0.14055410027503967,0.19718730449676514,-0.6631535887718201,0.1576758474111557,0.5598491430282593,-0.2786628305912018,0.2399686574935913,0.026858801022171974,0.25641393661499023,-0.019684528931975365,0.29080864787101746,-0.6057320237159729,0.1507568061351776,0.7296627759933472,-0.22534427046775818,-0.18722590804100037,0.3087063431739807,-0.2391345202922821,0.4120362401008606,-0.5005961060523987,0.10507042706012726,-0.2823057174682617,-0.2075313925743103,-0.1571968048810959,-0.22991664707660675,Enabler,Peripheral,0.025256461316401028
245,0,0.0,0.0,0.0,0.0,0.0,0,0,0.0,1,0.0,0,-0.8779599251907928,0,0.0,0.0,0.0,0.0,5,3,1.6,0,0,0,5,0.0,0.0,0.0,0.0,0.0,0.0,0.0,0.0,0.0,0.0,0.0,0.0,0.0,0.0,0.0,0.0,0.0,0.0,0.0,0.0,0.0,0.0,0.0,0.0,0.0,0.0,0.0,0.0,0.0,0.0,0.0,0.0,0.0,0.0,0.0,0.0,0.0,0.0,0.0,0.0,0.0,0.0,0.0,0.0,0.0,0.0,0.0,0.0,0.0,0.0,0.0,0.0,0.0,0.0,0.0,0.0,0.0,0.0,0.0,0.0,0.0,0.0,0.0,0.0,0.0,0.0,Peripheral,Peripheral,0.005954109993963482
246,2,0.005763688760806916,0.011941830054471851,0.14209699186342573,0.0010460812611566897,0.0,1,1,0.6666666666666666,3,0.0,0,-0.3533253357475142,1,0.25,0.005366192984199542,0.007246256101014473,-1.000088900581841e-12,13,10,2.6153846153846154,2,4,4,3,0.3076923076923077,0.23076923076923078,0.2988533675670624,0.3377206027507782,0.05118598788976669,0.13832969963550568,0.29517585039138794,-0.18124908208847046,-0.5917396545410156,0.22013291716575623,-0.18754157423973083,0.12070128321647644,0.9341151714324951,0.1726425439119339,-0.19640807807445526,0.5521543025970459,0.7700725793838501,0.7483118772506714,-0.21182133257389069,-0.2900238037109375,1.0920759439468384,-0.16855797171592712,0.43159326910972595,0.17677685618400574,-1.3532767295837402,-1.051492691040039,0.2274894416332245,-0.0667862594127655,0.2719409763813019,0.035408493131399155,0.5376659631729126,0.024240313097834587,0.5775604844093323,-0.07481774687767029,0.5325326919555664,-0.0884062647819519,-0.18170759081840515,-0.3813157081604004,0.6904109120368958,-0.6783791184425354,-0.29133400321006775,0.41797685623168945,-0.2565361261367798,-0.9539322853088379,0.457207053899765,0.35545071959495544,0.17382967472076416,0.08864745497703552,0.554290235042572,-0.3199489414691925,0.46715667843818665,0.44460493326187134,0.15091097354888916,-0.251855731010437,0.922441303730011,-0.4539046883583069,-0.21123681962490082,-0.3727666139602661,0.06440865993499756,0.18296536803245544,-0.5598219633102417,-0.25598594546318054,-0.600974440574646,-0.12281704694032669,-0.8012811541557312,0.10189750790596008,Enabler,Peripheral,0.023885269941923404
247,0,0.0,0.0,0.0,0.0,0.0,0,0,0.0,1,0.0,0,-0.8779599251907928,0,0.0,0.0,0.0,0.0,8,4,1.875,0,0,1,7,0.25,0.0,0.0,0.0,0.0,0.0,0.0,0.0,0.0,0.0,0.0,0.0,0.0,0.0,0.0,0.0,0.0,0.0,0.0,0.0,0.0,0.0,0.0,0.0,0.0,0.0,0.0,0.0,0.0,0.0,0.0,0.0,0.0,0.0,0.0,0.0,0.0,0.0,0.0,0.0,0.0,0.0,0.0,0.0,0.0,0.0,0.0,0.0,0.0,0.0,0.0,0.0,0.0,0.0,0.0,0.0,0.0,0.0,0.0,0.0,0.0,0.0,0.0,0.0,0.0,0.0,Peripheral,Peripheral,0.007487293317409077
248,4,0.011527377521613832,0.013243509662955245,0.2404805212060679,0.07623526726105315,0.0,3,0,0.4,5,0.0,0,0.17130925369576439,1,0.25,0.029941445129193445,0.10481144172734827,-1.000088900581841e-12,11,6,3.0,2,7,2,0,0.18181818181818182,0.45454545454545453,-0.12716853618621826,0.055351581424474716,0.09711514413356781,0.09642523527145386,0.01949574612081051,0.10565108060836792,0.15514075756072998,0.03804343566298485,-0.07246342301368713,-0.025044888257980347,0.424380898475647,0.15228807926177979,-0.15287499129772186,0.08413726091384888,0.26290085911750793,0.2194313406944275,0.4144665598869324,-0.2874670922756195,0.38990455865859985,0.0034132979344576597,0.0601508729159832,0.4152563810348511,0.045602452009916306,-0.5853942632675171,-0.1457662731409073,0.310741662979126,0.0658380389213562,0.25049617886543274,0.4619614779949188,-0.35506725311279297,0.289188027381897,-0.0019711025524884462,0.21444076299667358,0.3659753203392029,-0.5530009269714355,-0.08229690045118332,0.6143227815628052,-0.01896551437675953,0.10835646837949753,-0.0648038312792778,0.049030691385269165,-0.22023530304431915,0.11628944426774979,0.5621012449264526,0.1596699208021164,-0.17250166833400726,-0.20795409381389618,-0.17530648410320282,0.0758337453007698,0.27376148104667664,-0.29255104064941406,0.069552943110466,0.09804290533065796,0.4616188704967499,0.007737112231552601,-0.029035931453108788,0.01974177360534668,-0.039431970566511154,0.018710745498538017,-0.10255211591720581,0.13581393659114838,-0.10685721039772034,-0.16642984747886658,0.2305513471364975,Broker,Peripheral,0.029106386414685104
249,2,0.005763688760806916,0.000317682317390363,0.1648634853826885,0.003316725107666419,0.0,2,0,0.6666666666666666,3,0.0,0,-0.3533253357475142,1,0.25,0.005813700555860071,0.005903814388223222,-1.000088900581841e-12,8,5,2.25,0,0,1,7,0.125,0.25,0.04326188564300537,0.19908291101455688,-0.5155423283576965,0.6170201301574707,-0.05745777487754822,0.11827031522989273,-0.3409671187400818,0.3023756742477417,0.23747427761554718,0.2844010591506958,0.551819920539856,0.434345543384552,-0.20836086571216583,-0.057803064584732056,0.5640318393707275,0.13366642594337463,0.568271815776825,-0.2607652544975281,0.24782976508140564,-0.6791914105415344,-0.22882740199565887,1.1859503984451294,-0.020574446767568588,-0.8139086961746216,0.024634795263409615,0.15538284182548523,0.11731737107038498,0.2870822548866272,0.5031464695930481,-0.5893161296844482,0.36596930027008057,0.07809090614318848,0.14576543867588043,-0.07869364321231842,-0.03277156502008438,-0.3872620165348053,0.3244156241416931,0.2390432059764862,0.027916377410292625,0.4543716013431549,-0.4763169288635254,-0.46481963992118835,0.2524263262748718,0.7625783085823059,-0.13653719425201416,-0.5040338039398193,0.35696351528167725,0.2201598435640335,0.390185683965683,0.21158671379089355,0.04530574753880501,-0.45052364468574524,-0.3106018602848053,0.28998711705207825,-0.15981489419937134,-0.19720660150051117,0.3648761808872223,-0.03404201194643974,-0.4419674277305603,0.34406909346580505,0.3867533206939697,-0.4948853552341461,-0.19349542260169983,0.19372716546058655,Peripheral,Peripheral,0.02090028475911038
250,1,0.002881844380403458,0.0,0.003842459173871277,8.737336050511013e-19,0.0,1,1,1.0,2,0.0,0,-0.5903789915284918,1,0.25,3.312464805061446e-05,5.79700488081158e-05,-1.000088900581841e-12,6,4,1.3333333333333333,0,0,1,5,0.16666666666666666,0.0,-0.25868725776672363,-0.37309256196022034,-0.3659222424030304,1.48578679561615,0.7595691084861755,0.8494505882263184,-0.5905110836029053,-0.9432108998298645,-0.9097250699996948,-0.30878961086273193,0.5320618152618408,-0.5367960929870605,0.42974209785461426,0.8544830083847046,0.5817815065383911,0.4228091537952423,-0.5537163615226746,0.26255762577056885,0.21749424934387207,-0.24742290377616882,1.411636471748352,0.8472217321395874,-0.6998639106750488,-0.9963290095329285,-0.7029065489768982,-1.1487128734588623,0.1562628448009491,0.2745554745197296,1.0422788858413696,-0.7055895328521729,0.49063149094581604,0.8027809858322144,1.3261736631393433,-0.29721397161483765,1.1802029609680176,-1.4278982877731323,0.6556699275970459,-0.0696333721280098,-0.6993367671966553,1.1485466957092285,-0.07499094307422638,-0.9946118593215942,-0.11601624637842178,0.7257941365242004,-0.17791365087032318,0.4025133550167084,-0.3850477337837219,-0.829341471195221,0.37290334701538086,-0.5539132356643677,0.12753911316394806,0.2788253426551819,0.6490438580513,1.0327799320220947,-1.508513331413269,-0.3267354965209961,1.0964250564575195,0.3060756027698517,-0.5089865326881409,1.0878170728683472,-0.12984243035316467,-0.1804313212633133,-0.4487495720386505,0.6360394358634949,Peripheral,Peripheral,0.017307796415908547
251,1,0.002881844380403458,0.0,0.1204317259861598,2.713418277428324e-05,0.0,1,1,1.0,2,0.0,0,-0.5903789915284918,1,0.25,0.005366192984199543,0.011941830054471856,-1.000088900581841e-12,11,5,1.8181818181818181,0,0,2,9,0.2727272727272727,0.0,0.2861001491546631,-0.39012405276298523,-0.2735113203525543,-0.14146079123020172,0.45922619104385376,0.8240372538566589,-1.0075699090957642,0.31903019547462463,-1.3168569803237915,0.09164531528949738,-0.663215696811676,-0.63449627161026,-0.318685919046402,-0.2353648841381073,1.2426365613937378,0.6077805161476135,-0.8401689529418945,0.6205499172210693,0.2472207248210907,-0.4096710979938507,0.5794931054115295,0.45797640085220337,-0.07039476931095123,-0.3740847706794739,0.0618603378534317,0.030300376936793327,0.48473209142684937,-0.19330209493637085,0.7008553147315979,-0.14280487596988678,0.7152251601219177,-0.7274598479270935,0.26066523790359497,0.7495033144950867,0.14801543951034546,-0.3834455609321594,-0.03399715945124626,0.4705541729927063,-0.7526155710220337,0.042017363011837006,-0.6477435827255249,0.11112765967845917,-0.47436174750328064,1.559238076210022,-0.5543599128723145,0.3033474087715149,0.3029199540615082,-0.24369096755981445,-0.21903453767299652,-0.0027404287829995155,0.13696719706058502,0.2742074728012085,0.6501893401145935,1.1990612745285034,0.44978687167167664,-0.36128926277160645,0.05422793701291084,0.4398135542869568,0.018473993986845016,0.28117167949676514,-1.000139832496643,-0.3044799268245697,-0.2964916229248047,0.02820778079330921,Peripheral,Peripheral,0.02013385355144165
252,0,0.0,0.0,0.0,0.0,0.0,0,0,0.0,1,0.0,0,-0.850258738995579,0,0.0,0.0,0.0,0.0,9,4,1.7777777777777777,0,0,0,9,0.1111111111111111,0.0,0.0,0.0,0.0,0.0,0.0,0.0,0.0,0.0,0.0,0.0,0.0,0.0,0.0,0.0,0.0,0.0,0.0,0.0,0.0,0.0,0.0,0.0,0.0,0.0,0.0,0.0,0.0,0.0,0.0,0.0,0.0,0.0,0.0,0.0,0.0,0.0,0.0,0.0,0.0,0.0,0.0,0.0,0.0,0.0,0.0,0.0,0.0,0.0,0.0,0.0,0.0,0.0,0.0,0.0,0.0,0.0,0.0,0.0,0.0,0.0,0.0,0.0,0.0,0.0,Peripheral,Peripheral,0.007436021814683279
253,5,0.01440922190201729,0.01719989120315655,0.24240744845932166,0.07888342918075579,0.0,2,0,0.3333333333333333,6,0.0,0,0.44913999833985735,1,0.25,0.0174972181116255,0.07588491077897105,-1.000088900581841e-12,9,6,2.5555555555555554,2,6,1,0,0.4444444444444444,0.1111111111111111,0.14435632526874542,-0.1929377317428589,-0.19269664585590363,0.33216819167137146,0.12479300051927567,-0.24468885362148285,-0.5655118227005005,-0.1525477170944214,-0.12252741307020187,0.1944916546344757,-0.12230109423398972,-0.49764686822891235,-0.23960590362548828,0.2675146758556366,0.10400628298521042,0.7357390522956848,-0.6434424519538879,-0.053211573511362076,-0.2813848555088043,0.4182106554508209,0.5519881248474121,0.39115649461746216,0.23114579916000366,-0.19735969603061676,-0.03656551614403725,-0.06876493245363235,0.06734566390514374,0.07347910851240158,0.11256168782711029,-0.27498480677604675,-0.1978982537984848,0.03916884958744049,0.567087709903717,0.050600405782461166,0.05808866769075394,-0.23423993587493896,0.06248631328344345,-0.02348129265010357,-0.22793985903263092,-0.032708607614040375,-0.4914463758468628,-0.04215455800294876,-0.2191886305809021,0.33966875076293945,0.3827134966850281,-0.06019612029194832,-0.16082151234149933,-0.014366399496793747,-0.36220911145210266,0.13066492974758148,-0.05098864063620567,0.0653546154499054,0.23042728006839752,0.23758290708065033,0.38800886273384094,0.3178403675556183,0.38096553087234497,-0.2733169496059418,-0.05430784821510315,0.3299512267112732,-0.06923985481262207,-0.11679931730031967,0.34459108114242554,-0.08469709753990173,Broker,Peripheral,0.027271176631474433
254,2,0.005763688760806916,0.014492512202028952,0.16195101481650612,0.0020699859137071077,0.0,1,1,0.6666666666666666,3,0.0,0,-0.3304992440614045,1,0.25,0.015999205008446787,0.014454728152359375,-1.000088900581841e-12,8,6,2.5,0,0,3,5,0.25,0.25,0.16672679781913757,-0.4072757065296173,-0.10292106121778488,-0.21679992973804474,0.35695701837539673,0.4719349443912506,-0.8080862760543823,0.05723069608211517,-0.5641999840736389,0.15567968785762787,-0.5211461782455444,-0.5735569596290588,-0.3727124333381653,-0.1155662089586258,0.8641800284385681,0.29090985655784607,-0.6210687756538391,0.3935917615890503,0.17855150997638702,-0.17262740433216095,0.4705224931240082,0.44923171401023865,-0.04063071310520172,-0.037661079317331314,0.2862013280391693,0.09014294296503067,0.26083019375801086,-0.22139553725719452,0.3148147463798523,-0.1607673317193985,0.5979771614074707,-0.5198262333869934,0.2583867013454437,0.5341766476631165,-0.16576454043388367,-0.31684964895248413,-0.11612152308225632,0.3068236708641052,-0.5202813744544983,0.014273661188781261,-0.7179508209228516,0.08250705897808075,-0.12020110338926315,1.2267378568649292,-0.05697442218661308,0.4984680414199829,0.361122190952301,-0.18018405139446259,-0.1559765785932541,-0.13823163509368896,0.06602951884269714,0.2997678816318512,0.29788321256637573,1.0873867273330688,0.33639204502105713,-0.1602197289466858,-0.06848985701799393,0.32273879647254944,-0.1162804663181305,0.05217243731021881,-0.9629729390144348,-0.2777332067489624,0.04855354502797127,-0.11326643824577332,Peripheral,Peripheral,0.022961818368473403
255,1,0.002881844380403458,0.0,0.11962218097162254,1.3283673314059413e-05,0.0,1,1,1.0,2,0.0,0,-0.5903789915284918,1,0.25,0.005366192984199543,0.002579667171961153,-1.000088900581841e-12,6,3,1.6666666666666667,0,0,0,6,0.0,0.0,-0.03171807527542114,-0.32667675614356995,0.3243895173072815,0.6991287469863892,-0.04227915033698082,-0.18650119006633759,-0.19126258790493011,0.10975109040737152,-0.8095627427101135,0.3001840114593506,0.2916158139705658,-0.977983295917511,-0.10580211877822876,-0.3763347566127777,-0.20468105375766754,1.0603735446929932,-0.9908150434494019,-0.0591636598110199,0.7078225612640381,0.04906933754682541,0.4254968762397766,0.29297012090682983,0.2619401216506958,-1.0793004035949707,0.0698261708021164,-0.48068511486053467,0.8632715940475464,-0.6086708307266235,-0.6547585129737854,-0.8250203132629395,1.0293045043945312,-0.8095597624778748,0.5084930062294006,0.7305940389633179,-0.4166150987148285,-0.7086480855941772,0.34162402153015137,0.10605490952730179,-0.8708459734916687,0.2111329734325409,0.5425567626953125,-1.0253074169158936,0.37107163667678833,0.7225385904312134,-0.2750878930091858,-0.19776217639446259,-0.024466536939144135,-0.529975414276123,-0.2097180038690567,-0.6251387000083923,1.0662517547607422,0.22526095807552338,0.6085145473480225,0.5055791735649109,-0.14891572296619415,-0.3496536314487457,1.1124149560928345,-0.21298661828041077,-0.11512266844511032,-0.04242653772234917,-0.27688732743263245,0.3559332489967346,0.631223738193512,0.06945530325174332,Peripheral,Peripheral,0.018491302874057942
256,1,0.002881844380403458,0.0,0.1682561155045792,0.0043668063941144425,0.0,1,1,1.0,2,0.0,0,-0.5903789915284918,1,0.25,0.005366192984199543,0.015977394108808062,-1.000088900581841e-12,5,4,2.0,0,0,1,4,0.2,0.0,0.10383591055870056,-0.2563473880290985,0.04220130667090416,0.40572303533554077,0.17450104653835297,-0.21625390648841858,-0.565698504447937,0.07380420714616776,-0.05864691734313965,-0.5072346329689026,-0.610273540019989,-0.22336576879024506,-0.9457802772521973,0.05592741072177887,0.0136787798255682,0.4545281231403351,-0.49532797932624817,-0.16695348918437958,-0.025086842477321625,-0.14587529003620148,0.7170897126197815,0.8127238154411316,0.05438017100095749,-0.7613248229026794,0.3419036269187927,0.2708342969417572,0.353069543838501,-0.1351245939731598,-0.36871612071990967,0.15560299158096313,-0.08712667971849442,0.005378701724112034,-0.03276170417666435,0.15788617730140686,-0.16480833292007446,-0.7813021540641785,-0.34216856956481934,-0.12408990412950516,-0.061937231570482254,0.5983328223228455,0.2539918124675751,-0.05194065719842911,0.40558382868766785,-0.0378636009991169,0.17331257462501526,0.2158995419740677,-0.5760131478309631,-0.24507109820842743,0.11773479729890823,0.31791964173316956,0.2823794484138489,0.4846597909927368,0.09673164039850235,0.5676029920578003,0.3151639401912689,0.15415412187576294,0.009559962898492813,-0.1696271151304245,0.08228188008069992,0.35786017775535583,-0.34725892543792725,-0.32426056265830994,0.23085017502307892,-0.26055771112442017,Peripheral,Peripheral,0.019452860965086895
257,6,0.017291066282420747,0.015977394108808062,0.2051013530015142,0.038388845500519915,0.0,3,1,0.2857142857142857,7,0.30555555555555547,1,0.44913999833985735,2,0.5,0.028786722287231094,0.006918130880036365,0.4505612088643047,13,10,3.0,1,4,5,3,0.07692307692307693,0.46153846153846156,0.18581360578536987,-0.21881648898124695,-0.20705604553222656,0.16842572391033173,0.21994294226169586,-0.1252661496400833,-0.6374779343605042,0.004735540132969618,-0.11036563664674759,-0.5436068773269653,-0.34867623448371887,-0.3847642242908478,-0.6442897319793701,0.08256644755601883,-0.11328025162220001,0.4595986306667328,-0.4209342896938324,-0.019025664776563644,-0.2153194546699524,-0.09598872810602188,0.5221412777900696,0.507155179977417,-0.06748607009649277,-0.6295120716094971,0.45392394065856934,0.01622711308300495,0.2357299029827118,-0.036985237151384354,-0.2729489505290985,0.3056386709213257,0.042234379798173904,0.060359641909599304,0.28511154651641846,0.015132952481508255,-0.05406108871102333,-0.7548814415931702,-0.19596271216869354,-0.3695750832557678,-0.10287067294120789,0.536034345626831,0.25739216804504395,0.10132180154323578,0.34454086422920227,0.0831872895359993,0.058796126395463943,0.11399637162685394,-0.44225913286209106,-0.3961915075778961,0.23297205567359924,0.3768811821937561,0.09348361939191818,0.1594507098197937,0.1906864494085312,0.4476684033870697,0.33429962396621704,0.2861221432685852,0.021668147295713425,-0.1886477917432785,-0.09470734745264053,0.3072822690010071,-0.19427666068077087,-0.18130789697170258,0.16873711347579956,-0.050636764615774155,Enabler,Broker,0.3984228324134317
258,2,0.005763688760806916,0.011941830054471856,0.13820214512436427,0.00023854675015835044,0.0,1,1,0.6666666666666666,3,0.0,0,-0.3304992440614045,1,0.25,0.005366192984199543,0.007246256101014476,-1.000088900581841e-12,12,8,2.25,1,2,6,3,0.25,0.08333333333333333,0.3429826498031616,-0.3528592586517334,-0.3177024722099304,-0.12434424459934235,0.493584543466568,0.7691784501075745,-0.9318983554840088,0.2626150846481323,-1.0907188653945923,0.04159153252840042,-0.5432887673377991,-0.5900781154632568,-0.22283552587032318,-0.1797190010547638,1.2457059621810913,0.5678225755691528,-0.8603021502494812,0.5135164260864258,0.10423006862401962,-0.42137712240219116,0.4938024878501892,0.5228190422058105,-0.21732716262340546,-0.1387956142425537,0.08979202061891556,-0.06378033012151718,0.3950597643852234,-0.19178567826747894,0.5292999744415283,-0.15607480704784393,0.6518340110778809,-0.7203056812286377,0.3972177505493164,0.774132490158081,0.04422147199511528,-0.4273061454296112,-0.13658647239208221,0.2789019048213959,-0.5840579271316528,-0.04725084826350212,-0.7547111511230469,0.16022196412086487,-0.3801073431968689,1.4120289087295532,-0.3897717595100403,0.3589309751987457,0.27998068928718567,-0.1752176433801651,-0.05098215118050575,-0.04315255209803581,0.10719086229801178,0.2103300541639328,0.5665153861045837,1.1358156204223633,0.365509957075119,-0.39851418137550354,-0.061664752662181854,0.37282177805900574,0.02846487984061241,0.19156460464000702,-0.9233717918395996,-0.32492730021476746,-0.08182737976312637,-0.0506785549223423,Enabler,Peripheral,0.022520870252694596
259,0,0.0,0.0,0.0,0.0,0.0,0,0,0.0,1,0.0,0,-0.850258738995579,0,0.0,0.0,0.0,0.0,8,4,1.875,0,0,1,7,0.25,0.125,0.0,0.0,0.0,0.0,0.0,0.0,0.0,0.0,0.0,0.0,0.0,0.0,0.0,0.0,0.0,0.0,0.0,0.0,0.0,0.0,0.0,0.0,0.0,0.0,0.0,0.0,0.0,0.0,0.0,0.0,0.0,0.0,0.0,0.0,0.0,0.0,0.0,0.0,0.0,0.0,0.0,0.0,0.0,0.0,0.0,0.0,0.0,0.0,0.0,0.0,0.0,0.0,0.0,0.0,0.0,0.0,0.0,0.0,0.0,0.0,0.0,0.0,0.0,0.0,Peripheral,Peripheral,0.007487293317409077
260,1,0.002881844380403458,0.0,0.12337866871012783,3.071341504427452e-05,0.0,1,1,1.0,2,0.0,0,-0.5903789915284918,1,0.25,0.005366192984199543,0.00398421118785597,-1.000088900581841e-12,9,5,2.0,0,0,1,8,0.2222222222222222,0.1111111111111111,0.44886645674705505,0.16809774935245514,0.09820275008678436,0.2602353096008301,0.6580763459205627,-0.0717262551188469,-0.8757802248001099,0.8894057869911194,0.11820897459983826,0.18903103470802307,-0.04228167235851288,-0.8341653347015381,-0.7742624878883362,-0.1303965002298355,0.22171731293201447,-0.3041403591632843,-0.7134131193161011,-0.4076286852359772,0.4293668270111084,-0.16307710111141205,0.703041136264801,1.1612378358840942,0.4467949867248535,-0.045554980635643005,-0.12798264622688293,-1.018105149269104,0.6994667053222656,0.16005079448223114,0.48963215947151184,-0.22508442401885986,0.6902172565460205,-0.21564160287380219,1.0651824474334717,0.34092098474502563,1.1307957172393799,-0.9222433567047119,0.27717840671539307,-0.6844269037246704,-0.8749558925628662,-0.46596238017082214,0.0024518815334886312,0.348183810710907,0.17780789732933044,0.5851200222969055,0.6986211538314819,-0.027581488713622093,-0.4661021828651428,-0.030283279716968536,-0.2189912050962448,0.014826255850493908,-0.18553264439105988,0.26329609751701355,-0.4604419469833374,0.4529595971107483,-0.3959522843360901,-0.1738571971654892,0.7317360043525696,-0.22832144796848297,0.07910953462123871,0.5583916306495667,-0.6258573532104492,0.15550607442855835,-0.2357671856880188,0.7485427856445312,Peripheral,Peripheral,0.020198977967789557
261,0,0.0,0.0,0.0,0.0,0.0,0,0,0.0,1,0.0,0,-0.850258738995579,0,0.0,0.0,0.0,0.0,8,4,1.625,0,0,0,8,0.0,0.125,0.0,0.0,0.0,0.0,0.0,0.0,0.0,0.0,0.0,0.0,0.0,0.0,0.0,0.0,0.0,0.0,0.0,0.0,0.0,0.0,0.0,0.0,0.0,0.0,0.0,0.0,0.0,0.0,0.0,0.0,0.0,0.0,0.0,0.0,0.0,0.0,0.0,0.0,0.0,0.0,0.0,0.0,0.0,0.0,0.0,0.0,0.0,0.0,0.0,0.0,0.0,0.0,0.0,0.0,0.0,0.0,0.0,0.0,0.0,0.0,0.0,0.0,0.0,0.0,Peripheral,Peripheral,0.006743029568163641
262,1,0.002881844380403458,0.0,0.1682561155045792,0.0043668063941144425,0.0,1,1,1.0,2,0.0,0,-0.5903789915284918,1,0.25,0.005366192984199543,0.015977394108808062,-1.000088900581841e-12,12,4,1.6666666666666667,0,0,1,11,0.16666666666666666,0.0,0.2583615481853485,-0.22551098465919495,0.05874034762382507,0.2730404734611511,0.03311583399772644,-0.14410936832427979,-0.5485912561416626,0.13603651523590088,-0.04833269119262695,-0.541789710521698,-0.5113207697868347,-0.19413305819034576,-0.6728612780570984,0.08371562510728836,-0.006205263081938028,0.5459452867507935,-0.5422040820121765,0.007956471294164658,-0.1562216579914093,-0.214190274477005,0.5892394781112671,0.6871874332427979,0.15874479711055756,-0.6128715872764587,0.5008434057235718,-0.003973341081291437,0.31503239274024963,-0.0003671072772704065,-0.05615122988820076,0.10515372455120087,-0.012361165136098862,0.15812061727046967,0.1231721043586731,0.13436590135097504,-0.2903049886226654,-0.8666549921035767,-0.36460041999816895,-0.2740713655948639,-0.05823896452784538,0.7423388957977295,0.29243820905685425,0.03884351998567581,0.386443167924881,0.0716686099767685,0.15476757287979126,0.3446207344532013,-0.6002891659736633,-0.5322504639625549,0.13111408054828644,0.3039374351501465,0.1015041172504425,0.34668830037117004,0.015160584822297096,0.4370265603065491,0.3046248257160187,0.19507673382759094,0.02680140733718872,-0.2746170461177826,0.11593319475650787,0.4882100820541382,-0.3497065007686615,-0.3835994601249695,0.4123535752296448,-0.07289277017116547,Peripheral,Peripheral,0.020127660097736092
263,1,0.002881844380403458,0.0,0.1614324950252046,0.0011959256011367988,0.0,1,1,1.0,2,0.0,0,-0.5903789915284918,1,0.25,0.005366192984199543,0.011999800103279971,-1.000088900581841e-12,5,4,2.6,0,0,1,4,0.2,0.2,0.39968571066856384,0.0765940248966217,-0.610846757888794,-0.02002756856381893,0.41597115993499756,0.006501803640276194,0.42937788367271423,0.026309818029403687,-0.04873954877257347,0.18798615038394928,-0.7202752828598022,-0.7108872532844543,-0.5207277536392212,0.03735712543129921,0.28261932730674744,-0.02169831469655037,-0.8582566976547241,-0.2766496539115906,0.32025864720344543,-0.11265047639608383,0.22431209683418274,0.5423523783683777,0.3916502296924591,-0.6324148774147034,-0.18648844957351685,0.04182351008057594,-0.2963033616542816,0.3116360604763031,0.10395379364490509,0.01252749003469944,-0.10702124983072281,0.16999444365501404,0.985332190990448,-0.149070143699646,-0.034419361501932144,-0.7304534912109375,-0.3288840353488922,-0.27431195974349976,-1.1969261169433594,-0.4852851331233978,-0.32228511571884155,-0.33462902903556824,0.10766147077083588,0.333840548992157,-0.1337406188249588,0.2741202712059021,-0.19764763116836548,-0.23920118808746338,-0.18329332768917084,0.13323678076267242,0.0006858608685433865,-0.21289893984794617,0.15970207750797272,0.4633019268512726,-0.29888543486595154,0.19492915272712708,0.5401246547698975,-0.16126307845115662,-0.09013128280639648,-0.010735636577010155,-0.402116984128952,-0.4362347722053528,0.20760291814804077,0.6611781120300293,Peripheral,Peripheral,0.02108805577912286
264,5,0.01440922190201729,0.005681279500430395,0.22695010928524637,0.058098779615961646,0.2,3,1,0.4666666666666667,6,0.0,0,0.44913999833985735,1,0.25,0.012555850682340684,0.03895585624537709,-1.000088900581841e-12,12,12,2.25,4,3,2,3,0.3333333333333333,0.16666666666666666,-0.07453221827745438,-0.3600374758243561,0.06820081919431686,-0.21951128542423248,0.39873722195625305,-0.1334688812494278,-0.30511045455932617,0.20326857268810272,-0.35651007294654846,-0.2971508800983429,-0.24278731644153595,-0.7491598725318909,-0.023207388818264008,0.3565009534358978,-0.3164805471897125,0.0046416944824159145,-0.456370085477829,0.06065976247191429,-0.11568509042263031,-0.2699003219604492,0.2605043351650238,0.34051835536956787,-0.31894493103027344,-0.6193101406097412,0.252873957157135,0.2635340094566345,0.4678833484649658,0.10017960518598557,-0.000497517641633749,-0.5101879239082336,-0.18132072687149048,-0.11245933920145035,0.15609222650527954,-0.18642908334732056,0.12643687427043915,-0.20125386118888855,-0.4318197965621948,-0.5033807754516602,-0.4497477114200592,-0.017463326454162598,-0.15525490045547485,-0.12579979002475739,-0.048992373049259186,0.2603211998939514,0.13296782970428467,-0.015430096536874771,-0.24255721271038055,-0.24479982256889343,-0.03939829766750336,0.35500648617744446,0.08056842535734177,-0.006962749175727367,0.3592509627342224,0.8376345634460449,0.20029494166374207,0.4706813097000122,0.28691112995147705,-0.09457141160964966,-0.16845761239528656,0.5786468386650085,0.0062233819626271725,-0.07402605563402176,0.10476161539554596,0.05153216794133186,Enabler,Peripheral,0.025086455775832957
265,4,0.011527377521613832,0.003632098502675026,0.19721283942453288,0.018832781514866295,0.0,3,1,0.4,5,0.0,0,0.18926025087277007,1,0.25,0.019496342625988778,0.007417676347540391,-1.000088900581841e-12,13,10,2.6153846153846154,4,3,5,1,0.3076923076923077,0.23076923076923078,-0.14154203236103058,-0.11717046797275543,0.009973827749490738,-0.2359493225812912,0.33489519357681274,-0.10151316225528717,-0.3791114389896393,0.4427417516708374,-0.1507512629032135,0.3731313943862915,-0.25459468364715576,-0.6018263101577759,-0.5121812224388123,-0.11999056488275528,0.014365929178893566,0.05758054181933403,-0.44765689969062805,-0.07528645545244217,-0.23704487085342407,-0.025037353858351707,0.9042367935180664,0.8100728988647461,0.36847391724586487,-0.2767426669597626,0.3794812858104706,-0.14485958218574524,0.11353112757205963,-0.3921385109424591,0.08016631007194519,-0.15518222749233246,0.52989661693573,-0.41617679595947266,-0.02159331552684307,0.20418961346149445,0.12672726809978485,-0.21386785805225372,0.08432033658027649,0.23976825177669525,-0.46104496717453003,-0.7465035319328308,-0.22279269993305206,0.028893714770674706,0.019468890503048897,0.1004859134554863,0.017910165712237358,0.21566031873226166,-0.21353133022785187,-0.38752228021621704,0.030879847705364227,-0.08735808730125427,-0.4160909056663513,0.21968905627727509,0.5614137053489685,0.5509659051895142,0.3697592318058014,-0.21132278442382812,0.3413057029247284,0.3743862211704254,-0.5306692719459534,-0.01370377466082573,-0.5694469809532166,-0.17627497017383575,0.11717098951339722,-0.4352428913116455,Enabler,Peripheral,0.024643571822879136
266,0,0.0,0.0,0.0,0.0,0.0,0,0,0.0,1,0.0,0,-0.850258738995579,0,0.0,0.0,0.0,0.0,4,3,1.75,0,0,1,3,0.25,0.0,0.0,0.0,0.0,0.0,0.0,0.0,0.0,0.0,0.0,0.0,0.0,0.0,0.0,0.0,0.0,0.0,0.0,0.0,0.0,0.0,0.0,0.0,0.0,0.0,0.0,0.0,0.0,0.0,0.0,0.0,0.0,0.0,0.0,0.0,0.0,0.0,0.0,0.0,0.0,0.0,0.0,0.0,0.0,0.0,0.0,0.0,0.0,0.0,0.0,0.0,0.0,0.0,0.0,0.0,0.0,0.0,0.0,0.0,0.0,0.0,0.0,0.0,0.0,0.0,Peripheral,Peripheral,0.006162503843752202
267,1,0.002881844380403458,0.0,0.16100292478830944,0.0022925381861361037,0.0,1,1,1.0,2,0.0,0,-0.5903789915284918,1,0.25,0.0,0.014526328063833685,-1.000088900581841e-12,9,6,2.2222222222222223,0,0,3,6,0.5555555555555556,0.0,0.18120171129703522,-0.45602723956108093,-0.45279067754745483,0.6360969543457031,-0.16598540544509888,-0.6647726893424988,-0.7289251685142517,-0.2620619535446167,-0.06970406323671341,0.16484317183494568,0.07118834555149078,-0.39249080419540405,-0.2314743548631668,0.6178795099258423,0.03144874796271324,0.44256311655044556,-1.1840158700942993,0.08912275731563568,0.13072504103183746,0.09782914817333221,0.5039929151535034,0.29693329334259033,0.5406612157821655,-0.33649563789367676,-0.4469360411167145,-0.1475474089384079,-0.040828049182891846,-0.12401407212018967,-0.16186334192752838,-0.3458854854106903,-0.30487653613090515,0.1199425458908081,0.6681156754493713,0.23727045953273773,0.4781810939311981,-0.0029099455568939447,0.482943058013916,-0.3004947006702423,-0.29994910955429077,0.034322746098041534,-0.7437692880630493,-0.13647405803203583,0.12368850409984589,0.5235122442245483,-0.1810411810874939,-0.17871658504009247,-0.012660163454711437,-0.22911827266216278,-0.42284396290779114,0.27804628014564514,-0.2924732267856598,0.2279023975133896,0.4996976852416992,0.33836740255355835,0.5877501964569092,0.27099740505218506,0.14980004727840424,-0.36874499917030334,-0.4023439288139343,0.486790269613266,-0.08881527930498123,-0.28203293681144714,0.34524717926979065,0.13171525299549103,Peripheral,Peripheral,0.020776577553029276
268,0,0.0,0.0,0.0,0.0,0.0,0,0,0.0,1,0.0,0,-0.850258738995579,0,0.0,0.0,0.0,0.0,5,4,1.6,0,0,1,4,0.2,0.0,0.0,0.0,0.0,0.0,0.0,0.0,0.0,0.0,0.0,0.0,0.0,0.0,0.0,0.0,0.0,0.0,0.0,0.0,0.0,0.0,0.0,0.0,0.0,0.0,0.0,0.0,0.0,0.0,0.0,0.0,0.0,0.0,0.0,0.0,0.0,0.0,0.0,0.0,0.0,0.0,0.0,0.0,0.0,0.0,0.0,0.0,0.0,0.0,0.0,0.0,0.0,0.0,0.0,0.0,0.0,0.0,0.0,0.0,0.0,0.0,0.0,0.0,0.0,0.0,Peripheral,Peripheral,0.005954109993963482
269,5,0.01440922190201729,0.023520274481561163,0.19811689304337485,0.02712852201552107,0.0,3,1,0.3333333333333333,6,0.0,0,0.44913999833985735,1,0.25,0.035443933325470404,0.013747155946522562,-1.000088900581841e-12,8,8,2.625,1,2,3,2,0.5,0.125,-0.025472590699791908,-0.05803174152970314,-0.22570274770259857,-0.03155870735645294,0.4100026488304138,0.2731357514858246,-0.5801276564598083,0.15376830101013184,-0.166424959897995,-0.007738112937659025,-0.3261399269104004,-0.5089269876480103,-0.2491965889930725,0.3142942488193512,0.03240823745727539,0.1581874042749405,-0.10117697715759277,-0.21653471887111664,-0.03376064822077751,0.17057113349437714,0.5453632473945618,0.8684463500976562,0.1916917860507965,-0.6671504974365234,0.20149098336696625,-0.1425779163837433,0.2702582776546478,0.10819640010595322,-0.29558801651000977,-0.2684030532836914,0.16020087897777557,-0.2036440074443817,-0.15673506259918213,0.15715116262435913,-0.004211333580315113,0.02596255950629711,-0.3566339910030365,-0.39096179604530334,-0.408534437417984,-0.025873690843582153,-0.4381196200847626,0.06080913171172142,-0.19496335089206696,0.460493266582489,0.23310309648513794,0.1887998729944229,0.3294397294521332,-0.6275684237480164,-0.2651877999305725,-0.601567804813385,-0.42253920435905457,-0.056238021701574326,0.26210692524909973,0.20681548118591309,0.11863534152507782,-0.38357338309288025,0.14092831313610077,0.5700590014457703,-0.40802672505378723,0.2624101936817169,-0.2918393909931183,-0.4772131145000458,0.32420745491981506,0.10163398832082748,Enabler,Peripheral,0.025867244267553397
270,0,0.0,0.0,0.0,0.0,0.0,0,0,0.0,1,0.0,0,-0.850258738995579,0,0.0,0.0,0.0,0.0,9,5,2.6666666666666665,0,0,1,8,0.2222222222222222,0.3333333333333333,0.0,0.0,0.0,0.0,0.0,0.0,0.0,0.0,0.0,0.0,0.0,0.0,0.0,0.0,0.0,0.0,0.0,0.0,0.0,0.0,0.0,0.0,0.0,0.0,0.0,0.0,0.0,0.0,0.0,0.0,0.0,0.0,0.0,0.0,0.0,0.0,0.0,0.0,0.0,0.0,0.0,0.0,0.0,0.0,0.0,0.0,0.0,0.0,0.0,0.0,0.0,0.0,0.0,0.0,0.0,0.0,0.0,0.0,0.0,0.0,0.0,0.0,0.0,0.0,Peripheral,Peripheral,0.010082292923111493
271,3,0.008645533141210374,0.00045127554980096073,0.16967161843927842,0.0075113613985615686,0.0,3,0,0.5,4,0.0,0,-0.07061949659431722,1,0.25,0.007348848119754571,0.009555827284557466,-1.000088900581841e-12,9,5,1.7777777777777777,0,0,3,6,0.2222222222222222,0.0,0.09261808544397354,-0.4619022607803345,-0.07661747932434082,0.14474013447761536,0.3924430012702942,-0.009779999032616615,-0.1743059754371643,0.790300190448761,0.24008238315582275,0.3049793839454651,-0.19045589864253998,-0.6193303465843201,-0.5060427188873291,-0.10456864535808563,-0.33194485306739807,0.1612001657485962,-0.2573477327823639,-0.04411826282739639,-0.04980674758553505,0.1429721862077713,1.0343066453933716,0.573090672492981,0.539513885974884,-0.15739838778972626,0.3785512149333954,-0.39960387349128723,0.07383732497692108,-0.29734480381011963,0.5443745851516724,0.1364981234073639,0.7079423069953918,-0.24791251122951508,0.3071368634700775,0.0758717730641365,0.3996623754501343,-0.5129811763763428,-0.11532308161258698,-0.11210793256759644,-0.731835126876831,-0.6106210947036743,-0.2186894565820694,-0.10559950768947601,0.1154683381319046,0.1356176733970642,0.42198818922042847,0.07683642953634262,-0.08933909237384796,-0.2070554494857788,0.12327054142951965,-0.03937520459294319,-0.4817272424697876,0.008177056908607483,0.22236014902591705,0.695207417011261,-0.03367853909730911,0.05857307091355324,0.4672708809375763,0.30829939246177673,-0.28815439343452454,0.06094278022646904,-0.27995407581329346,-0.16942237317562103,-0.23956961929798126,-0.26291224360466003,Peripheral,Peripheral,0.019996808009718734
272,1,0.002881844380403458,0.0,0.16091728493469862,0.0021409378285764153,0.0,1,1,1.0,2,0.0,0,-0.5903789915284918,1,0.25,0.005366192984199543,0.0032416060700570844,-1.000088900581841e-12,6,4,1.6666666666666667,0,0,1,5,0.16666666666666666,0.0,0.2607116997241974,-0.7152910828590393,-0.29086506366729736,0.7494398951530457,0.09026303142309189,0.2339472621679306,-0.20729012787342072,0.3893374502658844,0.10719753801822662,0.2095155566930771,-0.4640151560306549,-0.24367481470108032,-0.526218831539154,0.7363578081130981,-0.452956885099411,0.5961195230484009,0.009521149098873138,0.2996279001235962,-0.0020483280532062054,-0.12616920471191406,0.34764906764030457,0.6402980089187622,-0.181503564119339,-0.5235775113105774,-0.11777301877737045,-0.1431242972612381,0.4144577383995056,-0.24374833703041077,0.2053406685590744,-0.12881802022457123,0.028292469680309296,0.054962173104286194,0.12446340918540955,0.30887389183044434,-0.2961072325706482,0.03975838050246239,-0.14468158781528473,-0.4885844886302948,-0.8788824677467346,-0.6120339632034302,0.11668243259191513,-0.06159777194261551,0.21125145256519318,0.2587701082229614,0.41574370861053467,0.43252572417259216,-0.4435979425907135,0.6468458771705627,-0.09153132140636444,-0.23097024857997894,0.05331148952245712,-0.029512502253055573,0.1612335443496704,0.5722216963768005,0.2593231797218323,-0.21567869186401367,-0.3083881139755249,-0.44344624876976013,-0.4171251654624939,0.435198038816452,-0.7635628581047058,-0.0871795117855072,0.08502133190631866,0.48729321360588074,Peripheral,Peripheral,0.018592649169014302
273,3,0.008645533141210374,0.018992813669647318,0.16549480069870537,0.0031873712551235335,0.0,2,1,0.5,4,0.8888888888888888,2,-0.5903789915284918,2,0.5,0.017562317771003068,0.008091295038688889,0.6365141682928128,8,6,1.625,0,0,3,5,0.125,0.0,0.12307693809270859,0.01085580512881279,-0.6443155407905579,-0.06560972332954407,0.7613188624382019,0.22559083998203278,-0.7128560543060303,-0.23359060287475586,-0.13163354992866516,-0.1416950225830078,-0.3116006851196289,-0.5780095458030701,-0.37444403767585754,0.4212641417980194,-0.1709568202495575,0.28990525007247925,-0.05024836212396622,-0.23488087952136993,-0.02580200508236885,0.14271456003189087,0.46628105640411377,0.8750625848770142,0.28981244564056396,-0.7010509371757507,0.08714628964662552,-0.0601096972823143,-0.1709609478712082,-0.09997401386499405,-0.43131381273269653,-0.7449184060096741,0.34271910786628723,-0.3019346594810486,-0.14942552149295807,0.00938289612531662,0.005987916141748428,0.001015551039017737,-0.18084238469600677,-0.46834081411361694,-0.3864835500717163,0.10808782279491425,-0.4296998381614685,0.3175925016403198,0.057987987995147705,0.45902472734451294,0.23920777440071106,0.23937484622001648,0.48366641998291016,-0.7099762558937073,-0.02649710513651371,-0.6988795399665833,-0.39262986183166504,0.05328337848186493,0.3922453820705414,0.028953757137060165,0.141232430934906,-0.30656516551971436,0.2862590551376343,0.755719006061554,-0.2934982180595398,0.1592584103345871,-0.18155133724212646,-0.2617097795009613,0.03386367857456207,0.26317986845970154,Peripheral,Peripheral,0.032695724667126544
274,5,0.01440922190201729,0.018436218795316945,0.24299156279295855,0.07847322841871017,0.0,3,0,0.3333333333333333,6,0.0,0,0.44913999833985735,1,0.25,0.00934252506020623,0.0763370591552214,-1.000088900581841e-12,5,3,3.2,0,4,1,0,0.4,0.4,-0.06592649221420288,-0.29397067427635193,-0.01743648387491703,-0.08530231565237045,0.049003664404153824,0.004648109897971153,-0.317444771528244,0.1305045634508133,-0.3429450988769531,0.11587301641702652,-0.15930649638175964,-0.32712772488594055,-0.28548863530158997,0.024434790015220642,0.10766306519508362,0.28782039880752563,-0.43068358302116394,0.030538542196154594,-0.2977653741836548,-0.041742097586393356,0.5361108779907227,0.4611831605434418,0.20107415318489075,-0.07889312505722046,0.06094178184866905,0.026376543566584587,0.3143903315067291,-0.2268119603395462,-0.08176513761281967,-0.12120995670557022,0.43197202682495117,-0.4752063751220703,0.2652313709259033,0.32411888241767883,-0.0950642079114914,-0.24712508916854858,-0.28638800978660583,0.1963655650615692,-0.45273154973983765,-0.3454570174217224,-0.22050362825393677,0.14738629758358002,0.12384352833032608,0.5823485255241394,0.06398481130599976,0.4314715564250946,0.0429525263607502,-0.08739262819290161,-0.20481586456298828,0.0489475354552269,-0.1535947173833847,0.1846572607755661,0.3345579504966736,0.8122240900993347,0.18901793658733368,-0.2138335108757019,0.2952273488044739,0.30064910650253296,-0.23765330016613007,0.14136292040348053,-0.3285635709762573,-0.14281241595745087,0.24436886608600616,-0.18204490840435028,Broker,Peripheral,0.028014537671692694
275,1,0.002881844380403458,0.0,0.1629103369290433,0.002142260402767817,0.0,1,1,1.0,2,0.0,0,-0.5903789915284918,1,0.25,0.005366192984199543,0.003632098502675026,-1.000088900581841e-12,10,5,2.1,0,0,3,7,0.2,0.1,-0.16777214407920837,-0.19078360497951508,-0.061000753194093704,-0.2698126435279846,0.15152789652347565,-0.06468772888183594,-0.23383715748786926,0.36591440439224243,-0.20081646740436554,0.3207207918167114,-0.24259570240974426,-0.5901921391487122,-0.5366166234016418,-0.03724221885204315,-0.03437524288892746,0.19948861002922058,-0.482765793800354,-0.1511700600385666,-0.3445747494697571,0.04903183877468109,1.0862287282943726,0.8803697228431702,0.3929677903652191,-0.25319191813468933,0.29632478952407837,-0.40504133701324463,0.14260512590408325,-0.28914639353752136,0.21972250938415527,-0.18835648894309998,0.6362698674201965,-0.611528754234314,-0.16369810700416565,0.2588441073894501,0.16721317172050476,-0.3515603244304657,0.03661284223198891,0.12959706783294678,-0.36652329564094543,-0.6745897531509399,-0.17127680778503418,0.1063714325428009,0.0010645160218700767,0.03809719532728195,0.053564488887786865,0.014609082601964474,-0.10462267696857452,-0.3244793117046356,0.22693119943141937,0.003571748035028577,-0.5351417064666748,0.2448468953371048,0.4565671682357788,0.7369773983955383,0.3338032066822052,-0.2395372986793518,0.5926188826560974,0.538506269454956,-0.6195805072784424,0.12229879945516586,-0.5195303559303284,-0.26923832297325134,0.0639973059296608,-0.5049172639846802,Peripheral,Peripheral,0.020835426931424903
276,2,0.005763688760806916,0.014434542153220835,0.1604904486351371,0.001013369381525635,0.0,1,1,0.6666666666666666,3,0.0,0,-0.3304992440614045,1,0.25,0.015999205008446787,0.014420049641018806,-1.000088900581841e-12,6,5,1.8333333333333333,0,0,1,5,0.16666666666666666,0.16666666666666666,0.004822243470698595,-0.5280331969261169,0.2623770534992218,0.4828121066093445,0.23470857739448547,-0.34459182620048523,-0.30686241388320923,0.0798090323805809,-0.6155394315719604,0.39358264207839966,-0.0240828488022089,-0.7304578423500061,0.21587421000003815,-0.33657392859458923,0.025481615215539932,0.7671957612037659,-0.8798309564590454,-0.23878386616706848,0.3162393271923065,0.2783427834510803,0.3647668659687042,0.10001454502344131,0.48177653551101685,-0.9514768123626709,-0.07952622324228287,-0.2436765879392624,0.6990123987197876,-0.4428398013114929,-0.419007271528244,-0.5735657215118408,0.48770979046821594,-0.5503082871437073,0.3800283968448639,0.31687337160110474,-0.5196390748023987,-0.6058512926101685,0.019514046609401703,0.11891094595193863,-0.66922527551651,-0.026666149497032166,0.41365551948547363,-0.6579100489616394,0.5726911425590515,0.6032219529151917,0.19412043690681458,-0.11398317664861679,0.07361692935228348,-0.5303882360458374,-0.013900903053581715,-0.6155011653900146,0.7748750448226929,0.06998107582330704,0.22568762302398682,0.2824639081954956,0.03166019171476364,-0.04443580284714699,0.9083301424980164,-0.049084823578596115,-0.21176466345787048,0.3389189541339874,-0.29607683420181274,0.2999648451805115,0.35191357135772705,-0.02901182509958744,Peripheral,Peripheral,0.02044631462863927
277,0,0.0,0.0,0.0,0.0,0.0,0,0,0.0,1,0.0,0,-0.850258738995579,0,0.0,0.0,0.0,0.0,8,5,2.0,0,0,2,6,0.375,0.0,0.0,0.0,0.0,0.0,0.0,0.0,0.0,0.0,0.0,0.0,0.0,0.0,0.0,0.0,0.0,0.0,0.0,0.0,0.0,0.0,0.0,0.0,0.0,0.0,0.0,0.0,0.0,0.0,0.0,0.0,0.0,0.0,0.0,0.0,0.0,0.0,0.0,0.0,0.0,0.0,0.0,0.0,0.0,0.0,0.0,0.0,0.0,0.0,0.0,0.0,0.0,0.0,0.0,0.0,0.0,0.0,0.0,0.0,0.0,0.0,0.0,0.0,0.0,0.0,Peripheral,Peripheral,0.007859425192031795
278,0,0.0,0.0,0.0,0.0,0.0,0,0,0.0,1,0.0,0,-0.850258738995579,0,0.0,0.0,0.0,0.0,7,5,2.4285714285714284,0,0,2,5,0.5714285714285714,0.0,0.0,0.0,0.0,0.0,0.0,0.0,0.0,0.0,0.0,0.0,0.0,0.0,0.0,0.0,0.0,0.0,0.0,0.0,0.0,0.0,0.0,0.0,0.0,0.0,0.0,0.0,0.0,0.0,0.0,0.0,0.0,0.0,0.0,0.0,0.0,0.0,0.0,0.0,0.0,0.0,0.0,0.0,0.0,0.0,0.0,0.0,0.0,0.0,0.0,0.0,0.0,0.0,0.0,0.0,0.0,0.0,0.0,0.0,0.0,0.0,0.0,0.0,0.0,0.0,Peripheral,Peripheral,0.008897141505265431
279,4,0.011527377521613832,0.0012514298406546723,0.24124760420832012,0.08752756661013117,0.3333333333333333,3,0,0.6,5,0.0,0,0.18926025087277007,1,0.25,0.0028680116917308013,0.09202763517437473,-1.000088900581841e-12,16,7,2.4375,0,12,4,0,0.3125,0.125,-0.18867918848991394,-0.4398195147514343,-0.15939970314502716,0.23716653883457184,-0.011396829038858414,-0.1280788779258728,-0.32835179567337036,-0.04862893745303154,-0.38719800114631653,0.005234255455434322,-0.059554070234298706,-0.40308040380477905,-0.06266733258962631,0.07789915055036545,-0.22114048898220062,0.23178084194660187,-0.3677004277706146,-0.04059048742055893,-0.08257504552602768,0.26577484607696533,0.5236245393753052,0.52500981092453,-0.07308847457170486,-0.37783998250961304,0.161102294921875,-0.12094952166080475,0.2014516443014145,0.05594875290989876,-0.3276503384113312,-0.1220729798078537,0.246211439371109,0.0687822476029396,0.1943342387676239,0.08183843642473221,-0.06250099837779999,-0.16148574650287628,-0.2259664684534073,-0.3500465154647827,-0.13156500458717346,-0.3647196590900421,-0.07103761285543442,0.07670751214027405,-0.08064548671245575,0.4378405511379242,0.09574538469314575,0.014617697335779667,-0.15336467325687408,-0.26878824830055237,0.06961456686258316,0.3207729458808899,0.0062004029750823975,0.0013330026995390654,-0.029261687770485878,0.35988306999206543,0.22577644884586334,0.02974002994596958,0.185434490442276,-0.2197847068309784,0.14356465637683868,0.1855771541595459,-0.5460205674171448,-0.3804866075515747,0.08476631343364716,0.24857370555400848,Broker,Peripheral,0.027336484565523136
280,1,0.002881844380403458,0.0,0.002881844380403458,5.2634322472132326e-21,0.0,1,1,1.0,2,0.0,0,-0.5903789915284918,1,0.25,1.656232402530723e-05,0.0,-1.000088900581841e-12,5,3,1.6,0,0,0,5,0.2,0.0,-0.5047779679298401,-0.5248345136642456,0.453326553106308,1.0277692079544067,-0.3260761797428131,0.08614391088485718,-0.7674664258956909,0.3966331481933594,0.07891876250505447,-1.4868484735488892,-0.17867228388786316,-1.297109842300415,-0.060339897871017456,0.48532190918922424,0.6984655261039734,0.3810657262802124,0.174099400639534,1.0474460124969482,1.2280193567276,-0.4840906262397766,1.2488391399383545,2.110443353652954,-0.7726356983184814,-1.1289443969726562,-0.022606464102864265,-1.3409138917922974,0.5152774453163147,1.2459490299224854,0.5182386636734009,-1.2980852127075195,1.2194561958312988,-1.016695499420166,0.1649082601070404,1.331903100013733,-0.10705576837062836,-0.3146817982196808,1.270447015762329,-0.6523032188415527,-0.967927098274231,-0.7101259827613831,0.18020020425319672,-0.5425881147384644,-0.38625019788742065,0.07816275954246521,0.5328832864761353,-0.12790200114250183,-0.6852103471755981,-0.24376484751701355,0.7526910305023193,1.276806116104126,0.7936303019523621,-0.2965274155139923,0.754429817199707,1.3199076652526855,-1.3119537830352783,0.09852226823568344,1.0871288776397705,0.8303401470184326,-0.25520139932632446,0.24810297787189484,-0.21450449526309967,0.13234084844589233,1.4445170164108276,0.360950231552124,Peripheral,Peripheral,0.017862921665284456
281,4,0.011527377521613832,0.00044036623628573157,0.24105537504162028,0.09216562062847362,0.5,3,0,0.7,5,0.0,0,0.18926025087277007,1,0.25,0.0011864030406270759,0.09521144748350109,-1.000088900581841e-12,12,6,3.1666666666666665,1,10,1,0,0.25,0.5,0.08536210656166077,-0.5472882986068726,-0.25319814682006836,-0.07900883257389069,0.17658723890781403,0.05559176951646805,-0.03527076169848442,0.055311691015958786,-0.2950899600982666,-0.12834258377552032,-0.18741177022457123,-0.597611129283905,-0.26594609022140503,0.06357273459434509,-0.24157556891441345,0.1253751665353775,-0.5660312175750732,-0.12834788858890533,-0.028412839397788048,-0.09198763966560364,0.22821754217147827,0.36193302273750305,-0.029466941952705383,-0.625397801399231,0.243318572640419,0.1271653026342392,0.34567660093307495,0.1055697351694107,-0.05733014643192291,-0.2865149676799774,-0.0480249859392643,-0.13031819462776184,0.20759671926498413,-0.3106640577316284,-0.18177612125873566,-0.31549176573753357,-0.2513369619846344,-0.20827940106391907,-0.42787206172943115,-0.13049711287021637,-0.33056119084358215,-0.12276226282119751,-0.18882432579994202,0.19204078614711761,0.0032350223045796156,-0.22928670048713684,0.05168766528367996,-0.053170718252658844,-0.1822044551372528,0.3120618164539337,-0.012209992855787277,0.27849486470222473,0.38182541728019714,0.366290420293808,0.08669200539588928,0.1789315789937973,0.20677997171878815,-0.12107740342617035,-0.1656016856431961,0.3502306640148163,-0.07467596977949142,-0.27454063296318054,0.11782770603895187,0.04250448942184448,Broker,Peripheral,0.028657495265183748
282,2,0.005763688760806916,0.0001848101757481911,0.16594870854483457,0.007996254339737597,0.0,2,0,0.6666666666666666,3,0.0,0,-0.3304992440614045,1,0.25,0.0,0.004176488015879332,-1.000088900581841e-12,10,5,1.4,0,0,1,9,0.1,0.0,0.20200131833553314,-0.624325692653656,-0.27619579434394836,0.5918289422988892,0.0696270689368248,-0.013575703836977482,-0.41480761766433716,0.4517129957675934,-0.10522836446762085,0.07250546663999557,-0.19079986214637756,-0.3087943196296692,-0.2612072229385376,0.7026119232177734,-0.3613102436065674,0.536222517490387,-0.40619581937789917,0.34440651535987854,0.08335278928279877,0.1044163927435875,0.5772282481193542,0.5895497798919678,-0.21935103833675385,-0.44601544737815857,0.21474424004554749,-0.2449103444814682,0.20645032823085785,-0.14065973460674286,-0.16319270431995392,0.004726785700768232,0.10034915804862976,0.055052753537893295,0.11297012865543365,0.45967233180999756,0.015447231940925121,-0.10865764319896698,0.06605687737464905,-0.44972512125968933,-0.48619183897972107,-0.717330276966095,0.0665043443441391,-0.16726958751678467,0.45820364356040955,0.2812614440917969,0.34720540046691895,0.17772451043128967,-0.3772772550582886,0.1528281569480896,-0.1261194497346878,0.19134196639060974,0.31680551171302795,0.0421588160097599,-0.03775957226753235,0.272754967212677,0.5307186245918274,-0.1660161167383194,-0.2379196286201477,-0.377490371465683,-0.14831824600696564,0.40468135476112366,-0.5934321284294128,-0.4228723347187042,-0.008122052066028118,0.5822029113769531,Peripheral,Peripheral,0.018851830165687738
283,0,0.0,0.0,0.0,0.0,0.0,0,0,0.0,1,0.0,0,-0.850258738995579,0,0.0,0.0,0.0,0.0,7,3,1.8571428571428572,0,0,1,6,0.14285714285714285,0.14285714285714285,0.0,0.0,0.0,0.0,0.0,0.0,0.0,0.0,0.0,0.0,0.0,0.0,0.0,0.0,0.0,0.0,0.0,0.0,0.0,0.0,0.0,0.0,0.0,0.0,0.0,0.0,0.0,0.0,0.0,0.0,0.0,0.0,0.0,0.0,0.0,0.0,0.0,0.0,0.0,0.0,0.0,0.0,0.0,0.0,0.0,0.0,0.0,0.0,0.0,0.0,0.0,0.0,0.0,0.0,0.0,0.0,0.0,0.0,0.0,0.0,0.0,0.0,0.0,0.0,Peripheral,Peripheral,0.007195967221275863
284,7,0.020172910662824207,0.00511136996170158,0.20034734813061814,0.05147468583964783,0.0,3,1,0.25,8,0.0,0,0.9688994932740319,1,0.25,0.014715519492213707,0.006667367172674494,-1.000088900581841e-12,14,9,1.6428571428571428,1,2,5,6,0.14285714285714285,0.0,0.3473249673843384,-0.5931234359741211,-0.1661522537469864,0.41197019815444946,0.1811794638633728,0.08448941260576248,-0.5606955289840698,0.27551475167274475,-0.10212027281522751,-0.12601059675216675,-0.26661038398742676,-0.2752346694469452,-0.39844563603401184,0.35283777117729187,-0.34618377685546875,0.21557939052581787,-0.5525529980659485,-0.01981489732861519,0.006311689503490925,0.23769959807395935,0.3727276623249054,0.2868459224700928,-0.20208945870399475,-0.4550921320915222,0.373500794172287,-0.21491636335849762,0.1395224630832672,0.18425780534744263,-0.2880108058452606,-0.19646430015563965,0.15880520641803741,-0.08202584832906723,0.37119612097740173,0.21417851746082306,0.08806033432483673,-0.15491071343421936,0.12197951972484589,-0.05552578344941139,-0.23466792702674866,-0.46214404702186584,-0.09518615901470184,0.22216518223285675,0.5372888445854187,0.30907386541366577,0.136175736784935,-0.05231112614274025,-0.43429112434387207,-0.24846190214157104,0.11429830640554428,0.5848838090896606,0.034216586500406265,0.06234120577573776,-0.08362490683794022,0.3874604105949402,0.5254404544830322,0.17674660682678223,0.07239808142185211,-0.0632854700088501,0.09218738228082657,0.34415197372436523,-0.36453232169151306,-0.42480888962745667,-0.028426963835954666,0.41896453499794006,Enabler,Peripheral,0.023476196019879804
285,3,0.008645533141210374,0.00398421118785597,0.14209699186342573,0.0002700146462886853,0.0,2,1,0.5,4,0.5555555555555556,1,-0.3304992440614045,2,0.5,0.022540307412085788,0.006168569471429659,0.6365141682928128,11,7,2.1818181818181817,0,3,4,4,0.09090909090909091,0.18181818181818182,0.12083223462104797,0.13554342091083527,0.18235959112644196,0.22352272272109985,0.6771507263183594,-0.09060057997703552,-0.7020570039749146,0.9048671126365662,-0.043455518782138824,0.19908757507801056,-0.15883052349090576,-0.7313633561134338,-0.8517924547195435,-0.05270066112279892,0.27722758054733276,-0.2979528307914734,-0.831770122051239,-0.39635923504829407,0.390312522649765,-0.09056103974580765,0.8375201225280762,0.8431156277656555,0.23971723020076752,-0.14112326502799988,-0.25382182002067566,-0.9950416088104248,0.48829954862594604,0.22550658881664276,0.3150842785835266,-0.13852493464946747,0.49306508898735046,-0.23381148278713226,1.151666522026062,0.4042395353317261,0.9608242511749268,-0.6662232875823975,0.24627262353897095,-0.6921358108520508,-0.8535539507865906,-0.3181585669517517,0.19899946451187134,0.4062053859233856,0.368178129196167,0.5529364347457886,0.794624924659729,0.025000074878335,-0.4431661367416382,-0.15011106431484222,-0.21707427501678467,0.02607317827641964,-0.3541714549064636,0.3054664731025696,-0.39193135499954224,0.55644291639328,-0.5602309107780457,-0.04213054105639458,0.5532787442207336,-0.3338053524494171,-0.027601279318332672,0.4075932204723358,-0.45481356978416443,0.20510244369506836,-0.23430922627449036,0.4886784553527832,Enabler,Peripheral,0.0340344166667131
286,1,0.002881844380403458,0.0,0.18268387420122792,0.006608855693293985,0.0,1,1,1.0,2,0.0,0,-0.5903789915284918,1,0.25,0.005366192984199543,0.005681279500430395,-1.000088900581841e-12,8,4,2.0,0,0,2,6,0.25,0.125,-0.129262775182724,-0.7308751344680786,-0.20743268728256226,-0.16564084589481354,0.3902684450149536,-0.18804194033145905,-0.09922327846288681,0.24745945632457733,-0.5332017540931702,-0.3937293589115143,-0.1055116280913353,-0.6115882992744446,-0.1223958432674408,0.2278560996055603,-0.4308423697948456,-0.06208724528551102,-0.6776084303855896,-0.10281863063573837,0.1433057337999344,-0.26447540521621704,0.221486434340477,0.4167936146259308,-0.4944363236427307,-0.504923939704895,0.23010244965553284,0.19318737089633942,0.36479130387306213,0.23905567824840546,0.10631129890680313,-0.6105913519859314,-0.24051429331302643,-0.42782482504844666,0.04378359019756317,-0.3742334544658661,0.10590708255767822,-0.3368678390979767,-0.4919171929359436,-0.29639214277267456,-0.7806366086006165,0.16686739027500153,-0.2676981985569,-0.04344295710325241,-0.14357811212539673,0.19158658385276794,0.10240121185779572,-0.09626252204179764,-0.15836817026138306,-0.20597486197948456,0.054092977195978165,0.2501809298992157,0.10364879667758942,0.16185496747493744,0.4647538661956787,0.6916177272796631,0.29991841316223145,0.506399393081665,0.41863930225372314,-0.3161243796348572,-0.29069581627845764,0.7436779737472534,0.005894670262932777,-0.10233910381793976,0.040844500064849854,-0.07438140362501144,Peripheral,Peripheral,0.02027414942947614
287,1,0.002881844380403458,0.0,0.003842459173871277,8.737336050511013e-19,0.0,1,1,1.0,2,0.0,0,-0.5903789915284918,1,0.25,0.0,5.79700488081158e-05,-1.000088900581841e-12,11,5,2.4545454545454546,0,0,3,8,0.36363636363636365,0.09090909090909091,-0.20534420013427734,-0.25592041015625,-0.40232205390930176,1.4731934070587158,0.7457273602485657,0.8448883891105652,-0.621493935585022,-0.8488577008247375,-0.8642356991767883,-0.35339322686195374,0.4163745045661926,-0.5411670207977295,0.4204197824001312,0.7805687785148621,0.587494969367981,0.38608694076538086,-0.5238776206970215,0.34300315380096436,0.3299310505390167,-0.2805863916873932,1.3416213989257812,0.8989056944847107,-0.6504016518592834,-0.9447760581970215,-0.6866726279258728,-1.1737078428268433,0.2545027732849121,0.23613445460796356,1.055185079574585,-0.7075921297073364,0.5053257346153259,0.6515246629714966,1.2748725414276123,-0.15503773093223572,1.16116464138031,-1.3844305276870728,0.7084274291992188,-0.09927154332399368,-0.7224833369255066,1.1094188690185547,-0.1115083396434784,-0.9834644794464111,-0.02525675855576992,0.683553159236908,-0.15674470365047455,0.30765488743782043,-0.388236939907074,-0.7921164631843567,0.4210432469844818,-0.5553380250930786,0.1787731647491455,0.19197078049182892,0.6863182187080383,0.9777423143386841,-1.4543349742889404,-0.34279224276542664,1.147759199142456,0.30523398518562317,-0.4031355679035187,1.0106439590454102,-0.16991198062896729,-0.009173869155347347,-0.4040471911430359,0.604317843914032,Peripheral,Peripheral,0.02183534519604426
288,2,0.005763688760806916,0.0002758925745507678,0.196062537703975,0.014548940919427652,0.0,2,0,0.6666666666666666,3,0.0,0,-0.3304992440614045,1,0.25,0.0,0.013388156217163247,-1.000088900581841e-12,3,3,2.6666666666666665,0,0,1,2,0.3333333333333333,0.3333333333333333,0.4105629622936249,-0.10134262591600418,-0.530723512172699,-0.18832072615623474,0.19341950118541718,0.16851744055747986,0.3373306691646576,-0.12597140669822693,-0.1059698611497879,0.16534224152565002,-0.47346070408821106,-0.6929250359535217,-0.583916425704956,-0.11383825540542603,0.03651096671819687,0.1723339557647705,-0.8332797288894653,-0.1809123307466507,0.14520640671253204,-0.1396925002336502,0.49275898933410645,0.4741673767566681,0.14109590649604797,-0.7586345076560974,-0.0062961517833173275,-0.01663091406226158,0.009907089173793793,0.23306810855865479,-0.07715005427598953,0.0014574647648259997,0.03752903640270233,0.18679222464561462,0.7991294860839844,-0.2173105925321579,-0.014892235398292542,-0.6759207248687744,-0.21635906398296356,-0.27668267488479614,-0.7928091287612915,-0.5298589468002319,-0.3548230826854706,-0.22602485120296478,-0.012446095235645771,0.24386999011039734,-0.04628739506006241,0.07658571749925613,0.17358912527561188,-0.21353036165237427,-0.28163328766822815,0.48373106122016907,0.10078590363264084,-0.016166744753718376,0.21803541481494904,0.39512398838996887,-0.2850404977798462,-0.08248820900917053,0.11950895190238953,-0.22905294597148895,-0.1939014047384262,-0.18259763717651367,0.025781480595469475,-0.3848213851451874,0.3079715669155121,0.5203396081924438,Peripheral,Peripheral,0.021274246805551525
289,0,0.0,0.0,0.0,0.0,0.0,0,0,0.0,1,0.0,0,-0.850258738995579,0,0.0,0.0,0.0,0.0,6,4,1.6666666666666667,0,0,0,6,0.16666666666666666,0.0,0.0,0.0,0.0,0.0,0.0,0.0,0.0,0.0,0.0,0.0,0.0,0.0,0.0,0.0,0.0,0.0,0.0,0.0,0.0,0.0,0.0,0.0,0.0,0.0,0.0,0.0,0.0,0.0,0.0,0.0,0.0,0.0,0.0,0.0,0.0,0.0,0.0,0.0,0.0,0.0,0.0,0.0,0.0,0.0,0.0,0.0,0.0,0.0,0.0,0.0,0.0,0.0,0.0,0.0,0.0,0.0,0.0,0.0,0.0,0.0,0.0,0.0,0.0,0.0,Peripheral,Peripheral,0.006390744726854135
290,5,0.01440922190201729,0.01658059773926827,0.24575507366144062,0.08378418515162163,0.0,3,0,0.3333333333333333,6,0.0,0,0.44913999833985735,1,0.25,0.009530341608490634,0.07899323077593148,-1.000088900581841e-12,9,7,3.111111111111111,2,6,1,0,0.2222222222222222,0.4444444444444444,0.13848979771137238,-0.5096226930618286,-0.035416409373283386,0.12984095513820648,0.2811899483203888,0.020140139386057854,-0.2735248804092407,0.47365233302116394,-0.20798784494400024,0.3015619218349457,-0.19126172363758087,-0.15986193716526031,-0.3685415983200073,0.2565295100212097,-0.16526725888252258,-0.12565290927886963,-0.578143298625946,0.11100959032773972,-0.014633209444582462,0.2631669044494629,0.43055304884910583,0.6401547193527222,0.12705224752426147,-0.15833860635757446,0.3201574981212616,-0.0889054611325264,0.04635241627693176,-0.10817698389291763,-0.13330458104610443,-0.30299222469329834,0.2707873284816742,0.0578119270503521,0.5185176134109497,0.035036053508520126,0.013857134617865086,-0.3228089511394501,-0.17540167272090912,-0.5219815969467163,-0.3702791929244995,-0.37868204712867737,-0.007887574844062328,0.07421620190143585,0.044855669140815735,0.2993939518928528,0.13212253153324127,0.0982639491558075,-0.2567826807498932,-0.07464241981506348,-0.008519482798874378,0.330363929271698,-0.03969807177782059,0.013344243168830872,-0.224392369389534,0.26869821548461914,0.09471441805362701,0.15349239110946655,0.24496077001094818,-0.06415582448244095,-0.10723687708377838,0.3002817630767822,-0.20474492013454437,-0.10582391172647476,-0.2159023880958557,0.17501351237297058,Broker,Peripheral,0.0288296711441966
291,2,0.005763688760806916,6.252483835732491e-05,0.1941749009481601,0.019353309223365887,0.0,2,0,0.6666666666666666,3,0.0,0,-0.3304992440614045,1,0.25,0.005464778246254944,0.01057694721801904,-1.000088900581841e-12,11,9,2.727272727272727,1,4,3,3,0.18181818181818182,0.36363636363636365,0.19999557733535767,-0.27861905097961426,-0.18354320526123047,0.05976047366857529,0.051771048456430435,-0.32759979367256165,-0.417799711227417,-0.06542029976844788,-0.11869291216135025,0.12781643867492676,-0.16076187789440155,-0.20545487105846405,-0.5456081628799438,0.1835768222808838,0.24357132613658905,0.4873572289943695,-0.7148547768592834,0.36478379368782043,-0.1904841661453247,0.46149784326553345,0.2930288016796112,0.343906044960022,0.23045508563518524,-0.6711103916168213,-0.12614481151103973,-0.2302238643169403,0.053971435874700546,0.010434592142701149,-0.007626286707818508,-0.3455219268798828,0.18778538703918457,0.11173435300588608,0.5379243493080139,-0.3203454911708832,-0.11141378432512283,-0.16778384149074554,0.16594520211219788,-0.18039833009243011,-0.3461144268512726,-0.13992613554000854,-0.32750773429870605,0.08653361350297928,-0.40488338470458984,0.2863594889640808,0.34603628516197205,0.0008516387315467,0.23764373362064362,0.15852898359298706,-0.11703262478113174,-0.10643220692873001,-0.24865034222602844,-0.2719952464103699,-0.07265791296958923,0.4852813184261322,0.6671052575111389,0.44821321964263916,0.34100213646888733,-0.5151985883712769,-0.1938035488128662,0.4981202483177185,0.009408053010702133,0.011549503542482853,0.36754900217056274,-0.17844659090042114,Enabler,Peripheral,0.023768817842839185
292,1,0.002881844380403458,0.0,0.16160496563954777,0.0010475913845812382,0.0,1,1,1.0,2,0.0,0,-0.5903789915284918,1,0.25,0.005366192984199543,0.003470988524061099,-1.000088900581841e-12,8,6,1.625,0,0,2,6,0.125,0.0,0.3743157982826233,-0.18261916935443878,-0.7739940881729126,-0.2721112370491028,0.5469228029251099,-0.3971725404262543,-0.14521169662475586,0.29681673645973206,0.130126491189003,0.44666823744773865,-0.2656649351119995,-0.3509053587913513,-0.23114435374736786,0.023363372310996056,0.08967432379722595,0.8123387098312378,-0.8143706321716309,0.24414843320846558,0.25777193903923035,0.4595579504966736,0.15160958468914032,0.61984783411026,-0.1485450565814972,-0.2785801589488983,0.25508007407188416,0.08445004373788834,-0.23170910775661469,0.2674488127231598,0.23723526298999786,0.1564463973045349,0.10954910516738892,0.14435777068138123,0.9217909574508667,0.0658968985080719,-0.024834120646119118,-0.8213384747505188,0.06057378649711609,-0.47854703664779663,-0.7835105657577515,0.05925580859184265,-0.034383825957775116,0.17780497670173645,-0.35377877950668335,-0.0027707808185368776,0.5077835917472839,0.07575048506259918,-0.446806937456131,-0.6223374009132385,-0.27898409962654114,0.2272488921880722,0.19005796313285828,-0.05685591325163841,0.18751287460327148,0.9710776805877686,-0.6993626356124878,-0.01861933432519436,0.6459264755249023,0.10812751203775406,-0.20813322067260742,-0.1192600354552269,-0.5678108930587769,-0.3372882604598999,0.35581398010253906,0.5611291527748108,Peripheral,Peripheral,0.018892854770411357
293,0,0.0,0.0,0.0,0.0,0.0,0,0,0.0,1,0.0,0,-0.850258738995579,0,0.0,0.0,0.0,0.0,7,5,2.4285714285714284,0,0,2,5,0.42857142857142855,0.14285714285714285,0.0,0.0,0.0,0.0,0.0,0.0,0.0,0.0,0.0,0.0,0.0,0.0,0.0,0.0,0.0,0.0,0.0,0.0,0.0,0.0,0.0,0.0,0.0,0.0,0.0,0.0,0.0,0.0,0.0,0.0,0.0,0.0,0.0,0.0,0.0,0.0,0.0,0.0,0.0,0.0,0.0,0.0,0.0,0.0,0.0,0.0,0.0,0.0,0.0,0.0,0.0,0.0,0.0,0.0,0.0,0.0,0.0,0.0,0.0,0.0,0.0,0.0,0.0,0.0,Peripheral,Peripheral,0.008897141505265431
294,4,0.011527377521613832,0.016693936447294177,0.24535644418267108,0.07744832845315677,0.0,3,0,0.4,5,0.4375,1,-0.07061949659431722,2,0.5,0.017571244609666962,0.09982123763863088,0.5623351446168083,11,8,2.8181818181818183,2,7,2,0,0.09090909090909091,0.45454545454545453,0.11158925294876099,-0.3090611696243286,-0.46536481380462646,0.08494574576616287,0.3459250032901764,0.022016631439328194,-0.4239373803138733,0.13628162443637848,-0.2173151820898056,0.03049325756728649,-0.12928715348243713,-0.6448555588722229,-0.23214387893676758,0.06747439503669739,-0.03850039094686508,0.2557036876678467,-0.24465234577655792,0.05887698382139206,-0.026429999619722366,-0.01098755095154047,0.2393094003200531,0.6969093084335327,0.011259246617555618,-0.4106478691101074,0.2880615293979645,0.0671253427863121,0.1596873700618744,0.025621961802244186,-0.2158498466014862,-0.2536713480949402,-0.21675585210323334,-0.060077544301748276,-0.07322949916124344,-0.1254420131444931,-0.07481364905834198,-0.27162614464759827,-0.24191074073314667,-0.10311522334814072,-0.2692493796348572,-0.16747558116912842,-0.15958182513713837,0.11959619075059891,-0.03826615586876869,0.45119890570640564,0.14719542860984802,0.12234475463628769,0.1438075304031372,-0.4630530774593353,-0.1968333125114441,-0.30408063530921936,-0.33923277258872986,-0.3058081269264221,0.2495507150888443,-0.09912072867155075,0.217982679605484,-0.03668726235628128,0.4526884853839874,0.2057948112487793,-0.21716950833797455,0.17993687093257904,-0.3195342421531677,-0.30249229073524475,0.19433656334877014,0.0877218022942543,Broker,Broker,0.4033571471398266
295,1,0.002881844380403458,0.0,0.19405035001746854,0.013353015318290851,0.0,1,1,1.0,2,0.0,0,-0.5903789915284918,1,0.25,0.0,0.014776512331046524,-1.000088900581841e-12,6,4,2.0,0,0,0,6,0.5,0.0,0.3261587619781494,-0.4898090660572052,-0.26583635807037354,-0.1771940290927887,0.012596013955771923,0.4402455687522888,0.038051147013902664,-0.0983843058347702,-0.3840998113155365,0.05142967775464058,-0.16907447576522827,-0.7118752598762512,-0.650418758392334,0.06420690566301346,-0.03822285681962967,0.23550915718078613,-0.7391893267631531,-0.030446264892816544,-0.13484525680541992,-0.19928427040576935,0.31923696398735046,0.5805293321609497,0.20817261934280396,-0.938514232635498,0.05508928745985031,0.07731465250253677,0.4453536570072174,0.09400897473096848,-0.26678839325904846,-0.07069472968578339,0.04453924298286438,-0.004388109780848026,0.396382600069046,-0.13621605932712555,-0.21419291198253632,-0.29320770502090454,-0.14002849161624908,-0.1261492818593979,-0.18500907719135284,-0.473464697599411,-0.4154965281486511,-0.09721429646015167,-0.10006564855575562,0.36407601833343506,0.10592993348836899,-0.3519808351993561,0.32921460270881653,0.011775679886341095,0.07339654862880707,0.5635095238685608,0.13780421018600464,0.021720603108406067,0.18660159409046173,0.21805964410305023,-0.013537672348320484,0.0034856994170695543,0.11843263357877731,-0.22700190544128418,-0.13646408915519714,0.03571133315563202,0.3616214096546173,-0.3003058135509491,0.5000404119491577,0.27136310935020447,Peripheral,Peripheral,0.019927358956091143
296,4,0.011527377521613832,0.005165644700947952,0.19429961186720193,0.0198254111727794,0.0,2,1,0.4,5,0.0,0,0.18926025087277007,1,0.25,0.018547836385727264,0.005489048116555985,-1.000088900581841e-12,17,10,2.3529411764705883,1,6,4,6,0.29411764705882354,0.11764705882352941,0.5163354873657227,-0.5720533132553101,-0.21660031378269196,0.35190171003341675,0.08868342638015747,0.22011570632457733,-0.31321072578430176,0.18139347434043884,-0.42250731587409973,0.044572483748197556,0.003502928651869297,-0.4749397039413452,-0.6293060183525085,-0.003978735767304897,-0.46816614270210266,0.20237721502780914,-0.15732723474502563,-0.20112070441246033,-0.22245168685913086,-0.519496500492096,0.8343614339828491,0.3071213364601135,0.25970277190208435,-0.7095363140106201,0.40924200415611267,0.4192250370979309,0.31037047505378723,-0.4136884808540344,-0.29581260681152344,0.20463432371616364,0.3988424241542816,-0.10158855468034744,0.35223814845085144,-0.12925422191619873,0.13273949921131134,-0.5261958241462708,-0.07819326221942902,-0.008455821312963963,-0.020381350070238113,0.3670889437198639,-0.35868576169013977,-0.1424759328365326,-0.2546922266483307,0.31018364429473877,0.5766366124153137,0.18002361059188843,-0.1062028557062149,-0.14430536329746246,-0.10310504585504532,0.23333658277988434,-0.3131527900695801,-0.13326114416122437,0.3807885944843292,0.3100264072418213,-0.3170628845691681,0.3288726806640625,0.0766642838716507,-0.48157933354377747,-0.16194111108779907,-0.18299373984336853,-0.2923453450202942,-0.135991171002388,0.31986719369888306,0.3426726162433624,Enabler,Peripheral,0.02493788845003833
297,0,0.0,0.0,0.0,0.0,0.0,0,0,0.0,1,0.0,0,-0.850258738995579,0,0.0,0.0,0.0,0.0,11,6,2.5454545454545454,0,0,4,7,0.18181818181818182,0.2727272727272727,0.0,0.0,0.0,0.0,0.0,0.0,0.0,0.0,0.0,0.0,0.0,0.0,0.0,0.0,0.0,0.0,0.0,0.0,0.0,0.0,0.0,0.0,0.0,0.0,0.0,0.0,0.0,0.0,0.0,0.0,0.0,0.0,0.0,0.0,0.0,0.0,0.0,0.0,0.0,0.0,0.0,0.0,0.0,0.0,0.0,0.0,0.0,0.0,0.0,0.0,0.0,0.0,0.0,0.0,0.0,0.0,0.0,0.0,0.0,0.0,0.0,0.0,0.0,0.0,Peripheral,Peripheral,0.010197766571479272
298,3,0.008645533141210374,0.007276011191649252,0.2408634519723196,0.0743446874454652,0.0,2,0,0.5,4,0.0,0,-0.07061949659431722,1,0.25,0.0,0.12120986805752816,-1.000088900581841e-12,8,5,2.625,0,5,3,0,0.375,0.25,0.2512522339820862,-0.45168596506118774,-0.001278711250051856,0.4538918137550354,0.14748457074165344,0.11230319738388062,-0.20976753532886505,0.12075094133615494,-0.005397013388574123,0.12405195832252502,-0.16532686352729797,-0.3882870078086853,-0.17019350826740265,0.34433624148368835,-0.2557336688041687,0.3947685658931732,-0.07956171035766602,0.03602186590433121,-0.15056565403938293,0.09419054538011551,0.29391732811927795,0.38037094473838806,-0.053321387618780136,-0.579302191734314,0.10015077143907547,-0.024183239787817,0.23940248787403107,0.004682488739490509,-0.048945438116788864,0.059180643409490585,0.0556110180914402,-0.0697040930390358,0.2095806896686554,-0.004000801593065262,-0.1447761207818985,-0.1006808653473854,-0.011739473789930344,-0.34911301732063293,-0.5157662630081177,-0.3443642556667328,-0.02823423221707344,0.049733370542526245,0.11485784500837326,0.29599350690841675,0.2993888556957245,0.12404093146324158,-0.05891575664281845,0.23390638828277588,-0.21564224362373352,-0.045536987483501434,-0.007232962176203728,0.04803621768951416,0.14184993505477905,0.45747581124305725,0.2501967251300812,0.010115365497767925,-0.04849621653556824,-0.10082431882619858,-0.31195348501205444,0.2020995020866394,-0.6552306413650513,-0.17508728802204132,0.11057484894990921,0.2600559890270233,Broker,Peripheral,0.0256894221766381
299,5,0.01440922190201729,0.0419187764030682,0.24221336723557516,0.07627517588606682,0.0,2,1,0.3333333333333333,6,0.3599999999999999,1,0.18926025087277007,2,0.5,0.0,0.0774692006266523,0.5004024235361879,15,9,3.0,3,9,3,0,0.2,0.4,0.1731298416852951,-0.5591709017753601,0.1423148810863495,0.30359363555908203,0.15240471065044403,-0.2839914858341217,-0.20161651074886322,-0.07891254872083664,-0.46702414751052856,0.32418033480644226,0.041630666702985764,-0.3611404299736023,0.05255699157714844,-0.032312896102666855,-0.07149115949869156,0.3885882496833801,-0.5942957401275635,-0.19533729553222656,-0.08910225331783295,0.09432605654001236,0.13847710192203522,0.13792544603347778,0.3252878785133362,-0.6050600409507751,0.12579326331615448,-0.04948015138506889,0.3690660297870636,-0.1732727438211441,-0.29601871967315674,-0.014391960576176643,0.32768285274505615,-0.37325426936149597,0.23183265328407288,0.14981767535209656,-0.2777121365070343,-0.4038843810558319,-0.21521449089050293,0.026536626741290092,-0.4370943307876587,-0.26341530680656433,0.16098976135253906,0.04228736460208893,0.1826162487268448,0.37607961893081665,0.20626546442508698,0.2595879137516022,0.0723721981048584,-0.263834148645401,-0.08954060077667236,-0.16591864824295044,0.09984006732702255,0.011314250528812408,0.32170021533966064,0.2930026650428772,0.021830810233950615,-0.07572530210018158,0.5887962579727173,-0.00708627887070179,-0.09852338582277298,0.3744167685508728,-0.2843347191810608,0.014513327740132809,0.16516201198101044,-0.20515882968902588,Broker,Broker,0.429483453256484
300,2,0.005763688760806916,0.002608652196365211,0.13732387456978368,0.00011845706893432726,0.0,1,1,0.6666666666666666,3,0.0,0,-0.3304992440614045,1,0.25,0.016065454304548015,0.002608652196365211,-1.000088900581841e-12,10,5,2.3,0,2,3,5,0.3,0.1,-0.2824140191078186,-0.4656045436859131,-0.5177479982376099,1.099343180656433,0.5055071711540222,0.8588430881500244,-0.3914428651332855,0.038804806768894196,-0.3507849872112274,-0.6491075754165649,0.4137679934501648,-0.13692818582057953,-0.28533631563186646,-0.021300578489899635,0.4791865348815918,-0.01862160488963127,-0.5914485454559326,0.42914047837257385,0.3133007287979126,0.29690542817115784,0.6330496072769165,0.7716671824455261,-0.2810588777065277,-0.7502275109291077,0.42595046758651733,-0.13247112929821014,0.4793805480003357,-0.6656713485717773,0.11451369524002075,-0.3455140292644501,0.5058289766311646,0.7433981895446777,0.5681625604629517,0.5423978567123413,0.6591672897338867,-0.4964293837547302,-0.3515191376209259,-0.2352450042963028,-0.5332825779914856,-0.455114483833313,-0.9959878921508789,-0.3797477185726166,0.5436749458312988,0.15072819590568542,0.5822774171829224,-0.3345813453197479,0.23047207295894623,0.162490576505661,0.3849165439605713,-0.4789479970932007,-0.3224208354949951,0.016173256561160088,0.9458986520767212,0.7696789503097534,-0.11099383234977722,0.015264835208654404,1.4262996912002563,-0.3066229522228241,0.09621651470661163,-0.031219391152262688,-0.7951399683952332,-0.11748117953538895,0.22873663902282715,-0.1803230196237564,Enabler,Peripheral,0.02190305224746581
301,0,0.0,0.0,0.0,0.0,0.0,0,0,0.0,1,0.0,0,-0.850258738995579,0,0.0,0.0,0.0,0.0,4,4,2.25,0,0,1,3,0.5,0.0,0.0,0.0,0.0,0.0,0.0,0.0,0.0,0.0,0.0,0.0,0.0,0.0,0.0,0.0,0.0,0.0,0.0,0.0,0.0,0.0,0.0,0.0,0.0,0.0,0.0,0.0,0.0,0.0,0.0,0.0,0.0,0.0,0.0,0.0,0.0,0.0,0.0,0.0,0.0,0.0,0.0,0.0,0.0,0.0,0.0,0.0,0.0,0.0,0.0,0.0,0.0,0.0,0.0,0.0,0.0,0.0,0.0,0.0,0.0,0.0,0.0,0.0,0.0,0.0,Peripheral,Peripheral,0.007651031342243072
302,26,0.07492795389048991,0.172648652238042,0.29257688169945206,0.32220351093425204,0.021538461538461538,3,0,0.09401709401709402,27,0.28402366863905326,4,4.867095705280342,3,0.75,0.28009023326671617,0.03682041682810626,0.5359610497060694,14,8,3.357142857142857,9,5,0,0,0.35714285714285715,0.5,0.03108186461031437,-0.3570278286933899,-0.050111111253499985,0.11361521482467651,0.2656952142715454,-0.058284640312194824,-0.3226548433303833,0.12208088487386703,0.02418592758476734,0.16201606392860413,-0.20447401702404022,-0.2790379524230957,-0.21459785103797913,0.03543701767921448,-0.10530010610818863,0.2341400533914566,-0.32855844497680664,-0.01984335668385029,-0.19287319481372833,0.06154203414916992,0.26530006527900696,0.24701610207557678,0.03638589754700661,-0.5361445546150208,0.15313807129859924,0.07150217890739441,0.09858379513025284,0.11894475668668747,0.047918424010276794,-0.21899552643299103,0.37070566415786743,0.035174597054719925,0.22953012585639954,0.1448327898979187,0.046168677508831024,-0.2846865952014923,-0.13128601014614105,-0.2077830284833908,-0.27431607246398926,-0.2735828161239624,-0.12529060244560242,-0.026435259729623795,0.06805583834648132,0.3906799852848053,0.3519643247127533,0.1693846583366394,0.05330349877476692,-0.18858423829078674,-0.16358056664466858,0.10928240418434143,0.06500201672315598,-0.06478072702884674,0.22307808697223663,0.1930382251739502,0.1400947868824005,0.08754825592041016,0.12437241524457932,-0.20271244645118713,-0.14160016179084778,-0.004526156932115555,-0.17354609072208405,-0.35692474246025085,0.23364996910095215,-0.037052616477012634,Coordinator,Broker,0.8674259876663689
303,5,0.01440922190201729,0.012616756176101931,0.24318689363121657,0.09217874302612783,0.2,3,0,0.4666666666666667,6,0.0,0,0.44913999833985735,1,0.25,0.01252997571511376,0.079261509848666,-1.000088900581841e-12,11,8,1.9090909090909092,2,3,6,0,0.18181818181818182,0.09090909090909091,0.36799705028533936,-0.25121384859085083,-0.16252854466438293,0.13540944457054138,-0.015528935007750988,0.051580168306827545,-0.2860300838947296,0.1913405805826187,-0.2609136700630188,-0.11619800329208374,-0.34732547402381897,-0.37176698446273804,-0.4794761538505554,-0.17010024189949036,-0.30639222264289856,0.2352018803358078,-0.4061860740184784,-0.1500018686056137,-0.18845590949058533,-0.24191683530807495,0.4244389235973358,0.4180759787559509,0.07935335487127304,-0.6938900351524353,0.08520448207855225,0.15702751278877258,0.37031686305999756,-0.21033655107021332,-0.1941429227590561,-0.03839902952313423,0.18425129354000092,0.1338329017162323,0.2441491335630417,-0.24929101765155792,-0.1631268709897995,-0.4838690161705017,-0.33364883065223694,-0.014987248927354813,-0.11908278614282608,0.10708999633789062,-0.33254218101501465,-0.03005268983542919,0.06963540613651276,0.3601897358894348,0.18990767002105713,0.08122020214796066,-0.14088797569274902,-0.044696588069200516,-0.06570462882518768,0.21520477533340454,-0.24111583828926086,0.13251124322414398,0.20483064651489258,0.32327261567115784,0.09198193997144699,-0.035692013800144196,0.0354035310447216,-0.3476501703262329,-0.029593337327241898,0.0417490154504776,-0.23801064491271973,-0.1870453655719757,0.39144954085350037,0.20715591311454773,Broker,Peripheral,0.025951323786786485
304,4,0.011527377521613832,0.022265818570627663,0.24338253875883623,0.07733252396612084,0.0,3,0,0.4,5,0.0,0,0.18926025087277007,1,0.25,0.019029264120091774,0.10021897470858387,-1.000088900581841e-12,14,7,2.4285714285714284,3,10,1,0,0.35714285714285715,0.14285714285714285,0.23615559935569763,-0.2367078810930252,-0.2563658654689789,-0.045224569737911224,0.2709824740886688,0.11795271933078766,-0.4830762445926666,-0.02997489832341671,-0.3141334354877472,0.05086718499660492,-0.15558791160583496,-0.368518590927124,-0.2904403805732727,0.03553057089447975,0.12495680153369904,0.21084187924861908,-0.25938454270362854,0.06637917459011078,-0.05862930789589882,0.019740765914320946,0.28617429733276367,0.6792247295379639,0.0958043709397316,-0.05980103462934494,0.31404373049736023,0.14385966956615448,0.14528843760490417,0.0884268581867218,-0.15801316499710083,-0.35833266377449036,0.2469881922006607,-0.21007075905799866,0.14665672183036804,0.13618090748786926,-0.13165296614170074,-0.22715595364570618,-0.3799142837524414,0.01927858032286167,-0.2856632471084595,-0.23866210877895355,-0.4235781729221344,0.1677381992340088,0.05378121882677078,0.6661090850830078,0.006643635220825672,0.31566122174263,0.23934142291545868,-0.262965589761734,-0.25588321685791016,-0.29444149136543274,-0.09842544794082642,0.012413853779435158,0.16569556295871735,0.5559419393539429,0.2352372258901596,0.012055340223014355,0.05708308145403862,0.17757761478424072,-0.1345147341489792,0.0974980890750885,-0.476161926984787,-0.22061792016029358,0.2004149705171585,0.01571279764175415,Broker,Peripheral,0.02842677470649604
305,0,0.0,0.0,0.0,0.0,0.0,0,0,0.0,1,0.0,0,-0.850258738995579,0,0.0,0.0,0.0,0.0,4,4,2.5,0,0,1,3,0.25,0.25,0.0,0.0,0.0,0.0,0.0,0.0,0.0,0.0,0.0,0.0,0.0,0.0,0.0,0.0,0.0,0.0,0.0,0.0,0.0,0.0,0.0,0.0,0.0,0.0,0.0,0.0,0.0,0.0,0.0,0.0,0.0,0.0,0.0,0.0,0.0,0.0,0.0,0.0,0.0,0.0,0.0,0.0,0.0,0.0,0.0,0.0,0.0,0.0,0.0,0.0,0.0,0.0,0.0,0.0,0.0,0.0,0.0,0.0,0.0,0.0,0.0,0.0,0.0,0.0,Peripheral,Peripheral,0.008395295091488508
306,0,0.0,0.0,0.0,0.0,0.0,0,0,0.0,1,0.0,0,-0.850258738995579,0,0.0,0.0,0.0,0.0,9,5,1.5555555555555556,0,0,1,8,0.1111111111111111,0.0,0.0,0.0,0.0,0.0,0.0,0.0,0.0,0.0,0.0,0.0,0.0,0.0,0.0,0.0,0.0,0.0,0.0,0.0,0.0,0.0,0.0,0.0,0.0,0.0,0.0,0.0,0.0,0.0,0.0,0.0,0.0,0.0,0.0,0.0,0.0,0.0,0.0,0.0,0.0,0.0,0.0,0.0,0.0,0.0,0.0,0.0,0.0,0.0,0.0,0.0,0.0,0.0,0.0,0.0,0.0,0.0,0.0,0.0,0.0,0.0,0.0,0.0,0.0,0.0,Peripheral,Peripheral,0.006774454037576227
307,0,0.0,0.0,0.0,0.0,0.0,0,0,0.0,1,0.0,0,-0.850258738995579,0,0.0,0.0,0.0,0.0,9,5,1.8888888888888888,0,0,2,7,0.3333333333333333,0.0,0.0,0.0,0.0,0.0,0.0,0.0,0.0,0.0,0.0,0.0,0.0,0.0,0.0,0.0,0.0,0.0,0.0,0.0,0.0,0.0,0.0,0.0,0.0,0.0,0.0,0.0,0.0,0.0,0.0,0.0,0.0,0.0,0.0,0.0,0.0,0.0,0.0,0.0,0.0,0.0,0.0,0.0,0.0,0.0,0.0,0.0,0.0,0.0,0.0,0.0,0.0,0.0,0.0,0.0,0.0,0.0,0.0,0.0,0.0,0.0,0.0,0.0,0.0,0.0,Peripheral,Peripheral,0.007766805703236806
308,1,0.002881844380403458,0.0,0.16186436365823081,0.0021856706687429775,0.0,1,1,1.0,2,0.0,0,-0.5903789915284918,1,0.25,0.0,0.004447702890136799,-1.000088900581841e-12,8,4,2.875,0,0,4,4,0.25,0.375,0.6107227802276611,0.2571820616722107,-0.7549428343772888,0.4610845148563385,0.19682560861110687,-0.3305582106113434,-0.7549416422843933,0.4200505316257477,-0.1387893557548523,-0.23854956030845642,0.15784044563770294,-0.05658610165119171,-0.5925478935241699,-0.20703597366809845,0.19972799718379974,0.9087860584259033,-0.9216812252998352,0.12466750293970108,-0.21748962998390198,0.662006139755249,0.3288993835449219,0.4989834427833557,-0.2409677952528,-0.267738401889801,0.15585976839065552,0.05190595984458923,-0.11463887989521027,-0.050236064940690994,-0.014846942387521267,0.21606726944446564,-0.08741354197263718,0.1719912588596344,0.7026601433753967,0.34723737835884094,-0.11488884687423706,-0.21785657107830048,0.16310863196849823,-0.3370184600353241,-0.5055446624755859,0.15564070641994476,-0.11186172813177109,-0.11015881597995758,-0.33414211869239807,0.24795973300933838,0.5406031608581543,0.11167141050100327,-0.8537038564682007,-0.19120359420776367,-0.29164397716522217,0.26141563057899475,0.13744193315505981,0.18735136091709137,0.3008306920528412,0.5839296579360962,0.40544456243515015,0.3914414346218109,0.4235888421535492,-0.06415695697069168,-0.2184332311153412,0.4205421209335327,-0.572891116142273,-0.2962510287761688,0.3776194751262665,-0.22831998765468597,Peripheral,Peripheral,0.02247667809089598
309,5,0.01440922190201729,0.0058269833893946675,0.19850688692731852,0.030707826771535357,0.0,3,1,0.3333333333333333,6,0.0,0,0.44913999833985735,1,0.25,0.027713376194427673,0.007112568513680617,-1.000088900581841e-12,15,12,3.066666666666667,4,3,5,3,0.06666666666666667,0.5333333333333333,0.16324543952941895,-0.7625693678855896,-0.06922513246536255,-0.120816171169281,0.016886668279767036,0.09732662886381149,-0.24262136220932007,0.4801928997039795,-0.1791801005601883,0.013936172239482403,-0.3170693516731262,-0.6838942170143127,-0.2353288233280182,0.4283747375011444,0.097669318318367,0.15774720907211304,-0.4914136528968811,0.07726627588272095,-0.12037935853004456,0.2619715929031372,0.4261004328727722,0.6006805896759033,-0.20744463801383972,-0.5523372888565063,0.1466626524925232,-0.19996199011802673,0.2798292636871338,-0.24012888967990875,0.22927667200565338,-0.495589017868042,0.20119403302669525,-0.2237643599510193,0.5505788326263428,-0.0032013324089348316,-0.04091278836131096,-0.11022429168224335,-0.1736646145582199,-0.297747939825058,-0.6248115301132202,-0.22325704991817474,-0.06316515058279037,-0.03956419974565506,-0.002008083276450634,0.0014843086246401072,0.7147694826126099,0.24507783353328705,-0.11536266654729843,0.09119337797164917,-0.30511724948883057,0.3338625431060791,-0.3079572319984436,-0.38700345158576965,-0.2256741225719452,0.3037118911743164,0.1816476732492447,-0.04478862136602402,0.10933408886194229,-0.48627543449401855,0.15540117025375366,0.6529805660247803,0.04953170567750931,-0.0202601570636034,-0.2435109168291092,-0.014031889848411083,Enabler,Peripheral,0.027479408475964483
310,1,0.002881844380403458,0.0,0.002881844380403458,5.2634322472132326e-21,0.0,1,1,1.0,2,1.0,1,-0.850258738995579,1,0.25,1.656232402530723e-05,0.0,-1.000088900581841e-12,4,3,2.25,0,0,0,4,0.0,0.25,0.7432266473770142,0.1166844293475151,-0.5069625973701477,0.7969523072242737,1.1271902322769165,0.24414493143558502,-0.5493497848510742,-0.4903673827648163,-1.787419319152832,-0.7751940488815308,-0.23319725692272186,0.3813318610191345,-0.3764409124851227,0.16557733714580536,0.5076488852500916,1.1014618873596191,-0.47398507595062256,1.1568444967269897,1.215511441230774,-0.7269517183303833,0.671247661113739,1.3330258131027222,-0.003924044314771891,-0.32675015926361084,-0.5534992218017578,0.41125214099884033,1.448218584060669,-1.0195810794830322,1.5732771158218384,-0.4862334430217743,1.026113510131836,-0.16658033430576324,0.945726752281189,0.1442394107580185,0.8479403853416443,-1.4036554098129272,0.48819902539253235,-0.17127275466918945,-1.3082172870635986,0.7165014743804932,0.5584079623222351,-0.3537614345550537,0.840137779712677,0.17853376269340515,0.5902043581008911,-0.785483181476593,-0.8813318014144897,0.39531591534614563,0.5657837986946106,0.42293110489845276,-0.5636503100395203,-0.3198610842227936,0.8525093197822571,0.6652045845985413,-0.3010307252407074,-0.013926870189607143,0.4799758493900299,0.10652298480272293,-1.328218698501587,0.8610196113586426,-0.6265154480934143,0.7372957468032837,-0.19437026977539062,1.265755534172058,Peripheral,Peripheral,0.019559843013564046
311,5,0.01440922190201729,0.04137939368720167,0.2451576140009995,0.07667932734342106,0.0,3,0,0.3333333333333333,6,0.0,0,0.44913999833985735,1,0.25,0.02160598974805063,0.07989971783118043,-1.000088900581841e-12,9,7,2.4444444444444446,2,5,2,0,0.1111111111111111,0.3333333333333333,0.265041321516037,-0.07897534221410751,-0.341383159160614,0.06420639902353287,0.5613833069801331,-0.16845686733722687,-0.027127640321850777,0.233822762966156,0.048602379858493805,0.22664371132850647,-0.302379846572876,-0.3280920386314392,-0.37802940607070923,-0.022249480709433556,-0.03990939259529114,0.23284755647182465,-0.7415310144424438,-0.13861563801765442,-0.05426695570349693,0.26422640681266785,0.2834704518318176,0.5436246991157532,0.1099855974316597,-0.3728926479816437,0.07442645728588104,0.08848703652620316,-0.05398460105061531,0.22487208247184753,0.31482994556427,-0.0008986984612420201,0.14240121841430664,0.0060180374421179295,0.5929073095321655,0.16509900987148285,0.0926603153347969,-0.598910391330719,-0.3266535699367523,-0.24081142246723175,-0.7811840176582336,-0.34839969873428345,-0.2120043933391571,-0.08387797325849533,-0.06748563796281815,0.10813171416521072,0.12123775482177734,0.12968701124191284,-0.30463939905166626,-0.3660304844379425,-0.19463445246219635,0.0864543691277504,-0.08056537806987762,-0.027231266722083092,-0.18658249080181122,0.35780617594718933,-0.3387572467327118,0.019866900518536568,0.3498879373073578,0.09336242079734802,-0.019187498837709427,-0.09569356590509415,-0.4722616672515869,-0.15980494022369385,0.13979500532150269,0.3825732469558716,Broker,Peripheral,0.02870979850295373
312,1,0.002881844380403458,0.0,0.19159246084688625,0.009468500482081203,0.0,1,1,1.0,2,0.0,0,-0.5903789915284918,1,0.25,0.0,0.0026111726332699115,-1.000088900581841e-12,7,5,1.2857142857142858,0,0,2,5,0.0,0.0,-0.14579437673091888,-0.2584276795387268,-0.04838177561759949,0.3059668242931366,0.054608192294836044,-0.35146358609199524,-0.31250548362731934,-0.203722283244133,-0.5343531370162964,-0.4189126789569855,-0.32715293765068054,-0.437016099691391,0.3252813518047333,-0.308427631855011,-0.31285277009010315,0.24164257943630219,-0.044212158769369125,-0.0627456083893776,-0.4913260340690613,0.42228662967681885,0.6104010343551636,0.6743897199630737,-0.027302101254463196,-0.5918442010879517,0.12550003826618195,-0.12429777532815933,0.24010665714740753,0.23301705718040466,-0.13919281959533691,-0.3438735604286194,0.46306243538856506,0.06109090521931648,0.271659791469574,0.33219167590141296,-0.07732593268156052,-0.1456681191921234,-0.34689033031463623,-0.3310368061065674,-0.4644453525543213,-0.6586927771568298,0.20225709676742554,0.3265131413936615,-0.7653001546859741,0.6121214628219604,0.08673790097236633,-0.34932395815849304,-0.13358119130134583,-0.16873548924922943,0.13329246640205383,0.3251849114894867,-0.38217613101005554,-0.1504381150007248,0.10718400776386261,0.27409955859184265,0.022799018770456314,0.42126649618148804,0.12046787142753601,-0.21015997231006622,0.31019043922424316,0.08515669405460358,-0.8793960213661194,-0.2703017294406891,0.4165899455547333,0.4469028413295746,Peripheral,Peripheral,0.01785402487199892
313,2,0.005763688760806916,5.79700488081158e-05,0.005763688760806916,1.2356459141644047e-18,0.0,1,1,0.6666666666666666,3,0.0,0,-0.3304992440614045,1,0.25,3.312464805061446e-05,0.0,-1.000088900581841e-12,14,7,2.857142857142857,0,10,2,2,0.35714285714285715,0.2857142857142857,-0.30337849259376526,-0.09926720708608627,-0.4908941686153412,1.334619402885437,0.7605993151664734,0.8808284997940063,-0.740924060344696,-0.5810905694961548,-1.1018292903900146,-0.18243515491485596,0.5319353938102722,-0.604935884475708,0.36104193329811096,0.628796398639679,0.567750871181488,0.400316447019577,-0.5776528120040894,0.2756465673446655,0.4709377586841583,-0.32607945799827576,1.3780322074890137,0.7480603456497192,-0.7547393441200256,-1.0000765323638916,-0.7098100781440735,-1.3015141487121582,0.11079205572605133,0.195328027009964,0.9338799118995667,-0.6688384413719177,0.5863200426101685,0.5225093960762024,1.3487217426300049,-0.20866993069648743,1.0564196109771729,-1.3399666547775269,0.6109915971755981,-0.08949348330497742,-0.6624910235404968,0.9508209228515625,-0.09869012981653214,-0.8570969104766846,-0.06609469652175903,0.6718884706497192,-0.43684816360473633,0.2889540493488312,-0.3941720724105835,-0.7918482422828674,0.6062086820602417,-0.5416412949562073,0.2941906452178955,0.38188162446022034,0.6948004961013794,0.989486038684845,-1.3119863271713257,-0.4712201654911041,0.8993117809295654,0.26029983162879944,-0.4117506444454193,0.9805636405944824,-0.11973977833986282,-0.027687983587384224,-0.32955843210220337,0.6635252237319946,Enabler,Peripheral,0.023753718291845877
314,4,0.011527377521613832,0.010783211045043659,0.24299156279295855,0.07743193263795582,0.0,3,0,0.4,5,0.0,0,0.18926025087277007,1,0.25,0.014906387341431234,0.09688509277169091,-1.000088900581841e-12,13,7,3.0,2,9,2,0,0.3076923076923077,0.38461538461538464,-0.03708505630493164,-0.09189210087060928,-0.25629928708076477,0.04771338775753975,0.1525411456823349,0.19223463535308838,-0.19912278652191162,0.09669779986143112,-0.15238574147224426,-0.016037477180361748,-0.09539080411195755,-0.5501418113708496,-0.22030942142009735,0.07687899470329285,-0.1239037737250328,0.49918997287750244,-0.35059547424316406,-0.17068946361541748,-0.11183632910251617,-0.002020185347646475,0.7548220753669739,0.5802121758460999,0.2253178507089615,-0.41624584794044495,0.11174216866493225,-0.0821753740310669,0.1270655244588852,-0.015624172985553741,-0.028253749012947083,-0.26589325070381165,0.20336540043354034,-0.2859627604484558,-0.006575877778232098,-0.08448270708322525,0.029945068061351776,-0.20824739336967468,-0.21719670295715332,-0.21281538903713226,-0.15031157433986664,-0.37470391392707825,-0.17667131125926971,0.3098198175430298,0.10851731896400452,0.161049485206604,0.22899951040744781,0.21854522824287415,0.0953604131937027,-0.3636181652545929,-0.1013680174946785,-0.23849275708198547,-0.41799694299697876,-0.11226356774568558,0.16531655192375183,0.44022342562675476,0.2924416661262512,-0.007334147579967976,0.22409744560718536,0.36044105887413025,-0.39278215169906616,0.0520598478615284,-0.23384538292884827,-0.21989069879055023,0.1049167737364769,-0.028485534712672234,Broker,Peripheral,0.028926806842370447
315,4,0.011527377521613832,0.0026111726332699115,0.2408634519723196,0.08323732196052504,0.3333333333333333,3,1,0.6,5,0.0,0,0.18926025087277007,1,0.25,0.005396893292066743,0.09040985698579554,-1.000088900581841e-12,8,7,2.5,1,1,4,2,0.25,0.25,-0.05992373079061508,-0.42620304226875305,-0.13596275448799133,0.33166295289993286,0.036472856998443604,-0.2301390916109085,-0.2632554769515991,-0.011493463069200516,-0.4197685122489929,-0.28548386693000793,-0.2506740987300873,-0.46384572982788086,0.05075748637318611,-0.10749130696058273,-0.16816510260105133,0.28321242332458496,-0.21644720435142517,-0.04388879984617233,-0.24407821893692017,0.3024841248989105,0.4687384366989136,0.45263242721557617,-0.008115831762552261,-0.402043879032135,0.24130702018737793,-0.03306045010685921,0.2744731605052948,0.2192712128162384,-0.27684760093688965,-0.29034626483917236,0.24963386356830597,0.005557160824537277,0.2186013162136078,0.10360845178365707,-0.05384930968284607,-0.3340873718261719,-0.15159203112125397,-0.1669727861881256,-0.2740601897239685,-0.5185413360595703,0.13999654352664948,0.17257575690746307,-0.34129396080970764,0.3561761975288391,0.05932486429810524,-0.061553992331027985,0.04207910597324371,-0.16739119589328766,-0.08278367668390274,0.2634831666946411,-0.4351987838745117,0.015753870829939842,0.049807675182819366,0.2593137323856354,0.10643735527992249,0.27859893441200256,0.25256600975990295,-0.08754625171422958,0.19896745681762695,0.09888673573732376,-0.6478403806686401,-0.29664090275764465,0.2349020391702652,0.28777676820755005,Enabler,Peripheral,0.025600374729477463
316,3,0.008645533141210374,0.0010785913316591093,0.18732166914998974,0.010403509570298229,0.0,2,0,0.5,4,0.5555555555555556,1,-0.3304992440614045,2,0.5,0.00901285384128658,0.003905212843209094,0.6365141682928128,8,3,1.75,0,0,4,4,0.125,0.125,-0.1873934119939804,-0.5545446276664734,-0.019731884822249413,0.0694475844502449,0.1573006808757782,-0.027458373457193375,-0.10683140903711319,0.46053361892700195,-0.3187246322631836,-0.19123677909374237,-0.31284335255622864,-0.6999661326408386,-0.2865268886089325,0.3696124851703644,-0.16034573316574097,0.10137157887220383,-0.6084778308868408,-0.044083744287490845,-0.002636576071381569,-0.3379380404949188,0.03844466060400009,0.4803980588912964,-0.29057228565216064,-0.3603188991546631,0.26576030254364014,0.02117200382053852,0.45781683921813965,0.2202904224395752,0.11662458628416061,-0.8353332877159119,0.09077723324298859,-0.5567440390586853,0.3818093240261078,-0.1839417815208435,0.06768771260976791,-0.11325943470001221,-0.4593935012817383,-0.21054816246032715,-0.7481415867805481,0.05618596822023392,-0.05421806126832962,0.053649794310331345,0.0013190549798309803,0.03113727830350399,0.6206676363945007,-0.053413212299346924,-0.11564282327890396,-0.007834070362150669,-0.25743991136550903,0.5250101089477539,-0.2460644394159317,0.13596752285957336,0.047888580709695816,0.6427915096282959,0.1593962013721466,0.34226617217063904,0.18970511853694916,-0.5993547439575195,-0.08267378062009811,0.8015904426574707,0.11146727949380875,0.20642215013504028,-0.17880311608314514,-0.1649177521467209,Peripheral,Peripheral,0.03182619629698877
317,5,0.01440922190201729,0.003954003232881532,0.24221336723557516,0.09125129392692496,0.2,3,0,0.4666666666666667,6,0.0,0,0.44913999833985735,1,0.25,0.014694189061042926,0.0762108037322652,-1.000088900581841e-12,9,5,2.7777777777777777,0,8,1,0,0.6666666666666666,0.1111111111111111,0.12325911223888397,-0.3774687349796295,-0.032353442162275314,0.18341968953609467,0.15763412415981293,0.07402016222476959,-0.09976638108491898,-0.04867127537727356,-0.15278546512126923,0.07992495596408844,-0.1861696094274521,-0.43360355496406555,-0.35443341732025146,0.1968098282814026,0.13879074156284332,0.37736302614212036,-0.4996652901172638,0.16075588762760162,-0.40382814407348633,0.2909071147441864,0.337047278881073,0.5395764708518982,0.1825609803199768,-0.45399343967437744,0.13435888290405273,-0.010352227836847305,0.1630590856075287,-0.14553914964199066,-0.018459653481841087,-0.49020594358444214,0.0728900209069252,0.012566360644996166,0.6450355648994446,-0.29703670740127563,-0.05325332656502724,-0.19257380068302155,-0.17874518036842346,-0.2034924477338791,-0.24691392481327057,-0.28186824917793274,-0.36308813095092773,-0.10770730674266815,-0.3406814634799957,0.2791818082332611,0.32564130425453186,-0.04740966856479645,0.06569616496562958,-0.05065570026636124,-0.07447397708892822,0.22033528983592987,0.022001855075359344,0.025896934792399406,0.07654941827058792,0.04754805192351341,0.26353591680526733,-0.02691470831632614,0.22650665044784546,-0.3353777229785919,-0.1653899997472763,0.4091643691062927,-0.023519495502114296,-0.017986265942454338,0.26929742097854614,0.0739097148180008,Broker,Peripheral,0.027475314478281238
318,2,0.005763688760806916,0.0,0.18224367209471892,0.006335677186751932,0.0,2,0,0.6666666666666666,3,0.0,0,-0.3304992440614045,1,0.25,0.0,0.001408672186037214,-1.000088900581841e-12,6,4,1.6666666666666667,0,0,0,6,0.16666666666666666,0.0,-0.022122958675026894,-0.5803167223930359,0.17182350158691406,0.3075595200061798,0.09405667334794998,-0.009954329580068588,-0.6958726644515991,0.11600696295499802,-0.29182857275009155,0.4275093674659729,0.04030729457736015,-0.6754629015922546,0.2851462662220001,0.10510341823101044,0.10578847676515579,0.2718208432197571,-0.49314361810684204,0.19283153116703033,-0.2971761226654053,0.24534419178962708,0.14393629133701324,0.10840500146150589,0.34665781259536743,-0.8819170594215393,-0.13576263189315796,-0.08254428207874298,0.2486446350812912,-0.09948419034481049,-0.17258428037166595,-0.07037907838821411,0.43813657760620117,-0.5489338636398315,0.26325032114982605,0.13998746871948242,-0.48059943318367004,-0.7841027975082397,-0.12668970227241516,-0.09588035941123962,-0.5685774087905884,-0.3974614143371582,-0.15190477669239044,0.26212629675865173,0.3217028081417084,0.5738018751144409,-0.003936998546123505,0.8299987316131592,-0.008174559101462364,-0.021618308499455452,0.04528249427676201,0.4230816066265106,-0.15341347455978394,0.29255250096321106,0.6077585816383362,0.15705914795398712,-0.08312690258026123,-0.2459138035774231,0.7534732222557068,0.013519630767405033,-0.3749520480632782,-0.10990633070468903,-0.29281970858573914,0.0038036152254790068,0.3855557143688202,-0.39917755126953125,Peripheral,Peripheral,0.018600751265630426
319,0,0.0,0.0,0.0,0.0,0.0,0,0,0.0,1,0.0,0,-0.850258738995579,0,0.0,0.0,0.0,0.0,6,3,1.6666666666666667,0,0,0,6,0.16666666666666666,0.0,0.0,0.0,0.0,0.0,0.0,0.0,0.0,0.0,0.0,0.0,0.0,0.0,0.0,0.0,0.0,0.0,0.0,0.0,0.0,0.0,0.0,0.0,0.0,0.0,0.0,0.0,0.0,0.0,0.0,0.0,0.0,0.0,0.0,0.0,0.0,0.0,0.0,0.0,0.0,0.0,0.0,0.0,0.0,0.0,0.0,0.0,0.0,0.0,0.0,0.0,0.0,0.0,0.0,0.0,0.0,0.0,0.0,0.0,0.0,0.0,0.0,0.0,0.0,0.0,Peripheral,Peripheral,0.006390744726854135
320,1,0.002881844380403458,0.0,0.16504336916379347,0.005855316511161182,0.0,1,1,1.0,2,0.0,0,-0.5903789915284918,1,0.25,0.005366192984199543,0.00511136996170158,-1.000088900581841e-12,5,4,2.2,0,0,2,3,0.2,0.2,-0.05285229533910751,-0.5904623866081238,-0.24630026519298553,0.3232831060886383,0.05763380602002144,-0.10260266065597534,-0.5476980209350586,0.39767375588417053,-0.3786357045173645,-0.05717892944812775,-0.1610119640827179,-0.25942590832710266,-0.44916778802871704,0.6402558088302612,-0.3497318625450134,0.14384493231773376,-0.6231657266616821,0.09913002699613571,0.2344016581773758,0.16889575123786926,0.675904393196106,0.45689278841018677,-0.39042022824287415,-0.2686946392059326,0.40263649821281433,-0.0927368625998497,-0.05212394893169403,-0.05175010859966278,-0.5086532831192017,0.010519064031541348,0.12229905277490616,-0.10603977739810944,0.3193831741809845,0.31322112679481506,0.12993662059307098,-0.1211174800992012,-0.09420403838157654,-0.3014349639415741,-0.16580550372600555,-0.5253729224205017,0.0019725183956325054,0.006588581949472427,0.3227085471153259,0.49292463064193726,0.11266575008630753,0.06481087952852249,-0.3912791609764099,-0.1953725516796112,0.28957366943359375,0.6541237831115723,0.3646974563598633,0.01708414778113365,-0.15572589635849,0.3510335385799408,0.5353864431381226,-0.152182936668396,0.2534845769405365,-0.19280660152435303,0.06101055070757866,0.4841018319129944,-0.42635852098464966,-0.45241838693618774,-0.08350476622581482,0.6305673122406006,Peripheral,Peripheral,0.02011917398819544
321,5,0.01440922190201729,0.009962350569761344,0.24260184096009094,0.09370461963247693,0.2,3,0,0.4666666666666667,6,0.0,0,0.44913999833985735,1,0.25,0.010637629335534266,0.07896044169182184,-1.000088900581841e-12,10,7,2.6,0,6,4,0,0.6,0.1,0.051031842827796936,-0.4243331849575043,-0.29616960883140564,0.40793099999427795,-0.13833992183208466,-0.12319039553403854,-0.3416837453842163,-0.12249311059713364,-0.236545130610466,0.20471490919589996,-0.1251283586025238,-0.47524410486221313,-0.3202598989009857,0.48577550053596497,-0.21481256186962128,0.05565682426095009,-0.7417978644371033,0.04524838924407959,0.12233369052410126,-0.053461164236068726,0.4413384795188904,0.45273998379707336,0.09162372350692749,-0.28513532876968384,0.12061932682991028,-0.05067605897784233,0.2589878439903259,-0.09386610239744186,-0.2511204481124878,-0.08142058551311493,-0.054780956357717514,-0.005353266838937998,0.3801308274269104,0.14168916642665863,-0.09120219200849533,-0.16416317224502563,0.03511751443147659,-0.276724249124527,-0.17283552885055542,-0.3655669093132019,-0.32594430446624756,-0.11303811520338058,0.05824413150548935,0.47793760895729065,0.15843620896339417,-0.11799339205026627,0.034273918718099594,-0.08405470848083496,-0.2120947241783142,0.3000325858592987,-0.005776088219136,0.2285168319940567,0.27916666865348816,0.22238436341285706,0.35026177763938904,0.11067064106464386,0.23048879206180573,-0.18580588698387146,0.08617512881755829,0.20836450159549713,-0.034900106489658356,-0.4644785225391388,0.21494784951210022,0.2409001886844635,Broker,Peripheral,0.027585456739461202
322,1,0.002881844380403458,0.0,0.002881844380403458,5.2634322472132326e-21,0.0,1,1,1.0,2,1.0,1,-0.850258738995579,1,0.25,1.656232402530723e-05,0.0,-1.000088900581841e-12,5,4,2.4,0,0,3,2,0.2,0.2,-0.956282377243042,0.4254316985607147,-0.9390525817871094,0.9038105010986328,-0.3844163417816162,-0.15454016625881195,-0.6716749668121338,0.4144051671028137,-1.556067705154419,0.183359295129776,-0.38438448309898376,-1.4124442338943481,-0.9398248791694641,0.7598288655281067,0.2911697030067444,-0.3711589574813843,-0.4975928068161011,-0.43357789516448975,0.8484463691711426,-0.2548147737979889,1.5152738094329834,1.7529535293579102,0.05330357328057289,-0.8642406463623047,0.9379851818084717,-0.17686326801776886,0.2327662706375122,-0.2834102213382721,-0.023091984912753105,-0.3836628496646881,0.7273870706558228,-0.4720257818698883,1.2276928424835205,0.17740276455879211,-0.794496476650238,-0.8354341387748718,1.3944238424301147,-0.655301034450531,-0.9002932906150818,1.6354634761810303,0.024328133091330528,-1.8234783411026,0.14166298508644104,0.5392740368843079,-0.6287336945533752,0.7202143669128418,-0.846657395362854,-0.13166625797748566,0.09825459867715836,-1.024687647819519,-0.15225163102149963,-0.15226949751377106,0.7675958871841431,0.6128738522529602,-0.17442193627357483,-1.3086832761764526,0.3752356469631195,-0.5797210931777954,-0.03530341014266014,0.004182074218988419,-0.5490452647209167,0.47294923663139343,-1.0260531902313232,1.5617032051086426,Peripheral,Peripheral,0.02024456566286985
323,4,0.011527377521613832,0.004447702890136799,0.19568207999821047,0.019214422869027324,0.0,2,1,0.4,5,0.0,0,0.18926025087277007,1,0.25,0.017890291017615245,0.0076610119555576735,-1.000088900581841e-12,15,10,2.466666666666667,0,2,7,6,0.26666666666666666,0.2,0.41161563992500305,0.07201939076185226,-0.6967111825942993,0.3796188533306122,0.12786418199539185,-0.4336107671260834,-0.6140350103378296,0.33034276962280273,0.022848738357424736,-0.1247449442744255,0.043155476450920105,-0.24725709855556488,-0.481187641620636,0.10987772792577744,0.2947141230106354,0.8767246603965759,-0.9364611506462097,0.296271950006485,-0.11062661558389664,0.6377124190330505,0.39191290736198425,0.3769187927246094,-0.06244382634758949,-0.252270370721817,0.1576828509569168,0.18319229781627655,-0.1564321368932724,0.10612189769744873,-0.15209445357322693,0.15574795007705688,0.025242473930120468,0.24270831048488617,0.5645958781242371,0.18247120082378387,-0.17500993609428406,-0.5650148987770081,-0.004521309398114681,-0.203365758061409,-0.44512659311294556,0.20188239216804504,-0.07135158777236938,-0.032834120094776154,-0.2679533362388611,0.2041759043931961,0.47679299116134644,-0.03885498270392418,-0.45251932740211487,-0.3897400498390198,0.04799404367804527,0.08760669082403183,0.007689769379794598,0.3545149266719818,0.13447122275829315,0.5850322842597961,0.20326481759548187,0.11444033682346344,0.284820556640625,-0.27403321862220764,-0.1398095339536667,0.4780069887638092,-0.39356324076652527,-0.44080182909965515,0.34027552604675293,-0.18658123910427094,Enabler,Peripheral,0.024696236518052583
324,1,0.002881844380403458,0.0,0.16352675442012615,0.0030859226182992344,0.0,1,1,1.0,2,0.0,0,-0.5903789915284918,1,0.25,0.005366192984199543,0.023520274481561163,-1.000088900581841e-12,8,5,1.875,0,0,1,7,0.25,0.0,-0.13249407708644867,-0.05306677892804146,-0.45523422956466675,-0.06974011659622192,0.6547781229019165,0.3169161081314087,-0.566456139087677,0.1339438408613205,-0.43073782324790955,-0.11013928055763245,-0.2146931290626526,-0.5309696197509766,-0.40471407771110535,0.18356245756149292,0.03791770339012146,0.3708638846874237,-0.18354929983615875,-0.22821250557899475,-0.025291146710515022,-0.029235413298010826,0.4378235638141632,0.8655575513839722,0.05462285876274109,-0.5607556104660034,0.37077853083610535,0.09149008244276047,0.28300920128822327,0.0033618996385484934,-0.36523380875587463,-0.5277257561683655,0.2186431586742401,-0.26945385336875916,-0.08106043189764023,-0.09643305838108063,-0.025976162403821945,0.02982323057949543,-0.35105475783348083,-0.4080992043018341,-0.23874829709529877,-0.24412491917610168,-0.27696675062179565,0.19969244301319122,0.0018908826168626547,0.399495393037796,0.2251780778169632,0.23601402342319489,0.46970099210739136,-0.7507306337356567,-0.23438511788845062,-0.7418179512023926,-0.5603151917457581,-0.16300344467163086,0.31772303581237793,0.03156760707497597,0.3632170855998993,-0.4071507453918457,0.03697942942380905,0.4953566789627075,-0.62074214220047,0.3620133697986603,-0.3961201310157776,-0.6307238340377808,0.3766382038593292,0.20320042967796326,Peripheral,Peripheral,0.019734210106614303
325,0,0.0,0.0,0.0,0.0,0.0,0,0,0.0,1,0.0,0,-0.850258738995579,0,0.0,0.0,0.0,0.0,5,4,2.2,0,0,2,3,0.2,0.2,0.0,0.0,0.0,0.0,0.0,0.0,0.0,0.0,0.0,0.0,0.0,0.0,0.0,0.0,0.0,0.0,0.0,0.0,0.0,0.0,0.0,0.0,0.0,0.0,0.0,0.0,0.0,0.0,0.0,0.0,0.0,0.0,0.0,0.0,0.0,0.0,0.0,0.0,0.0,0.0,0.0,0.0,0.0,0.0,0.0,0.0,0.0,0.0,0.0,0.0,0.0,0.0,0.0,0.0,0.0,0.0,0.0,0.0,0.0,0.0,0.0,0.0,0.0,0.0,Peripheral,Peripheral,0.007740342992152525
326,4,0.011527377521613832,0.0032416060700570844,0.19429961186720193,0.01882116091585503,0.0,2,1,0.4,5,0.0,0,0.18926025087277007,1,0.25,0.011567063748469959,0.004700454858906602,-1.000088900581841e-12,16,9,2.4375,2,4,8,2,0.375,0.125,0.11443633586168289,-0.6436457633972168,-0.23004105687141418,0.6636178493499756,0.08054995536804199,0.03609490394592285,-0.34514737129211426,0.3065955340862274,-0.07324092090129852,0.20119214057922363,-0.3218357563018799,-0.4327816367149353,-0.29097864031791687,0.660982072353363,-0.3685035705566406,0.5635177493095398,-0.10503106564283371,0.0745135098695755,-0.3822391629219055,-0.15562085807323456,0.32931968569755554,0.6213468313217163,-0.10716109722852707,-0.4126010537147522,0.14966543018817902,-0.3424380123615265,0.17655016481876373,-0.1277860850095749,0.009077871218323708,-0.08668804168701172,0.06095113232731819,0.1864912211894989,0.1668109893798828,0.2594287693500519,-0.22366732358932495,-0.05378495529294014,-0.006738863419741392,-0.36769822239875793,-0.6535366177558899,-0.6871225833892822,0.010184702463448048,-0.11483004689216614,0.10019812732934952,0.28262677788734436,0.4214136302471161,0.3505416810512543,-0.20834288001060486,0.3847072720527649,-0.03732279688119888,-0.12731119990348816,0.34246715903282166,-0.2652646005153656,0.3314352035522461,0.4110056757926941,0.1874266266822815,-0.13257932662963867,-0.16875424981117249,-0.46171340346336365,-0.24575145542621613,0.481085866689682,-0.605343759059906,-0.14577706158161163,-0.24356859922409058,0.2286643385887146,Enabler,Peripheral,0.024516768006035375
327,0,0.0,0.0,0.0,0.0,0.0,0,0,0.0,1,0.0,0,-0.850258738995579,0,0.0,0.0,0.0,0.0,5,5,1.2,0,0,1,4,0.0,0.0,0.0,0.0,0.0,0.0,0.0,0.0,0.0,0.0,0.0,0.0,0.0,0.0,0.0,0.0,0.0,0.0,0.0,0.0,0.0,0.0,0.0,0.0,0.0,0.0,0.0,0.0,0.0,0.0,0.0,0.0,0.0,0.0,0.0,0.0,0.0,0.0,0.0,0.0,0.0,0.0,0.0,0.0,0.0,0.0,0.0,0.0,0.0,0.0,0.0,0.0,0.0,0.0,0.0,0.0,0.0,0.0,0.0,0.0,0.0,0.0,0.0,0.0,0.0,0.0,Peripheral,Peripheral,0.004763287995170785
328,1,0.002881844380403458,0.0,0.1395408190393143,0.00040254088974450556,0.0,1,1,1.0,2,0.0,0,-0.5903789915284918,1,0.25,0.0,0.002608652196365211,-1.000088900581841e-12,7,5,2.142857142857143,0,0,1,6,0.14285714285714285,0.14285714285714285,-0.003750970819965005,-0.849337100982666,0.07881814241409302,0.3369358777999878,-0.22999542951583862,0.15614892542362213,-0.1503363400697708,0.35722947120666504,-0.1807708740234375,0.2573695182800293,-0.5016302466392517,-0.6445669531822205,-0.294815331697464,0.6228897571563721,0.21168914437294006,0.07646726071834564,-0.7163604497909546,0.4752776324748993,-0.24118712544441223,0.5395129919052124,0.20323626697063446,0.813295841217041,-0.2546120285987854,-0.9703871607780457,0.6431800723075867,0.01670440472662449,0.26258182525634766,-0.400224506855011,0.12422429025173187,-0.9553016424179077,0.36962196230888367,-0.5019781589508057,0.9170543551445007,0.03230782598257065,-0.007201817352324724,-0.11891963332891464,-0.23547561466693878,-0.4661761522293091,-0.5837777853012085,-0.18044565618038177,-0.19958963990211487,-0.17744429409503937,-0.1485787332057953,0.14474649727344513,0.705988347530365,0.3981624245643616,-0.1854475438594818,0.07151665538549423,-1.1427422577980906e-05,0.5363278985023499,-0.23733758926391602,-0.7352561950683594,-0.4841098189353943,0.2948366403579712,0.13453935086727142,-0.1271185278892517,0.180360347032547,-0.6124438643455505,-0.06153940036892891,0.47476500272750854,-0.02908467687666416,0.4404214024543762,-0.4263968765735626,-0.041700564324855804,Peripheral,Peripheral,0.01997394853307446
329,0,0.0,0.0,0.0,0.0,0.0,0,0,0.0,1,0.0,0,-0.850258738995579,0,0.0,0.0,0.0,0.0,7,4,1.7142857142857142,0,0,1,6,0.14285714285714285,0.0,0.0,0.0,0.0,0.0,0.0,0.0,0.0,0.0,0.0,0.0,0.0,0.0,0.0,0.0,0.0,0.0,0.0,0.0,0.0,0.0,0.0,0.0,0.0,0.0,0.0,0.0,0.0,0.0,0.0,0.0,0.0,0.0,0.0,0.0,0.0,0.0,0.0,0.0,0.0,0.0,0.0,0.0,0.0,0.0,0.0,0.0,0.0,0.0,0.0,0.0,0.0,0.0,0.0,0.0,0.0,0.0,0.0,0.0,0.0,0.0,0.0,0.0,0.0,0.0,Peripheral,Peripheral,0.006770673650278472
330,4,0.011527377521613832,0.00933943629012201,0.2416329837677583,0.07759596156870202,0.0,3,0,0.4,5,0.0,0,0.18926025087277007,1,0.25,0.015277629656986376,0.09173730593210977,-1.000088900581841e-12,13,5,3.230769230769231,1,12,0,0,0.38461538461538464,0.46153846153846156,0.20548006892204285,-0.3561529815196991,-0.06008204072713852,0.3560065031051636,0.05644504353404045,0.012196999043226242,-0.3750755786895752,0.38784000277519226,-0.17281793057918549,0.06258104741573334,-0.010350481607019901,-0.2588862180709839,-0.4532536268234253,-0.17941267788410187,-0.470682293176651,0.3413752019405365,-0.14120902121067047,-0.10085221379995346,-0.1679552048444748,-0.08471981436014175,0.4723935127258301,0.3117838203907013,0.10400337725877762,-0.463157594203949,0.18448545038700104,0.04574137181043625,0.28846442699432373,-0.3062852919101715,-0.08873465657234192,0.05999099835753441,0.28592365980148315,-0.08675964921712875,0.24707002937793732,-0.17139030992984772,0.08726956695318222,-0.44139954447746277,-0.40169501304626465,-0.008182969875633717,-0.21972817182540894,-0.10454303026199341,-0.3648417592048645,-0.20592348277568817,-0.1759868860244751,0.26822754740715027,0.40168094635009766,0.13594838976860046,-0.09997980296611786,-0.1457597017288208,-0.1174481138586998,0.07039289176464081,-0.3423846662044525,-0.17599929869174957,0.4738596975803375,0.4637734293937683,0.0129297049716115,0.08284808695316315,0.1629718542098999,-0.30346018075942993,-0.09620922058820724,0.022524576634168625,-0.3225460946559906,-0.04885552451014519,0.04037531837821007,0.3089591860771179,Broker,Peripheral,0.029531738485468105
331,1,0.002881844380403458,0.0,0.1604053529571757,0.0010144349482984533,0.0,1,1,1.0,2,0.0,0,-0.5903789915284918,1,0.25,0.005366192984199543,0.010318668687844612,-1.000088900581841e-12,4,2,2.25,0,0,0,4,0.25,0.25,-0.07001390308141708,-0.7593162655830383,0.06386829912662506,0.7929958701133728,0.789821982383728,0.44814562797546387,0.024694237858057022,0.1040286123752594,-0.6300669312477112,-0.5465723872184753,0.22356577217578888,-0.31935006380081177,-0.6090439558029175,-0.16180519759655,0.2194075733423233,0.28030434250831604,-0.4761917293071747,0.34322696924209595,0.07859239727258682,0.500434935092926,0.3413451313972473,0.7301023602485657,0.03906634449958801,-0.3504233956336975,-0.17104023694992065,-0.05308523401618004,0.662216067314148,-0.45997685194015503,0.0014601891161873937,-0.017312372103333473,0.3055024743080139,0.44819289445877075,0.06632867455482483,0.31698232889175415,0.12887437641620636,-0.5727928876876831,-0.18991458415985107,-0.5116986632347107,-0.23090103268623352,-0.13317029178142548,-0.8075917363166809,-0.3609371483325958,0.35253968834877014,0.059048693627119064,0.7532438039779663,-0.41871967911720276,0.29486602544784546,0.05616871640086174,0.06802533566951752,-0.2528618276119232,-0.29797929525375366,-0.10197433084249496,0.5269646048545837,0.7630864381790161,0.056012630462646484,0.3181940019130707,0.8894662857055664,-0.21807536482810974,0.05422917753458023,-0.27280113101005554,-0.5160955190658569,-0.3524632155895233,-0.11584074795246124,-0.40294942259788513,Peripheral,Peripheral,0.019799277207941706
332,2,0.005763688760806916,2.89850244040579e-05,0.005763688760806916,1.2356459141644047e-18,0.0,1,1,0.6666666666666666,3,0.0,0,-0.3304992440614045,1,0.25,6.624929610122893e-05,0.0,-1.000088900581841e-12,17,10,2.176470588235294,3,6,5,3,0.058823529411764705,0.17647058823529413,-0.2973076105117798,0.752787172794342,-1.45620596408844,0.7544516921043396,0.4754854142665863,-0.5504521727561951,-1.1647083759307861,0.18149340152740479,-1.066955804824829,-0.22158905863761902,0.7051883935928345,-0.2676486670970917,-1.0927294492721558,-1.4605058431625366,0.059970755130052567,0.9767064452171326,-0.8387668132781982,-0.04009471461176872,1.719956398010254,-0.9844910502433777,0.7990583181381226,1.2146621942520142,-0.18563179671764374,-1.3789775371551514,-0.7516357898712158,-0.9534992575645447,0.0521760955452919,0.13564397394657135,0.5679389834403992,-0.3413699269294739,0.8856924772262573,-1.0500743389129639,0.7257145047187805,0.5367686748504639,-0.15826141834259033,-0.8204518556594849,-0.15967121720314026,-0.010289609432220459,-0.9092944860458374,-0.04400395601987839,-0.44356557726860046,0.2402110993862152,0.617341160774231,0.7699187397956848,0.10625009983778,-0.8003994226455688,-0.5994347929954529,0.2173575907945633,1.1167497634887695,-0.7947160601615906,0.5483559966087341,-0.4681943356990814,0.6570348739624023,0.9429420232772827,-0.12160782516002655,0.3922922611236572,0.18356026709079742,0.339760422706604,0.07308980822563171,0.3879043757915497,-0.45988592505455017,0.8978772163391113,-0.229477196931839,0.427901029586792,Enabler,Peripheral,0.022440925118169607
333,4,0.011527377521613832,0.0013955809249636601,0.1982467206272827,0.027577951171035963,0.0,3,0,0.4,5,0.0,0,0.18926025087277007,1,0.25,0.008273467360047354,0.01110635201865493,-1.000088900581841e-12,15,7,2.2,0,8,5,2,0.2,0.13333333333333333,0.17579106986522675,-0.739118754863739,-0.043183472007513046,0.2939143478870392,0.40117311477661133,0.20345064997673035,0.01637033000588417,0.7126696705818176,0.13813427090644836,0.05862479284405708,0.027024008333683014,-0.46186572313308716,-0.30277901887893677,0.012915258295834064,-0.4149210751056671,0.2823074758052826,-0.19587761163711548,0.24869251251220703,-0.15390320122241974,-0.28488871455192566,0.883301854133606,0.5783050060272217,0.3022998571395874,-0.20094715058803558,0.11896716058254242,0.06505651026964188,0.23763874173164368,-0.48802071809768677,0.18746867775917053,-0.14789995551109314,0.5464289784431458,0.0871574655175209,0.4241560995578766,0.23500841856002808,-0.010583310388028622,-0.12987124919891357,-0.12795594334602356,-0.35258248448371887,-0.3109598755836487,-0.2493143379688263,-0.3516729772090912,-0.04181536287069321,-0.031922172755002975,-0.029267584905028343,0.5561158657073975,0.09611772745847702,-0.19200898706912994,-0.015567637048661709,-0.21543920040130615,-0.21174684166908264,-0.33722537755966187,-0.36744722723960876,0.4431406855583191,0.5026636719703674,0.035488370805978775,0.1513439416885376,0.45691919326782227,-0.11951117217540741,-0.017188966274261475,-0.06739082932472229,-0.389741450548172,-0.1689012199640274,-0.06994462013244629,-0.19689778983592987,Enabler,Peripheral,0.02373910433126056
334,1,0.002881844380403458,0.0,0.003842459173871277,8.737336050511013e-19,0.0,1,1,1.0,2,0.0,0,-0.5903789915284918,1,0.25,3.312464805061446e-05,2.89850244040579e-05,-1.000088900581841e-12,7,4,1.8571428571428572,0,0,1,6,0.14285714285714285,0.14285714285714285,0.06978759169578552,0.7406710386276245,-1.4407223463058472,0.7032924890518188,0.4224616587162018,-0.6649379730224609,-0.9770167469978333,0.14541026949882507,-1.143168330192566,-0.19300298392772675,0.5544849634170532,-0.24527673423290253,-1.2432096004486084,-1.4947140216827393,0.05079112946987152,1.1031334400177002,-0.9325861930847168,0.0690966472029686,1.7556174993515015,-1.1093041896820068,0.7396974563598633,1.2161448001861572,-0.10449577867984772,-1.444709300994873,-0.8357049226760864,-0.7923448085784912,-0.024710481986403465,0.09333131462335587,0.6894727945327759,-0.5227270126342773,1.0381531715393066,-0.9999681115150452,0.6014803647994995,0.4713904857635498,-0.24255351722240448,-0.769783079624176,-0.11157965660095215,0.022111697122454643,-1.0149598121643066,-0.12192115187644958,-0.5745969414710999,0.34653541445732117,0.7314988374710083,0.5683898329734802,0.07227394729852676,-0.9755995869636536,-0.6696824431419373,0.346477746963501,1.145085334777832,-0.801633358001709,0.504334568977356,-0.4064885675907135,0.517665445804596,0.9224995374679565,-0.009677695110440254,0.47318753600120544,0.09058063477277756,0.4326072931289673,-0.07827547937631607,0.34117254614830017,-0.5607767701148987,0.8166653513908386,-0.11234701424837112,0.21631968021392822,Peripheral,Peripheral,0.019105370575990852
335,0,0.0,0.0,0.0,0.0,0.0,0,0,0.0,1,0.0,0,-0.850258738995579,0,0.0,0.0,0.0,0.0,6,3,2.3333333333333335,0,0,4,2,0.16666666666666666,0.3333333333333333,0.0,0.0,0.0,0.0,0.0,0.0,0.0,0.0,0.0,0.0,0.0,0.0,0.0,0.0,0.0,0.0,0.0,0.0,0.0,0.0,0.0,0.0,0.0,0.0,0.0,0.0,0.0,0.0,0.0,0.0,0.0,0.0,0.0,0.0,0.0,0.0,0.0,0.0,0.0,0.0,0.0,0.0,0.0,0.0,0.0,0.0,0.0,0.0,0.0,0.0,0.0,0.0,0.0,0.0,0.0,0.0,0.0,0.0,0.0,0.0,0.0,0.0,0.0,0.0,Peripheral,Peripheral,0.008375448058175297
336,0,0.0,0.0,0.0,0.0,0.0,0,0,0.0,1,0.0,0,-0.850258738995579,0,0.0,0.0,0.0,0.0,8,5,2.5,0,0,1,7,0.5,0.0,0.0,0.0,0.0,0.0,0.0,0.0,0.0,0.0,0.0,0.0,0.0,0.0,0.0,0.0,0.0,0.0,0.0,0.0,0.0,0.0,0.0,0.0,0.0,0.0,0.0,0.0,0.0,0.0,0.0,0.0,0.0,0.0,0.0,0.0,0.0,0.0,0.0,0.0,0.0,0.0,0.0,0.0,0.0,0.0,0.0,0.0,0.0,0.0,0.0,0.0,0.0,0.0,0.0,0.0,0.0,0.0,0.0,0.0,0.0,0.0,0.0,0.0,0.0,0.0,Peripheral,Peripheral,0.009347952690522663
337,3,0.008645533141210374,0.0006975729206576597,0.19480006160800606,0.018323799647994358,0.0,2,0,0.5,4,0.0,0,-0.07061949659431722,1,0.25,0.0033304497902530315,0.02011833173279505,-1.000088900581841e-12,16,9,2.1875,0,7,5,4,0.1875,0.125,-0.047636181116104126,-0.38779711723327637,0.09828722476959229,0.1965641975402832,0.18715624511241913,-0.07612590491771698,-0.4548501670360565,0.2360198199748993,-0.3131260275840759,0.6261184215545654,-0.10854783654212952,-0.47895461320877075,0.20471365749835968,-0.06540054827928543,0.19330354034900665,0.2541201114654541,-0.659382700920105,0.12626224756240845,-0.1339377462863922,0.014812826178967953,0.2723238468170166,0.08110823482275009,0.21418951451778412,-0.6185154914855957,-0.131048783659935,-0.031833309680223465,0.3040159046649933,-0.282456636428833,-0.09910983592271805,-0.2405102252960205,0.5496952533721924,-0.5362017750740051,0.06289014220237732,0.21240319311618805,-0.5058200359344482,-0.7589530944824219,-0.33434924483299255,0.08260580152273178,-0.44330623745918274,-0.45531681180000305,-0.085043765604496,0.22980283200740814,0.39935290813446045,0.7075968980789185,0.10963905602693558,0.3416883945465088,-0.2237982451915741,-0.10344620048999786,-0.11790334433317184,0.07111737877130508,-0.12659424543380737,0.31276199221611023,0.4088798463344574,0.33829113841056824,0.14227744936943054,-0.11799383163452148,0.5937946438789368,0.0829945057630539,-0.29163891077041626,-0.04255552217364311,-0.5238296389579773,0.18996146321296692,0.3761178255081177,-0.4218462407588959,Enabler,Peripheral,0.023272793835917318
338,5,0.01440922190201729,0.023639802426033713,0.19929149912861224,0.019622261982671575,0.0,3,1,0.3333333333333333,6,0.3599999999999999,1,0.18926025087277007,2,0.5,0.026150825746450994,0.015229194748282387,0.5004024235361879,18,12,3.0,2,7,5,4,0.3333333333333333,0.4444444444444444,0.06378263235092163,-0.09165024757385254,-0.11558052152395248,0.050843920558691025,0.4191363453865051,0.009074884466826916,-0.16156499087810516,0.7157677412033081,0.22871240973472595,0.3634416460990906,-0.164077490568161,-0.4106794595718384,-0.3485994040966034,-0.07013603299856186,-0.10747455060482025,-0.1207653135061264,-0.7385572195053101,-0.24143508076667786,0.1385732740163803,0.14782027900218964,0.5535596013069153,0.5891403555870056,-0.07980867475271225,-0.10599572956562042,-4.197306770947762e-05,-0.5250020027160645,0.08063556253910065,-0.2883620858192444,0.24249738454818726,-0.2228628247976303,0.3450222611427307,-0.16421914100646973,0.7386775016784668,-0.013003150001168251,0.38285985589027405,-0.651432991027832,0.03863118588924408,-0.37284573912620544,-0.7309169173240662,-0.3959943652153015,0.017513448372483253,0.21773800253868103,-0.06516630202531815,0.22048187255859375,0.403331458568573,0.32134491205215454,-0.3688494861125946,-0.35719195008277893,-0.03751741349697113,0.37580209970474243,-0.18990063667297363,-0.2169950157403946,-0.05124690383672714,0.37084105610847473,0.0808708518743515,-0.027347708120942116,0.4356954097747803,-0.005363105796277523,-0.15131090581417084,0.06967496871948242,-0.36077257990837097,-0.47666677832603455,-0.20566731691360474,0.523878812789917,Enabler,Broker,0.40592506175980486
339,2,0.005763688760806916,0.02626043211007646,0.19318294743118353,0.008791810237630256,0.0,1,1,0.6666666666666666,3,0.0,0,-0.3304992440614045,1,0.25,0.015999205008446787,0.028176659278144518,-1.000088900581841e-12,13,7,2.5384615384615383,1,4,5,3,0.23076923076923078,0.23076923076923078,0.13238362967967987,-0.39378148317337036,0.2922045588493347,0.28201088309288025,0.017002368345856667,-0.3091946542263031,-0.34606415033340454,0.01294778287410736,-0.619502604007721,0.5376641154289246,-0.021061820909380913,-0.7097680568695068,0.24555954337120056,-0.3696300685405731,-0.029885614290833473,0.5664913058280945,-0.7032904028892517,-0.15198259055614471,0.2019033432006836,0.11940284073352814,0.21786151826381683,0.035610198974609375,0.3561278283596039,-0.9266675114631653,0.0882713571190834,-0.02683716081082821,0.6166832447052002,-0.5154364705085754,-0.28661084175109863,-0.4707910120487213,0.3278537690639496,-0.3391813039779663,0.39835911989212036,0.309885174036026,-0.42802053689956665,-0.48327988386154175,-0.21622487902641296,0.15413521230220795,-0.5843533873558044,-0.13385790586471558,0.44130468368530273,-0.38302627205848694,0.5122860670089722,0.4958481192588806,0.38269343972206116,0.06434310972690582,0.006286805495619774,-0.38538098335266113,-0.05431222915649414,-0.48494383692741394,0.485392689704895,0.006934280972927809,0.13199688494205475,0.2557540535926819,0.2733607292175293,0.14927475154399872,1.022643804550171,0.02621181681752205,-0.34818175435066223,0.2425682693719864,-0.32844895124435425,0.10869265347719193,0.2963952124118805,-0.010729681700468063,Enabler,Peripheral,0.02542813220800454
340,0,0.0,0.0,0.0,0.0,0.0,0,0,0.0,1,0.0,0,-0.850258738995579,0,0.0,0.0,0.0,0.0,11,7,2.5454545454545454,0,0,5,6,0.2727272727272727,0.18181818181818182,0.0,0.0,0.0,0.0,0.0,0.0,0.0,0.0,0.0,0.0,0.0,0.0,0.0,0.0,0.0,0.0,0.0,0.0,0.0,0.0,0.0,0.0,0.0,0.0,0.0,0.0,0.0,0.0,0.0,0.0,0.0,0.0,0.0,0.0,0.0,0.0,0.0,0.0,0.0,0.0,0.0,0.0,0.0,0.0,0.0,0.0,0.0,0.0,0.0,0.0,0.0,0.0,0.0,0.0,0.0,0.0,0.0,0.0,0.0,0.0,0.0,0.0,0.0,0.0,Peripheral,Peripheral,0.010197766571479272
341,0,0.0,0.0,0.0,0.0,0.0,0,0,0.0,1,0.0,0,-0.850258738995579,0,0.0,0.0,0.0,0.0,12,6,2.4166666666666665,0,0,2,10,0.3333333333333333,0.16666666666666666,0.0,0.0,0.0,0.0,0.0,0.0,0.0,0.0,0.0,0.0,0.0,0.0,0.0,0.0,0.0,0.0,0.0,0.0,0.0,0.0,0.0,0.0,0.0,0.0,0.0,0.0,0.0,0.0,0.0,0.0,0.0,0.0,0.0,0.0,0.0,0.0,0.0,0.0,0.0,0.0,0.0,0.0,0.0,0.0,0.0,0.0,0.0,0.0,0.0,0.0,0.0,0.0,0.0,0.0,0.0,0.0,0.0,0.0,0.0,0.0,0.0,0.0,0.0,0.0,Peripheral,Peripheral,0.010052522373141677
342,0,0.0,0.0,0.0,0.0,0.0,0,0,0.0,1,0.0,0,-0.850258738995579,0,0.0,0.0,0.0,0.0,14,5,1.7142857142857142,0,0,2,12,0.21428571428571427,0.07142857142857142,0.0,0.0,0.0,0.0,0.0,0.0,0.0,0.0,0.0,0.0,0.0,0.0,0.0,0.0,0.0,0.0,0.0,0.0,0.0,0.0,0.0,0.0,0.0,0.0,0.0,0.0,0.0,0.0,0.0,0.0,0.0,0.0,0.0,0.0,0.0,0.0,0.0,0.0,0.0,0.0,0.0,0.0,0.0,0.0,0.0,0.0,0.0,0.0,0.0,0.0,0.0,0.0,0.0,0.0,0.0,0.0,0.0,0.0,0.0,0.0,0.0,0.0,0.0,0.0,Peripheral,Peripheral,0.008437824448588248
343,0,0.0,0.0,0.0,0.0,0.0,0,0,0.0,1,0.0,0,-0.850258738995579,0,0.0,0.0,0.0,0.0,5,4,2.2,0,0,4,1,0.4,0.0,0.0,0.0,0.0,0.0,0.0,0.0,0.0,0.0,0.0,0.0,0.0,0.0,0.0,0.0,0.0,0.0,0.0,0.0,0.0,0.0,0.0,0.0,0.0,0.0,0.0,0.0,0.0,0.0,0.0,0.0,0.0,0.0,0.0,0.0,0.0,0.0,0.0,0.0,0.0,0.0,0.0,0.0,0.0,0.0,0.0,0.0,0.0,0.0,0.0,0.0,0.0,0.0,0.0,0.0,0.0,0.0,0.0,0.0,0.0,0.0,0.0,0.0,0.0,0.0,Peripheral,Peripheral,0.007740342992152525
344,1,0.002881844380403458,0.0,0.002881844380403458,5.2634322472132326e-21,0.0,1,1,1.0,2,1.0,1,-0.850258738995579,1,0.25,1.656232402530723e-05,0.0,-1.000088900581841e-12,6,3,1.8333333333333333,0,0,0,6,0.0,0.16666666666666666,-0.02242523804306984,-1.3106178045272827,0.3503429591655731,1.0083602666854858,0.058539628982543945,-0.7116663455963135,-0.48476195335388184,0.0418238639831543,-0.778754472732544,0.16266636550426483,0.18334728479385376,-0.7849482297897339,-1.183582067489624,-0.25847941637039185,0.8320672512054443,1.220530390739441,-0.5921058058738708,-0.3371552526950836,0.19424156844615936,-0.12918967008590698,1.051241397857666,1.8512824773788452,-0.1966799646615982,-1.7028253078460693,0.4249093234539032,0.8511114716529846,-0.1534968912601471,0.7663013339042664,0.5659003257751465,-1.1436651945114136,1.1474007368087769,0.010876286774873734,0.38404470682144165,0.05298476666212082,-0.5825017690658569,-0.7706223130226135,0.4784177243709564,-0.652957558631897,-0.5049298405647278,0.037093386054039,-0.3579588532447815,-0.4733763039112091,0.4726051092147827,1.1569610834121704,0.628974437713623,0.3219827711582184,-0.5645851492881775,0.1587546467781067,-0.06724517047405243,0.38418251276016235,-0.7084300518035889,-0.04192575812339783,1.1550062894821167,0.7915663123130798,0.25649476051330566,-0.02880956418812275,0.5094433426856995,0.16181784868240356,-0.4854511618614197,0.9256259799003601,-0.2880937159061432,-0.8818382024765015,0.25845763087272644,0.9010788798332214,Peripheral,Peripheral,0.0187957322310054
345,2,0.005763688760806916,0.00027275253024032823,0.16432617907508604,0.0032332620533242155,0.0,2,0,0.6666666666666666,3,0.0,0,-0.3304992440614045,1,0.25,0.00369629945826226,0.003959345707098949,-1.000088900581841e-12,6,4,1.6666666666666667,0,0,1,5,0.3333333333333333,0.0,0.44278958439826965,0.2324906885623932,-0.887188732624054,0.13097351789474487,0.5735469460487366,-0.43511611223220825,-0.5389158129692078,0.2527962327003479,0.08613190054893494,0.130721315741539,-0.029735511168837547,-0.27986055612564087,-0.53006511926651,-0.1777481883764267,0.2527274191379547,0.9456499218940735,-0.9749318957328796,0.23506490886211395,-0.07499685883522034,0.606977641582489,0.3024818003177643,0.6174749135971069,-0.08531609922647476,-0.32299691438674927,0.10810519754886627,0.15937453508377075,-0.30815044045448303,0.0219432283192873,0.09012750536203384,0.12930762767791748,-0.10209999233484268,0.3571939170360565,0.7623857259750366,0.15475104749202728,-0.009548692964017391,-0.7291271686553955,0.08565504103899002,-0.4273952841758728,-0.5704434514045715,0.17338362336158752,-0.0187714621424675,0.16042472422122955,-0.16795867681503296,0.029317326843738556,0.4624587297439575,0.06761420518159866,-0.4805368185043335,-0.39814773201942444,-0.22873333096504211,0.27055883407592773,0.23898276686668396,0.1092185229063034,0.1126701682806015,0.5881813764572144,-0.09129742532968521,0.22362841665744781,0.6600638628005981,-0.21345636248588562,-0.2919073700904846,0.21427296102046967,-0.6133977770805359,-0.361670583486557,0.3212888836860657,0.1751072257757187,Peripheral,Peripheral,0.01860451132208442
346,2,0.005763688760806916,0.005217304392730422,0.1607462782557032,0.0010279091909344493,0.0,1,1,0.6666666666666666,3,0.0,0,-0.3304992440614045,1,0.25,0.02669846632879526,0.006463660442104911,-1.000088900581841e-12,5,3,1.6,0,0,1,4,0.2,0.0,-0.07886291295289993,-0.5769573450088501,-0.4012187719345093,0.8695675730705261,0.6221368908882141,0.5745595097541809,-0.23687754571437836,-0.04524931684136391,-0.43232420086860657,-0.6846293807029724,0.3489011526107788,-0.1701730638742447,-0.4297580420970917,-0.1518733650445938,0.2531142830848694,-0.02404961548745632,-0.5403249859809875,0.3533184230327606,0.1584661602973938,0.4040752947330475,0.4885522425174713,0.7518318891525269,-0.09845316410064697,-0.6886228322982788,0.018787806853652,-0.09405460208654404,0.3687528669834137,-0.6310938596725464,0.10297238081693649,-0.19567786157131195,0.4404892325401306,0.5854474306106567,0.35993462800979614,0.4560083746910095,0.39598584175109863,-0.39527496695518494,-0.29697227478027344,-0.22561626136302948,-0.3943687081336975,-0.38760101795196533,-0.691943883895874,-0.3725791871547699,0.5083710551261902,0.18910017609596252,0.7564512491226196,-0.41154205799102783,0.27484145760536194,0.0554637610912323,0.1897258162498474,-0.4652632176876068,-0.25286415219306946,-0.051912035793066025,0.7698764204978943,0.644527018070221,-0.15416626632213593,0.3107202649116516,1.1238300800323486,-0.23415370285511017,-0.004689875524491072,-0.13107000291347504,-0.7336876392364502,-0.060753755271434784,0.009566538035869598,-0.30030885338783264,Peripheral,Peripheral,0.019237858738849815
347,0,0.0,0.0,0.0,0.0,0.0,0,0,0.0,1,0.0,0,-0.850258738995579,0,0.0,0.0,0.0,0.0,5,2,2.6,0,0,0,5,0.2,0.4,0.0,0.0,0.0,0.0,0.0,0.0,0.0,0.0,0.0,0.0,0.0,0.0,0.0,0.0,0.0,0.0,0.0,0.0,0.0,0.0,0.0,0.0,0.0,0.0,0.0,0.0,0.0,0.0,0.0,0.0,0.0,0.0,0.0,0.0,0.0,0.0,0.0,0.0,0.0,0.0,0.0,0.0,0.0,0.0,0.0,0.0,0.0,0.0,0.0,0.0,0.0,0.0,0.0,0.0,0.0,0.0,0.0,0.0,0.0,0.0,0.0,0.0,0.0,0.0,Peripheral,Peripheral,0.008931164990945222
348,1,0.002881844380403458,0.0,0.002881844380403458,5.2634322472132326e-21,0.0,1,1,1.0,2,0.0,0,-0.5903789915284918,1,0.25,1.656232402530723e-05,0.0,-1.000088900581841e-12,13,9,2.076923076923077,3,4,1,5,0.23076923076923078,0.15384615384615385,-0.4141903817653656,-0.5799027681350708,0.37529367208480835,1.0714359283447266,-0.1976185441017151,-0.07482476532459259,-0.8047512769699097,0.3756657838821411,-0.023958157747983932,-1.4782562255859375,-0.40243983268737793,-1.1186429262161255,0.10327044129371643,0.32430145144462585,0.8053282499313354,0.47881296277046204,0.048212096095085144,1.099924087524414,1.1085145473480225,-0.4475999176502228,1.0995774269104004,2.021193027496338,-0.7257922291755676,-1.0187101364135742,-0.01701650395989418,-1.38490629196167,0.6886830925941467,1.1554011106491089,0.6360955238342285,-1.1933480501174927,1.5037479400634766,-0.8434119820594788,0.17866769433021545,1.2609167098999023,0.1254282295703888,-0.16289082169532776,1.2526460886001587,-0.5770540833473206,-1.0956634283065796,-0.6878070831298828,-0.09112625569105148,-0.48887720704078674,-0.2930392920970917,0.21840736269950867,0.3750278949737549,-0.12556873261928558,-0.5214679837226868,-0.4206497371196747,0.9713456630706787,1.3012384176254272,0.8937689065933228,-0.23662444949150085,0.7970008254051208,1.2278962135314941,-1.2873603105545044,-0.0848686471581459,0.9585404396057129,0.824533224105835,-0.03922712430357933,0.33863863348960876,-0.0913069099187851,0.03579895570874214,1.4606505632400513,0.40800419449806213,Enabler,Peripheral,0.02118806309268252
349,1,0.002881844380403458,0.0,0.11976425007016367,1.3474242635995873e-05,0.0,1,1,1.0,2,0.0,0,-0.5903789915284918,1,0.25,0.005366192984199543,0.002608652196365211,-1.000088900581841e-12,9,4,1.7777777777777777,0,0,3,6,0.2222222222222222,0.0,-0.14194519817829132,-0.48354414105415344,-0.548219621181488,1.1704180240631104,0.6770420670509338,1.0338784456253052,-0.49922993779182434,-0.2609177827835083,-0.3937874734401703,-0.7270482778549194,0.5792908072471619,-0.1488841325044632,-0.5094656944274902,-0.08309155702590942,0.2852088212966919,-0.06068847328424454,-0.6611148715019226,0.4094768166542053,0.49437108635902405,0.46147212386131287,0.7000772953033447,0.8232085108757019,-0.33752602338790894,-0.9591512680053711,0.42210152745246887,-0.11746737360954285,0.6429218053817749,-0.6320106983184814,0.1372799277305603,-0.6212003231048584,0.6543703675270081,0.6680670380592346,0.6500593423843384,0.4217666983604431,0.7222596406936646,-0.21264232695102692,-0.2713278830051422,-0.16600435972213745,-0.7487205862998962,-0.6186324954032898,-0.9747433066368103,-0.18430253863334656,0.5792765021324158,0.08935239911079407,0.4781400263309479,-0.31304028630256653,-0.10168091952800751,0.1751195639371872,0.5821818709373474,-0.6394712328910828,-0.3314124047756195,0.04009624198079109,0.9553245902061462,0.768842339515686,-0.2209857702255249,0.126346156001091,1.5124101638793945,-0.1308385580778122,0.09816954284906387,-0.19499129056930542,-0.6977643370628357,-0.2572183310985565,0.0769069716334343,-0.33465516567230225,Peripheral,Peripheral,0.01953658903925272
350,3,0.008645533141210374,0.016967626250246896,0.19530309598272008,0.017958839886426842,0.0,2,1,0.5,4,0.0,0,-0.07061949659431722,1,0.25,0.015999205008446787,0.01839818318932452,-1.000088900581841e-12,17,11,2.588235294117647,5,4,2,6,0.11764705882352941,0.35294117647058826,-0.18205568194389343,-0.3331078290939331,-0.20581366121768951,0.03896413743495941,0.5587246417999268,0.27847200632095337,-0.5020439028739929,-0.06480563431978226,-0.20159615576267242,0.08657243102788925,-0.41849422454833984,-0.5099950432777405,-0.23304703831672668,-0.026099856942892075,0.6394079923629761,0.20220614969730377,-0.6156952977180481,0.032996635884046555,-0.26236143708229065,-0.1254843920469284,0.4044564962387085,0.4108681380748749,0.20428210496902466,-0.14876657724380493,0.298237144947052,0.1322522759437561,0.268292099237442,-0.36389797925949097,0.07054783403873444,-0.23355638980865479,0.42453017830848694,-0.5302940607070923,0.15112164616584778,0.222757950425148,-0.12359222769737244,-0.1482546627521515,-0.18866953253746033,0.0588376522064209,-0.42351529002189636,-0.006117272190749645,-0.4280778765678406,0.19643709063529968,-0.09782419353723526,1.0253496170043945,-0.021637234836816788,0.2213650494813919,0.2006027102470398,-0.239480659365654,-0.046765804290771484,-0.0707540363073349,-0.15749342739582062,0.20438334345817566,0.2647972106933594,0.6157640814781189,0.36477115750312805,-0.18489590287208557,-0.08384101092815399,0.30768218636512756,-0.2874586880207062,-0.026295172050595284,-0.8434647917747498,-0.16055431962013245,0.1533384472131729,0.012113223783671856,Enabler,Peripheral,0.026301656378904456
351,3,0.008645533141210374,0.017734706765141037,0.16549480069870537,0.002292435147339021,0.0,2,1,0.5,4,0.5555555555555556,1,-0.3304992440614045,2,0.5,0.042357680185833455,0.009208004537963228,0.6365141682928128,4,3,2.5,0,0,1,3,0.25,0.25,0.2690189778804779,-0.1944163590669632,0.048180919140577316,0.16650666296482086,0.6456956267356873,-0.254362016916275,-0.43993282318115234,0.8735728859901428,0.2841591536998749,0.05267467349767685,-0.25511831045150757,-0.7188653349876404,-0.7444928884506226,-0.1694122552871704,0.015943285077810287,-0.22188317775726318,-0.8218076825141907,-0.25227370858192444,0.2707784175872803,0.23590198159217834,0.6191858053207397,0.8155333995819092,0.26744139194488525,-0.05272088944911957,-0.1347496509552002,-0.6492371559143066,0.4715900719165802,0.08352632820606232,0.4316866099834442,-0.02306547202169895,0.2462790310382843,-0.315074622631073,0.9894778728485107,0.16498242318630219,0.6938667893409729,-0.634802520275116,0.1886678785085678,-0.4152042269706726,-0.6445761919021606,-0.3435075581073761,0.11790604144334793,0.35577958822250366,0.12860915064811707,0.4933062791824341,0.43795332312583923,0.21211402118206024,-0.4044019877910614,-0.043041788041591644,0.06673528254032135,0.13480788469314575,-0.2409045696258545,-0.009768839925527573,-0.2347763031721115,0.25796690583229065,-0.34321096539497375,-0.0869288444519043,0.7002416253089905,-0.21496672928333282,-0.15805524587631226,0.3868049681186676,-0.2596201002597809,-0.16618940234184265,-0.25462818145751953,0.47512122988700867,Peripheral,Peripheral,0.03510127681449024
352,5,0.01440922190201729,0.013171404088833816,0.2437747749212195,0.08461154319090738,0.0,3,0,0.3333333333333333,6,0.0,0,0.44913999833985735,1,0.25,0.020068740260589014,0.07718489301263479,-1.000088900581841e-12,13,6,2.3846153846153846,3,9,1,0,0.15384615384615385,0.23076923076923078,0.029539041221141815,-0.12003006041049957,-0.18932902812957764,0.28777244687080383,0.01398571114987135,-0.13783617317676544,-0.5787734985351562,0.18341831862926483,-0.25043535232543945,-0.10830091685056686,-0.14773015677928925,-0.33197322487831116,-0.5839382410049438,0.10222326219081879,-0.03425134718418121,0.5537194013595581,-0.46358972787857056,-0.040289588272571564,-0.07221642881631851,0.26930320262908936,0.43241941928863525,0.40951547026634216,-0.06790261715650558,-0.4194009304046631,0.20298531651496887,-0.055701930075883865,0.18128858506679535,0.06084359064698219,-0.09226720035076141,0.03256906941533089,0.10529711097478867,0.20330700278282166,0.18220394849777222,0.027272498235106468,-0.24138709902763367,-0.30895373225212097,-0.1718614548444748,-0.3171979784965515,-0.23065881431102753,0.20649941265583038,-0.1615300178527832,0.16707278788089752,0.08347412198781967,0.11567080020904541,0.26815322041511536,0.0010382977779954672,-0.5496702790260315,-0.1994786560535431,-0.1911224126815796,0.2303421050310135,0.23498012125492096,0.20589636266231537,-0.09485584497451782,0.5164475440979004,0.26856735348701477,0.13343596458435059,0.21420258283615112,-0.022596970200538635,-0.08449577540159225,0.21055585145950317,-0.4719308614730835,-0.38004839420318604,0.30033108592033386,-0.17077204585075378,Broker,Peripheral,0.027791816597127234
353,5,0.01440922190201729,0.005520977794455164,0.24338253875883623,0.0890347282154584,0.1,3,0,0.4,6,0.0,0,0.44913999833985735,1,0.25,0.010177345795766887,0.0774316083346935,-1.000088900581841e-12,8,6,2.5,1,4,3,0,0.25,0.125,-0.25343436002731323,-0.5478312969207764,-0.278251051902771,0.023513298481702805,-0.010290318168699741,-0.14809881150722504,-0.3849527835845947,0.2554068863391876,-0.31409645080566406,-0.24819651246070862,-0.2244781106710434,-0.2578040063381195,-0.4491488039493561,0.22319240868091583,-0.2886536419391632,0.2027105987071991,-0.5275672078132629,-0.061524104326963425,0.01322350837290287,-0.002890680218115449,0.3627491891384125,0.5333103537559509,-0.010072685778141022,-0.40422627329826355,0.15107743442058563,-0.00017469932208769023,0.3289526402950287,0.17187035083770752,-0.19322510063648224,-0.1904006451368332,0.024176819249987602,-0.022285131737589836,0.05707686021924019,-0.017573239281773567,-0.11987823247909546,-0.39742404222488403,-0.24332551658153534,-0.19725939631462097,-0.3744892477989197,0.23895703256130219,-0.12976570427417755,0.05599554628133774,0.23313532769680023,0.12218771874904633,0.08843301236629486,0.12398529797792435,-0.31646159291267395,-0.2829911708831787,0.0817536786198616,0.25157877802848816,0.08564841002225876,0.2640250623226166,0.02684851363301277,0.42021098732948303,0.26964038610458374,0.12809070944786072,0.11377508193254471,-0.26750510931015015,0.010304097086191177,0.4130135178565979,-0.48010513186454773,-0.2679775357246399,0.001290439162403345,-0.02198527753353119,Broker,Peripheral,0.026255205525706062
354,4,0.011527377521613832,0.014526328063833685,0.1944244830830549,0.020153921981704334,0.0,2,1,0.4,5,0.0,0,0.18926025087277007,1,0.25,0.013264548547909923,0.006790560443229473,-1.000088900581841e-12,14,9,2.5,1,6,3,4,0.35714285714285715,0.14285714285714285,0.41020748019218445,-0.6011285185813904,-0.4340671896934509,0.40731072425842285,-0.05244520679116249,-0.5049079656600952,-0.6931924223899841,-0.29778409004211426,-0.2898956537246704,0.33573752641677856,0.14819861948490143,-0.28221791982650757,-0.33006584644317627,0.36970531940460205,-0.12519170343875885,0.5083909034729004,-1.0156886577606201,0.14681677520275116,-0.06165454164147377,0.09272225201129913,0.424324631690979,0.41480231285095215,0.5552387833595276,-0.4825025796890259,-0.3975418508052826,-0.2348657101392746,-0.09354808181524277,0.00175178749486804,-0.1636905074119568,-0.361217200756073,-0.09229007363319397,0.033578336238861084,0.5620328187942505,0.29863086342811584,0.38352879881858826,0.05224931612610817,0.17056910693645477,-0.1886734664440155,-0.24241016805171967,0.04702387750148773,-0.7650623917579651,-0.04845951497554779,-0.04888005182147026,0.31866997480392456,0.0392654724419117,-0.30136263370513916,-0.11893326789140701,-0.25427934527397156,-0.24136365950107574,0.3200487196445465,-0.19505341351032257,0.1092521920800209,0.3381437361240387,0.362239271402359,0.6176058053970337,0.19279713928699493,0.1343555599451065,-0.2898849844932556,-0.3106325566768646,0.27558374404907227,-0.10343989729881287,-0.3798963725566864,0.2976299822330475,0.14676617085933685,Enabler,Peripheral,0.025156916170964185
355,1,0.002881844380403458,0.0,0.16091728493469862,0.002255171696833749,0.0,1,1,1.0,2,0.0,0,-0.5903789915284918,1,0.25,0.005366192984199543,0.005165644700947952,-1.000088900581841e-12,10,6,1.8,0,0,3,7,0.2,0.0,0.590110182762146,-0.32073119282722473,-0.2898413836956024,0.41862165927886963,0.04963397979736328,0.1278649866580963,-0.5061037540435791,0.31105050444602966,-0.38296863436698914,0.15835697948932648,-0.04010968282818794,-0.4701375961303711,-0.5707640051841736,-0.15896791219711304,-0.6386480927467346,0.5403014421463013,-0.13226445019245148,-0.18509219586849213,-0.14679977297782898,-0.5811529755592346,0.8699353337287903,0.35018113255500793,0.3471689224243164,-0.7361685633659363,0.3361974060535431,0.622268795967102,0.3893491327762604,-0.4832572042942047,-0.2817487120628357,0.10952828079462051,0.342173308134079,-0.02651011198759079,0.2990107238292694,-0.1890489161014557,0.11451736092567444,-0.7142764925956726,-0.18944790959358215,-0.07105977833271027,0.08906412869691849,0.3781532049179077,-0.5204415917396545,-0.14336346089839935,-0.005985179450362921,0.49879878759384155,0.7067380547523499,0.13424088060855865,-0.16753613948822021,-0.005158680025488138,-0.12555870413780212,0.18679919838905334,-0.4350442588329315,-0.10674560070037842,0.363710880279541,0.38157686591148376,-0.37981531023979187,0.339041531085968,0.03651218116283417,-0.6746179461479187,0.007495013065636158,-0.1971423178911209,-0.22945992648601532,0.047311313450336456,0.25187259912490845,0.46242544054985046,Peripheral,Peripheral,0.019947688722445817
356,2,0.005763688760806916,0.0021197714514167684,0.22343020360209262,0.037372870190041166,0.0,2,0,0.6666666666666666,3,0.0,0,-0.3304992440614045,1,0.25,0.009755162338884892,0.086324326119021,-1.000088900581841e-12,6,4,2.8333333333333335,0,4,1,1,0.5,0.16666666666666666,-0.12927938997745514,-0.61116623878479,0.006216992624104023,0.1867203563451767,0.11553844064474106,-0.005807364359498024,-0.5819852352142334,0.11214520782232285,-0.2463144063949585,0.2500302493572235,0.01850075274705887,-0.30176252126693726,0.038566846400499344,0.09742425382137299,-0.0258400309830904,0.3130796551704407,-0.3496516942977905,0.10420939326286316,-0.13857124745845795,0.3293173909187317,0.10034298151731491,0.24325679242610931,0.17452800273895264,-0.8462164402008057,-0.0783848762512207,-0.0161727387458086,0.24363745748996735,-0.0003110160178039223,-0.19670197367668152,0.033939216285943985,0.1807515174150467,-0.3846113681793213,0.343669056892395,-0.005907521117478609,-0.2748773396015167,-0.5673010945320129,-0.23328207433223724,-0.15888898074626923,-0.4671632647514343,-0.32797035574913025,-0.17925409972667694,0.21112841367721558,0.21757788956165314,0.41738054156303406,-0.04979444295167923,0.502041757106781,0.053775232285261154,0.15655642747879028,-0.15672335028648376,0.38214582204818726,-0.2402440905570984,0.26047107577323914,0.5131317973136902,0.023639539256691933,-0.08033531904220581,-0.15433627367019653,0.45245879888534546,-0.06903926283121109,-0.15856483578681946,0.010135778225958347,-0.27049216628074646,-0.1156797707080841,0.3672998547554016,-0.19514694809913635,Enabler,Peripheral,0.02405232906985985
357,3,0.008645533141210374,0.010318668687844612,0.19355374003661768,0.008917960625303718,0.0,1,1,0.5,4,0.0,0,-0.07061949659431722,1,0.25,0.02136539799264633,0.009503667519732736,-1.000088900581841e-12,10,10,2.3,1,4,2,3,0.4,0.1,0.021529197692871094,-0.6042956709861755,-0.12040785700082779,0.8022441267967224,0.5333514213562012,0.4979414641857147,-0.08227498829364777,0.09612786024808884,-0.2852565348148346,-0.4465085566043854,0.32337686419487,-0.3971516191959381,-0.43204164505004883,-0.2943083643913269,0.03564436361193657,0.2771318852901459,-0.389873743057251,0.39020025730133057,-0.04083976149559021,0.35390934348106384,0.3010185956954956,0.7169228196144104,0.11495077610015869,-0.4762536585330963,-0.09201116114854813,-0.051158446818590164,0.5100979804992676,-0.36153772473335266,0.11361397057771683,-0.20611174404621124,0.41029679775238037,0.42782357335090637,0.17359399795532227,0.45620548725128174,0.33803048729896545,-0.36632177233695984,-0.38875582814216614,-0.36644405126571655,-0.38224244117736816,-0.22183197736740112,-0.6661332845687866,-0.25603213906288147,0.3018455505371094,-0.08639565110206604,0.6002832055091858,-0.26082128286361694,0.32545676827430725,-0.028051691129803658,0.16688720881938934,-0.24846936762332916,-0.3076092302799225,-0.09598220139741898,0.60442054271698,0.558478832244873,0.13396798074245453,0.2200927883386612,0.7818486094474792,-0.1010425016283989,0.14588159322738647,-0.1916273683309555,-0.5542212724685669,-0.32105955481529236,-0.033520400524139404,-0.3114283084869385,Enabler,Peripheral,0.023062412065031963
358,27,0.07780979827089336,0.18773934586448546,0.2931438911601099,0.3125294419190797,0.02849002849002849,3,0,0.09788359788359788,28,0.3360768175582991,5,4.867095705280342,3,0.75,0.14307336152297548,0.03496403169080574,0.6037974141121747,18,4,3.4444444444444446,18,0,0,0,0.05555555555555555,0.7222222222222222,0.1173924133181572,-0.3954668343067169,-0.26830437779426575,0.14739607274532318,0.3543838560581207,-0.1939391940832138,-0.21324177086353302,-0.002634033327922225,-0.0632995218038559,0.15092937648296356,-0.19100303947925568,-0.4841735064983368,-0.17638637125492096,-0.12434782087802887,-0.10114307701587677,0.14072753489017487,-0.39898812770843506,0.0305206086486578,-0.1620524525642395,0.08333175629377365,0.43157535791397095,0.2538762390613556,-0.13033096492290497,-0.3971821963787079,0.1708361953496933,0.02967674843966961,0.11783096939325333,0.09582440555095673,-0.11261551082134247,-0.09920556098222733,0.2984783351421356,-0.14366592466831207,-0.06466909497976303,0.16650733351707458,0.0007762789609842002,-0.13887318968772888,-0.20948897302150726,-0.1385749727487564,-0.347110778093338,-0.19983938336372375,-0.209509938955307,-0.025152500718832016,0.05897548422217369,0.230863556265831,0.478898823261261,0.05864604935050011,0.028731733560562134,-0.08380717784166336,-0.0858902856707573,0.023983536288142204,-0.015594716183841228,0.06859885901212692,0.14363200962543488,0.22370845079421997,0.18524417281150818,0.015444708988070488,0.18574143946170807,-0.13055065274238586,-0.04865770414471626,0.2990923225879669,-0.21594280004501343,-0.3394080698490143,0.2531203329563141,0.07912671566009521,Coordinator,Peripheral,0.08367769286884588
359,4,0.011527377521613832,0.023293698166467786,0.24240744845932166,0.07635522482016673,0.0,3,1,0.4,5,0.0,0,0.18926025087277007,1,0.25,0.03618082198510463,0.09302556192883393,-1.000088900581841e-12,16,5,2.5,0,15,1,0,0.25,0.25,-0.1013626828789711,-0.4800180494785309,0.0009213103330694139,0.3705819249153137,0.38002583384513855,0.2297431379556656,-0.22310608625411987,0.048549920320510864,-0.13478966057300568,-0.18999281525611877,0.061931196600198746,-0.41041186451911926,-0.2865419089794159,-0.13401751220226288,-0.08644671738147736,0.12388529628515244,-0.1156771332025528,0.21344758570194244,-0.014679466374218464,0.40020281076431274,0.4091532528400421,0.5212377309799194,0.08362606912851334,-0.3601260483264923,0.23801568150520325,-0.11319303512573242,0.31175848841667175,-0.25007516145706177,0.07679624855518341,-0.057477839291095734,0.3291928768157959,0.1982613056898117,0.1456640064716339,0.05313298851251602,0.11193176358938217,-0.36221587657928467,-0.30716776847839355,-0.14272873103618622,-0.33513733744621277,-0.2025918811559677,-0.4290682077407837,-0.27261537313461304,0.17522022128105164,0.011885329149663448,0.4058730900287628,-0.09220809489488602,0.10596822947263718,-0.028259946033358574,-0.30696797370910645,-0.0612463504076004,-0.26928380131721497,-0.07701655477285385,0.4680572748184204,0.42518648505210876,0.2875896394252777,0.24712161719799042,0.5634173154830933,-0.25479039549827576,-0.09016624093055725,-0.07093790173530579,-0.4417441487312317,-0.25443142652511597,-0.1472463756799698,-0.09738175570964813,Broker,Peripheral,0.02975537358928257
360,0,0.0,0.0,0.0,0.0,0.0,0,0,0.0,1,0.0,0,-0.850258738995579,0,0.0,0.0,0.0,0.0,5,5,1.6,0,0,2,3,0.0,0.0,0.0,0.0,0.0,0.0,0.0,0.0,0.0,0.0,0.0,0.0,0.0,0.0,0.0,0.0,0.0,0.0,0.0,0.0,0.0,0.0,0.0,0.0,0.0,0.0,0.0,0.0,0.0,0.0,0.0,0.0,0.0,0.0,0.0,0.0,0.0,0.0,0.0,0.0,0.0,0.0,0.0,0.0,0.0,0.0,0.0,0.0,0.0,0.0,0.0,0.0,0.0,0.0,0.0,0.0,0.0,0.0,0.0,0.0,0.0,0.0,0.0,0.0,0.0,0.0,Peripheral,Peripheral,0.005954109993963482
361,3,0.008645533141210374,0.003470988524061099,0.19530309598272008,0.009209454457965274,0.0,2,1,0.5,4,0.0,0,-0.07061949659431722,1,0.25,0.005366192984199543,0.013884048739147331,-1.000088900581841e-12,10,8,2.2,1,2,5,2,0.4,0.1,0.276698499917984,0.07412093132734299,-0.6278733611106873,-0.05440452694892883,0.4267839789390564,-0.3281334638595581,-0.2442847490310669,0.4099574685096741,0.08098062872886658,0.2960994243621826,-0.5697321891784668,-0.31104323267936707,-0.34431886672973633,-0.09188349545001984,0.17725591361522675,0.630664050579071,-0.7796218395233154,-0.06356625258922577,0.2485591471195221,0.46461212635040283,0.1571287363767624,0.4856739640235901,-0.011677664704620838,-0.4119952619075775,0.19648492336273193,-0.024295371025800705,-0.26833000779151917,0.07900984585285187,0.27337706089019775,0.1671227216720581,0.017414260655641556,0.3647017478942871,0.7470051050186157,0.031404294073581696,0.0566805899143219,-0.6658933758735657,0.09126421064138412,-0.339969664812088,-0.8370496034622192,-0.02290688455104828,-0.24179062247276306,0.3104901909828186,-0.30530282855033875,0.13674648106098175,0.5085702538490295,0.07716085761785507,-0.32708218693733215,-0.47051575779914856,-0.1871517151594162,0.24380792677402496,0.10861106216907501,0.005086063873022795,0.0992208793759346,0.6059431433677673,-0.46614181995391846,0.08424122631549835,0.5903378129005432,0.07035426795482635,-0.29226842522621155,0.02227153070271015,-0.5745642185211182,-0.3027356266975403,0.195548415184021,0.2980515658855438,Enabler,Peripheral,0.021717763006670252
362,0,0.0,0.0,0.0,0.0,0.0,0,0,0.0,1,0.0,0,-0.850258738995579,0,0.0,0.0,0.0,0.0,8,4,1.75,0,0,1,7,0.125,0.125,0.0,0.0,0.0,0.0,0.0,0.0,0.0,0.0,0.0,0.0,0.0,0.0,0.0,0.0,0.0,0.0,0.0,0.0,0.0,0.0,0.0,0.0,0.0,0.0,0.0,0.0,0.0,0.0,0.0,0.0,0.0,0.0,0.0,0.0,0.0,0.0,0.0,0.0,0.0,0.0,0.0,0.0,0.0,0.0,0.0,0.0,0.0,0.0,0.0,0.0,0.0,0.0,0.0,0.0,0.0,0.0,0.0,0.0,0.0,0.0,0.0,0.0,0.0,0.0,Peripheral,Peripheral,0.007115161442786359
363,5,0.01440922190201729,0.011340998068228964,0.24318689363121657,0.0809747859832021,0.0,3,0,0.3333333333333333,6,0.0,0,0.44913999833985735,1,0.25,0.032447072401783836,0.07417043369738857,-1.000088900581841e-12,15,7,2.6666666666666665,2,12,1,0,0.3333333333333333,0.2,-0.004474506247788668,-0.5369780659675598,0.072445809841156,0.4765525162220001,0.06479990482330322,0.16024453938007355,-0.18342256546020508,0.3412463665008545,-0.06517549604177475,0.23078909516334534,-0.1587647646665573,-0.4550750255584717,-0.34034520387649536,0.29701486229896545,-0.2894326448440552,0.2748725116252899,-0.1563817262649536,0.25782859325408936,-0.2021750956773758,0.19761958718299866,0.31467539072036743,0.5621639490127563,-0.0774199366569519,-0.41491085290908813,0.2060035765171051,-0.01928899995982647,0.20270170271396637,-0.2575983703136444,-0.02319776639342308,-0.3483594059944153,0.13349074125289917,-0.1413334161043167,0.3527103066444397,-0.05673878639936447,-0.11754913628101349,-0.11120831966400146,-0.10714422166347504,-0.1713143140077591,-0.5815590023994446,-0.2690522372722626,-0.018467722460627556,-0.007318961899727583,-0.05516927316784859,0.11846410483121872,0.4853755533695221,0.047388192266225815,-0.07386432588100433,-0.06570926308631897,-0.2657037675380707,0.04908356815576553,-0.15085497498512268,-0.15499940514564514,0.15577289462089539,0.4797462522983551,0.2060869187116623,0.0948258489370346,-0.04286624863743782,-0.2900759279727936,-0.3425754904747009,0.2924589514732361,-0.46795523166656494,0.02721160463988781,-0.10043910890817642,0.19464710354804993,Broker,Peripheral,0.029246028797091445
364,0,0.0,0.0,0.0,0.0,0.0,0,0,0.0,1,0.0,0,-0.850258738995579,0,0.0,0.0,0.0,0.0,6,5,2.5,0,0,3,3,0.5,0.0,0.0,0.0,0.0,0.0,0.0,0.0,0.0,0.0,0.0,0.0,0.0,0.0,0.0,0.0,0.0,0.0,0.0,0.0,0.0,0.0,0.0,0.0,0.0,0.0,0.0,0.0,0.0,0.0,0.0,0.0,0.0,0.0,0.0,0.0,0.0,0.0,0.0,0.0,0.0,0.0,0.0,0.0,0.0,0.0,0.0,0.0,0.0,0.0,0.0,0.0,0.0,0.0,0.0,0.0,0.0,0.0,0.0,0.0,0.0,0.0,0.0,0.0,0.0,0.0,Peripheral,Peripheral,0.008871623891005586
365,1,0.002881844380403458,0.0,0.16100292478830944,0.0022925381861361037,0.0,1,1,1.0,2,0.0,0,-0.5903789915284918,1,0.25,0.005366192984199543,0.014526328063833685,-1.000088900581841e-12,4,3,1.5,0,0,1,3,0.0,0.0,0.4220663905143738,-0.39452242851257324,-0.34099969267845154,0.4276094436645508,-0.13961012661457062,-0.7080631256103516,-0.7310342788696289,-0.3218797743320465,-0.40607765316963196,0.32184043526649475,0.09117801487445831,-0.34576770663261414,-0.31595364212989807,0.6734727621078491,0.06793460249900818,0.5642160773277283,-1.0514768362045288,0.08488263934850693,0.0405154675245285,0.037018388509750366,0.47731834650039673,0.31664201617240906,0.6355018615722656,-0.31712663173675537,-0.3863876461982727,-0.19104789197444916,-0.02645893022418022,-0.13872961699962616,-0.10281682014465332,-0.3050602972507477,-0.07765336334705353,0.07691945880651474,0.7493629455566406,0.24834053218364716,0.4692494869232178,0.07637866586446762,0.3687184751033783,-0.232878178358078,-0.2818111777305603,-0.04236043244600296,-0.7724813222885132,0.1385161131620407,0.07393700629472733,0.4759352505207062,0.027659615501761436,-0.3503362834453583,-0.007410664111375809,-0.005078772082924843,-0.2844679057598114,0.29527708888053894,-0.4434741139411926,0.29882949590682983,0.48388761281967163,0.2606086730957031,0.6966355443000793,0.41328340768814087,0.10155445337295532,-0.35900694131851196,-0.2812262177467346,0.27760088443756104,-0.01853802613914013,-0.46347320079803467,0.38571834564208984,0.3310393989086151,Peripheral,Peripheral,0.01762736569829921
366,0,0.0,0.0,0.0,0.0,0.0,0,0,0.0,1,0.0,0,-0.850258738995579,0,0.0,0.0,0.0,0.0,9,6,2.0,0,0,2,7,0.2222222222222222,0.1111111111111111,0.0,0.0,0.0,0.0,0.0,0.0,0.0,0.0,0.0,0.0,0.0,0.0,0.0,0.0,0.0,0.0,0.0,0.0,0.0,0.0,0.0,0.0,0.0,0.0,0.0,0.0,0.0,0.0,0.0,0.0,0.0,0.0,0.0,0.0,0.0,0.0,0.0,0.0,0.0,0.0,0.0,0.0,0.0,0.0,0.0,0.0,0.0,0.0,0.0,0.0,0.0,0.0,0.0,0.0,0.0,0.0,0.0,0.0,0.0,0.0,0.0,0.0,0.0,0.0,Peripheral,Peripheral,0.008097589591790334
367,2,0.005763688760806916,0.002579667171961153,0.1371371240603959,0.00011678158752568272,0.0,1,1,0.6666666666666666,3,0.0,0,-0.3304992440614045,1,0.25,0.005366192984199543,0.007217271076610418,-1.000088900581841e-12,12,9,2.5833333333333335,0,4,5,3,0.25,0.25,0.04641922563314438,-0.3660355806350708,0.28893589973449707,0.6784216165542603,0.03269851580262184,-0.19198599457740784,-0.36405861377716064,0.0970173329114914,-1.044876217842102,0.3695456087589264,0.16647526621818542,-0.6978803873062134,-0.07574271410703659,-0.43456757068634033,-0.24449284374713898,0.8083644509315491,-0.9363152384757996,-0.14698335528373718,0.6010780334472656,0.13078539073467255,0.33037811517715454,0.24108925461769104,0.23721638321876526,-1.0027433633804321,-0.09422183781862259,-0.571550190448761,1.0004205703735352,-0.609512209892273,-0.3373173773288727,-0.7647446990013123,0.78083735704422,-0.5970250368118286,0.5155920386314392,0.44049644470214844,-0.403624564409256,-0.6919788122177124,0.304884135723114,0.03382660821080208,-0.8928684592247009,0.1575772762298584,0.6065115332603455,-0.813334584236145,0.2896793782711029,0.7036048173904419,-0.08755167573690414,-0.032508786767721176,0.09299954026937485,-0.5120115280151367,-0.11601568013429642,-0.7439858913421631,1.0287368297576904,0.22304582595825195,0.5133828520774841,0.41520243883132935,0.060346487909555435,-0.2389078438282013,1.0433518886566162,-0.08084584772586823,-0.25191065669059753,0.12992575764656067,-0.29398930072784424,0.3095628321170807,0.697720468044281,0.14323650300502777,Enabler,Peripheral,0.02283850172197474
368,2,0.005763688760806916,0.002608652196365211,0.16396991635622407,0.0035388461758088935,0.0,1,1,0.6666666666666666,3,0.0,0,-0.3304992440614045,1,0.25,0.01069926132034847,0.0029134916946973338,-1.000088900581841e-12,8,4,2.25,0,0,4,4,0.125,0.25,0.1110350489616394,-0.6504309177398682,-0.07401249557733536,0.329552561044693,-0.12766242027282715,0.3018130362033844,-0.13765859603881836,0.6469063758850098,-0.2355385571718216,0.15123353898525238,-0.556602954864502,-0.6438795328140259,-0.3332912027835846,0.47063031792640686,0.11326342076063156,0.05176060274243355,-0.5506642460823059,0.3629664182662964,-0.16174718737602234,0.45488518476486206,0.22121459245681763,0.8922275304794312,-0.3476627469062805,-0.5049957633018494,0.3084935247898102,0.048315998166799545,0.10940953344106674,-0.3244912028312683,0.08192329853773117,-1.0017973184585571,0.26940596103668213,-0.4189431071281433,0.6864511370658875,0.050493501126766205,-0.02036861702799797,-0.21171332895755768,-0.25473615527153015,-0.3537389039993286,-0.7003194093704224,-0.19841893017292023,-0.1315474659204483,-0.09901519864797592,-0.14657099545001984,0.06841638684272766,0.7196769714355469,0.20688632130622864,-0.14969870448112488,0.02445818856358528,-0.2003300040960312,0.5227409601211548,-0.15723145008087158,-0.39573609828948975,-0.33564111590385437,0.30966177582740784,0.1505562961101532,-0.08789975196123123,0.04014454409480095,-0.5560635328292847,-0.019017400220036507,0.6967126131057739,0.05880134552717209,0.2516477406024933,-0.4424254298210144,-0.12272311002016068,Peripheral,Peripheral,0.02124908826215497
369,8,0.023054755043227664,0.014776512331046524,0.24476091883271311,0.11738653911280178,0.2857142857142857,3,1,0.4444444444444444,9,0.0,0,1.228779240741119,1,0.25,0.015330722919592234,0.04845467086151359,-1.000088900581841e-12,14,9,2.5,2,5,3,4,0.2857142857142857,0.21428571428571427,0.10539320856332779,-0.459056556224823,-0.19131068885326385,-0.018316149711608887,0.27076905965805054,0.23402133584022522,-0.14428098499774933,-0.0634332001209259,-0.30030909180641174,0.2179322987794876,-0.1299106627702713,-0.2954164147377014,-0.4709729850292206,0.24295419454574585,0.03383966535329819,0.3139255940914154,-0.6673436164855957,-0.00924057886004448,0.04706729203462601,-0.025069810450077057,0.5296451449394226,0.39013105630874634,0.09306256473064423,-0.8105277419090271,0.01745431497693062,0.12135542929172516,0.36877235770225525,0.04758907109498978,-0.21078737080097198,-0.18623504042625427,-0.12556502223014832,-0.026483740657567978,0.16419237852096558,-0.13235051929950714,0.07426220923662186,-0.43707937002182007,-0.2616429924964905,0.0419154018163681,-0.198956698179245,-0.2923838794231415,-0.33351367712020874,-0.16951772570610046,-0.10670246928930283,0.14660705626010895,0.10959736257791519,0.09243598580360413,0.09904935956001282,-0.15618985891342163,-0.051102593541145325,0.32767927646636963,-0.07862367480993271,-0.10145213454961777,0.05041852965950966,0.3544873297214508,-0.06400978565216064,0.43377289175987244,0.05777224525809288,-0.24733398854732513,-0.21051540970802307,0.2272607535123825,0.011205491609871387,-0.2861422300338745,0.49598827958106995,0.38827595114707947,Enabler,Peripheral,0.02988007462276328
370,3,0.008645533141210374,0.011999800103279971,0.19505125446630137,0.010513500535702274,0.0,2,1,0.5,4,0.0,0,-0.07061949659431722,1,0.25,0.005366192984199543,0.013885095420584146,-1.000088900581841e-12,11,8,2.1818181818181817,0,2,5,4,0.18181818181818182,0.09090909090909091,0.4029920995235443,-0.0520138218998909,-0.4669233560562134,-0.07258931547403336,0.2949002981185913,0.1872054934501648,0.37326839566230774,0.20553787052631378,0.06581111252307892,0.2913043200969696,-0.7026467323303223,-0.5824580788612366,-0.4626302123069763,-0.12563934922218323,0.20503456890583038,0.030541107058525085,-0.9040011763572693,-0.2525155544281006,0.32703331112861633,0.07928477227687836,0.2943762242794037,0.5134158730506897,0.2538677453994751,-0.6406749486923218,-0.2106836438179016,0.06609255820512772,-0.05097172409296036,0.34728163480758667,-0.021366365253925323,0.058357518166303635,0.01652097888290882,0.18172237277030945,0.7996085286140442,-0.015345139428973198,0.04886075109243393,-0.7496092319488525,-0.14446799457073212,-0.3738970458507538,-0.9383379220962524,-0.3518087565898895,-0.33333542943000793,-0.23334306478500366,-0.2160341888666153,0.25239601731300354,0.12721091508865356,0.22493715584278107,-0.20007778704166412,-0.3156537413597107,-0.11445564031600952,0.18738751113414764,0.0481470562517643,-0.05900050699710846,0.06659562885761261,0.4880138337612152,-0.29293006658554077,0.14211758971214294,0.392002671957016,-0.04718219116330147,-0.19270946085453033,0.007194120436906815,-0.40979593992233276,-0.4163103401660919,0.20168407261371613,0.5753309726715088,Enabler,Peripheral,0.022573292391154243
371,1,0.002881844380403458,0.0,0.003842459173871277,8.737336050511013e-19,0.0,1,1,1.0,2,0.0,0,-0.5903789915284918,1,0.25,3.312464805061446e-05,2.89850244040579e-05,-1.000088900581841e-12,11,5,1.9090909090909092,0,0,1,10,0.2727272727272727,0.09090909090909091,-0.04880218207836151,0.7398465275764465,-1.4740337133407593,0.7113379836082458,0.44561800360679626,-0.7328983545303345,-1.0286146402359009,0.16380701959133148,-1.05937659740448,-0.17312683165073395,0.6437442898750305,-0.22061952948570251,-1.3210119009017944,-1.5921088457107544,0.03661634773015976,1.1262913942337036,-0.8771962523460388,-0.042474787682294846,1.7478296756744385,-1.126297116279602,0.7697042226791382,1.2651394605636597,-0.12446373701095581,-1.476110816001892,-0.8620784282684326,-0.7617532014846802,-0.04110334441065788,0.14591073989868164,0.6119824647903442,-0.4869917631149292,1.0447239875793457,-1.0819388628005981,0.5902212262153625,0.4496554732322693,-0.3562774658203125,-0.7980909943580627,-0.23645207285881042,0.04532620310783386,-1.0297155380249023,-0.1447332799434662,-0.5587243437767029,0.4208809733390808,0.6779980659484863,0.6907511353492737,0.14229801297187805,-0.9921688437461853,-0.6684837341308594,0.33128201961517334,1.174088954925537,-0.825670063495636,0.5412507057189941,-0.4454038441181183,0.550358235836029,0.9503076672554016,0.05345039442181587,0.5606124997138977,0.07022705674171448,0.3769843876361847,-0.07927239686250687,0.3614817261695862,-0.5291504859924316,0.8126975297927856,-0.12862499058246613,0.25710049271583557,Peripheral,Peripheral,0.020212680382660424
372,0,0.0,0.0,0.0,0.0,0.0,0,0,0.0,1,0.0,0,-0.850258738995579,0,0.0,0.0,0.0,0.0,3,2,2.0,0,0,0,3,0.3333333333333333,0.0,0.0,0.0,0.0,0.0,0.0,0.0,0.0,0.0,0.0,0.0,0.0,0.0,0.0,0.0,0.0,0.0,0.0,0.0,0.0,0.0,0.0,0.0,0.0,0.0,0.0,0.0,0.0,0.0,0.0,0.0,0.0,0.0,0.0,0.0,0.0,0.0,0.0,0.0,0.0,0.0,0.0,0.0,0.0,0.0,0.0,0.0,0.0,0.0,0.0,0.0,0.0,0.0,0.0,0.0,0.0,0.0,0.0,0.0,0.0,0.0,0.0,0.0,0.0,0.0,Peripheral,Peripheral,0.006668603193239098
373,1,0.002881844380403458,0.0,0.16091728493469862,0.002255171696833749,0.0,1,1,1.0,2,0.0,0,-0.5903789915284918,1,0.25,0.005366192984199543,0.005165644700947952,-1.000088900581841e-12,11,6,2.090909090909091,0,0,2,9,0.09090909090909091,0.2727272727272727,0.6056170463562012,-0.5463196635246277,-0.26263725757598877,0.10219112038612366,0.05300896614789963,0.12629225850105286,-0.5114392638206482,0.2883839011192322,-0.4347003102302551,-0.09158823639154434,0.041009195148944855,-0.4060637950897217,-0.7612767815589905,-0.13072149455547333,-0.532099723815918,0.3787766695022583,-0.11408413201570511,-0.36655083298683167,-0.15273091197013855,-0.5285015106201172,0.8745282888412476,0.22887203097343445,0.0030209729447960854,-0.6700084209442139,0.38491252064704895,0.3645192086696625,0.5013770461082458,-0.5715492963790894,-0.22935974597930908,0.21639961004257202,0.4457903802394867,-0.0748189240694046,0.31821924448013306,0.01478593796491623,0.15392376482486725,-0.5891950130462646,-0.2112019658088684,-0.09707928448915482,0.107252337038517,0.30477607250213623,-0.3655296862125397,-0.3184860944747925,-0.12019029259681702,0.5061423182487488,0.586344301700592,0.08799706399440765,-0.14882822334766388,-0.03509579226374626,-0.2657998204231262,0.1114877387881279,-0.48142242431640625,-0.16881893575191498,0.34470364451408386,0.4348360300064087,-0.36525094509124756,0.153593972325325,0.14041511714458466,-0.6544786691665649,-0.13529182970523834,-0.21108897030353546,-0.3056671619415283,0.02478710375726223,0.5704957246780396,0.5001912713050842,Peripheral,Peripheral,0.021051905484962677
374,0,0.0,0.0,0.0,0.0,0.0,0,0,0.0,1,0.0,0,-0.850258738995579,0,0.0,0.0,0.0,0.0,5,5,2.2,0,0,2,3,0.2,0.0,0.0,0.0,0.0,0.0,0.0,0.0,0.0,0.0,0.0,0.0,0.0,0.0,0.0,0.0,0.0,0.0,0.0,0.0,0.0,0.0,0.0,0.0,0.0,0.0,0.0,0.0,0.0,0.0,0.0,0.0,0.0,0.0,0.0,0.0,0.0,0.0,0.0,0.0,0.0,0.0,0.0,0.0,0.0,0.0,0.0,0.0,0.0,0.0,0.0,0.0,0.0,0.0,0.0,0.0,0.0,0.0,0.0,0.0,0.0,0.0,0.0,0.0,0.0,0.0,Peripheral,Peripheral,0.007740342992152525
375,4,0.011527377521613832,0.005081503173849332,0.19026697841335435,0.012169192149406175,0.0,2,0,0.4,5,0.0,0,0.37877005914206513,1,0.25,0.010671499052387172,0.007556852791146481,-1.000088900581841e-12,8,7,2.625,2,0,4,2,0.25,0.25,-0.4019719064235687,-0.38599371910095215,0.5960283875465393,0.3454830050468445,0.34209156036376953,0.29934582114219666,-0.908412516117096,-0.005676140543073416,-0.6292026042938232,0.15547344088554382,-0.1484617292881012,-0.4891364574432373,-0.09368037432432175,-0.4100360572338104,-0.11989109218120575,0.2294720858335495,-0.6108402013778687,0.15890175104141235,0.004629018250852823,0.2007317990064621,0.2411813884973526,0.5128162503242493,-0.1041572317481041,-0.13596804440021515,-0.2742629945278168,0.44212549924850464,-0.35258838534355164,0.5700231194496155,0.6070319414138794,-0.15858708322048187,0.273673415184021,-0.06877514719963074,-0.038156185299158096,-0.5236409902572632,0.10225800424814224,-0.7008762955665588,0.39708924293518066,-0.06464112550020218,0.2240961641073227,0.39454343914985657,0.35005927085876465,0.06864387542009354,0.18277409672737122,0.07612685114145279,-0.022655624896287918,-0.600120484828949,-0.1697518676519394,0.25253164768218994,-0.13428598642349243,-0.11525634676218033,-0.01711849495768547,-0.4625919759273529,0.2839897572994232,0.3676448464393616,-0.16729247570037842,-0.40092700719833374,-0.08423970639705658,0.08178422600030899,-0.007544264663010836,0.18724752962589264,-0.12523004412651062,-0.15927158296108246,0.23873533308506012,0.332196980714798,Enabler,Peripheral,0.022952263842765892
376,0,0.0,0.0,0.0,0.0,0.0,0,0,0.0,1,0.0,0,-1.043927236172033,0,0.0,0.0,0.0,0.0,5,3,1.4,0,0,0,5,0.0,0.0,0.0,0.0,0.0,0.0,0.0,0.0,0.0,0.0,0.0,0.0,0.0,0.0,0.0,0.0,0.0,0.0,0.0,0.0,0.0,0.0,0.0,0.0,0.0,0.0,0.0,0.0,0.0,0.0,0.0,0.0,0.0,0.0,0.0,0.0,0.0,0.0,0.0,0.0,0.0,0.0,0.0,0.0,0.0,0.0,0.0,0.0,0.0,0.0,0.0,0.0,0.0,0.0,0.0,0.0,0.0,0.0,0.0,0.0,0.0,0.0,0.0,0.0,0.0,0.0,Peripheral,Peripheral,0.005358698994567132
377,3,0.008645533141210374,0.0008545220500543581,0.16273507029436976,0.002938726059401211,0.0,2,0,0.5,4,0.0,0,0.023095735313540602,1,0.25,0.00875662002562529,0.0029457732755862054,-1.000088900581841e-12,9,4,1.8888888888888888,0,0,1,8,0.3333333333333333,0.0,-0.769710123538971,-0.11771063506603241,-0.015128969214856625,0.46700528264045715,-0.3735271692276001,0.1749616414308548,-0.8049886226654053,-0.5539275407791138,-0.3972236216068268,-0.09372012317180634,-0.45999452471733093,0.14796176552772522,0.01878323033452034,-0.7265041470527649,-0.06331022083759308,0.38608548045158386,-0.18397411704063416,0.6296646595001221,0.32944783568382263,-0.23127999901771545,0.6162205934524536,0.1454353928565979,0.11840684711933136,-0.23136082291603088,0.21540868282318115,0.3613220751285553,0.10991311818361282,0.05698918178677559,0.5550124049186707,0.07616160809993744,0.7542420625686646,-0.18389855325222015,0.6521521806716919,-0.02619161643087864,-0.3001333177089691,-0.23506872355937958,0.5063367486000061,-0.7066534757614136,-0.23296037316322327,-0.11414127051830292,-0.5396509766578674,-0.7632420659065247,0.2649400532245636,0.08694393187761307,0.060593973845243454,0.06794773787260056,-0.48384398221969604,-0.24764396250247955,-0.6421332955360413,-0.21935386955738068,0.005795324686914682,-0.2898605763912201,0.05983762443065643,-0.02544127032160759,-0.4028239846229553,0.04922213405370712,-0.07001399248838425,0.36299386620521545,0.02638310194015503,1.0024387836456299,0.09187542647123337,-0.10073381662368774,0.13806825876235962,0.3044167757034302,Peripheral,Peripheral,0.02018888796894917
378,0,0.0,0.0,0.0,0.0,0.0,0,0,0.0,1,0.0,0,-1.043927236172033,0,0.0,0.0,0.0,0.0,5,4,1.8,0,0,1,4,0.2,0.0,0.0,0.0,0.0,0.0,0.0,0.0,0.0,0.0,0.0,0.0,0.0,0.0,0.0,0.0,0.0,0.0,0.0,0.0,0.0,0.0,0.0,0.0,0.0,0.0,0.0,0.0,0.0,0.0,0.0,0.0,0.0,0.0,0.0,0.0,0.0,0.0,0.0,0.0,0.0,0.0,0.0,0.0,0.0,0.0,0.0,0.0,0.0,0.0,0.0,0.0,0.0,0.0,0.0,0.0,0.0,0.0,0.0,0.0,0.0,0.0,0.0,0.0,0.0,0.0,Peripheral,Peripheral,0.006549520993359829
379,0,0.0,0.0,0.0,0.0,0.0,0,0,0.0,1,0.0,0,-1.043927236172033,0,0.0,0.0,0.0,0.0,1,1,3.0,0,0,0,1,1.0,0.0,0.0,0.0,0.0,0.0,0.0,0.0,0.0,0.0,0.0,0.0,0.0,0.0,0.0,0.0,0.0,0.0,0.0,0.0,0.0,0.0,0.0,0.0,0.0,0.0,0.0,0.0,0.0,0.0,0.0,0.0,0.0,0.0,0.0,0.0,0.0,0.0,0.0,0.0,0.0,0.0,0.0,0.0,0.0,0.0,0.0,0.0,0.0,0.0,0.0,0.0,0.0,0.0,0.0,0.0,0.0,0.0,0.0,0.0,0.0,0.0,0.0,0.0,0.0,0.0,Peripheral,Peripheral,0.009169329390703761
380,0,0.0,0.0,0.0,0.0,0.0,0,0,0.0,1,0.0,0,-1.043927236172033,0,0.0,0.0,0.0,0.0,7,4,1.4285714285714286,0,0,0,7,0.14285714285714285,0.0,0.0,0.0,0.0,0.0,0.0,0.0,0.0,0.0,0.0,0.0,0.0,0.0,0.0,0.0,0.0,0.0,0.0,0.0,0.0,0.0,0.0,0.0,0.0,0.0,0.0,0.0,0.0,0.0,0.0,0.0,0.0,0.0,0.0,0.0,0.0,0.0,0.0,0.0,0.0,0.0,0.0,0.0,0.0,0.0,0.0,0.0,0.0,0.0,0.0,0.0,0.0,0.0,0.0,0.0,0.0,0.0,0.0,0.0,0.0,0.0,0.0,0.0,0.0,0.0,Peripheral,Peripheral,0.00592008650828369
381,1,0.002881844380403458,0.0,0.14270023381001576,0.00023478959773959085,0.0,1,1,1.0,2,0.0,0,-0.6882529123435085,1,0.25,0.0,0.0029904144707829463,-1.000088900581841e-12,12,7,2.25,0,0,3,9,0.3333333333333333,0.08333333333333333,-0.07629822194576263,-0.3424485921859741,0.19231770932674408,0.7276707291603088,0.23614349961280823,-0.037734851241111755,-0.9656288027763367,-0.4042440950870514,-0.06493107229471207,-0.4070057272911072,-0.06876885145902634,-0.6952635049819946,0.814383327960968,-0.24881622195243835,0.06274283677339554,0.10497277975082397,-0.8227961659431458,0.07126603275537491,0.6794018149375916,0.017617104575037956,0.2929125130176544,0.5352553725242615,-0.11301824450492859,-0.38502824306488037,0.5347430109977722,0.23113079369068146,0.1683052033185959,0.43497341871261597,0.6288536190986633,-0.1692379117012024,0.46196261048316956,-0.3780711591243744,0.17187727987766266,0.15522059798240662,-0.24045036733150482,-0.7925708293914795,0.5141555070877075,-0.46269768476486206,0.7619556784629822,-0.07418286800384521,-0.5756003856658936,-0.16538415849208832,-0.22590623795986176,-0.16134895384311676,0.09085440635681152,0.07472115010023117,-0.4682806134223938,0.5797299742698669,-0.039975397288799286,-0.4856632947921753,-0.006618833169341087,-0.23606152832508087,0.5953478813171387,0.6368856430053711,-0.3893984258174896,-0.6515794992446899,-0.39536944031715393,-0.2932027578353882,-1.1029521226882935,0.32221364974975586,-0.05923890694975853,0.15684810280799866,0.416609525680542,0.5421751737594604,Peripheral,Peripheral,0.021475750232961388
382,1,0.002881844380403458,0.0,0.19026697841335435,0.006374361346760407,0.0,1,1,1.0,2,1.0,1,-1.043927236172033,1,0.25,0.005366192984199543,0.018116725860062913,-1.000088900581841e-12,5,5,1.8,0,0,3,2,0.2,0.0,0.1659010797739029,0.2178974598646164,-0.04803064092993736,0.05329664796590805,-0.05196503922343254,-0.06858876347541809,0.03255494683980942,0.18785573542118073,-0.25761669874191284,-0.2386297583580017,0.6162914037704468,-0.5266886949539185,-0.39273396134376526,-0.03538688272237778,0.5884386897087097,0.190545454621315,-0.38570666313171387,-0.007080766838043928,-0.28400805592536926,-0.6599584817886353,-0.3127821683883667,0.2908809185028076,-0.3166957497596741,-0.20555289089679718,0.04091174155473709,0.17615647614002228,0.07339785248041153,0.5499411821365356,-0.4900722801685333,-0.3086569309234619,0.5006439089775085,-0.18961559236049652,0.043673425912857056,-0.0729512944817543,0.19199131429195404,0.0640307292342186,0.26087459921836853,-0.3471888601779938,-0.392775297164917,0.12167525291442871,0.0925925001502037,0.04490988329052925,0.014175830408930779,-0.18821029365062714,0.6258565187454224,-0.0991460382938385,-0.7048743367195129,0.6337049007415771,0.18854054808616638,0.18844664096832275,-0.6386143565177917,0.2703777551651001,0.25236424803733826,0.08419583737850189,0.014237630181014538,0.20932315289974213,0.33747556805610657,-0.1180318146944046,0.13132745027542114,0.5527309775352478,-0.010080372914671898,0.4025826156139374,-0.25196266174316406,0.5655797123908997,Peripheral,Peripheral,0.018953075589746394
383,2,0.005763688760806916,0.002608652196365211,0.18802019619467583,0.005718613547494279,0.0,1,1,0.6666666666666666,3,0.0,0,-0.33257858851498395,1,0.25,0.005366192984199543,0.007664561914877509,-1.000088900581841e-12,18,10,2.611111111111111,1,3,10,4,0.2222222222222222,0.3333333333333333,-0.27451878786087036,-0.19364406168460846,0.34605908393859863,0.22696425020694733,0.3237457275390625,0.12354032695293427,-0.8463518619537354,0.10161126405000687,-0.5602495074272156,0.39473435282707214,-0.6540002822875977,-0.5871254205703735,0.16812539100646973,-0.1825953871011734,0.3822973966598511,0.005238541401922703,-0.42020130157470703,0.019695768132805824,0.1563403457403183,0.04228566959500313,0.3307046592235565,0.45398086309432983,0.16319586336612701,-0.11958686262369156,-0.1352471560239792,0.5830409526824951,-0.3627818524837494,0.442433625459671,0.30624091625213623,-0.26414361596107483,0.236683189868927,0.5728069543838501,0.44224095344543457,-0.18484194576740265,-0.06395130604505539,-0.5946894884109497,0.3250732123851776,-0.016341933980584145,0.346710205078125,0.26533111929893494,0.39422252774238586,-0.36983051896095276,0.5916368365287781,-0.3163818120956421,-0.20472930371761322,-0.18801940977573395,0.13436360657215118,0.41134729981422424,-0.2063593864440918,-0.27042582631111145,-0.1707267463207245,-0.6403730511665344,0.37394848465919495,0.0928984209895134,-0.025129593908786774,-0.569431483745575,0.2059745043516159,-0.026989618316292763,0.1163482666015625,0.6319035291671753,-0.3073970079421997,-0.296926885843277,0.42236021161079407,0.3425307869911194,Enabler,Peripheral,0.024619086442204938
384,1,0.002881844380403458,0.0,0.17043633559280755,0.0035089559757157936,0.0,1,1,1.0,2,0.0,0,-0.6882529123435085,1,0.25,0.005366192984199543,0.005883916322925606,-1.000088900581841e-12,7,4,1.7142857142857142,0,0,3,4,0.0,0.0,-0.6602332592010498,-0.4999535381793976,0.2707231938838959,0.29316088557243347,-0.24629271030426025,-0.30238258838653564,0.0751839429140091,-0.5703061819076538,0.2631280720233917,-0.3474758267402649,-0.18099120259284973,-0.7667901515960693,-0.29275646805763245,-0.4083782434463501,-0.29486745595932007,-0.11783226579427719,-0.17157235741615295,0.5217702984809875,0.15246379375457764,0.18089139461517334,0.4303714632987976,0.3220187723636627,-0.4024174213409424,-0.4534054398536682,-0.055047038942575455,0.4628797471523285,-0.5748154520988464,-0.00461376691237092,0.23512759804725647,0.009434142149984837,0.19218796491622925,-0.14865601062774658,0.43037447333335876,0.39833325147628784,0.15924072265625,-0.6765817999839783,0.356752872467041,-0.1428963989019394,0.12646989524364471,0.35360971093177795,-0.08361968398094177,-0.4248077869415283,0.613095760345459,0.33594468235969543,0.16678154468536377,-0.03550346568226814,-0.1491626650094986,0.3854571580886841,-0.4254677891731262,-0.07323627173900604,-0.18497636914253235,-0.0719672366976738,0.05047745630145073,0.3298894166946411,-0.28758466243743896,-0.27094247937202454,-0.13600097596645355,0.4481600224971771,-0.6058234572410583,0.5267476439476013,-0.25897812843322754,-0.025461971759796143,0.07725725322961807,0.011249802075326443,Peripheral,Peripheral,0.019037740736613087
385,1,0.002881844380403458,0.0,0.18548405620921732,0.0036944656566207257,0.0,1,1,1.0,2,0.0,0,-0.6882529123435085,1,0.25,0.005366192984199543,0.012710927798649135,-1.000088900581841e-12,10,5,1.7,0,0,3,7,0.1,0.0,-0.23499208688735962,-0.46338552236557007,0.4493426978588104,0.19048404693603516,-0.3159113824367523,0.019906042143702507,-0.30647534132003784,-0.48165586590766907,0.04402719810605049,-0.27988946437835693,-0.2677786946296692,-0.09232461452484131,0.27683499455451965,-0.4031015634536743,0.11496110260486603,0.5142179727554321,-0.3337874710559845,0.08235404640436172,-0.043395161628723145,-0.1601833999156952,0.021607063710689545,0.8143135905265808,0.15876427292823792,-0.6294856667518616,0.06226084381341934,0.8999947905540466,-0.1188165545463562,-0.12856873869895935,0.17418892681598663,-0.09248197823762894,0.5985521674156189,0.05367322638630867,-0.13412359356880188,-0.2021215409040451,0.48302748799324036,-0.705204427242279,0.24366813898086548,-0.43499740958213806,-0.5494914650917053,-0.5938876867294312,-0.44219258427619934,0.010123715735971928,0.37260571122169495,-0.2226688116788864,-0.09242686629295349,-0.5649362802505493,-0.07260611653327942,0.1680351048707962,-0.10792330652475357,-0.10195551067590714,0.13975374400615692,-0.07550152391195297,0.19660115242004395,0.20342959463596344,-0.18355436623096466,-0.1370791643857956,-0.14927151799201965,0.8274357318878174,0.465084969997406,0.48439881205558777,0.14280328154563904,0.0068519567139446735,0.32136422395706177,0.29607290029525757,Peripheral,Peripheral,0.01971854093914939
386,1,0.002881844380403458,0.0,0.1598966679055145,0.0009418875796109819,0.0,1,1,1.0,2,0.0,0,-0.6882529123435085,1,0.25,0.005366192984199543,0.017072179373990103,-1.000088900581841e-12,7,3,1.1428571428571428,0,0,0,7,0.0,0.0,-0.1021234467625618,-0.729785144329071,0.056613579392433167,0.39403000473976135,-0.5921857953071594,-0.43202969431877136,-0.4655861258506775,-0.5421779155731201,-0.7473199963569641,0.07428503781557083,-0.4335770308971405,0.04052712395787239,-0.17509227991104126,-0.21449676156044006,0.9513974785804749,-0.13793882727622986,0.2810201644897461,-0.14586538076400757,0.09420319646596909,-0.032741524279117584,1.3194411993026733,0.3657965064048767,-0.45256149768829346,-0.26549655199050903,-0.1387900561094284,0.18828581273555756,-0.4662632942199707,0.20559746026992798,0.5628469586372375,-0.15909112989902496,-0.36719614267349243,-0.5079782605171204,0.2909819483757019,0.3245430886745453,0.32423365116119385,-0.7141824960708618,0.5128759145736694,-0.15328286588191986,-0.561294674873352,0.0644526556134224,-0.3051697909832001,-0.09953579306602478,0.3722444176673889,0.17466039955615997,0.16018542647361755,-0.5644639730453491,-0.3623000979423523,0.4223332703113556,0.031399454921483994,-0.6072297096252441,-0.10439685732126236,-0.699159562587738,0.8030038475990295,0.4706210792064667,-0.17765945196151733,-0.3697330951690674,0.04513027146458626,-0.5289806723594666,0.014230655506253242,-0.2751881182193756,0.15573769807815552,-0.005962445866316557,0.26941487193107605,0.2612459659576416,Peripheral,Peripheral,0.01721428959188404
387,3,0.008645533141210374,0.0029904144707829463,0.1683497471770915,0.002064021021785894,0.0,2,1,0.5,4,0.0,0,0.023095735313540602,1,0.25,0.012394500762780593,0.005783062917731059,-1.000088900581841e-12,2,2,2.0,0,0,0,2,0.5,0.0,-0.0007689513149671257,-0.40777215361595154,0.14971515536308289,0.5245077610015869,0.13806037604808807,-0.10607044398784637,-0.7504093647003174,-0.4216390550136566,-0.40056970715522766,-0.5912314057350159,-0.0718301385641098,-0.5249989628791809,0.6984207630157471,-0.5138540863990784,-0.25634756684303284,0.13053809106349945,-0.8105614185333252,0.11523803323507309,0.5097709894180298,-0.06808140873908997,0.22386379539966583,0.63707435131073,-0.1449393779039383,-0.39199522137641907,0.512741208076477,0.0887238085269928,-0.06765890121459961,0.461904913187027,0.551119327545166,-0.05569761246442795,0.5451844930648804,-0.3499448895454407,0.17403936386108398,-0.03829740732908249,-0.32039058208465576,-0.618642270565033,0.4887998402118683,-0.2761058807373047,0.694893479347229,-0.11768192797899246,-0.496981143951416,-0.15044277906417847,0.0333084911108017,-0.33658596873283386,0.3042905926704407,-0.11178388446569443,-0.4444008469581604,0.42909717559814453,-0.021714244037866592,-0.3233005702495575,0.02793518267571926,-0.3552457094192505,0.2743586599826813,0.5538226366043091,-0.5038291811943054,-0.7081865072250366,-0.06126748025417328,-0.04083429276943207,-0.8484020233154297,0.318185955286026,-0.0011585725005716085,0.16299760341644287,0.1338554322719574,0.49801206588745117,Peripheral,Peripheral,0.019093426452366186
388,0,0.0,0.0,0.0,0.0,0.0,0,0,0.0,1,0.0,0,-1.043927236172033,0,0.0,0.0,0.0,0.0,8,5,1.875,0,0,2,6,0.125,0.125,0.0,0.0,0.0,0.0,0.0,0.0,0.0,0.0,0.0,0.0,0.0,0.0,0.0,0.0,0.0,0.0,0.0,0.0,0.0,0.0,0.0,0.0,0.0,0.0,0.0,0.0,0.0,0.0,0.0,0.0,0.0,0.0,0.0,0.0,0.0,0.0,0.0,0.0,0.0,0.0,0.0,0.0,0.0,0.0,0.0,0.0,0.0,0.0,0.0,0.0,0.0,0.0,0.0,0.0,0.0,0.0,0.0,0.0,0.0,0.0,0.0,0.0,0.0,0.0,Peripheral,Peripheral,0.007487293317409077
389,1,0.002881844380403458,0.0,0.1886062940631131,0.0070484265050076746,0.0,1,1,1.0,2,0.0,0,-0.6882529123435085,1,0.25,0.005366192984199543,0.004355555947133631,-1.000088900581841e-12,11,6,2.0,0,0,3,8,0.36363636363636365,0.0,-0.30999764800071716,-0.29751724004745483,0.2745818495750427,0.2877446711063385,-0.14246605336666107,-0.23327627778053284,-0.4184299111366272,-0.07645530998706818,-0.1381050944328308,0.21123836934566498,-0.10753969103097916,0.13058209419250488,-0.08784410357475281,-0.48497819900512695,0.10903843492269516,0.18652741611003876,-0.36842450499534607,-0.0439031757414341,-0.15442490577697754,-0.053981199860572815,-0.08189597725868225,0.805300235748291,-0.44848981499671936,-0.39801496267318726,0.022480972111225128,0.10308925062417984,0.042103130370378494,0.007369996979832649,-0.2876865267753601,-0.17442236840724945,0.3707661032676697,-0.14430221915245056,0.6070294380187988,0.25606706738471985,-0.15230347216129303,-1.0456018447875977,0.4244941174983978,-0.3949909210205078,0.2963479161262512,-0.1056312546133995,-0.25780099630355835,0.3257361948490143,0.23738348484039307,-0.4540448784828186,0.1948767751455307,-0.2026166319847107,0.038499776273965836,0.34684547781944275,-0.48289695382118225,-0.32707956433296204,0.021299032494425774,-0.42087242007255554,0.5974089503288269,-0.058482225984334946,0.09572404623031616,0.1025245413184166,-0.40916377305984497,0.41669076681137085,-0.02552497759461403,0.37055256962776184,0.36116838455200195,-0.4896780252456665,0.05982840433716774,0.4101194143295288,Peripheral,Peripheral,0.021009580652456394
390,2,0.005763688760806916,0.0005334678856633688,0.15930726470628406,0.0009123196092040566,0.0,2,0,0.6666666666666666,3,0.0,0,-0.33257858851498395,1,0.25,0.0012018230364706384,0.003029523718794988,-1.000088900581841e-12,13,10,2.1538461538461537,0,4,6,3,0.3076923076923077,0.07692307692307693,-0.15416550636291504,-0.27812185883522034,0.14668747782707214,0.6847734451293945,0.15559759736061096,0.06844743341207504,-0.9402287006378174,-0.2837943136692047,-0.3242112100124359,-0.2952902019023895,-0.02921542525291443,-0.7496656179428101,0.5893998742103577,-0.4472494423389435,-0.2711336314678192,0.21437257528305054,-0.9513412714004517,0.21779124438762665,0.5224039554595947,0.16996508836746216,0.36183467507362366,0.6726127862930298,-0.28567564487457275,-0.1782764196395874,0.29284870624542236,0.35226407647132874,-0.21825416386127472,0.5980616211891174,0.6287802457809448,-0.1415124535560608,0.7274041771888733,-0.09721162170171738,0.03304658830165863,-0.1583724468946457,-0.06326084583997726,-0.44127076864242554,0.35996657609939575,-0.1465274691581726,0.7411669492721558,0.02729770727455616,-0.2685000002384186,-0.20498603582382202,-0.008669876493513584,-0.03443995490670204,0.12218111753463745,-0.4094107151031494,-0.43907269835472107,0.6652287244796753,-0.014134405180811882,-0.17211081087589264,0.2675703465938568,-0.6092360019683838,0.41802239418029785,0.6151221990585327,-0.43571460247039795,-0.7735509276390076,0.061317119747400284,0.053861040621995926,-0.6181287169456482,0.019871970638632774,0.0035372234415262938,0.13636957108974457,0.537214457988739,0.5857039093971252,Enabler,Peripheral,0.021540982687196765
391,1,0.002881844380403458,0.0,0.22763317959159776,0.024797126666203265,0.0,1,1,1.0,2,0.0,0,-0.6882529123435085,1,0.25,0.0,0.14427393919140888,-1.000088900581841e-12,7,3,1.5714285714285714,0,0,2,5,0.0,0.0,-0.2102040946483612,-0.1788066029548645,0.11153623461723328,0.08943955600261688,-0.24471433460712433,-0.19172024726867676,-0.3363017439842224,-0.376800000667572,-0.04452396556735039,0.20308543741703033,-0.2786012291908264,-0.15443144738674164,0.01417146623134613,-0.37288540601730347,0.18814757466316223,0.12986129522323608,-0.3397122919559479,-0.16581209003925323,0.053748928010463715,0.08928825706243515,0.21625766158103943,0.41643592715263367,-0.12897241115570068,-0.44659513235092163,0.2740497887134552,0.29279625415802,-0.1887546181678772,0.11463725566864014,-0.10055657476186752,-0.34206700325012207,0.15980246663093567,-0.10973913967609406,0.0616898313164711,-0.0939263328909874,0.24669881165027618,-0.38401851058006287,0.7009544968605042,-0.266244500875473,-0.19396258890628815,0.10714077204465866,0.01068025641143322,0.2580491006374359,0.37560564279556274,-0.17859338223934174,0.11485199630260468,0.0843663364648819,0.16446778178215027,0.34807220101356506,-0.43597155809402466,-0.17194683849811554,-0.06999996304512024,-0.4036109149456024,0.11535071581602097,0.3374840021133423,-0.15424427390098572,-0.050257813185453415,-0.06872956454753876,0.06956165283918381,0.01089541707187891,0.20838962495326996,0.22389505803585052,-0.27075839042663574,0.03776101395487785,0.1343563348054886,Peripheral,Peripheral,0.019434758624846594
392,0,0.0,0.0,0.0,0.0,0.0,0,0,0.0,1,0.0,0,-1.043927236172033,0,0.0,0.0,0.0,0.0,6,3,1.6666666666666667,0,0,1,5,0.0,0.16666666666666666,0.0,0.0,0.0,0.0,0.0,0.0,0.0,0.0,0.0,0.0,0.0,0.0,0.0,0.0,0.0,0.0,0.0,0.0,0.0,0.0,0.0,0.0,0.0,0.0,0.0,0.0,0.0,0.0,0.0,0.0,0.0,0.0,0.0,0.0,0.0,0.0,0.0,0.0,0.0,0.0,0.0,0.0,0.0,0.0,0.0,0.0,0.0,0.0,0.0,0.0,0.0,0.0,0.0,0.0,0.0,0.0,0.0,0.0,0.0,0.0,0.0,0.0,0.0,0.0,Peripheral,Peripheral,0.006390744726854135
393,3,0.008645533141210374,0.030308795949931362,0.21874511618021217,0.021833234326496274,0.0,2,1,0.5,4,0.0,0,0.023095735313540602,1,0.25,0.02510580574776143,0.04727670579750142,-1.000088900581841e-12,16,8,2.8125,1,9,1,5,0.3125,0.3125,-0.42720597982406616,-0.021927637979388237,-0.06210649013519287,0.5709331631660461,0.25504836440086365,0.09747905284166336,-0.46695709228515625,-0.167888343334198,-0.6040521860122681,-0.0663401186466217,-0.06523741781711578,-0.006301367189735174,-0.23896600306034088,-0.26541367173194885,-0.09862474352121353,-0.28738731145858765,-0.08203943818807602,0.016963716596364975,-0.026347389444708824,-0.17143230140209198,0.02516409195959568,0.0025692242197692394,-0.1599135547876358,-0.27496132254600525,-0.02144344337284565,0.5261299014091492,-0.10136260092258453,0.37267041206359863,0.5961986780166626,-0.02207755669951439,0.1182110533118248,-0.514399528503418,0.6344810724258423,0.32095634937286377,-0.30561307072639465,-0.7002089023590088,0.21249645948410034,-0.5302294492721558,-0.14212346076965332,-0.27742263674736023,-0.04222537949681282,-0.4906289577484131,0.2296353131532669,-0.18234331905841827,0.22550316154956818,-0.13849155604839325,0.05210590735077858,0.04788656532764435,-0.32228317856788635,-0.1338740438222885,-0.17135360836982727,-0.25657081604003906,0.2527197599411011,0.31491947174072266,0.30598270893096924,-0.05340127274394035,-0.2056523859500885,0.3301546573638916,-0.007608028594404459,0.5742937922477722,-0.19945406913757324,-0.07466469705104828,0.712763786315918,0.19046275317668915,Enabler,Peripheral,0.02819423662460759
394,1,0.002881844380403458,0.0,0.13670334192373856,0.0001085532312424967,0.0,1,1,1.0,2,0.0,0,-0.6882529123435085,1,0.25,0.005366192984199543,0.002579667171961153,-1.000088900581841e-12,9,6,2.2222222222222223,3,3,1,2,0.2222222222222222,0.1111111111111111,-0.05574062094092369,-0.820188045501709,-0.39821767807006836,0.6245246529579163,-0.679071843624115,-0.5089465975761414,-0.919244110584259,-0.4630885422229767,-0.6519734859466553,-0.32328295707702637,-0.600749671459198,0.39907604455947876,-0.2128303349018097,-0.1156664714217186,0.6083579063415527,0.3600921928882599,0.42400315403938293,-0.45644232630729675,0.2756012976169586,-0.13606764376163483,1.2014881372451782,0.3897576928138733,-0.6120360493659973,-0.6878592371940613,-0.07012569159269333,-0.18462340533733368,-0.5078694820404053,0.4231915771961212,0.45613253116607666,-0.09097682684659958,-0.03989271819591522,-0.795929491519928,0.5090908408164978,0.3112623989582062,0.7774229645729065,-0.5352040529251099,0.4770999848842621,-0.14600840210914612,-0.48359817266464233,-0.03374180570244789,-0.17690107226371765,0.22991228103637695,0.7377909421920776,-0.033395905047655106,0.07708732038736343,-0.7870380878448486,-0.4602699875831604,0.07810870558023453,0.3131377696990967,-0.83533775806427,0.01119243260473013,-0.8331686854362488,0.8658842444419861,0.3869924247264862,-0.33183929324150085,-0.3909953534603119,0.22181102633476257,-0.14458899199962616,0.2676873207092285,0.018966693431138992,0.12543977797031403,-0.1196071058511734,0.3311549723148346,0.6392430663108826,Enabler,Peripheral,0.020864253479517047
395,2,0.005763688760806916,0.002579667171961153,0.21733081586008146,0.021534848195929653,0.0,1,1,0.6666666666666666,3,0.0,0,-0.33257858851498395,1,0.25,0.005366192984199543,0.05802149262480296,-1.000088900581841e-12,9,6,2.7777777777777777,0,4,2,3,0.2222222222222222,0.3333333333333333,-0.44427114725112915,-0.47684669494628906,0.1993483453989029,0.20872654020786285,-0.1645967960357666,0.13123829662799835,-0.45457911491394043,0.1868957281112671,-0.18388652801513672,-0.032213591039180756,0.15352705121040344,-0.2500058114528656,0.02964833378791809,-0.4539371728897095,0.17130766808986664,-0.3352043926715851,-0.32396766543388367,-0.41558969020843506,0.04024562984704971,0.19986766576766968,0.42203855514526367,0.47201409935951233,0.08168485015630722,0.04812336713075638,-0.001603528275154531,0.22630971670150757,-0.5424825549125671,0.17141127586364746,0.09103959053754807,0.06058067828416824,-0.03416990861296654,-0.1836031675338745,0.6129985451698303,0.219420924782753,-0.5643466711044312,-0.7159628868103027,0.08510856330394745,-0.36292752623558044,0.12843836843967438,0.0011759032495319843,-0.38344866037368774,-0.3048432469367981,0.3279764950275421,0.013122008182108402,0.23338188230991364,-0.2970882058143616,0.2081141322851181,-0.17818579077720642,0.29263603687286377,-0.1480281502008438,-0.15487103164196014,-0.36865901947021484,0.36324551701545715,0.10835667699575424,0.008970010094344616,-0.05172787979245186,-0.25313133001327515,0.1688622683286667,0.027369622141122818,0.7443804740905762,-0.05818267539143562,-0.09728171676397324,0.28335973620414734,0.2821507155895233,Enabler,Peripheral,0.023723084523223588
396,0,0.0,0.0,0.0,0.0,0.0,0,0,0.0,1,0.0,0,-1.043927236172033,0,0.0,0.0,0.0,0.0,9,6,2.111111111111111,0,0,3,6,0.1111111111111111,0.2222222222222222,0.0,0.0,0.0,0.0,0.0,0.0,0.0,0.0,0.0,0.0,0.0,0.0,0.0,0.0,0.0,0.0,0.0,0.0,0.0,0.0,0.0,0.0,0.0,0.0,0.0,0.0,0.0,0.0,0.0,0.0,0.0,0.0,0.0,0.0,0.0,0.0,0.0,0.0,0.0,0.0,0.0,0.0,0.0,0.0,0.0,0.0,0.0,0.0,0.0,0.0,0.0,0.0,0.0,0.0,0.0,0.0,0.0,0.0,0.0,0.0,0.0,0.0,0.0,0.0,Peripheral,Peripheral,0.008428373480343861
397,1,0.002881844380403458,0.0,0.16083173613888008,0.00215828275324166,0.0,1,1,1.0,2,0.0,0,-0.6882529123435085,1,0.25,0.0,0.005083344774951675,-1.000088900581841e-12,12,6,1.5,0,0,3,9,0.16666666666666666,0.0,-0.5376842617988586,-0.23915289342403412,0.09961924701929092,0.3889724016189575,-0.15870548784732819,0.04942939803004265,-0.44429799914360046,-0.8147582411766052,-0.28035545349121094,-0.23298652470111847,-0.15475839376449585,0.03215806186199188,-0.2107965052127838,-0.8985986113548279,-0.07082512229681015,0.19710126519203186,-0.49173077940940857,0.5498878359794617,0.18925513327121735,0.16787485778331757,0.8227939605712891,0.2563410699367523,0.19598183035850525,-0.24248561263084412,0.07558003813028336,0.18153555691242218,0.46941933035850525,0.2885885238647461,0.34431958198547363,-0.27824121713638306,0.4104103446006775,-0.3762842118740082,0.5980625748634338,0.06774283200502396,-0.4423793852329254,-0.3964165449142456,0.53791743516922,-0.4949907064437866,0.16821472346782684,0.06123706325888634,-0.4782773554325104,-0.42564573884010315,0.35554778575897217,-0.036349955946207047,0.08250169456005096,0.2781800925731659,-0.2760535776615143,0.14812874794006348,-0.44503289461135864,-0.2353900671005249,0.02210010588169098,-0.3281986117362976,0.18455930054187775,-0.3704189360141754,-0.5276814103126526,-0.07830099761486053,-0.14520250260829926,0.21641099452972412,-0.29996630549430847,0.4572458565235138,0.12320611625909805,-0.35127952694892883,-0.1695689558982849,0.2858511507511139,Peripheral,Peripheral,0.019334580503789046
398,5,0.01440922190201729,0.010603765706547603,0.23579461861047032,0.05719355116271626,0.2,3,0,0.4666666666666667,6,0.0,0,0.7344443829705897,1,0.25,0.0,0.05731430920612597,-1.000088900581841e-12,12,7,3.0,2,8,2,0,0.25,0.4166666666666667,-0.3033719062805176,-0.13901588320732117,0.13692888617515564,0.29962918162345886,-0.22357629239559174,-0.03206183388829231,-0.4739892780780792,-0.27006661891937256,-0.08115587383508682,-0.1099608913064003,-0.2741473317146301,-0.022762935608625412,0.08648256957530975,-0.6160574555397034,-0.03261122107505798,0.07615707814693451,-0.4108924865722656,0.13115167617797852,0.06330695748329163,-0.023283138871192932,0.3250854015350342,0.29943031072616577,-0.0526655949652195,-0.21853061020374298,0.21039533615112305,0.1393037587404251,0.18457433581352234,0.33398017287254333,0.17469444870948792,-0.21626558899879456,0.32356223464012146,-0.15527936816215515,0.3214111328125,0.09295020997524261,-0.2721821069717407,-0.6781461834907532,0.47615429759025574,-0.3383858799934387,0.3573227822780609,-0.29863113164901733,-0.3867020010948181,-0.09851165115833282,0.09428705275058746,-0.08099216222763062,0.2955079972743988,0.057611674070358276,-0.04141641780734062,0.23862558603286743,-0.25700271129608154,-0.2878364324569702,0.006434474606066942,-0.325370728969574,0.3555625081062317,0.003964876756072044,-0.12786634266376495,-0.08972648531198502,-0.26532039046287537,0.07065829634666443,-0.4327428638935089,0.46956899762153625,0.013352393172681332,-0.09883873164653778,0.054623913019895554,0.3236992061138153,Broker,Peripheral,0.027179283180924205
399,1,0.002881844380403458,0.0,0.16567606554065356,0.0011830572206925534,0.0,1,1,1.0,2,0.0,0,-0.6882529123435085,1,0.25,0.005366192984199543,0.010276269952969692,-1.000088900581841e-12,9,5,1.3333333333333333,0,0,1,8,0.0,0.0,0.0025347883347421885,-0.4370228350162506,0.5472965240478516,0.4977283179759979,0.06715866178274155,-0.4944078326225281,-0.6629081964492798,-0.189688578248024,-0.11491142213344574,0.09976273030042648,-0.3259035646915436,-0.3350069224834442,0.5207178592681885,-0.7464016675949097,-0.3937873840332031,0.40491992235183716,-0.2690899968147278,0.04771418124437332,0.39720988273620605,-0.19958272576332092,0.35534659028053284,0.4179181158542633,-0.4200915992259979,-0.5281375050544739,0.4484805762767792,0.507026731967926,-0.39811137318611145,-0.00878189317882061,-0.15363405644893646,-0.6587390899658203,-0.08794689923524857,0.3089144229888916,0.3897361755371094,0.7246543765068054,0.21428236365318298,-0.8355850577354431,0.6515830159187317,-0.41459524631500244,-0.047140974551439285,0.28530988097190857,-0.4625970721244812,0.05205629765987396,-0.06997321546077728,0.05202392116189003,0.12781284749507904,-0.19153115153312683,0.3083449900150299,0.21141166985034943,0.4529719352722168,-0.3714933395385742,-0.3128644526004791,0.08816243708133698,-0.5117597579956055,0.6324946880340576,-0.1288703829050064,-0.7507899403572083,-0.02649874985218048,0.3238973319530487,-0.89949631690979,0.8022035956382751,-0.31445935368537903,0.3523617088794708,0.1380968689918518,0.19184312224388123,Peripheral,Peripheral,0.018269164090625938
400,1,0.002881844380403458,0.0,0.17732971610623294,0.002483662806050214,0.0,1,1,1.0,2,0.0,0,-0.6882529123435085,1,0.25,0.005366192984199543,0.030308795949931362,-1.000088900581841e-12,10,5,2.6,0,0,2,8,0.3,0.2,-0.33477097749710083,-0.09706693887710571,-0.10650964081287384,0.5933688879013062,0.38364943861961365,-0.09993471205234528,-0.41830962896347046,-0.19476443529129028,-0.6973071694374084,-0.24774296581745148,0.051162220537662506,-0.037006162106990814,-0.22677339613437653,-0.19618605077266693,-0.19374310970306396,-0.256812185049057,-0.18693092465400696,-0.2836822271347046,-0.15305252373218536,-0.40128350257873535,-0.006503055803477764,-0.07585230469703674,-0.1970498263835907,-0.2365017831325531,-0.0650213211774826,0.590658962726593,-0.22851873934268951,0.5513473153114319,0.6795891523361206,0.01686021499335766,0.20213404297828674,-0.6270109415054321,0.6261518597602844,0.29781946539878845,-0.3387366235256195,-0.8164554238319397,0.48275026679039,-0.7015488147735596,-0.4069839119911194,-0.16123153269290924,-0.2147083878517151,-0.47995704412460327,0.24562807381153107,-0.4100344479084015,0.1878669410943985,0.04191651567816734,0.22364461421966553,0.07467000931501389,-0.399947851896286,-0.27124249935150146,-0.1716659516096115,-0.40281689167022705,0.169907346367836,0.24736161530017853,0.4510367810726166,-0.12491663545370102,-0.01939377933740616,0.3096548020839691,-0.06919293850660324,0.7298436164855957,-0.2039131373167038,-0.10367075353860855,0.7477249503135681,0.2815082371234894,Peripheral,Peripheral,0.022340216409606546
401,0,0.0,0.0,0.0,0.0,0.0,0,0,0.0,1,0.0,0,-1.043927236172033,0,0.0,0.0,0.0,0.0,13,5,2.0,0,0,3,10,0.23076923076923078,0.07692307692307693,0.0,0.0,0.0,0.0,0.0,0.0,0.0,0.0,0.0,0.0,0.0,0.0,0.0,0.0,0.0,0.0,0.0,0.0,0.0,0.0,0.0,0.0,0.0,0.0,0.0,0.0,0.0,0.0,0.0,0.0,0.0,0.0,0.0,0.0,0.0,0.0,0.0,0.0,0.0,0.0,0.0,0.0,0.0,0.0,0.0,0.0,0.0,0.0,0.0,0.0,0.0,0.0,0.0,0.0,0.0,0.0,0.0,0.0,0.0,0.0,0.0,0.0,0.0,0.0,Peripheral,Peripheral,0.009050247190824492
402,1,0.002881844380403458,0.0,0.14064365210471103,0.00026076247926822607,0.0,1,1,1.0,2,1.0,1,-1.043927236172033,1,0.25,0.005366192984199543,0.017734706765141037,-1.000088900581841e-12,3,3,2.3333333333333335,0,0,0,3,0.0,0.3333333333333333,0.10966094583272934,-0.0642356425523758,0.2077322006225586,0.14599457383155823,0.6932599544525146,-0.39637047052383423,-0.48661667108535767,0.940517246723175,0.1752798855304718,0.37038299441337585,-0.040625207126140594,-0.7556454539299011,-0.8893886804580688,-0.23216013610363007,-0.358175665140152,-0.3431636095046997,-0.7905668616294861,-0.24894236028194427,0.26127326488494873,0.3166218400001526,0.7226496338844299,1.0407288074493408,0.3443434536457062,-0.49985262751579285,-0.2006319761276245,-0.9768840074539185,0.4670836329460144,0.15267226099967957,0.4474365711212158,-0.07773034274578094,0.2532285153865814,-0.20120836794376373,1.1274290084838867,-0.005041869357228279,0.4903624951839447,-0.7145572304725647,0.26655563712120056,-0.7105575203895569,-0.6199619174003601,-0.4580417275428772,-0.04898059368133545,0.5291658043861389,0.21412579715251923,0.35681530833244324,0.5968806743621826,0.26807284355163574,-0.5989483594894409,0.024301808327436447,-0.10419187694787979,0.14841316640377045,-0.14290279150009155,0.04079928249120712,-0.36142879724502563,0.36914128065109253,-0.4679996073246002,-0.06219295784831047,0.680428683757782,-0.13112178444862366,-0.20858079195022583,0.1417771726846695,-0.19538800418376923,-0.04703494906425476,-0.2131558358669281,0.41833391785621643,Peripheral,Peripheral,0.019773301134358087
403,1,0.002881844380403458,0.0,0.1621245957541444,0.0016428104919643618,0.0,1,1,1.0,2,0.0,0,-0.6882529123435085,1,0.25,0.005366192984199543,0.014707182872871776,-1.000088900581841e-12,10,6,2.4,0,0,2,8,0.4,0.1,-0.2840593755245209,-0.40043091773986816,0.15292298793792725,0.35773414373397827,-0.3887479305267334,-0.2773399353027344,-0.5173544883728027,0.08309970796108246,-0.36143094301223755,-0.14790818095207214,-0.5142735838890076,0.07744557410478592,-0.1936911791563034,-0.5888633131980896,0.3564435839653015,0.21519920229911804,-0.011868900619447231,0.2376953512430191,0.10813141614198685,0.13271668553352356,0.7256079316139221,0.33192959427833557,-0.16507719457149506,0.0784996971487999,-0.07602003961801529,0.8550198078155518,0.22646379470825195,0.47406384348869324,0.45484238862991333,-0.41049301624298096,-0.23839853703975677,-0.5266153216362,0.4943317174911499,0.01922200247645378,-0.03625497967004776,0.05272716283798218,0.48191893100738525,-1.009191632270813,-0.28042367100715637,0.1766941249370575,-0.21642674505710602,-0.03307719528675079,0.6811743378639221,-0.3928786814212799,0.024175507947802544,0.06230883300304413,0.004273305181413889,0.19850653409957886,0.39996451139450073,-0.20073512196540833,-0.0019123107194900513,-0.17206409573554993,0.6582849621772766,0.09639967978000641,-0.4108850955963135,-0.00410060677677393,0.07050271332263947,0.2655582129955292,-0.5604647397994995,-5.901103577343747e-05,-0.11739994585514069,-0.5536425113677979,0.32253003120422363,0.18554088473320007,Peripheral,Peripheral,0.02170475319287623
404,0,0.0,0.0,0.0,0.0,0.0,0,0,0.0,1,0.0,0,-1.043927236172033,0,0.0,0.0,0.0,0.0,5,3,1.8,0,0,2,3,0.4,0.0,0.0,0.0,0.0,0.0,0.0,0.0,0.0,0.0,0.0,0.0,0.0,0.0,0.0,0.0,0.0,0.0,0.0,0.0,0.0,0.0,0.0,0.0,0.0,0.0,0.0,0.0,0.0,0.0,0.0,0.0,0.0,0.0,0.0,0.0,0.0,0.0,0.0,0.0,0.0,0.0,0.0,0.0,0.0,0.0,0.0,0.0,0.0,0.0,0.0,0.0,0.0,0.0,0.0,0.0,0.0,0.0,0.0,0.0,0.0,0.0,0.0,0.0,0.0,0.0,Peripheral,Peripheral,0.006549520993359829
405,2,0.005763688760806916,0.0003188352684446369,0.15271302154327784,0.0006288204644067508,0.0,2,0,0.6666666666666666,3,0.0,0,-0.33257858851498395,1,0.25,0.00592931200105999,0.013320827096476345,-1.000088900581841e-12,13,8,2.5384615384615383,1,1,5,6,0.3076923076923077,0.23076923076923078,-0.5426858067512512,-0.09818071126937866,-0.3688512146472931,0.7780497074127197,0.1392422318458557,0.35597652196884155,-0.6796875596046448,-0.6525901556015015,-0.642026424407959,-0.2090829312801361,-0.30137020349502563,-0.04587193578481674,-0.020336266607046127,-0.6475540995597839,-0.14513008296489716,0.0954950675368309,-0.03312297910451889,0.6537392139434814,-0.025676168501377106,-0.5781463384628296,0.6857688426971436,-0.0765242651104927,0.07351323962211609,-0.5362141132354736,0.26935702562332153,0.20012539625167847,0.19885946810245514,0.13354653120040894,0.9875543713569641,-0.11258915066719055,0.6904345750808716,-0.4065602719783783,0.8932245373725891,0.03535885736346245,-0.3792186677455902,-0.5770322680473328,0.693760871887207,-0.7548220753669739,-0.2218385636806488,-0.2572498321533203,-0.20713800191879272,-0.7290531992912292,0.388338565826416,0.13978789746761322,-0.06654872745275497,-0.058090537786483765,-0.2770494818687439,-0.2522515058517456,-0.5553902387619019,-0.2964901030063629,-0.20283430814743042,-0.3510233461856842,0.01728866435587406,0.11425890773534775,0.23270253837108612,0.21563632786273956,-0.03661753237247467,0.6434478163719177,0.10605239123106003,1.1643720865249634,0.08885286748409271,0.1740516573190689,0.44302335381507874,0.25366321206092834,Enabler,Peripheral,0.022826052540359437
406,5,0.01440922190201729,0.012335165593882199,0.23820826431278225,0.05277563241762379,0.0,3,0,0.3333333333333333,6,0.3599999999999999,1,0.37877005914206513,2,0.5,0.007329045714862131,0.05730088939496275,0.5004024235361879,10,5,3.0,2,8,0,0,0.6,0.2,-0.23328447341918945,-0.2832021117210388,0.27605241537094116,0.19353340566158295,-0.1196078434586525,-0.17652717232704163,-0.5955197811126709,-0.34983906149864197,-0.11212576925754547,-0.06094210594892502,-0.3254631757736206,0.06782028079032898,-0.2350311428308487,-0.5949385762214661,0.03597716614603996,-0.04951176047325134,-0.18198125064373016,0.18883390724658966,0.07390402257442474,0.18822218477725983,0.48402610421180725,0.2274795025587082,0.14084966480731964,-0.1677752137184143,0.12537997961044312,0.4315628409385681,0.14732962846755981,0.34083080291748047,0.21414922177791595,-0.1509503722190857,0.08685138821601868,-0.2173612266778946,0.25004541873931885,0.0833195373415947,-0.1456773281097412,-0.205893412232399,0.4776857793331146,-0.6934903264045715,-0.20605242252349854,0.07380533963441849,-0.24933558702468872,-0.19753092527389526,0.349403977394104,-0.18105879426002502,0.08516545593738556,0.055268093943595886,0.1448953002691269,0.17382749915122986,0.23195725679397583,-0.09072443097829819,0.030386654660105705,-0.5149964094161987,0.3082115054130554,0.15116862952709198,-0.19901330769062042,0.07269300520420074,-0.1343495398759842,0.2696526348590851,-0.40950989723205566,0.35359275341033936,-0.12739083170890808,-0.22650250792503357,0.12084245681762695,0.17023739218711853,Broker,Broker,0.38786271186607874
407,0,0.0,0.0,0.0,0.0,0.0,0,0,0.0,1,0.0,0,-1.043927236172033,0,0.0,0.0,0.0,0.0,6,4,2.1666666666666665,0,0,1,5,0.3333333333333333,0.0,0.0,0.0,0.0,0.0,0.0,0.0,0.0,0.0,0.0,0.0,0.0,0.0,0.0,0.0,0.0,0.0,0.0,0.0,0.0,0.0,0.0,0.0,0.0,0.0,0.0,0.0,0.0,0.0,0.0,0.0,0.0,0.0,0.0,0.0,0.0,0.0,0.0,0.0,0.0,0.0,0.0,0.0,0.0,0.0,0.0,0.0,0.0,0.0,0.0,0.0,0.0,0.0,0.0,0.0,0.0,0.0,0.0,0.0,0.0,0.0,0.0,0.0,0.0,0.0,Peripheral,Peripheral,0.007879272225345006
408,4,0.011527377521613832,0.016815720867529808,0.20303657428002242,0.01699748708364911,0.0,2,1,0.4,5,0.0,0,0.37877005914206513,1,0.25,0.0318574647301924,0.012422984639135434,-1.000088900581841e-12,8,6,2.625,1,1,4,2,0.125,0.375,-0.048108503222465515,-0.34906718134880066,0.26914963126182556,0.31301435828208923,0.028271792456507683,-0.12087437510490417,-0.5266726016998291,-0.41109201312065125,-0.16052579879760742,-0.1932365447282791,-0.0908345878124237,-0.30284780263900757,0.5861459970474243,-0.5007994771003723,-0.18194733560085297,0.03613460808992386,-0.5698838829994202,0.15074360370635986,0.2732337415218353,-0.0492987222969532,0.2808791995048523,0.39492014050483704,-0.26997870206832886,-0.5056900978088379,0.5733116269111633,0.23768703639507294,0.05612650513648987,0.29406410455703735,0.3518187999725342,-0.11889562755823135,0.2948842942714691,-0.26998090744018555,0.38143190741539,0.1433827430009842,-0.09767454862594604,-0.5294288992881775,0.4905543923377991,-0.19394902884960175,0.47653844952583313,-0.1442793905735016,-0.6375325918197632,-0.15591996908187866,0.23144923150539398,-0.41749629378318787,0.20766238868236542,-0.03198261559009552,-0.36989912390708923,0.15015898644924164,-0.14401467144489288,-0.4313451647758484,-0.11160922795534134,-0.043636392802000046,0.24362584948539734,0.22451281547546387,-0.333095520734787,-0.4342615306377411,-0.2363816797733307,-0.046800389885902405,-0.9929667115211487,0.4292948246002197,-0.29682376980781555,0.023249313235282898,0.14311100542545319,0.519916832447052,Enabler,Peripheral,0.024777512729679485
409,0,0.0,0.0,0.0,0.0,0.0,0,0,0.0,1,0.0,0,-1.043927236172033,0,0.0,0.0,0.0,0.0,5,4,1.6,0,0,2,3,0.2,0.0,0.0,0.0,0.0,0.0,0.0,0.0,0.0,0.0,0.0,0.0,0.0,0.0,0.0,0.0,0.0,0.0,0.0,0.0,0.0,0.0,0.0,0.0,0.0,0.0,0.0,0.0,0.0,0.0,0.0,0.0,0.0,0.0,0.0,0.0,0.0,0.0,0.0,0.0,0.0,0.0,0.0,0.0,0.0,0.0,0.0,0.0,0.0,0.0,0.0,0.0,0.0,0.0,0.0,0.0,0.0,0.0,0.0,0.0,0.0,0.0,0.0,0.0,0.0,0.0,Peripheral,Peripheral,0.005954109993963482
410,2,0.005763688760806916,0.011912845030067797,0.1501362261425476,0.000298386130566622,0.0,1,1,0.6666666666666666,3,0.0,0,-0.33257858851498395,1,0.25,0.005366192984199543,0.012893566071449165,-1.000088900581841e-12,16,9,1.8125,0,1,8,7,0.1875,0.125,-0.8633321523666382,0.2480936199426651,-0.3833371102809906,1.018204689025879,0.34732601046562195,0.5208231210708618,-0.8666982054710388,-0.4675709903240204,-0.976751983165741,0.009031550958752632,-0.2820012867450714,-0.056523095816373825,-0.25439414381980896,-0.3056958019733429,-0.009492473676800728,-0.056166134774684906,0.08443108201026917,0.6404038667678833,0.12290866672992706,-0.7771853804588318,0.4835628271102905,0.18720223009586334,-0.10153208673000336,-0.6298852562904358,0.02323530800640583,-0.22593346238136292,0.09082481265068054,0.13959331810474396,0.8978587985038757,-0.23015141487121582,0.6454495191574097,-0.692060649394989,1.1625560522079468,0.19633452594280243,-0.18342836201190948,-0.8507283926010132,0.5313959717750549,-0.8038749098777771,-0.3854329586029053,-0.18675759434700012,-0.1532726138830185,-0.9102680683135986,0.35310789942741394,0.0400451123714447,-0.13024203479290009,-0.2485792487859726,-0.27448326349258423,-0.033037345856428146,-0.22155779600143433,-0.05394484102725983,-0.1902979463338852,-0.4967123568058014,0.1332525759935379,0.13860803842544556,0.5587899684906006,0.03609136864542961,-0.1849745213985443,0.6032392978668213,0.2053314596414566,1.2604697942733765,-0.3451490104198456,0.10052429139614105,0.6093665957450867,0.019615627825260162,Enabler,Peripheral,0.022171845652290863
411,0,0.0,0.0,0.0,0.0,0.0,0,0,0.0,1,0.0,0,-1.043927236172033,0,0.0,0.0,0.0,0.0,3,3,3.3333333333333335,0,0,2,1,0.6666666666666666,0.3333333333333333,0.0,0.0,0.0,0.0,0.0,0.0,0.0,0.0,0.0,0.0,0.0,0.0,0.0,0.0,0.0,0.0,0.0,0.0,0.0,0.0,0.0,0.0,0.0,0.0,0.0,0.0,0.0,0.0,0.0,0.0,0.0,0.0,0.0,0.0,0.0,0.0,0.0,0.0,0.0,0.0,0.0,0.0,0.0,0.0,0.0,0.0,0.0,0.0,0.0,0.0,0.0,0.0,0.0,0.0,0.0,0.0,0.0,0.0,0.0,0.0,0.0,0.0,0.0,0.0,Peripheral,Peripheral,0.01063800985588142
412,0,0.0,0.0,0.0,0.0,0.0,0,0,0.0,1,0.0,0,-1.043927236172033,0,0.0,0.0,0.0,0.0,7,5,1.5714285714285714,0,0,1,6,0.14285714285714285,0.0,0.0,0.0,0.0,0.0,0.0,0.0,0.0,0.0,0.0,0.0,0.0,0.0,0.0,0.0,0.0,0.0,0.0,0.0,0.0,0.0,0.0,0.0,0.0,0.0,0.0,0.0,0.0,0.0,0.0,0.0,0.0,0.0,0.0,0.0,0.0,0.0,0.0,0.0,0.0,0.0,0.0,0.0,0.0,0.0,0.0,0.0,0.0,0.0,0.0,0.0,0.0,0.0,0.0,0.0,0.0,0.0,0.0,0.0,0.0,0.0,0.0,0.0,0.0,0.0,Peripheral,Peripheral,0.00634538007928108
413,2,0.005763688760806916,0.002579667171961153,0.16006587072869494,0.0009542363166587191,0.0,1,1,0.6666666666666666,3,0.0,0,-0.33257858851498395,1,0.25,0.005366192984199543,0.008536089686995051,-1.000088900581841e-12,7,5,2.142857142857143,0,0,1,6,0.42857142857142855,0.0,-0.15028329193592072,-0.6707335114479065,-0.2663041055202484,0.5290135741233826,-0.6836698055267334,-0.5369357466697693,-0.8683666586875916,-0.3150292634963989,-0.7071009874343872,-0.05419052019715309,-0.5633069276809692,0.3674514889717102,-0.14452385902404785,-0.11280949413776398,0.5463472604751587,0.0813533291220665,0.3960955739021301,-0.36359214782714844,0.18515588343143463,-0.12611941993236542,1.257402777671814,0.5109063982963562,-0.679206907749176,-0.5245876908302307,-0.1779688447713852,-0.0337119922041893,-0.454152375459671,0.24089142680168152,0.4366885721683502,-0.20490683615207672,-0.16812463104724884,-0.6849504709243774,0.384282648563385,0.21935129165649414,0.6783087253570557,-0.5617170333862305,0.4398544728755951,-0.20076562464237213,-0.5539557337760925,0.08562064170837402,-0.18501926958560944,0.08864904940128326,0.62455153465271,0.06745129823684692,0.016923505812883377,-0.7115293741226196,-0.4482353925704956,0.2581067383289337,0.15306545794010162,-0.7057944536209106,0.05303714796900749,-0.5864378809928894,0.9138030409812927,0.3552796244621277,-0.37896373867988586,-0.4676235020160675,0.10165197402238846,-0.26941755414009094,0.08211975544691086,-0.10504434257745743,-0.004201561212539673,-0.05015767365694046,0.3603772222995758,0.5259221792221069,Peripheral,Peripheral,0.02037624825985121
414,3,0.008645533141210374,0.017072179373990103,0.19281357277070327,0.008279766534947141,0.0,1,1,0.5,4,0.0,0,0.023095735313540602,1,0.25,0.005366192984199543,0.013325686503804071,-1.000088900581841e-12,10,7,2.4,2,0,5,3,0.1,0.2,-0.13565680384635925,-0.5431607961654663,-0.033400293439626694,0.4141095280647278,-0.4681476354598999,-0.3409719169139862,-0.48424232006073,-0.37609902024269104,-0.6062446236610413,-0.017694680020213127,-0.4502812623977661,0.16453316807746887,-0.18503843247890472,-0.20103493332862854,0.6258615851402283,0.05831844359636307,0.20335595309734344,-0.2445649653673172,0.0574207603931427,-0.2113202065229416,1.1930509805679321,0.34195181727409363,-0.4847211241722107,-0.25454825162887573,-0.0906185433268547,0.1853051334619522,-0.4506005048751831,0.2714619040489197,0.4710589647293091,-0.27113261818885803,-0.24612508714199066,-0.6515523195266724,0.28553256392478943,0.23594005405902863,0.4935259521007538,-0.5579767227172852,0.4199256896972656,-0.14517150819301605,-0.44554904103279114,0.13600434362888336,-0.06905713677406311,-0.0475178137421608,0.4429081380367279,0.06513787806034088,0.03329024091362953,-0.5722910165786743,-0.23380421102046967,0.2365683615207672,0.11971428245306015,-0.7093667984008789,-0.07353755086660385,-0.7013733386993408,0.6546818614006042,0.5241785645484924,-0.09805262088775635,-0.14119844138622284,-0.01816624216735363,-0.3271165192127228,-0.07705224305391312,-0.2146841287612915,0.24998508393764496,-0.05190659314393997,0.1674068123102188,0.3537376821041107,Enabler,Peripheral,0.023240686129269328
415,0,0.0,0.0,0.0,0.0,0.0,0,0,0.0,1,0.0,0,-1.043927236172033,0,0.0,0.0,0.0,0.0,8,4,1.875,0,0,2,6,0.375,0.0,0.0,0.0,0.0,0.0,0.0,0.0,0.0,0.0,0.0,0.0,0.0,0.0,0.0,0.0,0.0,0.0,0.0,0.0,0.0,0.0,0.0,0.0,0.0,0.0,0.0,0.0,0.0,0.0,0.0,0.0,0.0,0.0,0.0,0.0,0.0,0.0,0.0,0.0,0.0,0.0,0.0,0.0,0.0,0.0,0.0,0.0,0.0,0.0,0.0,0.0,0.0,0.0,0.0,0.0,0.0,0.0,0.0,0.0,0.0,0.0,0.0,0.0,0.0,0.0,Peripheral,Peripheral,0.007487293317409077
416,0,0.0,0.0,0.0,0.0,0.0,0,0,0.0,1,0.0,0,-1.043927236172033,0,0.0,0.0,0.0,0.0,7,5,2.4285714285714284,0,0,3,4,0.2857142857142857,0.14285714285714285,0.0,0.0,0.0,0.0,0.0,0.0,0.0,0.0,0.0,0.0,0.0,0.0,0.0,0.0,0.0,0.0,0.0,0.0,0.0,0.0,0.0,0.0,0.0,0.0,0.0,0.0,0.0,0.0,0.0,0.0,0.0,0.0,0.0,0.0,0.0,0.0,0.0,0.0,0.0,0.0,0.0,0.0,0.0,0.0,0.0,0.0,0.0,0.0,0.0,0.0,0.0,0.0,0.0,0.0,0.0,0.0,0.0,0.0,0.0,0.0,0.0,0.0,0.0,0.0,Peripheral,Peripheral,0.008897141505265431
417,1,0.002881844380403458,0.0,0.18446615590075208,0.0029359087070182535,0.0,1,1,1.0,2,0.0,0,-0.6882529123435085,1,0.25,0.005366192984199543,0.006501402505475399,-1.000088900581841e-12,7,4,2.142857142857143,0,0,2,5,0.5714285714285714,0.0,-0.011203587055206299,-0.0232682041823864,0.0877021849155426,0.7042785882949829,-0.4126637578010559,0.15986385941505432,-0.5086241364479065,-0.5854337811470032,-0.20910970866680145,0.1534501314163208,-0.11516879498958588,-0.3658182621002197,-0.080576092004776,-0.3529418110847473,-0.31398841738700867,0.07442834228277206,-0.7933980822563171,-0.24406655132770538,0.582042932510376,0.45733708143234253,-0.08137378841638565,0.725174605846405,0.008578076958656311,-0.1114727258682251,0.8721974492073059,0.34412068128585815,-0.18489690124988556,0.3733009994029999,0.39736098051071167,-0.2665729820728302,0.8406744003295898,0.009314252994954586,-0.3649398684501648,-0.04268646240234375,0.20015446841716766,-0.2724449038505554,0.40000927448272705,-0.1670607626438141,-0.1941089630126953,0.150309756398201,0.4685221314430237,0.24470093846321106,0.30923646688461304,-0.03743420168757439,-0.1028074249625206,-0.21863049268722534,-0.3680577874183655,0.43621715903282166,-0.12448933720588684,-0.07702002674341202,0.2550758421421051,-0.6104829907417297,0.6062628030776978,0.5776201486587524,-0.3019792139530182,-0.5986141562461853,-0.008725791238248348,0.021383536979556084,-0.16862644255161285,0.12633557617664337,0.14424832165241241,-0.16342918574810028,0.5566895008087158,0.07263634353876114,Peripheral,Peripheral,0.020286325557848737
418,2,0.005763688760806916,0.0001739101464243474,0.007980492130348038,1.211751171397607e-16,0.0,1,1,0.6666666666666666,3,0.0,0,-0.33257858851498395,1,0.25,0.0003643711285567591,0.00023188019523246318,-1.000088900581841e-12,5,4,2.6,0,0,1,4,0.4,0.2,0.9026922583580017,0.07146256417036057,-0.8270121216773987,0.8759950995445251,0.6918026804924011,0.519807755947113,-0.9471150040626526,1.024709701538086,-0.9315743446350098,-0.10744883120059967,-0.4275718927383423,-0.5737163424491882,-0.603264570236206,-0.004759244620800018,1.1312669515609741,0.4297812581062317,-0.7220929861068726,0.7120018601417542,1.3098384141921997,-0.5907219052314758,0.5596551895141602,0.9065967202186584,-0.10823876410722733,-1.1832506656646729,-0.20928512513637543,-0.968124508857727,0.3475988209247589,-0.060080189257860184,0.43952056765556335,-0.49595877528190613,0.7109547853469849,-0.20703715085983276,0.6228513121604919,0.48338210582733154,0.32977432012557983,-0.782228410243988,1.519941806793213,-0.5864416360855103,-0.20220708847045898,0.3191622495651245,-0.6848494410514832,-0.5860116481781006,0.3771631717681885,-0.11493802070617676,-0.49808138608932495,-0.024697525426745415,-0.23721164464950562,0.028829237446188927,0.41401511430740356,-0.4786859452724457,0.47659292817115784,-0.3743811249732971,1.0884380340576172,0.06921780109405518,-0.28744545578956604,-0.5359007716178894,0.8793088793754578,0.21105147898197174,0.3455882966518402,0.33239102363586426,0.02044914849102497,0.8949307799339294,0.23532870411872864,0.0465991385281086,Peripheral,Peripheral,0.02086482777523102
419,0,0.0,0.0,0.0,0.0,0.0,0,0,0.0,1,0.0,0,-1.043927236172033,0,0.0,0.0,0.0,0.0,6,4,2.3333333333333335,0,0,2,4,0.0,0.3333333333333333,0.0,0.0,0.0,0.0,0.0,0.0,0.0,0.0,0.0,0.0,0.0,0.0,0.0,0.0,0.0,0.0,0.0,0.0,0.0,0.0,0.0,0.0,0.0,0.0,0.0,0.0,0.0,0.0,0.0,0.0,0.0,0.0,0.0,0.0,0.0,0.0,0.0,0.0,0.0,0.0,0.0,0.0,0.0,0.0,0.0,0.0,0.0,0.0,0.0,0.0,0.0,0.0,0.0,0.0,0.0,0.0,0.0,0.0,0.0,0.0,0.0,0.0,0.0,0.0,Peripheral,Peripheral,0.008375448058175297
420,3,0.008645533141210374,0.015376677970434908,0.20994066320418697,0.018975598024008635,0.0,2,1,0.5,4,0.8888888888888888,2,-0.6882529123435085,3,0.75,0.029122867283667326,0.01559767837429781,1.0986122886651097,9,3,2.111111111111111,0,0,3,6,0.2222222222222222,0.1111111111111111,-0.1449001431465149,-0.42453718185424805,-0.13693028688430786,0.4392119348049164,0.14653083682060242,-0.21553751826286316,-0.4247015714645386,0.6436493992805481,-0.10315157473087311,-0.0720568597316742,-0.06348410248756409,-0.3633366525173187,-0.038417838513851166,0.5396827459335327,0.2632271647453308,0.26289013028144836,-0.11170950531959534,0.1886395364999771,0.1258084923028946,-0.5091085433959961,-0.023543689399957657,1.2134184837341309,-0.22374725341796875,-0.5102524161338806,0.49124252796173096,0.1648678183555603,0.37195706367492676,0.7554289102554321,-0.0817711129784584,-0.007132077123969793,-0.32627543807029724,-0.11063246428966522,-0.23073424398899078,0.39459535479545593,-0.0888008326292038,-0.04388774186372757,0.4147874116897583,-0.07164325565099716,-0.5523741841316223,0.49513545632362366,-0.4477978050708771,-0.6001259088516235,0.19988591969013214,0.8655281066894531,0.3085792660713196,-0.1618516445159912,0.41308310627937317,-1.0120930671691895,-0.17510972917079926,-0.2543770372867584,-0.3935437798500061,-0.6915760040283203,-0.1471075713634491,-0.10033035278320312,0.09692906588315964,-0.5057286620140076,1.2766475677490234,0.34741076827049255,-0.5768653154373169,0.1361452341079712,-0.112175852060318,-0.26415950059890747,0.16237559914588928,0.0774543508887291,Peripheral,Peripheral,0.04719595354142625
421,0,0.0,0.0,0.0,0.0,0.0,0,0,0.0,1,0.0,0,-1.043927236172033,0,0.0,0.0,0.0,0.0,8,4,2.25,0,0,3,5,0.125,0.25,0.0,0.0,0.0,0.0,0.0,0.0,0.0,0.0,0.0,0.0,0.0,0.0,0.0,0.0,0.0,0.0,0.0,0.0,0.0,0.0,0.0,0.0,0.0,0.0,0.0,0.0,0.0,0.0,0.0,0.0,0.0,0.0,0.0,0.0,0.0,0.0,0.0,0.0,0.0,0.0,0.0,0.0,0.0,0.0,0.0,0.0,0.0,0.0,0.0,0.0,0.0,0.0,0.0,0.0,0.0,0.0,0.0,0.0,0.0,0.0,0.0,0.0,0.0,0.0,Peripheral,Peripheral,0.008603688941277231
422,0,0.0,0.0,0.0,0.0,0.0,0,0,0.0,1,0.0,0,-1.043927236172033,0,0.0,0.0,0.0,0.0,5,5,1.6,0,0,4,1,0.0,0.0,0.0,0.0,0.0,0.0,0.0,0.0,0.0,0.0,0.0,0.0,0.0,0.0,0.0,0.0,0.0,0.0,0.0,0.0,0.0,0.0,0.0,0.0,0.0,0.0,0.0,0.0,0.0,0.0,0.0,0.0,0.0,0.0,0.0,0.0,0.0,0.0,0.0,0.0,0.0,0.0,0.0,0.0,0.0,0.0,0.0,0.0,0.0,0.0,0.0,0.0,0.0,0.0,0.0,0.0,0.0,0.0,0.0,0.0,0.0,0.0,0.0,0.0,0.0,0.0,Peripheral,Peripheral,0.005954109993963482
423,1,0.002881844380403458,0.0,0.15748281919689402,0.0007089125161637654,0.0,1,1,1.0,2,0.0,0,-0.6882529123435085,1,0.25,0.0,0.0034351397833623037,-1.000088900581841e-12,3,3,2.3333333333333335,0,0,0,3,0.6666666666666666,0.0,-0.8891361355781555,-0.3146395683288574,-0.08071896433830261,0.5054066777229309,-0.6141758561134338,0.20270441472530365,-1.157981038093567,-0.3198712468147278,-0.44247812032699585,0.18176937103271484,-0.5033191442489624,0.031663957983255386,0.2000075727701187,-0.7962302565574646,0.033374860882759094,0.5482260584831238,-0.12733925879001617,0.6991007328033447,0.4229874014854431,-0.7271494269371033,0.4313047230243683,0.3611299991607666,0.33136695623397827,-0.07184622436761856,0.40816885232925415,0.47211042046546936,-0.1709320843219757,0.06569920480251312,0.295676052570343,-0.12802211940288544,0.4506593346595764,0.07985212653875351,0.4959218204021454,-0.4906623065471649,0.1029391661286354,-0.3344903290271759,0.582068145275116,-0.2657967507839203,-0.2638997435569763,-0.4236772060394287,-0.6037710309028625,-0.6833598017692566,0.49979162216186523,0.33851784467697144,0.16247500479221344,-0.02190345712006092,-0.1404409408569336,-0.5351955890655518,-0.3532164394855499,-0.04753154516220093,-0.09222111850976944,-0.19533179700374603,0.11502154171466827,0.07843026518821716,-0.005443973001092672,0.2332310527563095,0.2117535024881363,0.4135994017124176,0.01688121259212494,1.0119224786758423,0.021577013656497,-0.12112998962402344,-0.10530390590429306,0.32919368147850037,Peripheral,Peripheral,0.019602942391605333
424,2,0.005763688760806916,0.011941830054471855,0.1716938113945706,0.002186957751223244,0.0,1,1,0.6666666666666666,3,0.0,0,-0.33257858851498395,1,0.25,0.016065454304548015,0.007688338985217454,-1.000088900581841e-12,16,11,2.4375,3,5,3,5,0.3125,0.1875,0.004953464493155479,-0.4618467390537262,-0.25635823607444763,0.6738297343254089,0.13985300064086914,-0.1546240746974945,-0.5759294033050537,0.8370169401168823,-0.17326617240905762,-0.05792151764035225,-0.07620850205421448,-0.3661108613014221,-0.03751637041568756,0.4361107647418976,0.12618032097816467,0.40530404448509216,-0.18942002952098846,0.4219002425670624,0.14224152266979218,-0.6555261611938477,-0.09140551090240479,1.248340368270874,-0.3944421410560608,-0.5773195624351501,0.4103657901287079,0.08074405789375305,0.5244997143745422,0.8104862570762634,-0.1216677725315094,-0.08699391782283783,-0.43410903215408325,-0.08826278895139694,-0.25146135687828064,0.47196874022483826,-0.08603179454803467,-0.20972074568271637,0.6114009618759155,-0.24523714184761047,-0.5763444900512695,0.48472943902015686,-0.4280059337615967,-0.6730294227600098,0.0937437042593956,1.016089916229248,0.26480478048324585,-0.15468059480190277,0.34112295508384705,-1.0268502235412598,0.021700872108340263,-0.22137197852134705,-0.557789146900177,-0.9249767661094666,0.1135454997420311,-0.044856566935777664,0.000825990573503077,-0.6113115549087524,1.564195156097412,0.5150311589241028,-0.5603880882263184,0.1748156100511551,-0.2563129663467407,-0.160875603556633,0.17502157390117645,0.1561119258403778,Enabler,Peripheral,0.024506761563506226
425,0,0.0,0.0,0.0,0.0,0.0,0,0,0.0,1,0.0,0,-1.043927236172033,0,0.0,0.0,0.0,0.0,8,4,2.5,0,0,0,8,0.25,0.25,0.0,0.0,0.0,0.0,0.0,0.0,0.0,0.0,0.0,0.0,0.0,0.0,0.0,0.0,0.0,0.0,0.0,0.0,0.0,0.0,0.0,0.0,0.0,0.0,0.0,0.0,0.0,0.0,0.0,0.0,0.0,0.0,0.0,0.0,0.0,0.0,0.0,0.0,0.0,0.0,0.0,0.0,0.0,0.0,0.0,0.0,0.0,0.0,0.0,0.0,0.0,0.0,0.0,0.0,0.0,0.0,0.0,0.0,0.0,0.0,0.0,0.0,0.0,0.0,Peripheral,Peripheral,0.009347952690522663
426,1,0.002881844380403458,0.0,0.17639912284386788,0.002449720055336156,0.0,1,1,1.0,2,0.0,0,-0.6882529123435085,1,0.25,0.005366192984199543,0.002579667171961153,-1.000088900581841e-12,12,5,2.1666666666666665,0,0,2,10,0.3333333333333333,0.08333333333333333,-0.584539532661438,-0.5816550254821777,0.21532811224460602,0.20768345892429352,-0.30249547958374023,0.06688206642866135,-0.4758616089820862,0.2839509844779968,-0.19822101294994354,0.06413044035434723,0.36626487970352173,-0.3919314444065094,0.11765899509191513,-0.5340126156806946,0.2721421718597412,-0.5177655220031738,-0.37745922803878784,-0.46013250946998596,0.055977217853069305,0.3080023229122162,0.5630365610122681,0.6093865633010864,0.001668676151894033,-0.027446789667010307,-0.07266779989004135,0.2354733794927597,-0.724941074848175,-0.0515434667468071,0.03978509455919266,0.27213194966316223,0.04082928225398064,-0.2703377604484558,0.711775541305542,0.21386946737766266,-0.6622186303138733,-0.7931433916091919,-0.03953520581126213,-0.46755820512771606,0.1343477964401245,0.05247006565332413,-0.4699305295944214,-0.24202267825603485,0.22755640745162964,-0.009431625716388226,0.29922428727149963,-0.36793816089630127,0.3223751187324524,-0.298321396112442,0.5492385029792786,-0.269917756319046,-0.2875649333000183,-0.4625469148159027,0.4096526503562927,0.07263605296611786,0.10858836024999619,-0.05502668023109436,-0.3318555951118469,0.2244696319103241,0.007595244329422712,0.8572473526000977,-0.18374323844909668,-0.12657979130744934,0.2608613669872284,0.5699530839920044,Peripheral,Peripheral,0.021524871252794876
427,2,0.005763688760806916,0.00011801045650223576,0.16853732349706596,0.0020128527206198167,0.0,2,0,0.6666666666666666,3,0.0,0,-0.33257858851498395,1,0.25,0.0020721232296823057,0.013218206307693398,-1.000088900581841e-12,7,3,1.7142857142857142,0,0,1,6,0.14285714285714285,0.14285714285714285,-0.2385839819908142,-0.4415312707424164,0.3699128031730652,0.43974363803863525,0.06092863902449608,-0.42295244336128235,-0.4543682932853699,-0.15545976161956787,-0.1875392496585846,0.044932518154382706,-0.10852260887622833,-0.4208912253379822,0.2396499365568161,-0.6985871195793152,-0.47120168805122375,0.6249720454216003,-0.06396748125553131,0.0675978884100914,0.8048045635223389,-0.17121680080890656,0.5815345048904419,0.23716118931770325,-0.4326457679271698,-0.6032139658927917,0.27554261684417725,0.5684278011322021,-0.5067631006240845,0.16064772009849548,-0.19963306188583374,-0.5989500880241394,-0.009048123843967915,0.31974107027053833,0.5289633870124817,0.6161736845970154,0.27954959869384766,-0.9732138514518738,0.4314327836036682,-0.26620030403137207,-0.02803942933678627,0.30781036615371704,-0.47632896900177,0.07633940875530243,-0.2531462013721466,-0.2208951711654663,0.04155471548438072,0.014466234482824802,0.2523937523365021,0.356672465801239,0.41888222098350525,-0.09951988607645035,-0.07388240844011307,-0.0014058152446523309,-0.025678258389234543,0.45976582169532776,-0.0868113562464714,-0.6819561719894409,-0.14268238842487335,0.4535219669342041,-0.5185603499412537,0.793636679649353,-0.3222031891345978,0.272329181432724,0.3262074291706085,-0.15311913192272186,Peripheral,Peripheral,0.01885722927485206
428,1,0.002881844380403458,0.0,0.17043633559280755,0.0035089559757157936,0.0,1,1,1.0,2,0.0,0,-0.6882529123435085,1,0.25,0.0,0.005883916322925606,-1.000088900581841e-12,5,3,1.2,0,0,1,4,0.0,0.0,-0.364571213722229,-0.4517393410205841,0.3136212229728699,0.08686746656894684,-0.11997915804386139,-0.21471445262432098,-0.12251558899879456,-0.784681499004364,0.2334223985671997,-0.307620644569397,-0.1639583259820938,-0.8463515639305115,-0.33971408009529114,-0.6129391193389893,-0.3267582654953003,-0.03874931111931801,-0.150836780667305,0.3443593382835388,0.27582085132598877,0.15519100427627563,0.21012219786643982,0.3389236330986023,-0.283296138048172,-0.5455813407897949,-0.17507381737232208,0.6252203583717346,-0.587813675403595,0.040482066571712494,0.265185683965683,0.10178603231906891,0.2611202299594879,-0.15761275589466095,0.4491434693336487,0.504115641117096,0.10500892996788025,-0.6507161259651184,0.3792780339717865,-0.2534666657447815,-0.007065776735544205,0.32020479440689087,-0.11344628036022186,-0.32742539048194885,0.43355992436408997,0.42615750432014465,-0.03718934580683708,-0.24986548721790314,-0.202985480427742,0.31416866183280945,-0.38637080788612366,-0.036081671714782715,-0.10140086710453033,-0.016834938898682594,0.0019286825554445386,0.2175753265619278,-0.37723901867866516,-0.2791590988636017,-0.11893391609191895,0.46397870779037476,-0.7987733483314514,0.6036216616630554,-0.18055792152881622,-0.2009635865688324,-0.03541991859674454,-0.03542115539312363,Peripheral,Peripheral,0.016838649661844847
429,0,0.0,0.0,0.0,0.0,0.0,0,0,0.0,1,0.0,0,-1.043927236172033,0,0.0,0.0,0.0,0.0,11,6,2.3636363636363638,0,6,4,1,0.2727272727272727,0.09090909090909091,0.0,0.0,0.0,0.0,0.0,0.0,0.0,0.0,0.0,0.0,0.0,0.0,0.0,0.0,0.0,0.0,0.0,0.0,0.0,0.0,0.0,0.0,0.0,0.0,0.0,0.0,0.0,0.0,0.0,0.0,0.0,0.0,0.0,0.0,0.0,0.0,0.0,0.0,0.0,0.0,0.0,0.0,0.0,0.0,0.0,0.0,0.0,0.0,0.0,0.0,0.0,0.0,0.0,0.0,0.0,0.0,0.0,0.0,0.0,0.0,0.0,0.0,0.0,0.0,Enabler,Peripheral,0.009656483844755318
430,4,0.011527377521613832,0.003274641334581552,0.2346970486246962,0.051720547455257594,0.0,3,0,0.4,5,0.0,0,0.37877005914206513,1,0.25,0.0,0.06782104638472301,-1.000088900581841e-12,9,6,2.3333333333333335,1,7,1,0,0.1111111111111111,0.2222222222222222,-0.4192291796207428,-0.3731555938720703,0.05677774176001549,0.15850640833377838,-0.21329258382320404,-0.09413865208625793,-0.25405803322792053,-0.5579498410224915,0.029346032068133354,-0.11391796916723251,-0.23867058753967285,-0.3366641104221344,-0.29861870408058167,-0.5292940735816956,-0.1978202909231186,-0.04740278795361519,-0.3392561972141266,0.21839790046215057,0.011352910660207272,0.1435384452342987,0.30785655975341797,0.283108651638031,-0.01609848253428936,-0.25450199842453003,0.018398553133010864,0.32487618923187256,-0.16081255674362183,0.017436981201171875,0.17244373261928558,-0.17214234173297882,0.16234414279460907,-0.17625917494297028,0.22311191260814667,0.13957199454307556,-0.02887152135372162,-0.45979130268096924,0.46948352456092834,-0.3457416594028473,-0.004064789041876793,0.09892984479665756,-0.09998944401741028,-0.23954007029533386,0.3709377944469452,0.04243183135986328,0.10418390482664108,0.0828680694103241,-0.028697092086076736,0.16045625507831573,-0.2902485132217407,-0.13328275084495544,-0.09845638275146484,-0.3681720495223999,0.19359906017780304,0.042078983038663864,-0.27538469433784485,-0.17548200488090515,-0.06961004436016083,0.17767444252967834,-0.3818616569042206,0.5265356302261353,-0.19855651259422302,-0.2653023302555084,0.028172558173537254,0.18387271463871002,Broker,Peripheral,0.023695730769713305
431,0,0.0,0.0,0.0,0.0,0.0,0,0,0.0,1,0.0,0,-1.043927236172033,0,0.0,0.0,0.0,0.0,11,7,2.0,0,0,3,8,0.18181818181818182,0.0,0.0,0.0,0.0,0.0,0.0,0.0,0.0,0.0,0.0,0.0,0.0,0.0,0.0,0.0,0.0,0.0,0.0,0.0,0.0,0.0,0.0,0.0,0.0,0.0,0.0,0.0,0.0,0.0,0.0,0.0,0.0,0.0,0.0,0.0,0.0,0.0,0.0,0.0,0.0,0.0,0.0,0.0,0.0,0.0,0.0,0.0,0.0,0.0,0.0,0.0,0.0,0.0,0.0,0.0,0.0,0.0,0.0,0.0,0.0,0.0,0.0,0.0,0.0,0.0,Peripheral,Peripheral,0.008573918391307412
432,1,0.002881844380403458,0.0,0.1621245957541444,0.0016428104919643618,0.0,1,1,1.0,2,0.0,0,-0.6882529123435085,1,0.25,0.0,0.014707182872871776,-1.000088900581841e-12,5,4,2.0,0,0,3,2,0.2,0.0,-0.26145362854003906,-0.4428956210613251,0.3007826507091522,0.5220692157745361,-0.15641137957572937,-0.3512888550758362,-0.4911913573741913,-0.0641414150595665,-0.2311861217021942,-0.08748000115156174,-0.6125036478042603,0.08094348013401031,-0.18923215568065643,-0.4574274718761444,0.44514453411102295,0.21715280413627625,-0.11665927618741989,0.30250272154808044,0.3089703917503357,0.1688062995672226,0.8563838601112366,0.2462044656276703,-0.15498822927474976,0.16234338283538818,-0.005206508561968803,0.6976584196090698,0.04586319252848625,0.4669164717197418,0.5140997171401978,-0.4291650354862213,-0.3120969235897064,-0.7018094658851624,0.4331429600715637,0.016547344624996185,-0.054065950214862823,0.10257882624864578,0.5060604810714722,-0.9052947163581848,-0.4591210186481476,0.04233997315168381,-0.08490369468927383,0.04335175082087517,0.3457835018634796,-0.3464399576187134,-0.08411113917827606,0.21561762690544128,-0.008766720071434975,0.28873080015182495,0.4721626937389374,-0.20379599928855896,0.03378123790025711,-0.19220814108848572,0.5645830631256104,0.17094387114048004,-0.26607221364974976,0.22108833491802216,0.05623256042599678,0.3113779127597809,-0.5357004404067993,-0.011221769265830517,-0.014237575232982635,-0.598153293132782,0.1668132245540619,0.3616303503513336,Peripheral,Peripheral,0.01913140377563028
433,3,0.008645533141210374,0.006501402505475399,0.22970728601156676,0.02580863322039357,0.0,2,1,0.5,4,0.0,0,0.023095735313540602,1,0.25,0.005366192984199543,0.04911419071940531,-1.000088900581841e-12,11,7,2.3636363636363638,1,4,3,3,0.09090909090909091,0.18181818181818182,0.07575952261686325,-0.17177842557430267,0.14403259754180908,0.3370121121406555,-0.26798227429389954,0.03218495100736618,-0.6734287738800049,-0.5163974761962891,-0.07929129153490067,0.17954885959625244,-0.02890903688967228,-0.32301440834999084,0.13979242742061615,-0.4039729833602905,-0.2106979787349701,0.06356658786535263,-0.6962391138076782,0.00833457987755537,0.47010892629623413,0.2899944484233856,0.06438208371400833,0.6332538723945618,-0.12271376699209213,-0.2002038061618805,0.5932734608650208,0.3146735429763794,-0.193450465798378,0.23600897192955017,0.38926881551742554,-0.17814280092716217,0.7048095464706421,-0.06589177250862122,-0.17730022966861725,-0.27362188696861267,0.16389726102352142,-0.2504681646823883,0.4177570939064026,-0.29676634073257446,-0.06135442480444908,0.23510092496871948,0.3512166142463684,0.24181196093559265,0.214849054813385,-0.10843764990568161,-0.04086291417479515,-0.12110110372304916,-0.21184934675693512,0.40008315443992615,-0.11046329885721207,-0.01330227218568325,0.0336688831448555,-0.6278737187385559,0.5382024049758911,0.5011823177337646,-0.1731109619140625,-0.5385010838508606,0.004363618325442076,0.11711541563272476,-0.23183073103427887,0.10373418033123016,0.1384362429380417,-0.19109228253364563,0.44471582770347595,0.11561883240938187,Enabler,Peripheral,0.02345026956783906
434,6,0.017291066282420747,0.036097758379211184,0.25465024888656007,0.08823042777660052,0.13333333333333333,3,0,0.38095238095238093,7,0.30555555555555547,1,0.7344443829705897,2,0.5,0.03892811917072544,0.08017202957482089,0.4505612088643047,7,6,3.0,2,4,1,0,0.42857142857142855,0.2857142857142857,-0.3489782512187958,-0.1770624965429306,0.1759762167930603,0.3135526776313782,-0.09327754378318787,-0.29504868388175964,-0.36846286058425903,-0.22326278686523438,0.0030225852970033884,-0.07329565286636353,-0.1894565224647522,-0.4631904065608978,0.11864928156137466,-0.4123578369617462,-0.2410331517457962,0.08070102334022522,-0.3729877173900604,0.018193893134593964,0.25624972581863403,-0.1937832534313202,0.16792792081832886,0.1837761253118515,-0.289854496717453,-0.16548015177249908,0.32963889837265015,0.4410794973373413,-0.30003032088279724,0.10958407819271088,0.1427355259656906,-0.41234704852104187,0.060991961508989334,-0.09098054468631744,0.2957422733306885,0.32736191153526306,0.05277376249432564,-0.6882776021957397,0.3080129027366638,-0.5739008188247681,0.27996987104415894,-0.007294587790966034,-0.3614206612110138,-0.025902695953845978,0.1940322071313858,0.1721501350402832,0.2204631119966507,-0.1649586409330368,0.03310278430581093,0.1712498962879181,-0.09300941228866577,-0.3873175382614136,-0.1392967849969864,-0.08830278366804123,0.14444369077682495,0.24029871821403503,-0.2746189534664154,-0.3256658911705017,-0.18720275163650513,-0.00676923431456089,-0.48834213614463806,0.4867691695690155,-0.21250195801258087,0.07572504878044128,0.08759850263595581,0.02408597432076931,Broker,Broker,0.42587279246987353
435,0,0.0,0.0,0.0,0.0,0.0,0,0,0.0,1,0.0,0,-1.043927236172033,0,0.0,0.0,0.0,0.0,4,3,2.25,0,0,1,3,0.25,0.0,0.0,0.0,0.0,0.0,0.0,0.0,0.0,0.0,0.0,0.0,0.0,0.0,0.0,0.0,0.0,0.0,0.0,0.0,0.0,0.0,0.0,0.0,0.0,0.0,0.0,0.0,0.0,0.0,0.0,0.0,0.0,0.0,0.0,0.0,0.0,0.0,0.0,0.0,0.0,0.0,0.0,0.0,0.0,0.0,0.0,0.0,0.0,0.0,0.0,0.0,0.0,0.0,0.0,0.0,0.0,0.0,0.0,0.0,0.0,0.0,0.0,0.0,0.0,0.0,Peripheral,Peripheral,0.007651031342243072
436,1,0.002881844380403458,0.0,0.004940304652120214,5.0192441691533306e-17,0.0,1,1,1.0,2,0.0,0,-0.6882529123435085,1,0.25,9.937394415184339e-05,5.79700488081158e-05,-1.000088900581841e-12,9,3,1.5555555555555556,0,0,0,9,0.1111111111111111,0.0,0.7129517793655396,-0.11254967004060745,-0.7533047199249268,1.2950183153152466,0.7442368268966675,0.5040050745010376,-0.4863136410713196,0.7158040404319763,-1.027974247932434,-0.14696702361106873,-0.901107907295227,-0.4388774335384369,-0.4029429256916046,-0.0180315300822258,0.8986977934837341,0.6571066975593567,-0.2917962968349457,0.9750447869300842,0.7678542137145996,-0.1872711032629013,0.38135960698127747,0.9747148156166077,-0.034124284982681274,-1.0303471088409424,0.24738267064094543,-0.6738606095314026,0.22643284499645233,-0.08206957578659058,0.43297716975212097,-0.8686957955360413,0.8723083138465881,-0.0971171110868454,0.6934495568275452,0.5308021903038025,1.0933672189712524,-0.9469932317733765,1.8646079301834106,-0.061226118355989456,-0.724595844745636,0.6341270208358765,-0.8707937598228455,-0.26734405755996704,0.5286145806312561,0.5782100558280945,-0.5829434394836426,-0.3466791808605194,-0.4539342224597931,0.1482357531785965,0.25581666827201843,-0.5001698732376099,0.2647358775138855,0.11454183608293533,0.5391163229942322,0.03695334866642952,-0.3061359226703644,-0.9204421639442444,0.9797772765159607,-0.02878696657717228,0.3209264874458313,0.5393953919410706,0.020671352744102478,0.9980127811431885,0.5152191519737244,-0.04331982135772705,Peripheral,Peripheral,0.018686224125867273
437,0,0.0,0.0,0.0,0.0,0.0,0,0,0.0,1,0.0,0,-1.043927236172033,0,0.0,0.0,0.0,0.0,6,3,2.3333333333333335,0,0,3,3,0.0,0.3333333333333333,0.0,0.0,0.0,0.0,0.0,0.0,0.0,0.0,0.0,0.0,0.0,0.0,0.0,0.0,0.0,0.0,0.0,0.0,0.0,0.0,0.0,0.0,0.0,0.0,0.0,0.0,0.0,0.0,0.0,0.0,0.0,0.0,0.0,0.0,0.0,0.0,0.0,0.0,0.0,0.0,0.0,0.0,0.0,0.0,0.0,0.0,0.0,0.0,0.0,0.0,0.0,0.0,0.0,0.0,0.0,0.0,0.0,0.0,0.0,0.0,0.0,0.0,0.0,0.0,Peripheral,Peripheral,0.008375448058175297
438,5,0.01440922190201729,0.015329123829755018,0.23487926683015015,0.04962014774671337,0.0,2,1,0.3333333333333333,6,0.0,0,0.7344443829705897,1,0.25,0.008670294715659475,0.05426895961408905,-1.000088900581841e-12,12,7,2.6666666666666665,1,9,2,0,0.5,0.16666666666666666,-0.23450328409671783,-0.1064302921295166,0.41952642798423767,0.23478491604328156,0.13248315453529358,0.09841767698526382,-0.8008302450180054,-0.1933729499578476,-0.30156856775283813,0.10725588351488113,-0.32457324862480164,-0.5026351809501648,-0.004787784535437822,-0.17193278670310974,-0.0066385529935359955,0.007297446019947529,-0.31425121426582336,-0.005388755816966295,0.026145586743950844,0.04709992930293083,0.30169856548309326,0.5893141031265259,0.037968751043081284,-0.0347508005797863,-0.08211588859558105,0.5632486343383789,-0.36778855323791504,0.40236780047416687,0.3035225570201874,-0.17687705159187317,0.2586565613746643,0.24956963956356049,0.4302377998828888,-0.1272328644990921,-0.13539105653762817,-0.38012832403182983,0.3180874288082123,-0.09455332159996033,0.2050049901008606,0.08040326833724976,0.15186776220798492,-0.2503111958503723,0.3857065439224243,-0.27523016929626465,-0.07968629151582718,-0.06427384912967682,0.06924347579479218,0.32895562052726746,-0.036116041243076324,-0.06470592319965363,-0.12309003621339798,-0.5630455017089844,0.3610014021396637,0.33410632610321045,-0.046432625502347946,-0.4598868787288666,0.09719498455524445,0.0497177392244339,0.0483194924890995,0.30360257625579834,-0.04219358414411545,-0.20832672715187073,0.36637213826179504,0.12102130055427551,Broker,Peripheral,0.026473555454343354
439,2,0.005763688760806916,0.0013426507415613045,0.1877867757152287,0.005618972068985868,0.0,2,0,0.6666666666666666,3,0.0,0,-0.33257858851498395,1,0.25,0.002712554779532817,0.005855784668618802,-1.000088900581841e-12,10,7,2.3,1,3,4,2,0.0,0.3,-0.49874255061149597,-0.3082934021949768,0.7915323972702026,0.2596512734889984,0.22924171388149261,0.5181086659431458,-0.6590516567230225,-0.1658814400434494,-0.6247461438179016,0.409819096326828,0.2698778808116913,-0.1506957858800888,-0.06821953505277634,-0.76398104429245,-0.3464563190937042,0.3499324321746826,-0.745248019695282,0.24388885498046875,-0.07792147994041443,-0.22358107566833496,0.41836631298065186,0.6808327436447144,-0.17160631716251373,-0.2640513479709625,-0.04475574195384979,0.28489893674850464,-0.7935448288917542,0.36528411507606506,0.24629734456539154,0.3795478343963623,-0.10567545890808105,-0.2305721938610077,-0.0044304500333964825,-0.33505380153656006,0.05818421021103859,-0.3035455644130707,0.8027417063713074,-0.6052057147026062,-0.0741897001862526,-0.02488446794450283,-0.1343790888786316,0.16061735153198242,0.2291843444108963,0.38453492522239685,0.19015057384967804,-0.10646447539329529,0.023782603442668915,0.28108182549476624,-0.11423211544752121,-0.3361830413341522,-0.1033966988325119,-0.21413548290729523,0.37302112579345703,0.04848916456103325,-0.32640373706817627,0.24067361652851105,0.20319616794586182,-0.14380599558353424,0.04430665448307991,0.6180950999259949,-0.18203501403331757,0.03165491670370102,0.33036020398139954,0.16784757375717163,Enabler,Peripheral,0.02159757488010109
440,3,0.008645533141210374,0.0034351397833623037,0.18931445286435133,0.006231924822499888,0.0,2,1,0.5,4,0.0,0,0.023095735313540602,1,0.25,0.013729324186374485,0.006909438309121506,-1.000088900581841e-12,11,7,2.4545454545454546,0,2,5,4,0.36363636363636365,0.09090909090909091,-0.629130482673645,-0.2765205502510071,0.040260713547468185,0.46607887744903564,-0.4094344973564148,0.27850955724716187,-0.9767289757728577,-0.5192770957946777,-0.19820575416088104,-0.00845476146787405,-0.29262691736221313,0.02719564363360405,0.33957841992378235,-0.7726211547851562,0.08310800045728683,0.4733549952507019,-0.18168039619922638,0.7112869620323181,0.4129733741283417,-0.42066895961761475,0.45226961374282837,0.2707020342350006,0.2475825548171997,-0.17955097556114197,0.2321893870830536,0.3782401978969574,-0.16106082499027252,-0.09230031073093414,0.3332303762435913,0.06899811327457428,0.5384397506713867,-0.11972557753324509,0.48500627279281616,-0.4661383628845215,0.18761590123176575,-0.33843401074409485,0.5678998827934265,-0.38463348150253296,-0.24120104312896729,-0.34683528542518616,-0.34986457228660583,-0.6164605021476746,0.4905359447002411,0.28500810265541077,0.2054116427898407,0.0997789278626442,-0.10837618261575699,-0.5064498782157898,-0.2501966655254364,0.018043730407953262,-0.1442141979932785,-0.3030397891998291,0.2420610636472702,0.12873101234436035,0.07373514026403427,0.14941132068634033,-0.045474883168935776,0.3135780096054077,0.11411263048648834,0.9611324071884155,0.1095464676618576,-0.13578757643699646,0.10619407892227173,0.4030422568321228,Enabler,Peripheral,0.02286810356245055
441,3,0.008645533141210374,0.010276269952969692,0.20128043624566427,0.010400177409776556,0.0,2,1,0.5,4,0.0,0,0.023095735313540602,1,0.25,0.005366192984199543,0.012071922945237805,-1.000088900581841e-12,6,6,1.6666666666666667,1,1,2,2,0.16666666666666666,0.0,-0.18950743973255157,-0.46336397528648376,0.30296000838279724,0.43567150831222534,0.13261188566684723,-0.3870149254798889,-0.4841211438179016,-0.2501448094844818,-0.20437881350517273,-0.08301626145839691,-0.33544179797172546,-0.2255321741104126,0.31109991669654846,-0.6961205005645752,-0.30169203877449036,0.3235727548599243,-0.14791043102741241,0.15712757408618927,0.46495234966278076,-0.04985008388757706,0.34204599261283875,0.48855388164520264,-0.3752059042453766,-0.5944713354110718,0.4846704304218292,0.5678150653839111,-0.4081456959247589,0.047939468175172806,-0.23721003532409668,-0.6067711114883423,-0.20089668035507202,0.16453057527542114,0.36454927921295166,0.5344820022583008,0.21664991974830627,-0.8797738552093506,0.4681733250617981,-0.3397856056690216,0.027085205540060997,0.07820872962474823,-0.3391788601875305,-0.004878227598965168,-0.14793488383293152,-0.05951216444373131,0.07783776521682739,-0.18511593341827393,0.14647527039051056,0.26319852471351624,0.33305788040161133,-0.3119911551475525,-0.3276520371437073,0.18691565096378326,-0.33576083183288574,0.3942694365978241,-0.20197269320487976,-0.7096582055091858,-0.012523554265499115,0.2975906431674957,-0.7924318313598633,0.7794082164764404,-0.23394498229026794,0.39019566774368286,0.3553188145160675,-0.02374090626835823,Enabler,Peripheral,0.019720293036009726
442,5,0.01440922190201729,0.019873792877310156,0.23487926683015015,0.051135453188954606,0.1,3,0,0.4,6,0.0,0,0.7344443829705897,1,0.25,0.019882266569601213,0.05554734456353424,-1.000088900581841e-12,7,3,2.7142857142857144,0,7,0,0,0.2857142857142857,0.2857142857142857,-0.30075791478157043,-0.4438234865665436,0.11132476478815079,0.0539708212018013,-0.38023999333381653,0.08276262134313583,-0.4881269931793213,-0.27565622329711914,-0.19942831993103027,0.21556200087070465,-0.2861161530017853,0.01420327927917242,0.27038121223449707,-0.7964918613433838,0.028473004698753357,0.23866215348243713,-0.32434311509132385,0.19823352992534637,0.12334592640399933,-0.22336746752262115,0.21708062291145325,0.7097041606903076,0.06854111701250076,-0.15640099346637726,0.06083619222044945,0.544953465461731,-0.3951791226863861,0.09575334191322327,0.41221314668655396,0.12608185410499573,0.14798909425735474,0.0033780646044760942,0.16802838444709778,-0.12180005013942719,0.25304198265075684,-0.3525969684123993,0.36157962679862976,-0.2213510125875473,-0.30058935284614563,-0.32881835103034973,-0.2740679383277893,-0.12806597352027893,0.3357831537723541,0.09138505905866623,0.24944214522838593,-0.08985389024019241,-0.13617166876792908,0.0031140409409999847,-0.0904596596956253,-0.13592477142810822,-0.07878421247005463,-0.15170344710350037,0.2850278317928314,-0.020936064422130585,0.02567814476788044,0.15408240258693695,-0.053192850202322006,0.2371211051940918,0.16827793419361115,0.7543651461601257,-0.04481774568557739,-0.0051283324137330055,0.3124728202819824,0.15890198945999146,Broker,Peripheral,0.02622193373618611
443,1,0.002881844380403458,0.0,0.004940304652120214,5.0192441691533306e-17,0.0,1,1,1.0,2,0.0,0,-0.6882529123435085,1,0.25,0.0,0.0002028951708284053,-1.000088900581841e-12,6,5,1.5,0,0,1,5,0.16666666666666666,0.0,1.1440640687942505,0.16089800000190735,-0.6205632090568542,0.8826372027397156,0.5421033501625061,0.8070544600486755,-1.1042191982269287,1.2064385414123535,-0.6506558060646057,-0.005660305730998516,-0.30478307604789734,-0.5414095520973206,-0.7678844332695007,-0.00788164883852005,1.0281624794006348,0.1730131357908249,-0.799089789390564,0.6736491322517395,1.2481387853622437,-0.4371253550052643,0.7255795001983643,0.8702528476715088,-0.2817670702934265,-1.2124632596969604,-0.4591582119464874,-0.9647508859634399,0.44053030014038086,0.026837782934308052,0.44047942757606506,-0.5578182339668274,0.7734833359718323,-0.47029709815979004,0.7721249461174011,0.8439165949821472,0.21253858506679535,-0.3625825047492981,1.531553030014038,-0.37413376569747925,-0.07666410505771637,0.3798759877681732,-0.40604451298713684,-0.6829226016998291,0.2902248203754425,-0.009591507725417614,-0.3606291711330414,-0.10536238551139832,-0.5171166658401489,0.22518393397331238,0.23795485496520996,-0.8034128546714783,0.726955771446228,-0.48170965909957886,1.3944692611694336,0.10096216201782227,-0.25429683923721313,-0.43578630685806274,0.9506235718727112,0.17581869661808014,0.22402925789356232,0.39862915873527527,-0.07188308984041214,0.6067685484886169,0.03771813213825226,0.18717063963413239,Peripheral,Peripheral,0.01780278888195081
444,1,0.002881844380403458,0.0,0.16686403512257775,0.001933533178166777,0.0,1,1,1.0,2,0.0,0,-0.6882529123435085,1,0.25,0.005366192984199543,0.016815720867529808,-1.000088900581841e-12,4,3,2.25,0,0,4,0,0.25,0.0,-0.26560336351394653,-0.36693432927131653,0.04053327068686485,0.16808393597602844,-0.0036269640550017357,-0.3427696228027344,-0.5995374321937561,-0.47429177165031433,-0.280035138130188,-0.3004686236381531,-0.0905117616057396,-0.19036118686199188,0.6233950257301331,-0.49280598759651184,-0.19663715362548828,0.07485263794660568,-0.49095630645751953,0.18612004816532135,0.22979488968849182,-0.30029717087745667,0.26875513792037964,0.4757680296897888,-0.27707645297050476,-0.46319976449012756,0.5218770503997803,0.1638774275779724,0.11245303601026535,0.4290361702442169,0.32682567834854126,-0.005168484523892403,0.24214071035385132,-0.15166981518268585,0.4184238910675049,0.05767137557268143,-0.18601074814796448,-0.6743431687355042,0.5581379532814026,-0.45253413915634155,0.7792302370071411,-0.44666868448257446,-0.7431933879852295,-0.13291412591934204,0.22667378187179565,-0.16003501415252686,0.4396205544471741,0.17815490067005157,-0.4312651753425598,0.46814030408859253,-0.08319076895713806,-0.5157714486122131,-0.04733530431985855,-0.13200341165065765,0.30519038438796997,0.4911647439002991,-0.46520552039146423,-0.5260613560676575,-0.08853847533464432,-0.11935166269540787,-0.885327160358429,0.4497852623462677,-0.18879808485507965,0.1119372695684433,0.26344960927963257,0.6204387545585632,Peripheral,Peripheral,0.01984305650358885
445,2,0.005763688760806916,0.0012737307946449887,0.18825419768340598,0.005966911011773301,0.0,2,0,0.6666666666666666,3,0.0,0,-0.33257858851498395,1,0.25,0.008023511705316335,0.009969746132979677,-1.000088900581841e-12,10,8,2.4,1,4,4,1,0.5,0.1,-0.3938601016998291,-0.15988512337207794,0.607332706451416,0.2592841684818268,-0.42591536045074463,0.5161297917366028,-0.43504709005355835,-0.24886836111545563,-0.32739078998565674,0.28118741512298584,-0.14998750388622284,0.015112156979739666,0.44601279497146606,-0.6410069465637207,-0.07707307487726212,0.5422379970550537,-0.4411831200122833,0.12083224952220917,0.22093011438846588,-0.1211310476064682,0.2569490075111389,0.613340437412262,-0.009080331772565842,-0.4036649465560913,0.12751555442810059,0.6718656420707703,-0.7781583070755005,0.21030005812644958,0.10763446986675262,0.23882967233657837,0.08572450280189514,-0.20354999601840973,0.07671313732862473,-0.43002575635910034,0.30754926800727844,-0.34432363510131836,0.7129932641983032,-0.49216464161872864,-0.4607819616794586,-0.3078891336917877,-0.3947105407714844,-0.24753639101982117,0.4666263461112976,0.13761883974075317,0.4208308458328247,-0.011962860822677612,-0.13267624378204346,-0.17068526148796082,-0.06600885093212128,-0.20531095564365387,-0.2706277072429657,-0.11735838651657104,0.3201907277107239,0.2789672017097473,-0.07970035821199417,0.3200981318950653,0.08661986887454987,0.0021385701838880777,0.2777799963951111,0.7721645832061768,-0.08751221001148224,0.11073318123817444,0.2555614113807678,0.26035428047180176,Enabler,Peripheral,0.02209666156061087
446,2,0.005763688760806916,5.79700488081158e-05,0.006484149855907782,9.274347930985924e-17,0.0,1,1,0.6666666666666666,3,0.0,0,-0.33257858851498395,1,0.25,0.0002649971844049157,0.0001159400976162316,-1.000088900581841e-12,13,9,2.230769230769231,1,4,3,5,0.23076923076923078,0.15384615384615385,0.6069052815437317,0.002303499262779951,-0.9646719098091125,1.1687792539596558,0.6477726101875305,0.3717264235019684,-0.504726231098175,0.699524462223053,-1.1250331401824951,-0.17752806842327118,-0.7886818647384644,-0.3719102442264557,-0.524591326713562,-0.21743735671043396,0.8036483526229858,0.580393373966217,-0.3644445240497589,0.9232607483863831,0.7942495346069336,-0.37461063265800476,0.3310679793357849,1.0968306064605713,0.16678322851657867,-1.1009327173233032,0.009702267125248909,-0.7698023319244385,0.2113676220178604,-0.1459505259990692,0.4668341875076294,-1.0090140104293823,0.8568271994590759,-0.04282309114933014,0.7257143259048462,0.4314706027507782,0.8522632718086243,-0.9793647527694702,1.6313815116882324,-0.12296246737241745,-0.63249671459198,0.5479552149772644,-0.7672035694122314,-0.053295914083719254,0.5443543791770935,0.41205352544784546,-0.6813557744026184,-0.2469075471162796,-0.5341687798500061,0.12972433865070343,0.4141717255115509,-0.6470099687576294,0.3662623465061188,-0.02835860103368759,0.6417187452316284,0.27432626485824585,-0.366715669631958,-0.8311408162117004,0.896182119846344,-0.011436179280281067,0.4551830589771271,0.5162157416343689,-0.11916408687829971,1.1729483604431152,0.45825958251953125,-0.12245973199605942,Enabler,Peripheral,0.02165908872523036
447,0,0.0,0.0,0.0,0.0,0.0,0,0,0.0,1,0.0,0,-1.043927236172033,0,0.0,0.0,0.0,0.0,4,3,2.25,0,0,2,2,0.25,0.0,0.0,0.0,0.0,0.0,0.0,0.0,0.0,0.0,0.0,0.0,0.0,0.0,0.0,0.0,0.0,0.0,0.0,0.0,0.0,0.0,0.0,0.0,0.0,0.0,0.0,0.0,0.0,0.0,0.0,0.0,0.0,0.0,0.0,0.0,0.0,0.0,0.0,0.0,0.0,0.0,0.0,0.0,0.0,0.0,0.0,0.0,0.0,0.0,0.0,0.0,0.0,0.0,0.0,0.0,0.0,0.0,0.0,0.0,0.0,0.0,0.0,0.0,0.0,0.0,Peripheral,Peripheral,0.007651031342243072
448,6,0.017291066282420747,0.004355555947133631,0.2361627600915171,0.06196088332711557,0.26666666666666666,3,1,0.47619047619047616,7,0.0,0,1.0901187067991143,1,0.25,0.009022180578415938,0.0469030653444285,-1.000088900581841e-12,11,7,2.8181818181818183,2,2,5,2,0.45454545454545453,0.2727272727272727,-0.47786369919776917,-0.2815607786178589,0.4055805504322052,0.2067883312702179,-0.079286590218544,-0.26738208532333374,-0.42554691433906555,-0.3214707374572754,-0.12745672464370728,0.16202250123023987,0.017648659646511078,-0.11035565286874771,-0.0957721620798111,-0.45374825596809387,0.17771755158901215,0.08845306932926178,-0.4224730134010315,-0.00981881283223629,-0.1551206409931183,-0.13943031430244446,0.05489569902420044,0.7570250630378723,-0.1472429633140564,-0.3088129758834839,0.1765463650226593,0.2949250340461731,-0.026241375133395195,0.0005747639806941152,0.050129495561122894,-0.10430446267127991,0.3253897726535797,-0.10403745621442795,0.2929008901119232,0.2618772089481354,0.04452729970216751,-0.5968597531318665,0.2313447743654251,-0.3329373896121979,0.08993379771709442,-0.11134600639343262,-0.2023051530122757,0.02672075666487217,0.17219337821006775,-0.4230435788631439,0.1583748459815979,-0.13804109394550323,-0.19706369936466217,0.16000689566135406,-0.20777420699596405,-0.36605387926101685,0.10035009682178497,-0.39680346846580505,0.300774484872818,0.0478009395301342,-0.12570571899414062,0.02428901568055153,-0.5387528538703918,0.21860091388225555,-0.22445803880691528,0.35740432143211365,-0.0140237370505929,-0.2543477714061737,0.19535106420516968,0.37985995411872864,Enabler,Peripheral,0.02650280181033932
449,6,0.017291066282420747,0.005883916322925606,0.20835020363445828,0.03084670811946647,0.0,3,1,0.2857142857142857,7,0.0,0,1.0901187067991143,1,0.25,0.00827557061145777,0.012597847093864571,-1.000088900581841e-12,10,8,2.9,4,2,1,3,0.3,0.3,-0.35441648960113525,-0.30044373869895935,0.38269922137260437,0.11296483874320984,-0.09949173778295517,-0.1984255462884903,-0.2920408844947815,-0.4935595691204071,0.11983858048915863,-0.21847465634346008,-0.10078806430101395,-0.5205486416816711,-0.27257901430130005,-0.6434328556060791,-0.3339652717113495,-0.1420910358428955,0.008871653117239475,0.4475943148136139,0.27807313203811646,0.31393182277679443,0.3502170741558075,0.5250976085662842,-0.32085609436035156,-0.42661669850349426,-0.15949629247188568,0.48500582575798035,-0.49402451515197754,-0.06063210219144821,0.11582493782043457,-0.1566864550113678,0.1255997270345688,-0.1092982292175293,0.43437162041664124,0.3520326614379883,0.21684810519218445,-0.6595584750175476,0.09727036207914352,-0.323639452457428,0.12415765970945358,0.1695908159017563,-0.12984785437583923,-0.2811793088912964,0.46922242641448975,0.22634661197662354,-0.06379177421331406,-0.03242143616080284,-0.13870567083358765,0.40206658840179443,-0.35861915349960327,-0.009088692255318165,-0.01293876487761736,-0.12958042323589325,0.15285614132881165,0.42425835132598877,-0.15773925185203552,-0.22750818729400635,-0.16186833381652832,0.36098456382751465,-0.6439745426177979,0.5418685078620911,-0.14021983742713928,0.024417005479335785,0.1583576798439026,0.15224270522594452,Enabler,Peripheral,0.025108684787403617
450,0,0.0,0.0,0.0,0.0,0.0,0,0,0.0,1,0.0,0,-1.043927236172033,0,0.0,0.0,0.0,0.0,7,3,1.5714285714285714,0,0,2,5,0.14285714285714285,0.0,0.0,0.0,0.0,0.0,0.0,0.0,0.0,0.0,0.0,0.0,0.0,0.0,0.0,0.0,0.0,0.0,0.0,0.0,0.0,0.0,0.0,0.0,0.0,0.0,0.0,0.0,0.0,0.0,0.0,0.0,0.0,0.0,0.0,0.0,0.0,0.0,0.0,0.0,0.0,0.0,0.0,0.0,0.0,0.0,0.0,0.0,0.0,0.0,0.0,0.0,0.0,0.0,0.0,0.0,0.0,0.0,0.0,0.0,0.0,0.0,0.0,0.0,0.0,0.0,Peripheral,Peripheral,0.00634538007928108
451,1,0.002881844380403458,0.0,0.1565861778867668,0.0006505208922494083,0.0,1,1,1.0,2,0.0,0,-0.6882529123435085,1,0.25,0.005366192984199543,0.002608652196365211,-1.000088900581841e-12,7,4,2.5714285714285716,0,0,2,5,0.14285714285714285,0.2857142857142857,-0.09482526034116745,0.014157945290207863,0.4149738848209381,0.26664063334465027,0.3682916760444641,0.09637584537267685,-0.9968470335006714,0.17003385722637177,-0.6430650353431702,0.4212304949760437,-0.7636215090751648,-0.6405190825462341,0.27962562441825867,-0.2774136960506439,0.2774246335029602,0.016460280865430832,-0.4006813168525696,0.0193551704287529,0.07730945199728012,0.06752413511276245,0.3493885099887848,0.5154476761817932,0.14138054847717285,-0.14040498435497284,-0.10401629656553268,0.5508729219436646,-0.4911472499370575,0.4360486567020416,0.2948265075683594,-0.4074222147464752,0.3063315451145172,0.7616991400718689,0.5251384973526001,-0.1026211753487587,-0.09164410084486008,-0.6617615818977356,0.29343605041503906,0.0495002381503582,0.30215898156166077,0.1797625869512558,0.5136048197746277,-0.4512757658958435,0.8178210854530334,-0.3561730682849884,-0.35879817605018616,-0.21465256810188293,0.08134690672159195,0.38125836849212646,-0.11901512742042542,-0.3718722462654114,-0.14487367868423462,-0.7325596213340759,0.495363712310791,-0.053420521318912506,0.08201869577169418,-0.5730312466621399,0.3645891547203064,0.03619628772139549,0.08854988217353821,0.7448053359985352,-0.4784350097179413,-0.401565283536911,0.4262373745441437,0.46130990982055664,Peripheral,Peripheral,0.02145334666741693
452,0,0.0,0.0,0.0,0.0,0.0,0,0,0.0,1,0.0,0,-1.043927236172033,0,0.0,0.0,0.0,0.0,3,2,2.0,0,0,0,3,0.0,0.3333333333333333,0.0,0.0,0.0,0.0,0.0,0.0,0.0,0.0,0.0,0.0,0.0,0.0,0.0,0.0,0.0,0.0,0.0,0.0,0.0,0.0,0.0,0.0,0.0,0.0,0.0,0.0,0.0,0.0,0.0,0.0,0.0,0.0,0.0,0.0,0.0,0.0,0.0,0.0,0.0,0.0,0.0,0.0,0.0,0.0,0.0,0.0,0.0,0.0,0.0,0.0,0.0,0.0,0.0,0.0,0.0,0.0,0.0,0.0,0.0,0.0,0.0,0.0,0.0,0.0,Peripheral,Peripheral,0.006668603193239098
453,0,0.0,0.0,0.0,0.0,0.0,0,0,0.0,1,0.0,0,-1.043927236172033,0,0.0,0.0,0.0,0.0,9,5,2.111111111111111,0,0,1,8,0.3333333333333333,0.0,0.0,0.0,0.0,0.0,0.0,0.0,0.0,0.0,0.0,0.0,0.0,0.0,0.0,0.0,0.0,0.0,0.0,0.0,0.0,0.0,0.0,0.0,0.0,0.0,0.0,0.0,0.0,0.0,0.0,0.0,0.0,0.0,0.0,0.0,0.0,0.0,0.0,0.0,0.0,0.0,0.0,0.0,0.0,0.0,0.0,0.0,0.0,0.0,0.0,0.0,0.0,0.0,0.0,0.0,0.0,0.0,0.0,0.0,0.0,0.0,0.0,0.0,0.0,0.0,Peripheral,Peripheral,0.008428373480343861
454,0,0.0,0.0,0.0,0.0,0.0,0,0,0.0,1,0.0,0,-1.043927236172033,0,0.0,0.0,0.0,0.0,6,4,1.3333333333333333,0,0,2,4,0.0,0.0,0.0,0.0,0.0,0.0,0.0,0.0,0.0,0.0,0.0,0.0,0.0,0.0,0.0,0.0,0.0,0.0,0.0,0.0,0.0,0.0,0.0,0.0,0.0,0.0,0.0,0.0,0.0,0.0,0.0,0.0,0.0,0.0,0.0,0.0,0.0,0.0,0.0,0.0,0.0,0.0,0.0,0.0,0.0,0.0,0.0,0.0,0.0,0.0,0.0,0.0,0.0,0.0,0.0,0.0,0.0,0.0,0.0,0.0,0.0,0.0,0.0,0.0,0.0,0.0,Peripheral,Peripheral,0.005398393061193556
455,0,0.0,0.0,0.0,0.0,0.0,0,0,0.0,1,0.0,0,-1.043927236172033,0,0.0,0.0,0.0,0.0,12,4,2.4166666666666665,0,0,0,12,0.4166666666666667,0.16666666666666666,0.0,0.0,0.0,0.0,0.0,0.0,0.0,0.0,0.0,0.0,0.0,0.0,0.0,0.0,0.0,0.0,0.0,0.0,0.0,0.0,0.0,0.0,0.0,0.0,0.0,0.0,0.0,0.0,0.0,0.0,0.0,0.0,0.0,0.0,0.0,0.0,0.0,0.0,0.0,0.0,0.0,0.0,0.0,0.0,0.0,0.0,0.0,0.0,0.0,0.0,0.0,0.0,0.0,0.0,0.0,0.0,0.0,0.0,0.0,0.0,0.0,0.0,0.0,0.0,Peripheral,Peripheral,0.010052522373141677
456,0,0.0,0.0,0.0,0.0,0.0,0,0,0.0,1,0.0,0,-1.043927236172033,0,0.0,0.0,0.0,0.0,7,5,2.2857142857142856,0,0,3,4,0.42857142857142855,0.14285714285714285,0.0,0.0,0.0,0.0,0.0,0.0,0.0,0.0,0.0,0.0,0.0,0.0,0.0,0.0,0.0,0.0,0.0,0.0,0.0,0.0,0.0,0.0,0.0,0.0,0.0,0.0,0.0,0.0,0.0,0.0,0.0,0.0,0.0,0.0,0.0,0.0,0.0,0.0,0.0,0.0,0.0,0.0,0.0,0.0,0.0,0.0,0.0,0.0,0.0,0.0,0.0,0.0,0.0,0.0,0.0,0.0,0.0,0.0,0.0,0.0,0.0,0.0,0.0,0.0,Peripheral,Peripheral,0.008471847934268037
457,0,0.0,0.0,0.0,0.0,0.0,0,0,0.0,1,0.0,0,-1.043927236172033,0,0.0,0.0,0.0,0.0,9,3,2.0,0,0,0,9,0.1111111111111111,0.1111111111111111,0.0,0.0,0.0,0.0,0.0,0.0,0.0,0.0,0.0,0.0,0.0,0.0,0.0,0.0,0.0,0.0,0.0,0.0,0.0,0.0,0.0,0.0,0.0,0.0,0.0,0.0,0.0,0.0,0.0,0.0,0.0,0.0,0.0,0.0,0.0,0.0,0.0,0.0,0.0,0.0,0.0,0.0,0.0,0.0,0.0,0.0,0.0,0.0,0.0,0.0,0.0,0.0,0.0,0.0,0.0,0.0,0.0,0.0,0.0,0.0,0.0,0.0,0.0,0.0,Peripheral,Peripheral,0.008097589591790334
458,0,0.0,0.0,0.0,0.0,0.0,0,0,0.0,1,0.0,0,-1.043927236172033,0,0.0,0.0,0.0,0.0,8,3,1.625,0,0,0,8,0.0,0.0,0.0,0.0,0.0,0.0,0.0,0.0,0.0,0.0,0.0,0.0,0.0,0.0,0.0,0.0,0.0,0.0,0.0,0.0,0.0,0.0,0.0,0.0,0.0,0.0,0.0,0.0,0.0,0.0,0.0,0.0,0.0,0.0,0.0,0.0,0.0,0.0,0.0,0.0,0.0,0.0,0.0,0.0,0.0,0.0,0.0,0.0,0.0,0.0,0.0,0.0,0.0,0.0,0.0,0.0,0.0,0.0,0.0,0.0,0.0,0.0,0.0,0.0,0.0,0.0,Peripheral,Peripheral,0.006743029568163641
459,0,0.0,0.0,0.0,0.0,0.0,0,0,0.0,1,0.0,0,-1.043927236172033,0,0.0,0.0,0.0,0.0,3,3,1.3333333333333333,0,0,1,2,0.0,0.0,0.0,0.0,0.0,0.0,0.0,0.0,0.0,0.0,0.0,0.0,0.0,0.0,0.0,0.0,0.0,0.0,0.0,0.0,0.0,0.0,0.0,0.0,0.0,0.0,0.0,0.0,0.0,0.0,0.0,0.0,0.0,0.0,0.0,0.0,0.0,0.0,0.0,0.0,0.0,0.0,0.0,0.0,0.0,0.0,0.0,0.0,0.0,0.0,0.0,0.0,0.0,0.0,0.0,0.0,0.0,0.0,0.0,0.0,0.0,0.0,0.0,0.0,0.0,0.0,Peripheral,Peripheral,0.004683899861917938
460,0,0.0,0.0,0.0,0.0,0.0,0,0,0.0,1,0.0,0,-1.043927236172033,0,0.0,0.0,0.0,0.0,7,4,2.7142857142857144,0,0,1,6,0.42857142857142855,0.2857142857142857,0.0,0.0,0.0,0.0,0.0,0.0,0.0,0.0,0.0,0.0,0.0,0.0,0.0,0.0,0.0,0.0,0.0,0.0,0.0,0.0,0.0,0.0,0.0,0.0,0.0,0.0,0.0,0.0,0.0,0.0,0.0,0.0,0.0,0.0,0.0,0.0,0.0,0.0,0.0,0.0,0.0,0.0,0.0,0.0,0.0,0.0,0.0,0.0,0.0,0.0,0.0,0.0,0.0,0.0,0.0,0.0,0.0,0.0,0.0,0.0,0.0,0.0,0.0,0.0,Peripheral,Peripheral,0.009747728647260213
461,0,0.0,0.0,0.0,0.0,0.0,0,0,0.0,1,0.0,0,-1.043927236172033,0,0.0,0.0,0.0,0.0,4,3,2.75,0,0,1,3,0.5,0.25,0.0,0.0,0.0,0.0,0.0,0.0,0.0,0.0,0.0,0.0,0.0,0.0,0.0,0.0,0.0,0.0,0.0,0.0,0.0,0.0,0.0,0.0,0.0,0.0,0.0,0.0,0.0,0.0,0.0,0.0,0.0,0.0,0.0,0.0,0.0,0.0,0.0,0.0,0.0,0.0,0.0,0.0,0.0,0.0,0.0,0.0,0.0,0.0,0.0,0.0,0.0,0.0,0.0,0.0,0.0,0.0,0.0,0.0,0.0,0.0,0.0,0.0,0.0,0.0,Peripheral,Peripheral,0.009139558840733943
462,0,0.0,0.0,0.0,0.0,0.0,0,0,0.0,1,0.0,0,-1.043927236172033,0,0.0,0.0,0.0,0.0,4,3,1.25,0,0,1,3,0.0,0.0,0.0,0.0,0.0,0.0,0.0,0.0,0.0,0.0,0.0,0.0,0.0,0.0,0.0,0.0,0.0,0.0,0.0,0.0,0.0,0.0,0.0,0.0,0.0,0.0,0.0,0.0,0.0,0.0,0.0,0.0,0.0,0.0,0.0,0.0,0.0,0.0,0.0,0.0,0.0,0.0,0.0,0.0,0.0,0.0,0.0,0.0,0.0,0.0,0.0,0.0,0.0,0.0,0.0,0.0,0.0,0.0,0.0,0.0,0.0,0.0,0.0,0.0,0.0,0.0,Peripheral,Peripheral,0.0046739763452613315
463,1,0.002881844380403458,0.0,0.16023543203243293,0.0015320116406309157,0.0,1,1,1.0,2,0.0,0,-0.6882529123435085,1,0.25,0.0,0.003337718259215941,-1.000088900581841e-12,4,3,2.0,0,0,1,3,0.25,0.0,-0.5559118986129761,-0.44717589020729065,0.2255757749080658,0.32771527767181396,-0.04124155268073082,-0.05825145170092583,-1.1946440935134888,-0.13144314289093018,-0.3168717920780182,0.01165248453617096,-0.2002805769443512,-0.9822722673416138,-0.27748903632164,-0.026722440496087074,-0.43826693296432495,0.39132383465766907,-0.41533640027046204,0.06189550831913948,0.5072643160820007,0.21410056948661804,0.16795186698436737,0.5881229639053345,-0.10834332555532455,0.015496648848056793,-0.13997453451156616,0.9955960512161255,-0.3763931095600128,0.4050443768501282,0.5236117839813232,-0.28961145877838135,0.6561036109924316,0.03835764154791832,0.4234679639339447,0.0396699458360672,0.2111157923936844,-0.2561465799808502,0.08023669570684433,0.08851736783981323,0.5810829401016235,0.1900874823331833,0.23247522115707397,-0.43238019943237305,-0.03474104404449463,-0.2798606753349304,0.06796136498451233,-0.08630679547786713,0.10057605057954788,0.7496858835220337,-0.04785923659801483,0.19421008229255676,-0.33333441615104675,-0.4910154938697815,0.37651363015174866,0.4167863726615906,0.1356409341096878,-0.6612357497215271,0.14912793040275574,0.19042512774467468,-0.1705511212348938,0.19548308849334717,-0.051395148038864136,-0.29254263639450073,0.2949461340904236,0.24073609709739685,Peripheral,Peripheral,0.018887961707487393
464,4,0.011527377521613832,0.0077336762694432,0.19682790870347,0.017041726015170983,0.0,3,0,0.4,5,0.0,0,0.37877005914206513,1,0.25,0.0,0.012019719669473777,-1.000088900581841e-12,10,7,2.1,2,2,5,1,0.2,0.1,-0.07123354822397232,-0.5793657302856445,0.3327854573726654,0.19929343461990356,-0.20749305188655853,-0.3388100862503052,-0.39338815212249756,-0.26758456230163574,-0.37615153193473816,-0.2481027990579605,-0.2518657147884369,-0.17851753532886505,-0.32764846086502075,-0.38475462794303894,0.32195594906806946,0.18500584363937378,-0.34374168515205383,0.3044944107532501,-0.2492682933807373,-0.24424533545970917,0.24928076565265656,0.7463346123695374,-0.30178776383399963,-0.1477605253458023,-0.14217010140419006,0.6453449130058289,-0.36188894510269165,0.10494478046894073,0.15456785261631012,0.001918119378387928,0.3280044496059418,-0.32042309641838074,0.4157741367816925,-0.37115752696990967,0.1744602918624878,-0.7355876564979553,0.23347719013690948,-0.45181944966316223,-0.05791305750608444,-0.04365310072898865,0.3716186285018921,0.05887667089700699,0.2725347876548767,-0.1493295580148697,0.03665892407298088,-0.5497365593910217,-0.0932367816567421,0.10047266632318497,-0.004492098465561867,-0.5075128674507141,0.30840855836868286,-0.07761033624410629,0.4067436158657074,0.31939342617988586,-0.038918573409318924,-0.3552042543888092,-0.3163198232650757,0.3231133818626404,-0.14907506108283997,-0.05845082551240921,0.19567319750785828,-0.22970862686634064,-0.04110924154520035,0.1680203676223755,Enabler,Peripheral,0.021905991878616183
465,1,0.002881844380403458,0.0,0.14509568137996806,0.0002487836644781094,0.0,1,1,1.0,2,0.0,0,-0.6882529123435085,1,0.25,0.005366192984199543,0.011941830054471855,-1.000088900581841e-12,8,4,1.875,0,0,1,7,0.125,0.125,0.05359317362308502,-0.6555953025817871,-0.267925888299942,0.7677736282348633,0.07113271206617355,-0.0633891299366951,-0.5254842638969421,0.741418719291687,-0.2331961840391159,-0.07519429177045822,-0.08404141664505005,-0.4242476224899292,-0.046838320791721344,0.5288206934928894,-0.14391128718852997,0.5049962401390076,-0.11408083885908127,0.5369493961334229,0.20764513313770294,-0.6401333212852478,0.01396759320050478,1.4069689512252808,-0.5096140503883362,-0.6635446548461914,0.4049268960952759,0.13610489666461945,0.5116558074951172,0.8603510856628418,-0.11067794263362885,-0.15973572432994843,-0.38738521933555603,-0.20635826885700226,-0.4327103793621063,0.5369567275047302,0.00974931102246046,-0.4170735776424408,0.7102086544036865,0.1069919615983963,-0.6088640689849854,0.47255203127861023,-0.5072667598724365,-0.8368773460388184,0.29825109243392944,1.1372889280319214,0.21974319219589233,-0.06609398126602173,0.2644635736942291,-1.0505293607711792,-0.16580328345298767,-0.3331969678401947,-0.7567241787910461,-1.0334097146987915,0.1911296397447586,-0.20907671749591827,-0.06324714422225952,-0.5963829755783081,1.5751725435256958,0.4679611027240753,-0.5223437547683716,-0.00494752312079072,-0.2526145279407501,-0.22839362919330597,0.1295860856771469,0.33824533224105835,Peripheral,Peripheral,0.019599069007420623
466,1,0.002881844380403458,0.0,0.13584395854388567,0.00016536054857242832,0.0,1,1,1.0,2,1.0,1,-1.043927236172033,1,0.25,0.005366192984199543,0.002608652196365211,-1.000088900581841e-12,8,4,2.125,0,0,2,6,0.25,0.125,-0.32800498604774475,-0.04212392121553421,-0.13310623168945312,0.11281433701515198,0.5590665936470032,-0.8767126798629761,-0.4071730971336365,-0.23869426548480988,-0.16105426847934723,-0.34736886620521545,0.02962508611381054,-0.5695226788520813,0.42575010657310486,0.14448559284210205,0.3607931137084961,-0.3264116942882538,0.0624980553984642,0.1652199625968933,0.36441564559936523,-0.03444940224289894,0.0528012216091156,1.0661218166351318,0.1072230190038681,-0.0918252095580101,-0.5139257311820984,-0.05435528606176376,0.0712604969739914,-0.04067625105381012,-0.023151058703660965,-0.7911484241485596,0.8371402025222778,-0.14899034798145294,-0.22903981804847717,-0.06474640965461731,-0.19176411628723145,-0.45022571086883545,0.25071728229522705,0.0579492412507534,0.13215743005275726,0.41733112931251526,-0.03961925581097603,-0.4601683020591736,-0.02639148198068142,0.26332175731658936,0.40650731325149536,0.35548365116119385,-0.15503913164138794,0.6086062788963318,0.2923241853713989,-0.01863832212984562,-0.24079583585262299,0.2583514451980591,0.8172829151153564,0.4716435968875885,0.3545088469982147,0.8315314054489136,0.5295621156692505,0.7529463171958923,0.91997891664505,0.24996331334114075,0.034742750227451324,0.28882601857185364,-0.1367466151714325,1.386022925376892,Peripheral,Peripheral,0.02033935907340093
467,2,0.005763688760806916,0.0002608652196365211,0.008645533141210375,1.3115896661909476e-16,0.0,1,1,0.6666666666666666,3,0.0,0,-0.33257858851498395,1,0.25,0.00039749577660737356,0.00020289517082840532,-1.000088900581841e-12,9,8,2.3333333333333335,1,2,4,2,0.3333333333333333,0.1111111111111111,1.0723283290863037,0.000776471511926502,-0.8340523838996887,0.8092504143714905,0.6413365006446838,0.5408239960670471,-0.7476835250854492,0.8690207600593567,-0.8005387783050537,-0.16970394551753998,-0.5031518340110779,-0.513306736946106,-0.565181314945221,0.10704012960195541,0.8145700097084045,0.5975769758224487,-0.5119779706001282,0.8028302788734436,1.041437029838562,-0.6162128448486328,0.35613876581192017,0.9942591190338135,-0.14492188394069672,-1.1251226663589478,0.024512775242328644,-0.8225369453430176,0.25236189365386963,-0.10722616314888,0.4062749147415161,-0.649860680103302,0.7458714246749878,-0.13954702019691467,0.7684906721115112,0.3988536298274994,0.6168073415756226,-0.7938054203987122,1.8131839036941528,-0.4586828947067261,-0.4596322774887085,0.3470347225666046,-0.7046239376068115,-0.46836185455322266,0.4112130105495453,0.005669484380632639,-0.7230823636054993,-0.1757749319076538,-0.45120173692703247,-0.020603811368346214,0.4792090952396393,-0.5593906044960022,0.5299339294433594,-0.22401586174964905,1.1160777807235718,0.32869255542755127,-0.12218283861875534,-0.5813226699829102,0.80079185962677,0.22024257481098175,0.33903226256370544,0.5614898204803467,-0.024086778983473778,1.0172299146652222,0.22601500153541565,0.0967499241232872,Enabler,Peripheral,0.02103100028937
468,0,0.0,0.0,0.0,0.0,0.0,0,0,0.0,1,0.0,0,-1.043927236172033,0,0.0,0.0,0.0,0.0,10,6,1.6,0,0,2,8,0.1,0.0,0.0,0.0,0.0,0.0,0.0,0.0,0.0,0.0,0.0,0.0,0.0,0.0,0.0,0.0,0.0,0.0,0.0,0.0,0.0,0.0,0.0,0.0,0.0,0.0,0.0,0.0,0.0,0.0,0.0,0.0,0.0,0.0,0.0,0.0,0.0,0.0,0.0,0.0,0.0,0.0,0.0,0.0,0.0,0.0,0.0,0.0,0.0,0.0,0.0,0.0,0.0,0.0,0.0,0.0,0.0,0.0,0.0,0.0,0.0,0.0,0.0,0.0,0.0,0.0,Peripheral,Peripheral,0.007144931992756178
469,0,0.0,0.0,0.0,0.0,0.0,0,0,0.0,1,0.0,0,-1.043927236172033,0,0.0,0.0,0.0,0.0,3,1,1.6666666666666667,0,0,0,3,0.3333333333333333,0.0,0.0,0.0,0.0,0.0,0.0,0.0,0.0,0.0,0.0,0.0,0.0,0.0,0.0,0.0,0.0,0.0,0.0,0.0,0.0,0.0,0.0,0.0,0.0,0.0,0.0,0.0,0.0,0.0,0.0,0.0,0.0,0.0,0.0,0.0,0.0,0.0,0.0,0.0,0.0,0.0,0.0,0.0,0.0,0.0,0.0,0.0,0.0,0.0,0.0,0.0,0.0,0.0,0.0,0.0,0.0,0.0,0.0,0.0,0.0,0.0,0.0,0.0,0.0,0.0,Peripheral,Peripheral,0.005676251527578518
470,0,0.0,0.0,0.0,0.0,0.0,0,0,0.0,1,0.0,0,-1.043927236172033,0,0.0,0.0,0.0,0.0,12,6,2.0833333333333335,0,0,4,8,0.3333333333333333,0.0,0.0,0.0,0.0,0.0,0.0,0.0,0.0,0.0,0.0,0.0,0.0,0.0,0.0,0.0,0.0,0.0,0.0,0.0,0.0,0.0,0.0,0.0,0.0,0.0,0.0,0.0,0.0,0.0,0.0,0.0,0.0,0.0,0.0,0.0,0.0,0.0,0.0,0.0,0.0,0.0,0.0,0.0,0.0,0.0,0.0,0.0,0.0,0.0,0.0,0.0,0.0,0.0,0.0,0.0,0.0,0.0,0.0,0.0,0.0,0.0,0.0,0.0,0.0,0.0,Peripheral,Peripheral,0.009060170707481097
471,5,0.01440922190201729,0.005083344774951675,0.1941749009481601,0.018973063655104226,0.0,3,1,0.3333333333333333,6,0.0,0,0.7344443829705897,1,0.25,0.005293390122501853,0.005413618937013143,-1.000088900581841e-12,19,11,2.3157894736842106,2,6,7,4,0.2631578947368421,0.15789473684210525,-0.4633690416812897,-0.15211525559425354,-0.006398215889930725,0.13657507300376892,-0.0629720613360405,-0.026660321280360222,-0.6206575036048889,-0.5193513035774231,-0.24321477115154266,-0.07732643932104111,-0.027340037748217583,-0.12554262578487396,-0.01640070602297783,-0.8649676442146301,-0.09027265012264252,0.15526732802391052,-0.39214807748794556,0.6062071919441223,0.2294490784406662,0.13694220781326294,0.607079029083252,0.288679838180542,-0.1623423993587494,-0.2109009176492691,0.23490455746650696,0.37493249773979187,0.28617212176322937,0.08169127255678177,0.45958372950553894,-0.29017627239227295,0.25957632064819336,-0.3129395842552185,0.546710193157196,0.08651496469974518,-0.4018864333629608,-0.19531479477882385,0.47426149249076843,-0.5050565004348755,0.019920706748962402,-0.10684332996606827,-0.43077895045280457,-0.34463924169540405,0.5261145830154419,-0.09151388704776764,-0.053345687687397,0.1516282558441162,-0.35794177651405334,0.16093963384628296,-0.4329356551170349,-0.2907911241054535,-0.16887179017066956,-0.4389149248600006,0.15268389880657196,-0.1876482367515564,-0.393068790435791,-0.0028816224075853825,-0.22764958441257477,0.16115908324718475,-0.3432864844799042,0.5302571058273315,0.16606001555919647,-0.3018133044242859,-0.06509231775999069,0.2525057792663574,Enabler,Peripheral,0.024783623960637827
472,0,0.0,0.0,0.0,0.0,0.0,0,0,0.0,1,0.0,0,-1.043927236172033,0,0.0,0.0,0.0,0.0,2,1,2.0,0,0,0,2,0.5,0.0,0.0,0.0,0.0,0.0,0.0,0.0,0.0,0.0,0.0,0.0,0.0,0.0,0.0,0.0,0.0,0.0,0.0,0.0,0.0,0.0,0.0,0.0,0.0,0.0,0.0,0.0,0.0,0.0,0.0,0.0,0.0,0.0,0.0,0.0,0.0,0.0,0.0,0.0,0.0,0.0,0.0,0.0,0.0,0.0,0.0,0.0,0.0,0.0,0.0,0.0,0.0,0.0,0.0,0.0,0.0,0.0,0.0,0.0,0.0,0.0,0.0,0.0,0.0,0.0,Peripheral,Peripheral,0.00643043879348056
473,7,0.020172910662824207,0.03739739233945106,0.2416329837677583,0.07088717483329839,0.0,3,1,0.25,8,0.4897959183673469,2,0.7344443829705897,2,0.5,0.03564185837892675,0.04750597558704991,0.5982695885832573,14,7,2.2857142857142856,1,11,2,0,0.21428571428571427,0.14285714285714285,-0.07914281636476517,-0.6471830010414124,0.3360098898410797,0.34163397550582886,-0.1986158788204193,-0.10521914064884186,-0.35590609908103943,-0.24960452318191528,-0.4389563500881195,-0.005752187687903643,-0.32867932319641113,0.10535840690135956,-0.21092945337295532,-0.39107611775398254,0.3234686553478241,-0.0733189731836319,0.06112311780452728,-0.188670814037323,0.03185396268963814,0.014643033035099506,0.4567963480949402,0.1981004774570465,-0.08266141265630722,-0.18562789261341095,0.10108525305986404,0.45310670137405396,-0.294394314289093,0.28761544823646545,0.3355271518230438,-0.41538557410240173,-0.10426623374223709,-0.32817643880844116,0.4106137454509735,0.05677640438079834,0.10584009438753128,-0.1399686634540558,0.31405603885650635,-0.426660418510437,-0.2459501475095749,0.10944110155105591,-0.08048535138368607,0.08553167432546616,0.3642537593841553,0.04150557145476341,0.15522250533103943,-0.4756385087966919,-0.27084457874298096,0.11833123862743378,-0.025639168918132782,-0.25321874022483826,0.20987780392169952,-0.27319657802581787,0.308490127325058,0.12990739941596985,-0.14187569916248322,-0.06915859133005142,-0.15047980844974518,0.3480456471443176,-0.19522836804389954,-0.12286347150802612,0.09660658240318298,-0.1624731868505478,0.16805323958396912,0.15540726482868195,Broker,Peripheral,0.04127731051816435
474,18,0.05187319884726224,0.14427393919140888,0.30072017462945666,0.21798385057896433,0.0457516339869281,3,1,0.14619883040935672,19,0.3950617283950617,4,3.9355132974273106,4,1.0,0.14253852121580476,0.05228070251848778,0.760755259240303,8,6,3.625,6,2,0,0,0.0,0.875,-0.22496266663074493,-0.12212374061346054,0.2730320692062378,0.27526983618736267,-0.016241926699876785,-0.0902794599533081,-0.2308684140443802,-0.2821073532104492,-0.14941759407520294,0.03359708935022354,-0.08673214912414551,0.0052754636853933334,0.003404446877539158,-0.3782883286476135,-0.03871484473347664,0.2621181607246399,-0.32951977849006653,0.06386423856019974,-0.04221149533987045,0.17595888674259186,0.3159913718700409,0.4962909519672394,-0.07830935716629028,-0.08936339616775513,0.16896012425422668,0.4196076989173889,-0.20298251509666443,0.28007638454437256,0.19189821183681488,-0.0788930207490921,0.2209496647119522,-0.12784230709075928,0.07157642394304276,-0.09367312490940094,0.10253708064556122,-0.39027202129364014,-0.021327339112758636,-0.1651511937379837,-0.20183762907981873,-0.020281977951526642,-0.0793972909450531,0.012524847872555256,0.3649299740791321,0.011667829006910324,0.024104421958327293,-0.09435556828975677,-0.05608295649290085,0.3357846140861511,-0.25507092475891113,-0.1934540867805481,-0.02395489253103733,-0.10151829570531845,0.22943364083766937,0.0838882103562355,-0.14702443778514862,-0.1143815815448761,-0.02666403166949749,0.13715088367462158,-0.23074282705783844,0.4804311692714691,0.20790083706378937,-0.1957753449678421,0.11228431016206741,0.20829641819000244,Coordinator,Peripheral,0.08611363314054515
475,6,0.017291066282420747,0.010199647220827281,0.23802084632355108,0.06291609724068176,0.13333333333333333,3,0,0.38095238095238093,7,0.30555555555555547,1,0.7344443829705897,2,0.5,0.017601309870148782,0.04904457784822088,0.4505612088643047,12,7,2.6666666666666665,1,8,3,0,0.3333333333333333,0.25,-0.3225879967212677,-0.29716160893440247,0.4221085011959076,0.26332563161849976,-0.2618758976459503,-0.11582301557064056,-0.294030100107193,-0.1308348923921585,0.009791502729058266,-0.11751991510391235,-0.3981802761554718,-0.308420330286026,-0.4109172523021698,-0.5012749433517456,0.006996528245508671,0.027995169162750244,-0.3554127514362335,0.07901483029127121,0.0879414975643158,-0.07528608292341232,0.08247406035661697,0.4404403865337372,-0.31009534001350403,-0.39409372210502625,-0.019299810752272606,0.41651979088783264,-0.10626149922609329,0.06940782070159912,0.14503653347492218,-0.11889374256134033,0.1115807294845581,-0.05015053227543831,0.16795237362384796,0.07235433906316757,-0.06973880529403687,-0.653113603591919,0.3503221273422241,-0.19118374586105347,0.08668914437294006,0.2446177750825882,-0.14492633938789368,0.2655995488166809,0.4048303961753845,-0.07002140581607819,0.17783378064632416,-0.2889430522918701,-0.2082238495349884,0.1320752650499344,-0.3627374470233917,-0.1804574429988861,0.033717989921569824,-0.21661162376403809,0.21728822588920593,0.2968846261501312,0.04522131755948067,-0.032571662217378616,-0.25733843445777893,0.30879706144332886,-0.11312183737754822,0.31098249554634094,-0.05166703462600708,-0.3164680600166321,0.19883830845355988,0.06326591968536377,Broker,Broker,0.38967659672593763
476,0,0.0,0.0,0.0,0.0,0.0,0,0,0.0,1,0.0,0,-1.043927236172033,0,0.0,0.0,0.0,0.0,7,4,2.0,0,0,4,3,0.2857142857142857,0.0,0.0,0.0,0.0,0.0,0.0,0.0,0.0,0.0,0.0,0.0,0.0,0.0,0.0,0.0,0.0,0.0,0.0,0.0,0.0,0.0,0.0,0.0,0.0,0.0,0.0,0.0,0.0,0.0,0.0,0.0,0.0,0.0,0.0,0.0,0.0,0.0,0.0,0.0,0.0,0.0,0.0,0.0,0.0,0.0,0.0,0.0,0.0,0.0,0.0,0.0,0.0,0.0,0.0,0.0,0.0,0.0,0.0,0.0,0.0,0.0,0.0,0.0,0.0,0.0,Peripheral,Peripheral,0.007621260792273254
477,0,0.0,0.0,0.0,0.0,0.0,0,0,0.0,1,0.0,0,-1.043927236172033,0,0.0,0.0,0.0,0.0,5,2,2.0,0,0,1,4,0.0,0.2,0.0,0.0,0.0,0.0,0.0,0.0,0.0,0.0,0.0,0.0,0.0,0.0,0.0,0.0,0.0,0.0,0.0,0.0,0.0,0.0,0.0,0.0,0.0,0.0,0.0,0.0,0.0,0.0,0.0,0.0,0.0,0.0,0.0,0.0,0.0,0.0,0.0,0.0,0.0,0.0,0.0,0.0,0.0,0.0,0.0,0.0,0.0,0.0,0.0,0.0,0.0,0.0,0.0,0.0,0.0,0.0,0.0,0.0,0.0,0.0,0.0,0.0,0.0,0.0,Peripheral,Peripheral,0.007144931992756178
478,4,0.011527377521613832,0.003337718259215941,0.19330638701420666,0.013467564434244694,0.0,2,1,0.4,5,0.0,0,0.37877005914206513,1,0.25,0.004842473920751777,0.011103198106282366,-1.000088900581841e-12,12,7,2.1666666666666665,1,3,7,1,0.25,0.08333333333333333,-0.27759870886802673,-0.40070030093193054,0.14172150194644928,0.3067549765110016,0.13789093494415283,0.041454240679740906,-0.8437287211418152,0.03659408167004585,-0.2231568843126297,0.10302411764860153,-0.2394494116306305,-0.7637622952461243,-0.051895804703235626,-0.17872051894664764,-0.3292471766471863,0.3197062015533447,-0.4471485912799835,0.07814959436655045,0.5155147910118103,0.20657996833324432,0.21262462437152863,0.36842644214630127,0.0181542057543993,-0.1399824619293213,-0.21679241955280304,0.7179120182991028,-0.4521999657154083,0.4015110731124878,0.4006434381008148,-0.012982211075723171,0.5595288276672363,0.013177330605685711,0.2917945384979248,-0.07433987408876419,0.21365498006343842,-0.43626490235328674,0.2796004116535187,0.028199033811688423,0.32232528924942017,0.3490836024284363,0.12974533438682556,-0.2965492010116577,0.04586543142795563,-0.17616815865039825,-0.20080088078975677,-0.22928094863891602,0.005287668202072382,0.6915104985237122,-0.04334569349884987,-0.01562630757689476,-0.3611402213573456,-0.5548768639564514,0.39526107907295227,0.14691300690174103,0.08551178872585297,-0.5818150639533997,-0.04740294814109802,0.2850680351257324,-0.1610807180404663,0.38343775272369385,-0.08160574734210968,-0.2681422233581543,0.3109782636165619,0.2893652021884918,Enabler,Peripheral,0.022269450925694587
479,1,0.002881844380403458,0.0,0.12939456615792705,3.394275071405805e-05,0.0,1,1,1.0,2,0.0,0,-0.6882529123435085,1,0.25,0.005366192984199543,0.011912845030067797,-1.000088900581841e-12,6,4,2.0,0,0,2,4,0.3333333333333333,0.0,-0.8417606353759766,0.24962805211544037,-0.5647411346435547,1.134824514389038,0.38689160346984863,0.10549063980579376,-1.0361908674240112,-0.5564910173416138,-0.9583257436752319,0.2666860818862915,-0.2773287296295166,0.03448528051376343,-0.15582269430160522,-0.4013074040412903,-0.06956721097230911,-0.21794337034225464,0.04142370447516441,0.7780798077583313,0.109051413834095,-0.8785741925239563,0.7013838887214661,0.3610144853591919,-0.24467065930366516,-0.8756411075592041,-0.16621528565883636,-0.2050720453262329,0.09513654559850693,-0.09021872282028198,0.9024692177772522,-0.3071656823158264,0.6728145480155945,-0.6949860453605652,1.1609764099121094,0.208603635430336,-0.2774454355239868,-0.7785732746124268,0.6864427924156189,-0.8696988821029663,-0.4353880286216736,-0.05034223943948746,-0.0592467300593853,-1.078122615814209,0.340781033039093,0.05546656996011734,-0.13849835097789764,-0.3377947211265564,-0.310598760843277,-0.004807048011571169,-0.20361681282520294,0.3074910342693329,-0.010515453293919563,-0.6230224967002869,0.12433438003063202,0.07782123982906342,0.6015661358833313,-0.01730925403535366,-0.18163448572158813,0.7970670461654663,0.28358614444732666,1.137311339378357,-0.6746202111244202,0.18613766133785248,0.7742540240287781,0.12149733304977417,Peripheral,Peripheral,0.019484638591072228
480,16,0.04610951008645533,0.11604298524960592,0.28246918363887336,0.18685804239786383,0.03333333333333333,3,1,0.14705882352941177,17,0.33984375,3,3.579838973598786,3,0.75,0.1090977384715002,0.049756996693279334,0.6019239717292895,16,7,2.875,12,4,0,0,0.25,0.3125,-0.3516034185886383,-0.2699912488460541,0.31561169028282166,0.22187690436840057,0.010718246921896935,0.005537109449505806,-0.36946970224380493,-0.09413520246744156,-0.2651600241661072,-0.06852182745933533,-0.004712815396487713,-0.09973163902759552,0.1109037697315216,-0.2588648498058319,-0.11585068702697754,0.0800415426492691,-0.12447082251310349,-0.07258531451225281,-0.025265004485845566,-0.045687250792980194,0.41163140535354614,0.3484494984149933,0.015315362252295017,-0.15392814576625824,0.07325789332389832,0.31606101989746094,-0.246600940823555,0.2666874825954437,0.13192547857761383,0.022349169477820396,0.23159627616405487,-0.2040100395679474,0.5680637955665588,0.017396457493305206,-0.19158095121383667,-0.4197581112384796,0.14380201697349548,-0.4535684883594513,-0.06917614489793777,0.11817029863595963,-0.1799650341272354,-0.0535062812268734,0.23718270659446716,-0.07626726478338242,1.5778014130773954e-06,-0.12809213995933533,0.1303049772977829,0.09081511199474335,-0.25207844376564026,-0.26091769337654114,-0.25935205817222595,-0.18617357313632965,0.09989162534475327,0.2877310812473297,0.1094246655702591,-0.11278980225324631,-0.001080983318388462,0.022015469148755074,-0.28581804037094116,0.4576723873615265,0.017315682023763657,-0.392366886138916,0.2484205961227417,0.19857892394065857,Coordinator,Peripheral,0.06918358216594886
481,1,0.002881844380403458,0.0,0.15905599141810378,0.0008297954999272635,0.0,1,1,1.0,2,0.0,0,-0.6882529123435085,1,0.25,0.0,0.016160142662417103,-1.000088900581841e-12,6,4,2.1666666666666665,0,0,2,4,0.16666666666666666,0.16666666666666666,-0.6435680389404297,-0.3840036988258362,0.16911406815052032,0.37389886379241943,0.010899094864726067,-0.12008623033761978,-0.291820764541626,-0.06256075203418732,-0.32690519094467163,0.16372713446617126,0.07008198648691177,-0.30899471044540405,-0.15493044257164001,-0.6500293612480164,-0.6056392788887024,0.6489812731742859,0.004457975272089243,0.024128196761012077,0.9444071650505066,0.1449449211359024,0.9088420867919922,0.4669966995716095,-0.6481234431266785,-0.5594086050987244,-0.06456489861011505,0.6506749391555786,-0.4332902431488037,0.3300330936908722,-0.3749203681945801,-0.36972033977508545,0.2800164520740509,0.20180368423461914,0.4966464340686798,0.41669967770576477,0.5179678797721863,-1.1040029525756836,0.5461902618408203,-0.24769330024719238,0.13661621510982513,0.19218941032886505,-0.1968175619840622,-0.29034119844436646,-0.20919033885002136,-0.21714597940444946,-0.11352159827947617,0.17489027976989746,0.1675790399312973,0.5987122654914856,0.4243607819080353,0.06326865404844284,-0.19958451390266418,-0.24665296077728271,0.0615435428917408,0.2754253149032593,0.027859097346663475,-0.49505969882011414,-0.21929316222667694,0.66965252161026,-0.3315354883670807,0.5546322464942932,-0.14005368947982788,0.18944260478019714,0.2358870953321457,-0.3508712351322174,Peripheral,Peripheral,0.019827017762704468
482,2,0.005763688760806916,0.0002318801952324632,0.007980492130348038,1.211751171397607e-16,0.0,1,1,0.6666666666666666,3,0.0,0,-0.33257858851498395,1,0.25,0.0003643711285567591,0.00015941763422231846,-1.000088900581841e-12,5,5,1.8,0,0,1,4,0.4,0.0,0.6387544870376587,-0.039528995752334595,-0.871225893497467,0.978507399559021,0.6840159893035889,0.5132753252983093,-0.7684547305107117,0.9316405057907104,-0.9841038584709167,-0.15691372752189636,-0.7257649302482605,-0.5736837387084961,-0.5551840662956238,-0.004051647149026394,0.8788920640945435,0.6909995079040527,-0.3689919710159302,0.9760626554489136,1.25101637840271,-0.48378726840019226,0.43475648760795593,0.9429166913032532,0.01669975556433201,-1.049634575843811,-0.02985129877924919,-0.7901713848114014,0.20019389688968658,-0.07636765390634537,0.46107810735702515,-0.7172103524208069,0.6938175559043884,-0.16488182544708252,0.5148106813430786,0.42408499121665955,0.7083238959312439,-0.9665839672088623,1.7274250984191895,-0.2623383700847626,-0.6390061974525452,0.4867265820503235,-0.8583506345748901,-0.43915462493896484,0.45829012989997864,0.26966139674186707,-0.639187216758728,-0.1416139006614685,-0.38918712735176086,0.022986922413110733,0.4120747148990631,-0.3901464343070984,0.25211167335510254,-0.07944238185882568,0.7905786633491516,0.2164079248905182,-0.27484166622161865,-0.6139257550239563,0.8028290867805481,-0.07590978592634201,0.3606000542640686,0.3934309184551239,0.15678571164608002,1.0516544580459595,0.4629653990268707,0.007818491198122501,Peripheral,Peripheral,0.01848732569820914
483,2,0.005763688760806916,6.56993886491979e-05,0.15756484149855907,0.0013179524606729861,0.0,2,0,0.6666666666666666,3,0.0,0,-0.33257858851498395,1,0.25,0.002712554779532817,0.0013081907681031465,-1.000088900581841e-12,6,4,1.8333333333333333,0,0,2,4,0.16666666666666666,0.0,-0.34798163175582886,-0.24909310042858124,0.739980936050415,0.24987290799617767,-0.1551404595375061,0.6579692959785461,-0.5072054266929626,-0.24813635647296906,-0.5499082803726196,0.5209256410598755,0.09009240567684174,-0.10702075809240341,0.22896455228328705,-0.7170966267585754,-0.16733893752098083,0.4860171377658844,-0.7485285997390747,0.35744836926460266,-0.011200831271708012,-0.3196362555027008,0.3685285449028015,0.749195396900177,-0.01772778108716011,-0.34506866335868835,0.07744152098894119,0.6315262913703918,-0.9993396997451782,0.3961317241191864,0.20457318425178528,0.4451865255832672,0.0035234245005995035,-0.3974129557609558,-0.017171939834952354,-0.3703242540359497,0.3470287322998047,-0.2707739770412445,0.7347237467765808,-0.6537280082702637,-0.13472646474838257,-0.3251177668571472,-0.2266148030757904,-0.1442575305700302,0.4120376706123352,0.4341749846935272,0.39616650342941284,-0.042156461626291275,-0.008543554693460464,-0.013897678814828396,-0.026733914390206337,-0.26201316714286804,-0.22347517311573029,-0.07476477324962616,0.43006885051727295,0.1379021853208542,-0.2947152853012085,0.29523906111717224,0.3507750332355499,-0.031203001737594604,0.20995956659317017,0.8369203805923462,-0.1372685581445694,0.08715256303548813,0.2776693105697632,0.21459448337554932,Peripheral,Peripheral,0.01895951769272326
484,2,0.005763688760806916,0.00018378441943547337,0.1651334583391012,0.003322906127076583,0.0,2,0,0.6666666666666666,3,0.0,0,-0.33257858851498395,1,0.25,0.002311890210358471,0.006407589721646265,-1.000088900581841e-12,12,7,1.6666666666666667,0,0,3,9,0.0,0.08333333333333333,-0.23702433705329895,-0.5550378561019897,0.7928035855293274,0.4534913897514343,0.3705725371837616,-0.12674273550510406,-0.761948823928833,0.0913700982928276,-0.3909616768360138,-0.17519649863243103,-0.359946608543396,-0.27917179465293884,-0.37149524688720703,-0.30825507640838623,0.19494692981243134,0.05936209857463837,-0.5267696976661682,0.485566645860672,0.020446527749300003,-0.09069699048995972,0.42716947197914124,0.7263007164001465,-0.28641268610954285,-0.2423349767923355,-0.257503479719162,0.5782172679901123,-0.2912042737007141,0.3441344201564789,0.48421597480773926,0.12838302552700043,0.36884692311286926,-0.19306819140911102,0.16208307445049286,-0.5415412783622742,0.08563682436943054,-0.5904631614685059,0.5570041537284851,-0.11986961960792542,0.18382123112678528,0.14627963304519653,0.4523429274559021,0.09567360579967499,0.20050787925720215,0.12656036019325256,0.007275727577507496,-0.7562492489814758,-0.11556236445903778,0.1349855363368988,-0.09464515000581741,-0.47938472032546997,0.09065673500299454,-0.24440501630306244,0.21659164130687714,0.4793088734149933,-0.15281186997890472,-0.5744069218635559,-0.3278830647468567,0.18908090889453888,0.11475306749343872,0.06793993711471558,0.3268469274044037,-0.3143821358680725,0.30553656816482544,0.2578277289867401,Peripheral,Peripheral,0.019981953465394765
485,2,0.005763688760806916,0.0002028951708284053,0.006484149855907782,9.274347930985924e-17,0.0,1,1,0.6666666666666666,3,0.0,0,-0.33257858851498395,1,0.25,0.00016562324025307232,8.69550732121737e-05,-1.000088900581841e-12,12,7,2.6666666666666665,0,3,7,2,0.4166666666666667,0.16666666666666666,1.1385549306869507,0.05120803415775299,-0.7497268915176392,0.679093599319458,0.5647206902503967,0.730018675327301,-1.0629026889801025,1.0467760562896729,-0.8769904375076294,0.04743994399905205,-0.4648788869380951,-0.5350419878959656,-0.7445327639579773,0.08997618407011032,0.7881572842597961,0.38522714376449585,-0.6736249327659607,0.9319164156913757,1.2445387840270996,-0.6751371026039124,0.3952407240867615,0.97734534740448,-0.24221131205558777,-1.2239114046096802,-0.1823643445968628,-0.9650192260742188,0.4398152530193329,0.1699802130460739,0.5277729034423828,-0.43289458751678467,0.7660857439041138,-0.3596239387989044,0.7181382179260254,0.8077521920204163,0.26505982875823975,-0.6272684931755066,1.461665391921997,-0.4415268301963806,-0.13111726939678192,0.30727988481521606,-0.4256405234336853,-0.7001029253005981,0.4825309216976166,-0.09744343161582947,-0.4100465774536133,-0.0016960212960839272,-0.5772685408592224,0.12711109220981598,0.3041935861110687,-0.6188719868659973,0.5350074172019958,-0.48326054215431213,1.3185615539550781,0.06857675313949585,-0.24931277334690094,-0.22233325242996216,0.9284129738807678,0.2665467858314514,0.25279000401496887,0.22295869886875153,-0.0022320477291941643,0.8016697764396667,0.0759800374507904,0.33829042315483093,Enabler,Peripheral,0.022725419666226494
486,0,0.0,0.0,0.0,0.0,0.0,0,0,0.0,1,0.0,0,-1.043927236172033,0,0.0,0.0,0.0,0.0,6,6,1.8333333333333333,0,0,3,3,0.0,0.16666666666666666,0.0,0.0,0.0,0.0,0.0,0.0,0.0,0.0,0.0,0.0,0.0,0.0,0.0,0.0,0.0,0.0,0.0,0.0,0.0,0.0,0.0,0.0,0.0,0.0,0.0,0.0,0.0,0.0,0.0,0.0,0.0,0.0,0.0,0.0,0.0,0.0,0.0,0.0,0.0,0.0,0.0,0.0,0.0,0.0,0.0,0.0,0.0,0.0,0.0,0.0,0.0,0.0,0.0,0.0,0.0,0.0,0.0,0.0,0.0,0.0,0.0,0.0,0.0,0.0,Peripheral,Peripheral,0.006886920559684426
487,4,0.011527377521613832,0.0030686329668070302,0.19002794954600088,0.005956006936410908,0.0,2,0,0.4,5,0.0,0,0.37877005914206513,1,0.25,0.0007049755461236245,0.0038635229560510104,-1.000088900581841e-12,8,6,1.625,0,0,2,6,0.25,0.0,-0.1974770426750183,-0.21493352949619293,0.4343276023864746,0.6875411868095398,-0.13207148015499115,0.13967901468276978,-0.9642027616500854,-0.11828581988811493,-0.2906513214111328,-0.007310477085411549,-0.11702422052621841,-0.4971647560596466,-0.04942901059985161,-0.16191242635250092,-0.41511696577072144,-0.026698576286435127,-0.8546585440635681,0.054157912731170654,0.6908328533172607,0.27011752128601074,0.20109590888023376,0.7402223944664001,-0.052230268716812134,0.02029082365334034,0.13055206835269928,0.4551128149032593,-0.303043931722641,0.6544564962387085,0.495669424533844,-0.21906022727489471,0.7440296411514282,0.03372735157608986,-0.034014180302619934,-0.29890668392181396,0.029673388227820396,-0.5309311151504517,0.35281357169151306,-0.014239483512938023,0.3672770857810974,0.17129480838775635,-0.06267814338207245,-0.18290556967258453,0.008263072930276394,0.010861282236874104,-0.16356201469898224,-0.32067593932151794,-0.1689409762620926,0.5739669799804688,-0.15056511759757996,-0.21790198981761932,0.05485590174794197,-0.4223625957965851,0.4262292683124542,0.5173505544662476,-0.32013970613479614,-0.6766809225082397,0.056310251355171204,-0.004961167462170124,-0.1448192596435547,0.07573658227920532,0.06103096157312393,0.007009902969002724,0.5035441517829895,0.2472413331270218,Peripheral,Peripheral,0.01917938806973791
488,0,0.0,0.0,0.0,0.0,0.0,0,0,0.0,1,0.0,0,-1.043927236172033,0,0.0,0.0,0.0,0.0,6,3,2.6666666666666665,0,0,0,6,0.16666666666666666,0.3333333333333333,0.0,0.0,0.0,0.0,0.0,0.0,0.0,0.0,0.0,0.0,0.0,0.0,0.0,0.0,0.0,0.0,0.0,0.0,0.0,0.0,0.0,0.0,0.0,0.0,0.0,0.0,0.0,0.0,0.0,0.0,0.0,0.0,0.0,0.0,0.0,0.0,0.0,0.0,0.0,0.0,0.0,0.0,0.0,0.0,0.0,0.0,0.0,0.0,0.0,0.0,0.0,0.0,0.0,0.0,0.0,0.0,0.0,0.0,0.0,0.0,0.0,0.0,0.0,0.0,Peripheral,Peripheral,0.009367799723835876
489,3,0.008645533141210374,0.016160142662417103,0.19159246084688625,0.007294511232952688,0.0,2,1,0.5,4,0.0,0,0.023095735313540602,1,0.25,0.0020721232296823057,0.008711015361689884,-1.000088900581841e-12,12,8,2.5,0,3,6,3,0.25,0.25,-0.5121464729309082,-0.26461195945739746,0.2945190668106079,0.3328041136264801,0.14215655624866486,-0.16354355216026306,-0.4088967740535736,-0.18351922929286957,-0.19161495566368103,0.16308405995368958,-0.034169409424066544,-0.45134952664375305,-0.06981844455003738,-0.5511162877082825,-0.5481234788894653,0.4769420325756073,-0.03150065243244171,-0.08263686299324036,0.7491557598114014,0.036549605429172516,0.718442440032959,0.3458629548549652,-0.4244782328605652,-0.39942172169685364,0.05129970982670784,0.709698498249054,-0.526249885559082,0.22559943795204163,-0.18341176211833954,-0.3135456144809723,0.26722103357315063,0.2432539016008377,0.5385833382606506,0.5239067673683167,0.5282717347145081,-0.834179162979126,0.3810518682003021,-0.3878101408481598,0.016382833942770958,0.2414063811302185,-0.3255515694618225,-0.1815129965543747,-0.1279381811618805,-0.017739126458764076,-0.1642923653125763,0.026277825236320496,0.05905716493725777,0.6007779836654663,0.44217413663864136,0.027999361976981163,0.006527109537273645,-0.12158164381980896,0.20331496000289917,0.20520339906215668,0.13781701028347015,-0.4991118311882019,-0.14995335042476654,0.48709937930107117,-0.29408660531044006,0.5962968468666077,-0.031524110585451126,0.1555347740650177,0.11843185871839523,-0.34134337306022644,Enabler,Peripheral,0.023784945956294934
490,4,0.011527377521613832,0.012710927798649135,0.23128784073182984,0.03247696818115043,0.16666666666666666,3,1,0.5,5,0.0,0,0.37877005914206513,1,0.25,0.018869246640210266,0.04111144669172508,-1.000088900581841e-12,12,8,2.25,0,5,4,3,0.08333333333333333,0.25,-0.3156605362892151,-0.2853911817073822,0.4107625484466553,0.11139168590307236,-0.39987263083457947,-0.017317596822977066,-0.3432121276855469,-0.3867408037185669,-0.03456369787454605,0.04212484508752823,-0.1225031241774559,-0.07658766210079193,0.10908014327287674,-0.4708957076072693,0.24512052536010742,0.34670770168304443,-0.36566799879074097,0.1663035899400711,0.18635550141334534,-0.12892645597457886,0.13771817088127136,0.634046733379364,0.04022298753261566,-0.3297885060310364,-0.10987105965614319,0.8425105214118958,-0.14808189868927002,0.035799913108348846,-0.005830080714076757,-0.1333582103252411,0.5547192692756653,0.045184195041656494,-0.054208431392908096,-0.14203473925590515,0.5135785937309265,-0.6063098311424255,0.23282448947429657,-0.4455011785030365,-0.2928315997123718,-0.39837589859962463,-0.2439689338207245,0.051845040172338486,0.4870629608631134,-0.1286899894475937,0.21882140636444092,-0.35382869839668274,-0.1611940860748291,0.06167714670300484,-0.2714976966381073,-0.21788182854652405,-0.0049828155897557735,-0.26694032549858093,0.06255118548870087,0.21602417528629303,-0.022147955372929573,0.03046109713613987,-0.14613105356693268,0.450587660074234,0.12033711373806,0.2823352813720703,0.050478581339120865,-0.12969213724136353,0.2363368570804596,0.27561303973197937,Enabler,Peripheral,0.024593822621662566
491,4,0.011527377521613832,0.014707182872871776,0.196062537703975,0.014441420562021521,0.0,2,1,0.4,5,0.0,0,0.37877005914206513,1,0.25,0.01452772648619766,0.012433139483333314,-1.000088900581841e-12,11,7,2.909090909090909,0,3,7,1,0.2727272727272727,0.36363636363636365,-0.2378315031528473,-0.30020955204963684,0.14814059436321259,0.5099862217903137,-0.3133277893066406,-0.22111263871192932,-0.4491581618785858,0.04035734012722969,-0.32300570607185364,-0.22620107233524323,-0.4800787568092346,0.06389503926038742,-0.15153414011001587,-0.632443904876709,0.26817381381988525,0.16275633871555328,-0.1582959145307541,0.12795205414295197,0.10691140592098236,0.13265614211559296,0.6710677146911621,0.26363155245780945,-0.16754546761512756,0.1240440234541893,-0.026714107021689415,0.7357394099235535,0.18001945316791534,0.23415400087833405,0.35685572028160095,-0.4787213206291199,-0.19507037103176117,-0.5831863880157471,0.5163882374763489,-0.055088553577661514,0.0029361636843532324,0.01569749228656292,0.5323047637939453,-0.7499901652336121,-0.3680877089500427,0.1032882109284401,-0.08061090111732483,-0.0009732053149491549,0.47456029057502747,-0.22626814246177673,-0.04710710048675537,-0.11647486686706543,0.10714792460203171,0.18148483335971832,0.33993491530418396,-0.2552799880504608,-0.05964953079819679,-0.1905899941921234,0.5682131052017212,0.12599188089370728,-0.21361202001571655,0.016428835690021515,-0.07721336930990219,0.12160573899745941,-0.47935253381729126,0.07072760909795761,-0.030911175534129143,-0.529654324054718,0.2796629071235657,0.25969380140304565,Enabler,Peripheral,0.025446254767900228
492,6,0.017291066282420747,0.026015035628567416,0.23933899974464667,0.06128062214551524,0.0,3,0,0.2857142857142857,7,0.30555555555555547,1,0.7344443829705897,2,0.5,0.02274022649509862,0.05082703080489564,0.4505612088643047,13,7,2.769230769230769,2,9,2,0,0.23076923076923078,0.3076923076923077,-0.7138291597366333,-0.44937556982040405,0.20209228992462158,0.2131044566631317,-0.08519455045461655,-0.09778570383787155,-0.3872276246547699,-0.4123494029045105,-0.0879271849989891,-0.049386586993932724,-0.01780800335109234,-0.7353581190109253,-0.34149664640426636,-0.31858161091804504,-0.19151224195957184,0.20058241486549377,-0.03837253525853157,-0.12202756106853485,0.3227803707122803,0.054814159870147705,0.3009340763092041,0.3177773952484131,-0.3016306161880493,-0.22938770055770874,0.10327111184597015,0.4911838173866272,-0.49107104539871216,0.2179679423570633,0.2698673903942108,-0.042238228023052216,0.14053484797477722,0.12671874463558197,0.4074934124946594,0.08657816052436829,0.14548970758914948,-0.5363146662712097,0.26370808482170105,-0.15672998130321503,0.045487720519304276,0.001430581440217793,-0.16502179205417633,-0.017817212268710136,0.14399635791778564,-0.08417893946170807,-0.1517801731824875,0.06044895574450493,0.06309902667999268,0.3378704786300659,0.06334511190652847,0.03120400384068489,-0.31157031655311584,-0.2937895953655243,0.13393673300743103,0.031871214509010315,-0.06694582849740982,-0.2561076581478119,-0.06325583159923553,0.23707953095436096,-0.30657732486724854,0.32568517327308655,-0.13988888263702393,0.02304551936686039,0.24982181191444397,-0.12822465598583221,Broker,Broker,0.40746845452661473
493,4,0.011527377521613832,0.011645869948588405,0.23415208643748717,0.048076801384636055,0.0,2,0,0.4,5,0.0,0,0.37877005914206513,1,0.25,0.020398361651133665,0.06668526958910635,-1.000088900581841e-12,13,9,2.6153846153846154,1,7,5,0,0.23076923076923078,0.23076923076923078,-0.14256447553634644,-0.37981313467025757,0.5231154561042786,0.07362845540046692,0.008212791755795479,0.28687435388565063,-0.5339818596839905,-0.12109909951686859,-0.46742960810661316,0.05164685472846031,-0.16317249834537506,-0.26778343319892883,-0.1518574357032776,-0.5235185027122498,-0.32198378443717957,0.09116200357675552,-0.5785775184631348,0.15146924555301666,-0.11863858252763748,0.041363831609487534,0.25454920530319214,0.5684123039245605,-0.2613610625267029,-0.22681419551372528,-0.07458033412694931,0.34010064601898193,-0.5063167810440063,0.5079919099807739,0.17779624462127686,0.08810281753540039,0.2605578601360321,-0.2674395442008972,0.01493664551526308,-0.022487172856926918,-0.1081981286406517,-0.26939794421195984,0.628017246723175,-0.3050665557384491,-0.03446745499968529,-0.034391000866889954,-0.09273858368396759,-0.056106217205524445,0.12296206504106522,-0.017108025029301643,0.0227099247276783,-0.1743784099817276,0.03946727514266968,0.1540757119655609,-0.11372827738523483,-0.2121702879667282,-0.11630219966173172,-0.4076462686061859,0.28194475173950195,0.21882152557373047,-0.2702845633029938,-0.13418392837047577,-0.010056760162115097,-0.01871783845126629,0.1975870132446289,0.34874099493026733,-0.10240434110164642,-0.12136979401111603,0.2733467221260071,0.022094666957855225,Broker,Peripheral,0.026641351553460823
494,0,0.0,0.0,0.0,0.0,0.0,0,0,0.0,1,0.0,0,-1.043927236172033,0,0.0,0.0,0.0,0.0,12,6,2.4166666666666665,0,0,5,7,0.25,0.16666666666666666,0.0,0.0,0.0,0.0,0.0,0.0,0.0,0.0,0.0,0.0,0.0,0.0,0.0,0.0,0.0,0.0,0.0,0.0,0.0,0.0,0.0,0.0,0.0,0.0,0.0,0.0,0.0,0.0,0.0,0.0,0.0,0.0,0.0,0.0,0.0,0.0,0.0,0.0,0.0,0.0,0.0,0.0,0.0,0.0,0.0,0.0,0.0,0.0,0.0,0.0,0.0,0.0,0.0,0.0,0.0,0.0,0.0,0.0,0.0,0.0,0.0,0.0,0.0,0.0,Peripheral,Peripheral,0.010052522373141677
495,0,0.0,0.0,0.0,0.0,0.0,0,0,0.0,1,0.0,0,-1.043927236172033,0,0.0,0.0,0.0,0.0,3,3,1.6666666666666667,0,0,3,0,0.0,0.0,0.0,0.0,0.0,0.0,0.0,0.0,0.0,0.0,0.0,0.0,0.0,0.0,0.0,0.0,0.0,0.0,0.0,0.0,0.0,0.0,0.0,0.0,0.0,0.0,0.0,0.0,0.0,0.0,0.0,0.0,0.0,0.0,0.0,0.0,0.0,0.0,0.0,0.0,0.0,0.0,0.0,0.0,0.0,0.0,0.0,0.0,0.0,0.0,0.0,0.0,0.0,0.0,0.0,0.0,0.0,0.0,0.0,0.0,0.0,0.0,0.0,0.0,0.0,0.0,Peripheral,Peripheral,0.005676251527578518
496,0,0.0,0.0,0.0,0.0,0.0,0,0,0.0,1,0.0,0,-1.043927236172033,0,0.0,0.0,0.0,0.0,6,4,2.8333333333333335,0,0,3,3,0.5,0.16666666666666666,0.0,0.0,0.0,0.0,0.0,0.0,0.0,0.0,0.0,0.0,0.0,0.0,0.0,0.0,0.0,0.0,0.0,0.0,0.0,0.0,0.0,0.0,0.0,0.0,0.0,0.0,0.0,0.0,0.0,0.0,0.0,0.0,0.0,0.0,0.0,0.0,0.0,0.0,0.0,0.0,0.0,0.0,0.0,0.0,0.0,0.0,0.0,0.0,0.0,0.0,0.0,0.0,0.0,0.0,0.0,0.0,0.0,0.0,0.0,0.0,0.0,0.0,0.0,0.0,Peripheral,Peripheral,0.009863975556666167
497,3,0.008645533141210374,0.0002980546981812994,0.19281357277070327,0.012681491801172095,0.0,3,0,0.5,4,0.0,0,0.023095735313540602,1,0.25,0.005055940972854952,0.008266720005075322,-1.000088900581841e-12,7,5,2.2857142857142856,0,0,2,5,0.2857142857142857,0.14285714285714285,-0.31219613552093506,-0.5074455738067627,0.6732048392295837,0.37586313486099243,-0.21747621893882751,-0.135699063539505,-0.4581138491630554,-0.21915894746780396,0.0362403504550457,-0.09366534650325775,-0.26801949739456177,-0.16613326966762543,0.04897170513868332,-0.5122449398040771,0.369480699300766,0.32847467064857483,-0.21033784747123718,0.014860976487398148,-0.18130865693092346,-0.10255730897188187,-0.050234951078891754,0.7614707350730896,-0.3191739320755005,-0.4707027077674866,0.011919526383280754,0.5471492409706116,0.03731929138302803,-0.0821327343583107,0.25187957286834717,0.003285091370344162,0.39865413308143616,-0.013533069752156734,0.27313169836997986,-0.3975598216056824,0.22628414630889893,-0.7636747360229492,0.3467549979686737,-0.35443633794784546,-0.20674851536750793,-0.2729089558124542,-0.3979267179965973,0.2579914629459381,0.35194167494773865,-0.19946002960205078,0.12350182980298996,-0.5651150345802307,-0.2947446405887604,0.2072325348854065,-0.334154337644577,-0.3671841025352478,0.1861145794391632,-0.09773701429367065,0.35401132702827454,0.21703515946865082,-0.013565768487751484,-0.1528739482164383,-0.29926592111587524,0.695811927318573,0.1941261887550354,0.21496249735355377,0.2604997754096985,-0.30096739530563354,0.1263837218284607,0.3126172423362732,Peripheral,Peripheral,0.021186041476307257
498,0,0.0,0.0,0.0,0.0,0.0,0,0,0.0,1,0.0,0,-1.043927236172033,0,0.0,0.0,0.0,0.0,8,6,1.875,0,0,4,4,0.125,0.125,0.0,0.0,0.0,0.0,0.0,0.0,0.0,0.0,0.0,0.0,0.0,0.0,0.0,0.0,0.0,0.0,0.0,0.0,0.0,0.0,0.0,0.0,0.0,0.0,0.0,0.0,0.0,0.0,0.0,0.0,0.0,0.0,0.0,0.0,0.0,0.0,0.0,0.0,0.0,0.0,0.0,0.0,0.0,0.0,0.0,0.0,0.0,0.0,0.0,0.0,0.0,0.0,0.0,0.0,0.0,0.0,0.0,0.0,0.0,0.0,0.0,0.0,0.0,0.0,Peripheral,Peripheral,0.007487293317409077
499,3,0.008645533141210374,0.02578713214289833,0.1785858888295357,0.0025891363467600574,0.0,2,1,0.5,4,0.0,0,0.023095735313540602,1,0.25,0.024076264183588048,0.014180158749481267,-1.000088900581841e-12,8,6,2.625,0,0,2,6,0.25,0.25,-0.46574413776397705,-0.12686792016029358,-0.3590836226940155,0.7962338328361511,0.31187233328819275,0.20141829550266266,-0.7947902083396912,-0.4864819347858429,-0.6922496557235718,-0.038440048694610596,-0.15363821387290955,0.13285371661186218,-0.08601128309965134,-0.41021695733070374,-0.03274887800216675,-0.19498877227306366,0.04518342763185501,0.6224178075790405,0.07820568978786469,-0.6476947069168091,0.38257044553756714,0.03686317428946495,-0.10715439170598984,-0.46922385692596436,-0.07706975191831589,0.10873504728078842,0.032961614429950714,0.1456575244665146,0.7910246253013611,-0.1455371230840683,0.5755786299705505,-0.6476113200187683,0.9041812419891357,0.03072544001042843,-0.36941418051719666,-0.8494536876678467,0.4766610860824585,-0.7008039355278015,-0.3618452847003937,-0.2171364426612854,-0.24200376868247986,-0.9037273526191711,0.27162232995033264,-0.04475979879498482,-0.12235089391469955,0.0005968372570350766,-0.32504159212112427,-0.20277678966522217,-0.4690568149089813,-0.09487883746623993,-0.12875214219093323,-0.411347359418869,0.22531209886074066,0.11179617792367935,0.5118600726127625,-0.14841262996196747,-0.1517418771982193,0.5005552172660828,0.16547033190727234,1.1649059057235718,-0.37375232577323914,0.0727817565202713,0.6288161873817444,0.07946517318487167,Peripheral,Peripheral,0.024454221979505263
